order_id,product_id,quantity,price
20235,223,11,49333
21847,757,61,36186
25341,3435,20,41154
22957,2891,22,36269
19971,760,20,34148
23437,3768,97,25732
8657,4132,45,1438
4865,668,16,41056
19136,4282,51,46311
15121,2898,95,5401
10186,2624,90,45483
18792,473,21,22239
2393,2413,1,22241
7616,3061,64,15674
26994,1835,53,15840
1725,4194,10,47596
20338,1970,67,39272
7309,2272,56,10711
25213,2905,8,18798
21001,3157,55,42993
23036,1839,74,4023
2443,2585,21,5704
17772,2044,36,43305
618,4287,13,11779
205,2997,46,32719
825,1058,69,49073
25032,1169,75,28957
11207,4276,88,15325
2355,3694,68,35671
29699,4885,88,13424
15498,247,52,38948
27874,3013,42,2645
660,1916,80,46633
23075,3191,53,14012
26855,2489,52,13204
13449,2372,15,20375
10987,2994,51,4658
28941,2756,100,46537
12352,4115,71,18744
13657,4281,39,36038
9966,4461,10,30748
806,1082,82,2641
29699,613,28,24050
17741,2512,32,35004
1686,693,42,28594
22369,1402,17,25209
16014,4850,98,39758
4405,2769,28,19059
19948,2525,51,36608
22546,766,35,18126
25410,4125,6,7385
13342,4221,2,32177
19575,1697,20,37843
21872,4229,37,31105
14328,1531,72,26610
26226,3224,90,15833
27149,3039,51,22237
23789,2663,46,31195
26876,302,38,29482
10603,4904,12,46944
3725,397,19,28447
1251,695,17,10788
14675,1787,41,7764
5739,1420,41,32427
7736,580,77,6071
24349,4250,63,18659
3043,2483,44,5544
20471,364,62,49766
10597,4102,38,29972
24053,3147,23,43522
14926,4413,30,37977
4666,1939,96,30990
19117,13,12,30471
7199,4014,88,38200
22551,3744,75,18527
25254,1453,69,27570
14754,1104,54,16998
22562,3248,45,13133
4816,1138,41,21706
22363,4821,70,17370
21108,3071,78,23079
10959,2540,31,40670
1097,3548,31,47591
2112,1449,19,21011
13757,2200,24,8259
26447,4835,42,28590
9410,3624,44,46912
13272,366,92,9753
12091,1362,35,6850
23241,340,47,30862
2053,4195,59,22484
7497,1861,49,38773
21275,2752,60,23973
9901,833,50,4083
360,3322,47,45724
13167,2988,49,19318
14154,4893,8,27636
12155,2761,16,32014
23092,1942,58,45047
16891,4182,39,24400
100,3578,91,27133
27851,209,73,12460
8574,2315,38,47619
4627,4184,10,45307
12216,839,99,14417
7660,1412,62,34791
28598,1299,68,47231
18218,609,4,17672
27178,2210,85,21012
16273,4702,75,28768
22901,360,93,23414
16453,828,36,45733
12059,2395,98,11971
12421,257,43,5862
25008,127,58,33198
20555,2409,14,20446
23868,515,35,16582
20055,2685,77,38186
23346,2524,49,29676
1662,3280,54,20698
16944,4856,71,6952
3058,4807,30,13719
9877,1718,79,16663
8459,2087,26,36306
4268,1169,45,9731
21953,672,73,9671
283,3796,58,45383
5650,4027,93,18322
21582,3479,77,23879
18491,3379,52,42963
21468,2915,92,15916
12845,3726,81,40091
14299,221,43,43683
20601,3251,15,19054
6742,1710,63,15253
24903,4563,45,19133
3934,703,66,3746
24630,2755,31,47753
110,2947,3,17787
11792,4194,96,19882
23740,3525,72,4741
2572,363,6,14670
12453,4765,87,28344
20295,2212,47,25997
9770,350,72,21008
2413,3355,32,30434
11862,2880,96,19609
23346,2465,60,38592
10392,29,64,14275
28996,1166,40,38684
26359,3203,3,26059
26685,1504,14,49986
13432,1201,47,13069
6330,3436,18,3475
4504,2520,15,12323
27492,1473,19,19455
29725,2824,55,8712
28543,4191,27,21069
6063,2585,82,13198
26138,692,53,32732
28099,3827,67,5816
17606,849,32,34095
24024,4384,34,24481
4268,1570,31,5044
27913,4541,29,6888
5165,4422,88,42603
15962,4236,67,4744
16052,1754,77,44111
152,4985,26,12022
9003,4837,13,36449
3998,3139,21,42657
27540,96,24,40673
21707,1445,65,2877
21183,3099,99,25383
28903,4767,31,9548
14344,1160,52,3073
1838,3803,49,8343
1093,4205,37,48127
23643,4661,93,8889
21699,2991,71,2817
27542,3237,37,49832
14794,2158,97,41910
14851,717,27,11104
5366,4136,90,46655
29579,2700,7,48065
29893,538,8,44061
17203,4502,27,15501
23285,1897,43,4016
14285,1853,25,42836
17362,4865,28,3779
28490,3972,58,15053
20788,2061,94,38823
17783,2069,25,4512
11720,1788,1,43591
9471,4341,47,37954
13175,3918,63,44453
28399,4901,34,15438
8378,309,77,49285
21557,193,91,41346
9671,2201,23,6347
23602,4054,79,20032
29784,3869,18,34875
7471,2656,23,45577
12842,1282,89,25563
9514,2202,58,4420
22870,4230,18,48425
20407,2232,63,47682
22656,2815,77,41098
9032,2222,94,36102
23850,296,82,5640
18405,4010,68,25740
2122,1594,2,40214
20483,3834,44,48834
654,2482,93,10010
9681,1483,67,40781
10228,517,91,2160
12196,2916,63,8020
21659,3135,9,26680
21568,4923,22,16776
25535,3151,86,28439
25180,3883,39,44751
9766,3041,23,34105
11293,1302,61,22983
23002,1689,39,45671
19249,2782,27,41886
20268,1967,83,24388
19480,1781,54,32615
17394,1974,67,33453
28417,2252,21,33289
24136,4633,92,47510
4084,2397,77,35224
25997,3436,10,8143
1184,768,49,20488
18097,3210,83,34661
23492,2472,93,31786
18099,3656,30,19858
5926,1571,30,39180
12944,3238,94,8662
14990,4362,85,31813
28305,3890,94,45611
3128,4048,47,45334
23775,722,5,42244
16038,2500,98,34636
13808,2236,34,19673
25284,2658,13,38450
12217,1754,58,17862
25081,4583,77,16296
1347,4468,91,44239
702,1606,86,4709
1290,4837,4,5599
1820,2321,58,30178
22746,3887,58,1076
18777,3536,92,30422
10044,4539,18,36733
4051,2079,29,17071
18231,3978,66,29889
21361,703,79,21627
27476,3373,20,41953
24860,3846,94,44777
25804,218,9,37975
10311,4158,19,36852
20197,2785,59,27066
26616,2599,61,44802
16422,3494,14,20306
3723,2166,98,21413
26341,4158,59,13054
5981,508,43,33248
4151,511,60,7365
27123,2050,35,25226
11319,219,82,19598
16569,1731,22,27055
8953,4407,65,22977
17387,2485,32,26591
673,3478,96,16558
4893,2005,29,48961
3006,3400,5,9063
28994,1488,22,24195
2389,3159,92,9511
26590,3897,48,43263
16622,535,58,34985
3942,4468,38,25315
16343,4025,26,44658
9522,3798,94,43157
21390,3179,82,20208
10190,372,22,24933
9586,3153,39,45685
14505,4114,68,11232
24998,2705,74,21146
14584,869,67,32762
14288,4009,64,40964
6615,4887,27,11941
24334,3903,47,1591
3669,2024,95,42387
25364,3999,53,14578
20028,2937,73,23744
22334,4932,5,34087
3739,3971,25,9692
26427,1023,60,24917
23623,3037,26,49072
8974,1406,93,7554
15994,606,60,4562
28347,2907,58,21713
1424,2540,77,7732
25128,3102,99,37617
4313,845,91,49835
27075,4313,4,1906
17300,1778,17,40663
2168,1812,82,47000
3837,88,23,18379
16606,2625,92,39215
839,3249,36,15626
28847,892,91,34776
22389,116,32,38938
12140,3567,44,9856
16951,1685,81,8566
13860,4694,95,39107
3926,1046,90,16254
28632,682,49,9330
15742,2542,62,40200
26983,3017,80,2980
12790,2168,69,40706
16472,2547,74,49481
5043,871,1,28577
11270,4597,80,11301
17089,1411,41,9604
9352,1359,12,19242
20401,646,100,29693
9472,927,95,30653
16377,2655,38,31965
27786,3218,43,18857
2072,3450,36,1146
2298,3357,22,8867
15019,4257,45,45040
18544,372,69,45134
14958,521,36,38418
24277,3665,8,37343
3096,785,95,35695
22488,1271,61,33250
9162,1338,89,21068
2114,925,19,5665
19095,2093,37,16098
1288,4471,79,24173
17558,2619,26,7621
7243,796,16,47142
21205,4766,5,25976
26602,3080,50,12594
28989,3179,99,49683
2363,1341,64,4414
20223,2625,11,24356
12884,3921,54,16545
570,1264,39,22767
4173,618,65,35533
17961,3752,20,49573
25042,222,47,16469
3919,1075,58,19582
4512,4978,83,25599
12993,2522,69,41669
17204,1293,84,13830
6808,279,76,16371
8415,2512,9,29374
29716,1392,42,28549
29840,3847,48,14227
15289,1116,22,31977
719,1187,75,30664
2522,2472,99,6361
13804,3674,99,42261
15037,596,66,24181
10502,2911,45,47576
7648,4638,26,28273
10972,3662,25,3271
6738,4265,15,46222
3921,4954,68,20734
28538,4362,36,6870
2205,430,42,18898
11525,3234,86,33553
6322,3243,64,10977
21562,2670,5,23447
25242,1197,28,15087
1897,3669,84,41802
2528,1039,59,33275
28308,4644,62,32297
21919,2876,86,46376
8302,3688,86,47071
8434,2854,43,16260
25538,3753,97,24494
8547,122,37,1114
26201,584,28,19441
7099,242,29,13046
900,499,65,38497
6379,3818,31,43537
21355,2822,80,42941
22290,320,14,4790
15454,270,94,5815
16169,3624,51,29780
1379,3494,91,7945
27470,3388,57,27555
15194,4988,52,41781
13847,2507,35,4354
12330,878,65,21277
16437,39,55,47352
19644,3280,15,20529
24900,1504,60,38708
9212,2588,2,10261
3323,382,63,14236
2960,4637,72,7829
26687,2242,49,5273
27781,2440,3,46018
28850,4804,34,5424
3385,4919,79,16438
13569,2671,34,13520
2419,1224,9,46699
27736,2181,93,38316
9996,4111,88,1871
1100,2277,94,47088
28976,3643,38,22866
18409,860,36,13973
29313,1839,42,35285
23861,1705,73,28349
3062,51,76,18257
26024,4862,66,19378
5226,2345,36,26934
357,33,2,17897
9708,1988,70,46131
21431,1863,77,40122
3895,1756,83,48215
4656,2296,2,47574
20210,1583,27,17278
10583,3074,67,20148
16408,1726,10,22130
16498,3958,25,21315
23724,3900,31,26633
23619,932,2,6668
12905,308,35,8290
28944,2390,84,35618
17087,1305,6,13384
27068,203,6,47092
24915,3556,72,42942
18282,2892,6,32701
9312,4589,89,6161
1449,3531,40,37412
15250,4849,49,34609
17914,4822,22,48367
13303,4927,3,10352
5306,2415,8,37361
18428,1400,57,23569
25684,3543,55,36403
6670,4713,50,21053
127,965,76,47699
10820,4244,43,14573
25466,4379,7,46087
21197,593,91,41795
27745,3672,60,27160
10616,3872,37,25950
27684,1995,4,29001
12424,1688,19,34399
11346,2,40,21567
10678,3244,61,5128
29298,4016,46,45527
4475,906,10,40239
12724,87,73,38020
1194,2508,99,6895
7005,3060,23,15295
14439,1458,84,42804
20297,2018,18,4738
145,764,63,28684
9831,1882,2,33416
3387,1494,12,17991
1027,189,50,47915
650,4440,73,7229
8121,322,50,21617
28223,3791,78,29974
7945,229,79,38064
16535,2273,25,20054
21249,483,69,38231
4500,2792,36,42677
12921,758,74,15159
4250,583,28,17565
16694,1122,59,37178
26510,1127,14,8359
25711,580,60,31945
2880,3503,29,15711
11351,2871,25,37958
27891,4035,41,36609
6692,4086,50,9182
9355,3066,76,33550
6576,4517,95,25665
10139,759,6,21068
15253,4274,76,3543
27473,4849,45,35645
7436,2701,80,28495
23050,560,100,24923
27459,409,40,11237
8562,4678,82,14435
13741,379,33,19846
578,2303,85,17985
26769,3850,57,37719
11878,1758,24,36189
15259,4511,48,49976
3834,1780,92,1502
7773,2247,58,47259
5023,1740,92,33317
18742,596,62,8744
13664,743,86,38533
2426,173,7,15551
14453,1439,32,40508
10091,296,33,9192
2841,3000,8,32422
5740,380,25,22784
20083,4313,84,31789
18746,967,87,43546
24791,2191,48,18411
18419,4224,76,9255
12423,1091,80,36496
7990,1841,22,6557
634,3018,61,16542
1374,284,51,8271
19899,61,95,39247
25309,4438,56,18566
16516,1673,9,33559
1126,4225,82,46020
7805,3470,11,46578
23738,2461,53,31053
3480,4619,48,9115
21675,1803,83,18044
15376,3246,74,16419
21433,4795,36,49792
17181,4065,91,22797
22448,2447,34,47019
10303,27,17,44067
8119,2800,90,36373
9727,2825,35,31162
26240,1314,35,49720
17199,931,32,30416
28809,3282,21,8349
11135,2812,61,35066
24147,262,63,5619
29053,3378,74,13732
2501,1262,8,46253
3776,4875,89,49684
7988,1759,25,29724
586,13,14,40521
10289,864,48,25870
21293,1467,96,5048
10904,4007,29,1568
28277,902,52,29043
17418,1112,60,15767
13230,2409,76,11539
20139,609,51,18159
20149,708,64,26033
10771,1409,42,13211
19884,4044,92,46059
20606,2325,11,10616
27609,826,79,38681
6005,3896,68,25556
17202,1392,6,2442
16661,1528,19,26249
27714,2029,86,14771
1422,2934,43,5535
1049,2578,38,47025
3331,3910,37,23519
24968,1499,59,37192
19419,4406,33,12768
782,3033,62,26127
26082,1538,46,43024
3497,3377,27,46821
26170,26,56,15899
2053,2407,1,26731
3995,3498,2,21434
24126,796,71,38677
16783,1478,34,6722
1290,1226,73,9803
26663,3599,2,39828
9697,1635,51,8846
21157,4110,38,32983
18072,4204,87,42559
26201,1577,45,7992
28603,1088,12,27594
6464,11,16,45107
15772,4674,34,1244
9492,3763,91,14928
7538,3811,99,4037
17640,4136,87,24418
21176,474,24,38232
15824,537,73,3609
29455,4204,9,6078
6732,4155,23,15765
4907,4466,88,43666
1323,487,92,8561
25411,3915,60,32313
29248,2292,34,33461
1442,4457,28,32276
1309,2599,19,35511
1747,4417,25,23789
13877,2035,10,47275
15147,4449,90,7332
12643,1245,45,13683
22706,129,54,31342
4685,2755,79,19274
473,1624,75,27387
23091,2246,51,45849
24268,1618,67,33671
29117,22,95,40538
4982,70,26,17665
15648,1432,27,27101
2445,4563,55,43009
24289,2139,58,11750
15477,1483,79,6321
9694,817,7,17801
1042,1067,39,8684
3269,2318,25,15667
17990,2618,17,42668
4638,1743,89,10908
15917,3685,71,47895
20467,4823,48,23782
26203,4475,9,31576
20582,2320,88,40917
11231,4947,43,13717
18174,624,24,9489
20589,650,87,1322
4201,3703,30,46462
19744,222,96,1098
19643,3769,90,22410
20771,1996,74,33482
19610,2498,80,31020
5836,1494,25,30483
12546,4129,99,12613
4575,2156,93,12634
2066,849,97,18732
22014,400,50,40017
19020,4087,9,1963
14935,1637,91,5920
4653,3397,64,5043
16938,1735,37,14805
20391,2778,10,45703
11389,1730,39,46873
26186,3883,19,46164
7270,4277,28,12535
15131,399,32,26943
20054,4882,9,10176
24961,4811,1,35741
12777,2499,65,15213
1821,1186,51,24248
15332,389,99,18317
28630,2831,86,27124
24262,3084,17,25306
28048,3533,84,12461
17446,3645,74,47228
10898,2192,23,1754
26516,1742,51,25010
20592,1214,83,10095
9043,2630,44,45789
12778,4677,95,45976
11336,1847,49,3170
25113,1897,48,28466
21792,1031,9,15096
29216,4131,32,6006
22480,4824,5,2046
13583,2322,88,8594
17164,1639,95,38437
25661,988,57,8268
15595,4954,38,33657
20420,4398,94,28560
29856,4512,68,46384
10229,142,1,24783
7911,4404,94,15515
14677,686,50,3776
16945,1527,96,39196
2158,3068,55,13028
7686,3925,29,42902
12470,3362,19,17178
29781,4841,28,13925
5635,4023,54,6561
12304,4718,49,23201
22793,4745,91,21365
25252,2556,63,25739
28552,4870,25,1097
14529,4372,73,23226
28191,3146,88,42589
20075,1696,36,10265
23104,180,38,1155
10112,2777,81,43632
11180,3893,78,49931
25094,4620,46,31779
5952,4606,64,47420
171,2720,31,3100
13276,4051,54,38797
24398,3285,15,19354
1130,3381,66,35658
14531,55,59,1090
14963,3083,95,40089
17677,3262,18,39248
1588,3292,100,36114
27251,3124,1,15349
5327,3270,41,42447
9251,3932,77,47212
11010,1269,6,22150
6359,4012,34,31119
10832,3287,53,46971
11161,4710,18,49293
5631,1346,46,24467
26522,4002,21,17283
27463,1465,29,34473
16595,3530,34,33254
15082,2329,97,23014
8435,814,93,20446
15761,4168,69,42075
15747,2842,94,12025
22579,443,7,36960
22287,2486,98,8801
13106,629,29,23353
19144,2117,87,41950
23927,3305,39,49021
3208,508,24,24902
7175,938,44,31193
7408,2549,51,34800
25950,1770,1,45948
10157,4287,57,39816
7205,800,24,43207
17060,3013,71,10355
2354,3224,18,29651
29314,4322,59,38281
4108,1163,3,2545
14280,1484,59,38448
25318,2816,35,10395
4522,3933,69,4429
17984,2412,73,21094
13924,3602,20,40917
17764,3842,20,36386
9523,1147,92,24596
10630,2954,66,5989
6693,2664,61,2616
28742,3881,88,44754
6790,991,7,30444
22104,3078,91,10836
2709,3836,48,26295
28032,1973,41,31002
4645,2882,59,32499
4803,299,42,9987
14267,1831,35,16176
13861,4987,77,36758
1909,1150,9,9113
8152,4881,36,46303
12717,494,37,26333
28256,3799,7,6846
17599,2819,60,24834
13011,1063,87,21468
26923,3873,46,34927
19626,1267,91,11128
22369,2466,90,44818
26552,4574,86,3911
9064,1094,40,19896
22930,1286,16,37425
9869,2724,59,6023
15265,3322,45,8132
11626,2575,36,35872
21397,2115,31,33570
3034,3890,95,9869
22309,879,79,43260
23078,2196,7,17583
24981,4664,29,10349
1585,3708,55,13307
17113,2991,95,40848
5633,2841,53,13197
25106,2376,83,15450
19072,2056,69,18339
6374,2988,71,20947
18131,318,60,30546
28959,3849,29,26919
21526,2694,63,17780
20873,781,95,3268
7167,1964,39,11647
6403,4681,87,29399
10555,1569,72,14004
10702,2706,22,18182
5081,4571,82,5495
29126,3995,5,17465
14347,2965,22,26567
6858,1560,77,46403
22807,1504,59,32849
6664,3747,68,11399
17591,2879,99,8015
10758,762,78,43219
5629,3228,99,15615
14142,2514,8,17571
24827,4007,63,36764
17952,2710,100,36223
24234,3969,77,20644
396,1055,17,24529
5747,1767,73,17188
26359,1846,64,39419
1650,1732,85,10497
11141,1338,44,46728
23296,387,39,10773
27749,955,6,40090
29353,2943,43,22486
15873,2709,57,1858
5640,679,82,30687
4018,3712,66,11101
10329,4841,69,10486
14979,4303,24,49442
26545,1521,80,49751
22474,1654,4,45948
5255,1778,80,39615
11146,64,65,48299
26809,1807,33,46716
21771,1001,19,7492
29507,706,23,27312
21616,2137,94,33016
4149,3036,97,39419
10864,2578,1,22595
3305,2919,96,47910
21885,3339,98,7672
27879,4459,44,17274
17554,4263,38,30289
18255,1724,5,45614
24883,1030,47,47432
8498,496,73,39475
19498,4695,69,31079
22947,1468,67,40316
21108,610,67,33910
22316,2261,69,16907
7054,2028,4,37596
8582,3811,19,47454
22200,4911,56,35399
4797,4304,52,26231
6895,3658,12,8958
8337,889,53,31427
23024,1251,15,39075
8881,834,29,33742
24479,55,88,3151
21392,4445,83,31681
26718,2739,68,21673
1565,401,26,27866
12580,4362,29,1881
7093,1125,37,20989
13766,4340,14,24803
3030,1448,66,47315
15146,177,44,17828
7631,1976,58,41936
15552,962,61,3881
5957,1542,63,25702
12196,1009,5,27570
1349,4604,57,47964
4388,4945,3,2793
25412,682,36,8316
5856,2978,14,20774
11908,33,10,14254
29089,873,95,1402
17801,2939,45,24655
19483,2242,50,46338
11759,1214,96,3258
3348,4286,100,28408
5026,1503,91,44835
21079,174,74,35729
828,4388,57,34822
24486,934,15,40269
14758,1830,62,4327
29074,4394,67,6137
2697,3197,38,31920
8534,4440,46,23579
25179,4876,32,7024
3500,4095,35,5471
3033,4297,91,28714
18409,1072,87,17318
9959,2247,11,15074
18608,1545,48,43711
3375,2215,100,26108
25379,1131,28,9388
13517,1797,1,3252
17817,1992,34,7280
12907,2189,46,13507
28477,4798,26,11420
19822,3880,1,9082
6295,4260,75,13606
20336,2129,11,49492
28051,853,2,41124
19702,4831,42,31894
18396,66,29,25946
7670,4385,65,16923
11885,4383,63,23692
24480,769,68,47773
13751,3562,28,9021
22774,1628,51,44730
15516,3187,64,10613
7226,3870,8,10830
323,88,19,48232
21416,429,60,21716
25190,35,40,36048
15835,3301,56,7074
4363,1835,44,48789
19843,3418,85,16428
29354,2504,87,24237
11427,4540,61,14531
19998,1769,47,17931
11806,2898,77,19060
11489,184,42,2817
18840,2889,80,8036
18021,4706,20,21959
12912,2155,29,23373
1627,612,96,15200
11655,2532,96,3612
206,3557,77,36346
4161,1810,75,44795
167,4678,46,30911
5893,2214,15,5270
5046,3145,58,36218
28632,4061,89,8859
21336,3636,73,35140
7069,3322,49,18035
10717,3548,45,20078
5932,2659,54,37163
903,480,99,14083
10523,4618,93,33442
17672,2146,51,7425
8196,1983,33,46372
12331,1948,2,47989
17725,3149,31,12501
11712,2699,29,41366
17601,2967,55,11959
23723,2050,61,26486
23603,326,23,36219
8864,1382,14,25460
3063,1078,83,16386
14343,1113,70,27968
14145,2652,90,6245
8909,2537,73,42198
10897,1315,48,22659
21905,4636,31,27363
17241,4167,78,11022
9010,2797,50,22106
23883,4406,46,32515
21203,3906,12,37795
8827,2561,60,15789
20842,2579,43,22087
7197,674,96,24497
29502,4973,13,22524
14594,1890,76,35422
1186,2265,92,29392
29877,1133,72,36066
784,1339,11,38987
9059,2086,60,21256
23768,2039,68,40219
7769,3364,61,34207
18299,3112,96,12356
19089,4081,31,4574
3254,1639,47,30177
4263,4752,4,41514
29622,2293,28,35966
19931,4574,81,13954
7522,2008,24,38214
3007,1104,8,40131
14853,3845,48,22077
26635,3680,30,22120
23990,723,63,46863
16395,253,93,25664
29142,1885,41,26931
26820,3157,93,16785
9304,4547,83,7118
28162,4813,76,48024
17716,3150,44,17617
20242,2777,8,5723
22888,3373,46,31368
20149,773,21,14679
11994,1987,97,38736
15353,1752,54,18946
9951,1374,97,34806
2719,1504,28,15860
15198,2298,12,10407
13750,3574,84,9438
2392,309,22,27894
6219,4223,86,49563
126,4894,50,17090
19053,4736,15,34270
17123,1688,40,42078
20803,4065,57,20617
18082,308,32,38924
27487,2232,6,13748
28360,1321,53,11397
25052,442,32,13137
1767,2156,80,17149
4096,4705,13,29226
8722,2328,34,10433
6644,3868,32,15135
23647,1044,91,20703
2254,3900,8,48583
22121,3394,40,10218
27612,3914,19,31422
3712,3718,30,22046
15744,4417,3,39298
28194,1174,17,34301
9607,1512,76,21695
18147,4576,33,45959
21685,3789,95,21756
18824,1267,72,14756
6366,4245,23,43198
15247,2001,62,39052
9234,2799,53,7721
28937,2832,34,23455
11385,1357,27,31268
29713,2243,65,11329
21967,3334,84,12629
8885,1704,99,41670
3912,2986,93,18660
24780,2945,96,21449
2391,2611,64,34504
7324,70,8,31863
7524,1449,62,31911
25769,1449,27,39089
6858,2793,22,41593
25424,796,89,13677
21590,2034,56,13513
23083,13,83,3560
14116,3667,65,2496
3990,1076,67,9670
4092,836,43,48054
14523,3708,43,2662
29407,1444,75,28151
696,300,54,3260
9512,766,40,4305
18363,466,59,15555
18534,489,63,41739
5786,4365,15,10489
8071,3896,86,33775
5592,1269,72,43899
11480,1588,72,21026
9329,1471,3,37165
29965,2656,43,36976
135,3340,2,25902
7000,2654,92,32351
18702,4934,62,25185
22679,3575,99,31053
4079,221,41,1662
6102,758,93,7285
5093,4542,68,40831
3377,987,87,28662
21381,44,65,4224
20451,3837,10,49393
29816,456,46,36977
6097,4452,92,1522
19369,1965,88,9028
29788,4666,27,25016
19754,619,69,35594
28632,2453,36,32819
15287,261,6,2757
13603,2096,27,15473
26262,4133,86,44299
29074,3578,31,7815
617,2792,72,41924
23563,924,96,45644
23964,4661,12,10994
1029,1186,39,6828
19662,3916,29,37796
10744,1155,8,44131
28481,3179,78,14990
28576,3779,52,40897
5148,3091,73,38836
7097,2973,25,36609
29729,3622,83,48393
13003,1269,91,2258
4838,602,2,3807
26333,1701,1,25809
8081,1899,48,30157
23224,80,21,46351
26931,3727,24,11862
28655,2243,80,44112
6865,2109,30,2514
22845,1662,72,6641
2346,233,14,31172
14184,621,16,34467
9893,3396,87,46150
25784,3730,73,17707
4804,520,33,48646
25335,2520,52,37776
9443,4398,98,34945
19204,3758,22,3084
9538,1661,89,32150
21078,953,6,26526
27702,2295,79,44548
15691,3955,27,32279
2345,660,29,1870
12631,1399,13,17325
16309,4287,84,13183
9329,735,12,45891
21536,2461,78,17334
3192,3456,52,25114
1884,2273,50,22402
3743,714,96,9730
22597,3649,100,21899
9349,2238,46,8573
3908,342,35,2883
26178,2335,35,34305
28139,3869,100,38248
21978,1792,24,15393
19916,4889,86,37461
10555,1981,13,22298
18053,2312,54,19679
3843,2272,96,13095
29703,2188,1,21969
8568,3949,94,36319
15405,3907,42,16932
19112,1384,13,31408
14898,3666,91,10446
17596,4243,23,7974
15555,4025,17,16749
2476,880,92,7462
7749,3593,82,47895
5919,4623,56,4143
16197,3269,73,13338
25266,2054,21,23812
11372,2258,99,28595
13003,4721,23,42447
16711,1178,73,22779
209,3706,29,47059
5188,846,39,17282
11409,1025,73,27808
23316,1362,63,40624
14762,1411,22,26307
6258,4977,22,33257
11765,2280,11,21284
20356,1127,25,7535
20207,4206,64,23199
12344,235,66,46321
18605,1987,88,11627
8614,929,66,40626
11660,176,22,46142
2200,1274,61,41098
13218,573,71,21571
18799,80,93,10865
23450,268,24,48436
4449,1846,50,40235
28750,4578,87,35647
14918,1375,75,4627
21674,4759,81,12154
1067,3344,31,26593
3849,2581,3,25093
11406,2376,28,40252
20458,1457,51,13832
5398,2163,93,19459
29815,2377,11,41854
24899,4688,94,18701
24777,3020,28,14474
14202,3175,1,36046
22924,1973,33,28939
25896,1581,36,47691
11222,3241,32,28949
28449,3393,87,30057
5366,1338,79,16665
4655,2443,29,44674
24241,297,37,33919
14072,1537,55,9611
27851,174,93,11106
21910,1916,14,18875
25465,1253,6,42510
21644,405,100,29755
6274,3760,68,3515
7831,4892,62,44078
4978,3596,6,3010
10785,756,75,26553
27409,985,81,33222
4933,1407,100,15305
21796,2908,82,45939
28235,2089,69,7280
10553,2506,39,9833
19522,1485,59,33110
21969,492,75,34720
26880,3112,6,6988
15532,503,60,44188
19463,1265,70,38680
14502,2438,83,16446
23863,4212,29,6283
5037,3054,62,8074
11371,2857,24,35326
26230,769,52,8243
13524,1846,61,13365
14538,4573,78,43189
3130,4346,32,1051
17436,3242,32,1351
4849,2810,80,26967
25407,1873,24,14144
16454,4893,12,41183
17926,2813,13,20346
6430,2011,35,6668
22271,1543,27,38190
24894,646,96,12480
8410,2239,3,8369
24034,3226,97,38086
11121,4919,68,16333
27793,4180,61,47575
19876,4433,12,49396
25458,1547,14,11627
23488,1131,40,38230
5955,2220,11,47334
18846,529,98,48167
18238,776,41,22228
4356,2768,100,8893
27316,146,72,45169
7853,4165,46,14976
19,3260,74,26713
24776,3200,50,10277
25517,196,29,10934
11751,1706,85,34722
15201,2309,44,16696
26530,643,60,28901
11605,3566,58,48573
1283,4714,18,22052
9652,901,96,4953
4868,238,22,27438
6434,3893,72,19708
8251,1585,23,20127
15723,4784,79,12120
22413,4433,95,18813
20758,2778,78,11314
1414,1363,38,40409
16965,4878,94,43900
17836,94,77,34392
24204,2352,91,26890
1781,2106,5,32037
12903,1652,90,12999
27434,2732,5,10549
6638,2321,46,47197
1712,182,89,8464
23044,2532,64,44178
13995,1761,58,16746
23919,1537,71,8535
24555,108,90,8515
17428,1065,38,47216
4643,2250,80,37705
577,529,49,1219
4153,4192,56,6639
27876,1375,88,4537
17119,1874,26,29389
269,139,58,48718
9751,3474,42,40612
25690,4515,50,33588
25319,2691,95,29570
18257,1946,68,29567
8695,3952,77,39272
1751,2556,80,11598
14733,4119,93,7970
10507,4007,84,4589
22045,476,73,40241
3470,1673,2,24497
2812,3717,73,15347
17903,426,37,32902
15793,3882,2,11705
22953,1252,86,43084
19904,3654,64,31354
16839,4651,94,22349
13938,2531,62,39878
28934,2372,79,7426
22424,1673,51,14274
14993,1414,50,41335
23996,1313,97,12242
20712,1645,18,10055
22546,2764,46,22872
2176,4637,95,8859
22364,1377,53,31987
26794,536,82,43123
2658,1295,53,44089
13451,674,58,40291
23157,2745,97,7406
4216,213,62,3959
18903,2435,61,29050
3127,881,54,21931
10312,4785,35,14448
26161,3026,44,2763
12738,953,20,1769
21742,3600,5,47719
18643,3401,62,6442
5471,3491,89,11466
13857,3047,90,38513
15259,1245,71,12244
16478,1567,38,27539
3951,2644,28,2567
15218,3163,4,24010
13891,4420,50,14339
7173,1408,93,25691
11,3120,81,30278
3481,1185,37,34476
9824,3404,26,21685
16223,4320,39,17059
29007,899,9,36140
1441,3428,57,30892
4580,3005,38,17965
6174,4776,62,23203
11767,989,99,27944
21737,1801,13,32687
4232,4624,96,25185
24656,2496,90,10278
16125,2687,99,37980
27793,449,46,10722
960,3336,4,41965
9518,1787,36,8376
24289,2453,75,22410
5442,4425,18,15811
15500,2909,6,14295
17061,1879,96,10436
17206,2030,84,44744
16597,852,31,32114
11418,730,63,5433
22192,1952,83,13099
23105,4932,26,12780
19954,3965,15,28806
24555,127,42,24119
24505,1060,22,47166
14355,4429,2,43576
28418,3353,3,19584
5781,4563,3,9977
1815,3090,64,36402
11738,4771,33,44082
9756,4041,30,9543
25464,4622,17,49743
19148,2054,11,6995
18145,767,97,44279
21226,1879,84,20838
12918,4919,86,10698
25514,201,44,4691
28410,2466,51,24722
26448,1452,23,7681
22314,635,3,7386
2314,1510,38,1055
10671,4315,89,6889
4258,2286,87,39742
22711,201,61,6455
14134,4279,20,47136
16245,3440,60,27050
22774,1364,53,45142
17778,1446,12,19369
15456,2249,60,31372
29330,213,62,19038
5164,361,71,9957
7708,4041,29,27393
12476,4102,23,6523
19839,4636,60,2250
6509,3244,72,46550
7008,1577,45,39028
3345,2536,81,1597
3189,780,7,19634
28316,3667,40,9590
2114,1922,59,33091
29547,3389,77,41333
18713,1856,52,48166
21685,4600,96,44504
12667,1572,92,33367
24137,1592,88,4101
3698,2294,55,36472
25893,536,73,30848
18166,4293,12,37324
15689,3865,69,14043
3583,4065,67,18722
14468,4980,96,3091
2240,4024,95,8921
15229,1296,9,47006
27693,2245,98,8123
29292,1964,42,24340
12764,4405,60,13429
20246,2227,77,29770
15995,1615,24,35966
1136,1375,75,30941
17430,1726,94,40840
15414,1835,54,11264
16287,3063,32,25991
27559,4134,40,48729
24,184,37,1549
4460,1823,75,44642
1890,122,61,44181
16451,4867,25,15001
11836,460,35,35996
26364,4343,76,25668
577,4493,82,15891
27650,1634,89,46346
8630,4155,20,4364
18953,4051,76,28487
9796,1802,99,4435
4565,96,98,31357
16732,850,58,2054
18934,1280,96,29996
21621,767,50,20520
1578,1582,16,12556
7413,330,29,8937
27377,2378,82,6857
5345,501,15,7179
26179,3375,97,5717
13856,4812,93,16580
5948,1529,54,1311
14607,1973,67,18651
8581,4998,60,27842
4584,3535,46,13984
24902,1600,50,25530
10221,1791,63,38697
19532,988,12,4462
20338,3553,84,32528
3461,1643,42,45710
14189,3942,48,27002
26208,46,92,2487
1806,1740,32,31817
324,627,22,34115
18549,1302,8,8728
26442,4735,30,43771
27522,4979,91,43034
12422,1714,64,26915
4702,4412,31,23340
11218,3345,99,48354
12771,3659,39,31350
24377,2045,64,1523
13476,4242,14,17684
11047,2426,77,48289
28108,3140,89,38571
29907,2674,87,45914
16208,4668,6,12542
3240,1703,44,1749
8905,965,65,8621
27689,2331,71,33734
696,4984,61,7954
15200,3987,38,17557
4159,2504,58,29050
14886,2444,25,41967
29357,3007,38,45300
12833,3297,3,22965
24156,6,8,49082
9547,1118,46,10793
29759,348,33,41028
29758,2399,77,11136
2333,3382,37,31023
8062,3722,81,32680
13960,4760,89,11573
10811,3840,67,13088
26766,4336,66,38332
22000,3593,23,10996
29026,1121,90,4546
27181,4967,77,25869
28151,2333,76,46632
2068,4387,8,34896
28601,1989,68,25358
26058,4431,12,1703
15016,89,71,16778
2403,4370,81,49747
29266,1350,46,16065
18718,548,98,9280
28949,1630,79,41930
24690,3053,89,23285
27516,365,94,12704
14392,3821,30,49250
20820,657,2,23292
22050,264,70,26766
24056,488,54,39477
28510,1512,41,26962
8386,79,64,11450
24671,3895,40,24481
9920,4980,15,21542
12935,2025,50,49335
6433,1201,11,35921
6293,3139,64,9204
12041,918,36,4558
4999,3370,48,40442
21139,4190,59,24712
6306,3828,9,42883
8477,2331,93,14887
24434,2947,62,28903
4500,602,87,35142
13958,1583,49,40286
13739,409,59,12875
15435,2152,75,6084
20384,4060,15,21863
24927,3611,2,10168
8463,3338,100,13426
19343,4436,43,45819
29885,4949,45,38229
1381,3714,92,12881
14686,758,80,12698
10741,4220,13,35704
130,3093,87,24295
678,4041,16,38702
29827,2810,24,47639
13732,4569,51,15963
9167,2238,34,8679
7552,1015,66,33236
23644,976,70,29723
23267,3148,43,31508
4776,1962,68,14955
20620,132,94,4450
26734,625,83,24950
6352,1717,14,48203
1990,4379,48,24536
6458,2376,75,21499
16450,4399,63,42539
28004,1943,38,38081
23526,336,96,6759
6885,1191,79,11607
24632,1828,23,1052
27710,367,5,21889
10198,2951,95,46923
19013,4313,16,46347
9283,4590,36,42395
10503,2533,85,37905
5561,4142,62,15730
1922,3607,100,19035
3612,288,37,33083
23735,315,4,11646
376,1724,90,31481
4691,735,98,36139
14317,2554,61,16543
1929,4295,82,48656
5914,3194,86,17849
23396,4911,99,44298
5430,308,43,32065
20066,2014,13,47699
12400,4954,33,20354
593,4090,6,41026
18815,971,52,18993
3637,1496,2,34047
774,737,59,44125
2449,2441,19,13285
26039,3843,58,2727
20189,1481,85,8064
27564,2868,75,23215
24565,816,43,30897
8249,2746,56,29611
6006,1584,83,9160
8358,1475,59,39900
711,2994,27,12533
1409,3994,59,30283
119,886,91,18619
5733,3175,58,39274
8651,2404,49,41641
24331,664,63,20493
18311,2707,45,32171
21977,3278,74,27761
6088,890,65,26107
27135,4869,41,20640
21661,4391,90,24446
1062,3045,53,49289
16715,2755,100,9714
15071,1540,19,28696
29243,4068,41,42589
7635,4488,43,14289
2970,2848,43,31009
15514,4608,66,38226
2564,4372,15,22157
8767,1811,18,7779
13065,3790,9,7540
5452,3782,76,34117
12075,4383,85,43304
29619,981,50,47912
8655,4694,72,1585
29167,1117,30,39996
23335,3847,76,21832
27209,2167,82,47244
6398,4864,37,42231
21379,4146,64,35633
17637,2350,48,41059
6324,98,39,34877
12462,2363,56,29358
12343,786,72,4786
29726,4101,40,25543
8834,3305,92,9425
222,328,26,35649
14219,3475,83,2559
14570,2137,68,26294
2806,2390,51,15648
22434,1203,61,8759
5936,11,20,28012
7555,4025,41,38838
18778,2923,41,2966
22949,1457,63,31261
17664,812,60,20283
18256,3004,96,49694
15377,4827,26,19530
21588,3121,19,11113
798,1955,43,44572
5489,2389,71,1734
12119,1953,47,11046
7337,612,92,4985
24172,3726,64,19219
20424,2448,97,1562
5339,4463,45,18183
13035,4754,28,43529
1015,665,22,20527
17353,761,56,8686
16561,3699,3,9281
5641,1239,7,21739
20912,227,22,28085
2559,4549,71,12959
28021,2355,99,36650
27715,1673,54,6732
15910,3454,69,37315
26196,2063,41,11087
22310,2206,38,41845
7953,4684,85,22649
22131,1763,10,7174
85,816,50,44484
20646,4627,54,33886
11513,3529,6,41132
18473,865,51,24891
26446,859,71,2745
6923,606,13,12700
19523,517,3,42000
24946,4187,16,18173
1116,3168,46,49940
24493,4822,59,25653
11432,819,26,46543
10086,1214,97,17196
4602,1786,72,20008
1654,862,72,23349
5150,194,1,33337
8657,4037,99,4871
25813,2644,50,26237
26112,3621,40,48165
8548,475,47,34724
17628,1977,95,3532
21980,4647,21,37480
7493,176,17,7328
8726,4302,21,13730
17833,568,24,34255
27419,514,65,27992
17468,601,94,14481
4456,4402,70,6805
8657,2803,98,25303
8156,41,50,49587
3627,1995,66,30493
5152,3095,68,23225
2885,4977,96,40029
3681,3190,60,11038
16268,4286,4,44716
27832,776,64,24376
21487,2997,14,12960
2267,352,54,11763
2640,2498,41,35067
23178,3466,54,8028
2050,4830,38,37694
2729,3073,51,29882
4866,2706,87,35026
19648,3371,73,45810
4813,448,87,11355
19093,1581,54,41613
5689,396,10,23534
13060,1913,60,29586
28710,959,47,14682
7795,1594,33,1193
18299,2066,81,32753
10395,704,34,4390
27510,1290,11,39106
22056,428,72,19510
20827,1742,49,29367
2740,3235,20,34956
16383,4122,47,16686
4353,706,99,21329
9688,3253,49,36725
24252,1051,78,46960
4580,368,29,48287
14659,18,86,13339
13207,1896,86,41463
18842,1428,55,23981
3880,421,84,28406
16434,222,43,20388
13147,3601,47,18859
11761,1843,61,31642
2056,3210,79,11341
26083,943,46,15414
22599,3278,89,39156
12131,4758,1,28824
15663,4335,33,18936
16363,4445,21,34834
925,4014,63,28531
16614,3636,47,18723
6039,203,77,10827
11386,242,31,39647
10031,2637,91,11716
17154,1235,32,3195
29121,2790,58,36645
17253,3129,6,16411
29445,64,6,8912
11653,903,29,42098
24575,4904,84,3215
3342,958,15,43348
23329,4708,25,39445
23611,2801,50,11683
21836,892,46,6292
4392,3119,77,42292
24796,4616,97,13717
686,1708,80,43813
18348,43,88,24160
233,2857,95,47585
21126,4898,61,12983
28030,3858,94,31238
22367,2604,32,36969
17358,1188,100,16445
279,1216,94,47973
17391,4138,31,34188
20694,546,5,22521
23105,3376,53,43058
21328,3324,55,24376
14740,96,9,2224
12939,1311,78,5332
26514,1801,82,20834
26580,4560,71,17143
27677,1444,39,10671
27919,4636,73,8898
20569,3733,63,23017
2601,4255,2,31163
29640,4339,6,15313
19902,1302,78,2605
27099,2823,81,17240
7539,3894,34,23288
11934,447,2,32816
2770,1319,72,33125
29399,2515,46,27951
5627,1666,75,1158
11812,2883,58,11596
11108,2849,1,14377
24708,4588,26,24395
20730,3237,27,35453
19097,4725,77,15354
16262,4684,43,2893
8766,745,100,30641
1155,2942,56,13496
4822,4874,71,13164
22630,4155,92,9445
2443,2967,74,38870
892,4205,67,23148
5880,1764,46,15306
12644,809,57,25277
3761,3421,80,33577
21048,1771,83,37642
27437,377,45,16949
9681,4982,54,3345
26320,4094,74,19989
15276,1892,7,13517
18792,3809,28,41957
18873,656,47,32130
11037,4919,60,49440
23096,2944,67,7530
20608,3945,92,32177
15865,4345,62,39364
7380,586,46,39790
17818,3473,95,2745
29074,114,58,28767
25531,3256,83,4281
950,302,22,15462
20284,4734,36,35526
27099,2979,17,7656
92,1924,89,41228
15448,3576,29,33756
12014,970,85,38553
10445,1822,76,14372
29629,540,53,1706
8290,3828,99,5874
20047,1084,87,21913
333,4116,37,47398
28893,728,8,34247
20259,410,94,5920
29084,755,93,38310
11799,2354,68,4206
4496,2500,47,41329
2143,1750,39,45667
8146,2394,74,19086
11962,3248,19,40926
22232,1522,83,42387
4932,3737,93,41522
21456,661,77,3638
632,255,54,2238
4720,4860,15,45412
1210,3897,46,4547
16727,4156,99,21086
5276,4302,73,14278
10031,4647,25,1672
9121,2332,94,9485
8805,2806,10,12201
2004,4710,34,28577
6091,4831,52,38219
19816,3208,14,39282
15451,595,75,8407
17581,1771,56,36587
8594,4167,89,10436
1546,2577,49,4629
21443,3256,41,33154
18068,723,1,2055
20244,321,36,13145
17393,3106,40,43368
4979,2590,22,3244
11757,4775,26,43003
22817,3667,32,47412
3409,4923,59,33775
7157,852,73,40925
9806,2237,73,46563
6176,4314,77,48645
19804,1489,11,15515
21370,1738,2,27037
9886,1611,11,7653
19252,3315,20,21925
19604,315,5,44200
15069,1247,93,13938
5855,956,23,8035
19492,1056,10,49801
27530,200,2,17016
26839,199,48,5674
19732,2494,39,25134
6819,1315,99,34814
13657,1963,73,25129
20938,102,36,18189
12607,100,77,8844
27267,237,49,47093
9974,3100,40,29629
18865,1006,34,30459
23997,4882,4,10610
8278,2002,5,29721
28932,4646,58,22342
20861,4861,76,28174
9151,2484,29,39887
3696,3219,30,15054
17763,4339,69,1620
4202,3929,81,22672
3464,462,30,2747
11697,4855,32,35327
24515,2765,72,41147
28372,1749,15,14100
26613,331,12,23757
18912,2420,96,38481
376,80,48,8873
10052,1159,61,8391
29964,3698,71,31290
19235,628,18,26848
6556,3200,69,13474
28770,677,17,7145
3918,1140,61,30877
3007,1882,39,40431
10711,3496,24,41094
24508,3746,24,44876
17051,4935,28,37530
24250,1307,74,17127
13927,694,71,30015
24253,3960,71,4501
14510,4558,40,1620
25110,563,87,15024
887,1008,61,42917
6829,1572,52,21275
17291,2851,89,45070
12651,1403,11,8647
27487,933,81,22933
3069,1635,34,15027
1942,2755,56,38764
16047,3423,4,12766
12800,2358,74,31363
5235,4452,54,43688
8628,116,70,26551
18916,4611,45,47782
23103,2969,52,45911
12308,4533,80,39722
11108,4326,17,41891
2448,154,61,30927
6457,2511,27,7830
5337,624,24,13393
16261,3291,97,14556
4978,2403,87,9476
26364,4344,82,47496
13916,725,41,10627
4292,192,62,43466
27265,3166,26,20119
19002,2443,45,40546
29458,4517,14,24397
12287,1715,72,35073
19173,4084,69,38775
8780,4815,11,43494
2960,167,21,34877
11089,4864,96,20005
5545,1310,16,29541
24916,4647,5,13584
3526,1130,29,23691
24237,2202,87,11861
23264,4318,98,21433
26567,3043,37,7784
11259,1828,42,1677
1456,906,1,34392
24389,1222,94,30370
14962,1077,29,32538
19131,575,64,45158
26312,3544,5,14383
22853,4610,94,17268
16671,534,83,41772
367,4725,5,36479
27888,3966,41,1848
15032,56,29,35750
5666,1332,86,9307
12388,3411,16,3021
26378,3619,17,41548
22721,522,63,25594
29649,522,46,9143
13326,571,97,42145
7170,3493,33,43349
7220,3968,16,25917
27704,158,7,24603
25077,589,23,37178
17803,4094,44,45090
23758,2493,21,25832
29419,1487,94,1559
12854,1068,88,19442
22777,4073,96,1508
15204,1805,29,17376
16327,454,80,22480
12332,3748,65,38212
13920,3781,58,27556
5532,1088,42,36924
18922,4521,56,34842
234,1702,25,1908
13284,4279,39,31053
3571,1042,51,22554
23169,2630,67,18354
29024,3630,42,28497
15106,4270,82,20720
11622,85,55,11365
22123,887,46,48551
18822,4784,2,34976
23844,1590,99,11650
6088,4900,84,28781
20799,1677,42,21296
18354,3446,20,21589
8959,1937,14,17279
15810,2444,19,44024
12742,373,9,10862
24048,1059,14,8137
1747,1054,40,48730
25067,1502,17,8631
28418,2542,6,16110
515,3214,79,31542
12202,2164,23,8834
5120,770,92,43644
10688,4721,25,13216
9961,2411,56,28392
29674,589,82,13502
28906,3827,65,36712
18119,2645,4,48872
24316,2028,1,39762
155,1656,81,11778
17893,1484,72,3941
21985,2416,59,23203
17970,4766,2,19100
22836,2824,1,8776
2316,733,42,27152
4521,3267,96,44165
12918,1974,24,26758
9564,1515,64,10703
10553,469,59,46157
6804,975,11,48692
27785,2845,22,15789
26574,4976,55,32004
15706,2838,10,7579
19314,2351,56,38468
27160,1915,19,25338
12178,2064,8,35863
16614,3264,14,10175
19919,4758,95,38707
6702,1916,41,16791
23755,4071,29,15258
19049,2273,34,48148
29824,2589,92,48707
26000,4152,32,14353
270,4072,24,15775
22406,1800,32,22270
7915,3346,57,44778
15552,2064,81,37117
17980,4301,13,17128
10907,1238,13,39724
25267,1773,6,39810
26654,4296,71,31017
4425,22,3,5093
19844,3318,20,43006
6768,2915,11,35802
6403,2470,48,27905
19809,940,46,49560
18616,548,63,30247
29901,3650,81,13027
19944,62,76,20653
15207,53,90,12885
20992,1862,1,30280
29233,1116,33,22785
1831,1043,7,7336
8682,4849,18,11903
26326,2564,16,32902
3028,4963,61,42909
17083,4073,74,13472
27146,1760,71,44627
9098,2647,38,27616
2279,520,20,27253
3499,4355,49,6042
24865,4785,61,26020
28140,289,81,23072
13411,4166,67,49512
10524,2737,43,1609
1298,2988,25,14989
26326,3405,33,13685
28785,2080,59,45718
16248,3162,61,41218
21990,4300,52,20030
10441,56,22,6042
28459,366,39,49376
25363,996,60,34946
14918,940,75,20448
2238,3466,89,9462
15733,3949,86,44676
6549,11,51,13274
11368,4359,21,3046
7360,4750,76,9514
14083,3577,46,43272
13907,877,95,41039
17399,1313,76,30826
14580,2435,96,43113
5412,3554,24,48291
26282,2735,16,28369
13344,1187,76,4607
19226,4474,33,46726
3147,1614,71,21458
867,4928,22,14585
21888,795,56,18012
27170,1425,33,41229
17993,4389,6,29533
29745,3838,34,40421
19643,1155,31,35074
20433,1862,41,6084
2154,4933,47,18540
1623,24,17,44032
17543,1956,41,1855
27279,550,28,20749
6099,3210,30,5804
17132,1538,59,43130
11431,3833,77,2171
17749,2724,87,1579
6234,1005,76,3667
27637,498,46,7010
19706,810,36,42768
19170,2320,5,8924
10276,4585,95,29748
13040,1045,57,40943
10777,1567,41,6168
14412,4119,16,37080
88,1613,57,20693
9126,4941,55,24095
25017,1916,55,27291
8009,4093,19,25710
29195,3311,30,40047
24316,1783,91,16789
8802,3049,37,36215
27714,3824,13,2928
27010,287,74,18327
29768,4184,10,6267
9391,263,29,19318
2652,2696,55,2738
26028,1700,52,27712
4528,3905,100,46973
27235,851,64,22420
2872,2498,49,49001
3537,4756,34,6601
26935,55,1,48862
10794,1410,37,31048
2902,3177,3,27884
6005,800,17,7979
29126,4680,1,20133
22041,4486,40,2122
20744,2811,94,48703
16178,393,78,36314
2624,906,3,49514
27337,3007,94,45922
5074,491,71,38618
28021,617,17,18020
15402,3716,10,21909
11242,2589,80,45218
9301,402,58,24458
23915,2701,65,14485
7095,621,34,49928
21402,3177,23,5595
21932,3181,66,17236
24436,1109,60,20288
3082,1649,71,42546
21163,406,5,26019
7360,2598,35,8740
4140,3631,21,43650
1841,4903,64,25572
29562,1934,76,31995
5316,2046,73,15122
28919,76,98,43104
311,4979,37,2281
13632,2439,11,14587
23719,3172,51,40679
22070,661,69,3689
15139,3826,10,20760
10855,4184,24,29886
9358,2023,28,11411
27484,1471,9,31247
21263,1882,35,10596
5099,1470,43,12920
15872,3746,66,18829
28624,1120,19,10106
17490,3368,76,46948
28344,2307,9,10823
1116,395,58,20438
28092,4026,82,35773
14144,1441,3,38084
29030,2381,9,20498
10716,4297,16,1198
19681,2857,48,44267
24650,187,72,23766
23826,3998,81,46899
20313,2883,43,25309
443,759,24,49632
28512,1657,12,30488
11266,2911,29,15033
21678,4827,50,13157
27637,3791,53,45163
4988,1877,46,5403
16164,2348,74,2409
14683,1601,38,28830
8039,2185,35,14430
9181,2380,2,3148
26795,1833,68,33980
14508,1564,9,13655
2869,3776,26,18412
15403,3314,39,38544
14383,4580,72,1320
26174,1321,22,45094
1704,1420,76,28593
17119,4125,49,44388
4531,2722,33,35572
82,455,98,2104
23854,2431,51,15318
18262,4399,68,42102
8777,865,76,49014
28936,4537,63,40048
26602,2029,96,13396
21227,2875,56,3956
9198,2684,74,20862
28264,219,63,40306
16972,1025,55,25355
20729,4048,23,25614
29339,4569,55,14919
17501,580,54,23947
8410,1598,52,17524
29243,66,68,19587
6031,2199,22,21386
3103,3469,73,48693
27024,2279,71,20883
22748,2238,40,3379
24994,904,48,35770
24917,4279,6,27450
13464,27,51,1542
7054,1257,43,45293
3217,4908,5,8655
10153,1663,72,42298
22824,1730,38,9392
10745,319,54,29431
22949,1455,95,1026
12694,624,75,33390
23680,2172,11,23253
24209,1061,35,9095
7027,3607,8,22378
14855,605,2,11083
24485,1991,64,1276
23184,2124,69,4096
14900,4641,71,8968
4776,4344,34,10649
15072,2707,47,36306
1296,3974,21,32819
9904,3871,65,22376
16426,2046,68,48926
4362,3619,43,45167
22673,4646,61,49513
8608,2000,3,13017
22915,505,67,40035
12488,886,37,41866
23525,3408,11,33666
12839,1302,92,9669
16648,4517,58,34672
6281,3613,23,44445
16802,1929,88,28567
2996,2446,2,25776
593,1889,33,10008
4793,1485,42,27979
19719,4643,3,41826
295,605,74,47867
14635,1621,40,23190
11143,3480,43,13852
29291,290,63,21471
17534,1091,4,2551
4145,1913,26,22743
2991,3408,59,45666
24451,580,97,11134
29072,1248,18,30434
15813,2240,2,14753
26871,1811,65,39773
27552,322,26,23848
611,2613,6,39146
15445,2402,36,26917
9622,2687,56,17048
362,4829,100,28430
18465,3680,72,47257
4563,3274,48,6853
26677,2831,100,35506
8988,611,72,46932
1621,3276,60,28843
555,2063,89,39298
8405,4404,20,18106
11937,2651,3,37762
19652,1514,50,27214
11985,782,61,9871
9703,4839,86,30553
21561,159,98,41563
2687,1234,40,48996
151,2624,74,21922
3936,62,95,44176
15387,2719,57,7123
23131,1572,96,35078
22944,1426,58,35137
13601,2068,3,2400
18336,226,59,11773
23193,592,75,23468
16674,3513,35,20943
15029,4276,46,45627
29841,4927,11,36219
27902,3931,24,45553
2121,2584,98,46754
18768,3844,48,1691
20346,329,10,2555
3296,1066,42,1474
21185,3804,46,33854
27174,2286,80,28892
19643,569,14,41442
25031,3252,35,31953
24443,4629,29,31218
17178,772,1,21817
17962,1335,42,36940
18960,3300,53,9854
5305,2248,29,40497
12787,2922,82,6888
17435,2271,88,41048
3910,2905,59,27363
11912,2641,17,40982
4351,3489,54,33263
15918,3715,71,27566
6555,2555,98,44795
17606,2096,51,48641
4321,437,90,17875
5537,2760,66,18449
22730,862,86,24712
21266,4101,7,22214
29785,3210,17,32394
11070,2213,16,25062
11627,3533,96,14543
5979,4030,100,14541
5274,1187,96,46321
2087,756,61,28375
11979,3758,69,14031
24633,2955,24,11296
6728,3283,28,34852
22549,3245,8,31250
10076,792,94,27340
5830,2249,89,7395
8923,655,88,31754
3033,4857,63,48705
22948,3704,87,11910
3400,3362,41,7211
25889,916,36,15827
26012,690,50,5898
11526,4873,19,7981
290,1009,42,19304
17633,3136,81,8409
6109,1939,94,47236
7983,2188,75,15410
24797,1479,31,49825
1046,1737,21,33965
6150,613,35,6584
6610,153,43,18492
24267,1464,11,47712
19295,1933,45,13888
27222,573,75,34553
15595,4138,43,43147
6474,315,64,41650
3952,1706,65,36687
13007,4895,92,47220
4769,3057,32,35832
14479,988,26,30188
26084,292,72,2158
26857,4138,40,38095
26757,3277,75,22630
22351,197,35,23778
6069,758,7,3273
5459,1087,15,39107
1189,3192,44,5631
9001,1893,30,8219
22707,4129,62,13446
7613,270,79,44055
29160,3468,23,47233
17353,3254,43,5826
19053,532,21,4551
25630,1931,52,46742
22159,4793,98,38743
8695,1325,41,6073
10788,1412,45,34797
20204,2982,42,6460
11830,519,96,30482
15221,4633,1,41600
28426,3130,37,36253
21648,443,53,42198
8119,178,35,46770
12600,2264,72,42703
20395,2087,49,31719
21268,197,5,31121
27984,470,92,40688
13331,2487,72,17066
26685,2321,45,38458
13442,752,18,38510
17344,4893,61,9213
19641,66,39,5473
6837,4342,41,33826
9844,2605,67,13724
17619,2220,93,46288
19054,1208,50,43448
5125,4913,89,41494
16069,1987,24,19022
4510,641,82,14687
340,4996,6,20567
23360,1721,85,11745
28136,4687,2,19347
19332,1567,19,13315
8072,4083,7,40869
25651,3422,85,44095
19046,1869,60,36730
18199,164,88,25018
6575,724,88,46067
16436,1460,90,47280
4752,1913,30,15915
11173,2453,77,16585
7962,1166,22,44354
16413,4352,91,26134
15021,2110,81,10028
4110,3634,42,43243
24291,4568,39,36183
29185,163,60,9584
14986,3966,20,30842
12734,1505,15,32516
28380,1541,87,10475
483,1233,33,30991
12720,46,55,45483
21624,717,10,12692
7961,1099,96,41409
8565,4927,60,14065
17972,3074,42,20454
3626,3507,38,14889
22386,1321,20,6735
26384,2415,53,23639
24724,886,85,30989
12118,3476,11,39000
3559,3538,16,9476
4358,1614,42,3679
7703,3903,32,10955
14998,4437,7,30037
25958,4870,12,39337
506,1285,25,31545
18383,289,29,25091
1840,2520,60,31499
10817,3301,76,16565
11171,2884,51,49683
27254,3256,75,8668
26518,4095,93,32013
22525,3905,1,6642
5652,3293,70,21001
26293,2089,66,36831
6796,1711,80,12510
15998,3087,3,36122
23058,4906,87,31073
7183,1272,46,13355
9441,3923,39,24582
28628,515,78,18547
247,2426,48,33157
11350,109,11,39765
7780,2678,61,10344
378,228,57,16970
28833,3719,4,14192
28457,549,7,43351
18257,4615,41,6460
523,4455,14,43428
4688,2428,29,39820
1542,253,85,24870
6992,3187,31,24522
3841,2121,47,17669
21825,581,19,16197
178,1621,19,9986
23300,1230,27,26269
2801,1819,2,5727
4253,1040,37,8404
5180,4786,15,29060
5411,53,89,9449
7217,304,2,11928
9209,4239,40,47409
24317,4662,48,6696
10425,811,54,10924
14644,3940,80,24596
6860,4714,18,12734
23332,4620,42,43580
28074,521,5,13297
6419,237,4,22679
11187,1026,16,8454
8272,4881,5,13673
6792,210,12,28877
2463,805,77,17120
27241,4326,46,46735
3194,936,93,21913
8112,1319,87,29887
12274,733,97,16497
15901,1925,5,22007
7725,2180,5,14887
21843,2145,57,47617
11312,455,92,46039
5804,4681,21,41225
3361,562,3,12698
11282,1714,38,6156
9016,1834,36,15154
25423,1484,100,35191
17416,88,15,37799
23182,19,45,21996
3067,125,90,18960
28584,993,22,15138
1079,894,13,41407
16805,280,31,20102
525,2272,51,24722
18685,4879,36,2109
26280,2117,23,10261
14472,1374,89,3878
9624,711,77,39532
8265,3029,86,4387
9292,2773,10,1906
6385,4782,93,14360
26143,3433,24,41578
10260,4666,8,37447
20677,417,36,10687
13850,3071,20,13218
10827,2969,20,44286
25759,3441,56,2310
4040,4791,1,32990
10320,3330,45,22092
16468,3402,57,6161
25829,2723,63,39797
5447,4574,46,37937
10424,4168,6,17003
25190,1585,68,35147
19923,1925,73,22882
4131,4045,10,20527
21413,1109,79,5942
14525,848,27,3600
17903,3157,13,35966
18246,3984,66,45778
17292,4633,92,15745
18922,3146,56,23896
4969,4320,18,23834
2777,4869,22,35941
2265,2934,51,26579
8697,2852,64,31577
23459,1147,96,5441
29339,1012,73,14937
27264,4781,80,6826
29070,4309,74,11059
21803,4444,48,31973
12518,2672,61,6085
13177,210,70,31271
10321,401,48,21710
3655,2483,70,24267
13545,3996,79,34246
9714,976,17,8537
8571,1237,81,11161
23412,363,58,7852
11078,1164,6,26408
3173,4103,19,30076
29826,2237,68,13913
11158,951,75,7575
18487,3307,89,25553
29764,2402,69,37830
10328,4842,20,45468
29996,197,5,24697
14055,2339,16,48444
4214,3452,56,1356
21970,4854,50,17923
25814,276,10,11884
5277,2680,19,33974
13343,3658,28,39318
22563,1041,52,44894
18584,3499,67,16643
6805,1594,52,33791
21421,4672,49,43610
16058,188,51,21054
12121,2260,30,45712
25327,2648,21,46734
15282,767,10,8506
22699,4595,40,14448
19967,2309,59,47331
336,4365,52,16939
28654,1111,38,34534
532,473,3,5713
7009,4535,1,29990
9118,3009,70,29968
20184,2760,32,10111
1198,4746,78,12475
22966,4929,11,13146
16868,1440,51,47432
6469,4191,4,46751
21464,3526,45,18526
16696,1790,54,6157
29184,264,7,31631
1689,3346,19,34010
9289,244,3,47157
10657,2389,30,27817
8225,2644,82,10822
3519,678,6,24807
21374,1857,30,40741
16798,1953,60,19272
5361,217,69,2641
14951,55,6,12141
6522,1389,80,16832
6506,566,87,7071
13763,2627,62,3138
29337,916,60,21258
18221,619,23,15557
3235,4926,96,37225
14177,4885,96,39403
18730,2267,43,38256
12610,1660,34,47713
9593,3003,94,40519
4531,4056,61,30275
17621,4682,89,34003
22498,2785,89,7140
7749,2822,4,33379
5139,4695,84,16204
7493,4866,50,43722
4161,140,95,24258
5341,3250,21,9611
24634,956,5,47052
10964,3215,10,49505
70,2606,21,48567
2938,3808,95,44465
15323,1458,66,46444
17848,3002,88,42340
20684,343,56,6772
23677,356,28,25467
23604,1699,93,35434
23191,4902,87,8344
23622,1599,82,48705
16034,2978,25,48868
13550,3353,49,34132
3822,1446,72,15430
22688,4628,83,11842
16706,2221,8,8739
21617,1003,90,20558
17219,3031,94,34933
11955,438,58,12380
28114,1872,76,4128
26985,2451,23,14661
20288,4895,7,6547
16768,2784,1,17228
28509,1328,70,43093
10316,4197,67,46627
6385,275,73,9963
20243,3190,10,24258
6005,2443,62,41633
20826,3892,97,15695
24123,2551,90,14943
15321,4844,30,36579
6911,278,28,37407
13088,3854,77,26277
6909,4509,7,17625
18811,1674,22,44891
4834,6,5,41340
21939,3454,14,38665
2168,3450,95,6411
25805,2141,20,15229
4627,4907,78,43780
16808,235,84,41821
4711,3038,3,27768
29774,4192,70,12715
29497,2698,9,43906
23134,545,73,10516
22023,1124,35,49966
1623,2282,68,5803
19755,1016,82,34810
2896,942,61,15816
20115,4248,89,37424
16653,2583,57,13201
14362,2104,52,2620
1279,2415,64,11033
25309,612,50,15801
940,4116,41,37887
9097,2118,43,37478
13729,2206,4,7004
25820,2008,11,25204
24455,2739,91,42166
19943,931,65,20601
29356,3086,78,46161
28201,978,39,4435
15001,1730,13,24379
29613,357,86,6715
7486,2899,99,20159
9067,1178,8,38304
3696,2514,82,2969
18692,4271,43,22420
1067,2071,97,41856
14012,394,28,46953
25066,2064,4,21477
373,3890,31,18011
10743,50,90,24394
3099,1173,54,26251
14887,4651,86,10178
24514,2114,41,22895
28572,4416,1,36674
1909,3219,94,26903
6540,4870,31,22348
5500,194,9,19893
28700,809,35,42759
3157,4889,8,6514
4720,2734,78,30724
2074,4841,79,8462
15148,2503,14,31565
3224,2043,91,45913
3516,3806,28,48146
18105,4436,6,30003
8706,1811,21,20376
9135,4560,18,3080
28808,2793,92,32699
26366,1386,29,45736
24438,4451,86,34145
7147,870,12,28913
23508,1464,100,24570
25668,1606,42,21736
27000,3588,27,42398
27637,798,22,40712
2370,4773,38,30070
3387,4270,64,41218
23230,4007,82,28748
24427,2457,64,15917
24362,527,93,13385
19807,4490,74,41885
12427,3237,52,23980
11698,4089,68,12876
11109,1320,87,31654
27868,958,99,22571
12499,4962,98,23612
29573,436,69,12790
753,2206,5,7050
17256,3395,21,37345
1771,4367,42,34412
21181,3180,90,33137
28717,4526,86,48120
27996,633,30,7739
26138,4517,5,49964
29393,4765,70,36440
12454,2405,96,29237
16107,188,55,35949
2157,2481,52,37124
29903,4019,5,27944
29184,1196,95,42340
24564,3909,81,25394
26085,2968,81,9046
8768,3482,100,12608
11392,4209,40,3770
6364,1021,72,44849
10012,208,93,31757
3882,3417,98,43246
3808,1888,3,45011
2003,4414,94,28224
12624,2089,78,39353
15702,1016,90,20096
22913,1960,34,21557
19615,3753,80,10882
12279,2490,19,34569
17037,4036,91,4019
354,1767,49,11048
3028,307,42,35026
14391,756,59,33322
18609,2112,42,15343
3840,3519,68,42359
29555,2999,27,16323
170,4803,4,32589
4127,4528,69,38648
27939,4456,80,28682
17143,3299,82,27896
22429,1752,57,23232
23229,3500,95,22475
4596,3936,34,5810
6234,2051,20,32516
6269,1488,74,3769
15675,4710,64,6495
23871,4762,95,39506
866,2351,85,32651
10374,207,51,38584
1870,2101,8,19329
24773,4644,28,33977
7928,3775,66,36650
17536,4067,46,24074
22216,4491,67,36511
6913,1917,24,48643
5411,3870,1,23014
12558,3728,47,3387
27823,1252,65,31126
10172,51,1,44155
14002,1348,44,16869
7572,3383,46,29986
12813,2081,25,23362
11741,4562,69,3752
8804,468,93,38124
2953,3213,9,20235
19214,973,19,4661
6395,4445,21,4956
29687,231,17,4292
23604,37,93,39852
503,642,55,41928
22638,3877,29,17631
22613,4262,97,24370
11704,296,54,12604
4567,888,76,29303
25046,991,95,46220
572,3564,14,20562
11834,1095,17,24179
2406,2171,85,22306
27966,559,99,46323
13196,2974,36,46303
29695,3425,99,42474
20151,201,6,27322
26604,525,34,19620
3035,2273,10,4330
16091,652,32,49516
4030,1962,35,24944
22336,198,18,26588
4644,1030,19,35561
6809,3818,48,34557
15184,2069,90,22338
15891,2698,45,13801
8325,725,25,14033
27286,1841,38,13087
4603,2565,48,35499
3769,3659,61,3801
13713,1895,75,47831
13667,4900,52,3419
25176,3518,16,21358
16157,4393,61,25488
10458,2202,18,25365
5739,1697,40,46464
10741,2554,82,3987
19474,4988,92,8582
17621,262,75,14378
19919,4258,6,27865
436,3744,61,16420
21918,4067,62,1019
3120,448,48,19383
24298,4031,58,12405
3077,4955,19,15038
3403,4808,32,4958
8110,2736,83,2543
23448,637,27,38583
3863,1980,91,26215
27240,592,77,31569
22658,2609,66,37309
13589,1625,4,41847
5587,1715,44,17813
7221,871,33,3230
23172,3563,11,24887
62,3645,3,33778
6688,3543,69,49950
15250,1284,24,42692
14734,1275,93,38529
9603,1527,10,32799
12328,3095,54,20277
14605,3096,40,47906
12776,3303,46,43652
17138,494,62,16648
5745,1358,84,10381
9876,2711,53,34665
20684,1235,7,47586
21513,3650,94,49292
8289,2525,6,2043
27032,139,86,14895
21234,1699,48,47842
5295,2666,8,6003
14222,4899,29,23190
18159,1120,56,6223
426,1146,73,13534
14325,3348,47,49174
4329,2087,1,4002
1137,2150,18,36265
27155,497,52,43618
21940,2888,72,4119
15569,67,63,21228
26160,2913,45,3677
7700,4640,33,13210
17175,3166,70,23343
5870,2974,68,18405
25578,159,20,11923
9000,4538,8,41553
12906,3999,13,23443
21050,3035,100,31928
13992,1668,79,11512
818,2265,95,26965
4585,1609,75,26791
23290,3032,37,9696
12678,2299,74,19922
21910,571,8,14781
3110,2493,29,23984
6392,4709,78,45892
27432,4698,16,46163
27166,1177,83,32213
29863,3262,42,39352
12385,1791,99,22375
17867,1285,73,43838
5731,306,50,2231
29789,2650,14,15146
3067,2599,37,22235
27431,750,61,4862
23229,3304,17,42464
28970,3122,26,14718
27609,98,40,1954
10203,3051,33,20621
20125,4254,62,49953
20135,1069,10,47637
10056,1692,63,49327
21316,4818,82,9347
7896,4288,24,49595
13336,1910,82,3075
889,3468,27,47490
11778,1678,36,15787
29859,3325,4,39341
25672,2020,2,1248
2839,814,28,19317
8481,4532,93,42326
10601,3146,27,39984
28111,3352,45,37185
16674,51,30,27798
25652,530,2,21185
24561,3137,83,46049
20913,2492,56,27809
2572,83,10,3006
12552,4556,29,37654
25890,4804,95,2496
10295,2932,13,15050
20008,1228,99,11719
24217,1535,44,9003
11299,4444,25,45122
24219,1270,39,27851
13913,2747,11,6734
10159,2935,85,19062
12162,870,38,22927
20476,846,44,6845
29401,3144,66,6461
26575,55,95,29261
9758,3489,94,31721
12979,3399,3,32784
23872,1468,17,28489
1671,1816,61,1058
22478,2544,72,38232
14310,125,67,24327
23474,4306,12,6570
8660,4418,39,15559
23845,2169,83,39559
15287,4738,1,21683
14908,2922,65,24309
11430,2416,13,18836
8061,4600,16,30963
9166,3595,84,29037
2689,380,5,5088
21553,1771,58,20688
20950,719,69,12579
4296,3047,15,1630
27620,2156,80,46488
28098,1859,36,40196
27780,3256,86,38773
6915,2506,33,19947
28804,2525,71,43396
24576,2636,66,37900
19203,3311,43,33306
20125,1751,80,18510
21543,758,90,18298
6136,1314,75,23751
2838,4947,16,42734
28697,3792,8,24855
16326,2151,98,27163
13874,429,14,26544
12626,2880,34,16191
7724,2786,52,13475
17373,1650,72,37931
18213,1916,31,12457
14063,766,70,43857
22778,983,21,8184
22396,2423,56,46249
8292,4392,85,43044
11534,3924,81,32965
4785,4903,71,43619
15286,3160,80,10044
4252,4300,8,26846
2722,2849,75,36135
23729,314,22,20939
12810,2934,77,12340
28408,1262,41,48006
24256,687,97,9057
18464,2008,92,22322
18511,1020,90,24663
3267,2246,25,37720
14373,4062,73,45028
18812,2167,52,10742
26577,355,20,6819
1657,1642,49,27392
6243,67,10,41723
162,1225,50,23990
22144,4672,55,17143
25277,182,58,1221
17137,971,39,46064
27271,4290,86,14676
25016,3176,8,31954
21567,2700,25,1164
18722,4101,18,5534
17868,4911,97,11608
12004,877,23,14005
24255,2337,52,46256
20066,883,32,46250
20731,1631,89,27807
23096,1079,71,11335
28775,1331,99,46427
16749,3102,13,36832
8790,1488,8,34638
18388,2834,55,12092
4952,2469,25,24716
9561,3212,57,46756
28357,2714,92,45950
24540,1617,97,45901
1955,1346,28,8811
27422,4437,29,42835
2540,3546,93,1580
2619,4838,14,2984
16067,4208,48,11037
14023,1232,87,4594
4445,2425,65,4186
20671,3450,45,6805
29991,2937,50,44888
2977,233,72,10889
18310,4567,11,25126
28535,3354,45,36502
18107,1337,50,45434
24340,3190,56,4095
26904,2833,86,45849
8147,2610,64,36561
24200,2110,96,38075
23896,4892,21,22179
26293,3536,89,25761
27535,747,5,22241
12072,501,91,32817
29278,4781,100,22246
14455,3382,65,19969
18342,3015,56,13698
20717,3034,31,37861
21829,2543,51,12918
16461,2700,44,19465
2247,69,38,11504
24151,4616,48,46627
21298,3928,39,1048
24085,3539,37,20374
25527,3261,96,1482
23540,1443,84,5888
577,302,69,11456
20187,4054,48,14985
26316,3670,11,40237
17377,3300,29,7761
4188,3130,28,44217
19234,4179,89,26450
6502,4046,91,19015
11977,4043,97,49113
20002,2728,82,13878
22913,2300,64,4496
8250,2646,1,45657
1348,185,69,6730
4275,4169,37,41915
27205,4421,19,45886
8771,3263,23,38076
21197,882,70,44819
9831,292,31,22573
5454,2291,52,6771
24438,4041,76,49444
20,3432,82,4376
6302,2809,95,47826
28248,1238,32,41596
19011,3854,67,48413
1576,3749,14,8088
6701,1640,21,33284
22008,4248,5,28485
25540,4874,20,28874
15653,1970,66,40626
4575,813,67,9983
24893,1496,66,30106
5750,2765,12,35989
24165,4687,88,13089
24386,1437,25,45107
19187,2326,16,12912
11427,2415,85,5587
3476,3784,99,7731
5536,3065,82,42088
14361,4417,39,8068
7050,2147,10,24838
12715,851,77,33023
11560,2193,64,36301
19359,1706,52,13686
27232,1621,13,30221
29639,3692,29,30190
1273,4724,98,13277
10552,3327,22,7508
14063,1907,72,35510
7680,4670,1,16740
28679,3675,54,15751
12680,4979,26,43323
29949,3668,9,4791
25435,3477,79,18824
29731,1587,79,38371
2437,1539,98,12115
24504,653,71,41599
24539,4480,60,30350
12262,2414,3,40397
16285,1477,6,32872
24161,835,69,2297
5650,2335,58,7015
5322,328,25,3832
5889,3890,49,8978
21157,3850,86,37824
5820,4884,21,27713
23930,1080,78,29943
25631,4449,41,30939
9706,2462,8,8074
9525,2266,13,29160
18367,3735,16,3821
13594,587,31,36719
21507,4661,94,5692
21427,3346,43,41729
2710,1410,82,22455
616,2980,67,8976
3617,1166,91,36892
27030,3400,46,33569
12291,1476,71,40891
7776,4260,69,5807
7734,1777,32,36479
19540,4100,91,23461
799,4168,74,25096
17124,93,80,39277
9594,4078,74,7872
429,4674,19,25237
4341,880,40,21323
22360,3365,36,28646
2046,2232,39,27144
9089,3441,92,33866
22988,3567,2,11068
27858,1439,89,27786
9447,1679,97,24879
2400,3045,43,25065
14144,1002,64,26802
13161,2109,54,8952
9920,1214,65,37313
29345,4537,98,40337
17255,2335,34,31483
28661,4803,19,37355
12763,2637,22,3766
13607,1535,38,49907
10979,2593,84,30074
7210,4383,33,13157
24115,1042,60,20068
29263,1226,81,21933
22164,3587,44,16200
2143,1937,60,10094
8317,1800,95,39255
19211,3075,87,28454
24198,1860,87,3127
24963,2668,97,16049
29302,1627,91,12884
1118,4302,84,18475
18128,1661,37,45051
3857,3320,94,13251
14010,3701,41,29798
19936,4569,39,42511
15005,3216,65,35305
22692,3191,51,15432
945,4773,87,14932
962,2717,52,28656
5245,4333,34,1718
472,2077,20,41857
1819,3911,27,2369
14237,3891,14,21695
19535,3701,46,2666
24367,3685,47,16153
3238,741,33,26118
22637,2551,53,17910
12045,4638,19,17624
27539,2180,81,8887
11387,1766,46,26976
1419,2015,31,16947
5567,1360,78,38629
16811,480,40,20830
13658,3703,60,7310
21395,2018,90,37599
24916,3211,69,3468
4341,2141,55,39970
13208,390,77,8426
12665,3593,33,36726
4272,148,11,31870
20980,2335,33,23555
10341,968,85,16075
959,830,68,24049
7621,50,69,49090
8705,195,88,41381
8471,795,10,43634
12227,765,82,2774
24402,3176,42,14249
4745,4985,86,1581
22367,166,93,42654
7536,4797,83,40479
20055,4882,17,44647
3502,854,23,24363
27062,2813,5,1708
11652,1350,54,38256
2668,347,31,45246
561,3730,48,27471
10593,3217,85,6270
11724,3,16,36629
955,1233,48,23068
19921,1996,91,30167
11693,3599,99,30325
14130,2410,12,24706
458,4737,95,25496
18326,1744,42,13021
25319,179,60,44006
8049,3247,42,31826
7258,1400,5,17835
229,2170,88,47506
11525,172,17,13729
24798,3935,72,20182
18965,285,59,31899
14006,4470,53,30193
5515,3988,38,37445
29668,2121,51,22119
28749,1256,84,20399
25476,913,42,33519
2446,4970,27,2219
13904,482,51,16459
9848,1224,72,34808
17443,1500,3,45660
7788,779,48,22903
4881,906,77,30661
19297,4366,86,4794
27003,2567,78,45540
7345,4377,67,28520
26069,4736,86,31651
9110,4953,54,47807
9910,551,77,17255
14245,3905,56,15383
21695,4432,32,17901
15373,3470,31,36908
26033,3370,76,17605
26638,4167,20,39191
25591,1451,67,6453
14445,3112,57,31726
26177,4421,31,27855
15454,4400,87,12120
2888,3090,69,37030
1644,636,7,23628
4226,1681,16,8456
28812,2363,40,7544
4870,928,48,17763
20493,4098,62,9154
7652,1226,10,12268
19298,1314,67,5282
26245,1135,55,23777
23173,3114,4,32073
3065,561,15,4507
29562,3080,8,20963
14192,1461,63,14391
28651,1827,12,20791
4762,3800,37,8322
8036,2371,50,16468
26692,2030,31,40325
7864,348,6,47179
28543,4063,59,42964
13097,3508,52,6321
6093,2321,66,9261
796,1936,49,28886
22230,3929,76,2038
18529,4199,58,6217
7592,2416,92,49772
7071,1234,85,13140
26110,1005,88,43260
23861,4726,88,49063
7835,4595,88,7270
464,4313,95,48062
8040,171,7,33199
25993,1339,96,47014
25515,4072,4,27333
27924,3335,2,41807
13763,2486,20,10001
9339,4361,38,10765
21338,98,50,35801
14143,4785,50,10104
29139,2870,80,29712
3160,35,37,17095
2746,1513,12,44012
14175,321,40,23787
18246,1268,4,15130
15924,4374,76,5405
10195,865,22,30548
21010,659,42,27561
70,595,70,24281
2238,938,62,47007
24109,4321,6,42686
7246,216,87,2587
16259,1863,54,32643
29313,2801,2,7509
27537,1624,25,5654
15220,4373,38,45814
10116,4037,36,42336
26414,3491,55,48938
22052,3121,48,45111
1971,684,30,18185
17503,1755,99,28258
21446,3406,42,9041
7801,2699,60,23320
17975,2359,33,48001
23922,858,98,33435
1824,630,96,35035
20607,3051,51,47260
15010,483,81,1845
24786,1959,18,10258
4012,4941,33,41355
27016,682,37,6533
24934,4464,43,34217
26084,6,82,48892
20642,1097,69,35906
171,3700,56,47207
4560,1430,87,49746
28859,4333,59,30646
5792,3761,56,43859
20781,4465,64,27567
10692,3472,83,8157
24851,1247,38,1573
15862,3044,35,36624
17607,4671,80,43013
21899,2796,80,44101
10623,4787,26,47835
4305,3691,64,37330
8071,86,65,4982
11015,2375,67,39309
27655,2276,39,3995
12514,2224,28,31318
29004,1177,8,38423
3602,389,22,36223
14001,2375,57,37940
929,892,26,47017
11847,1590,97,16642
16934,1508,1,23916
523,2955,8,37460
18464,3276,29,27985
23151,4281,75,30707
12296,1390,81,10637
15687,4948,71,27951
27788,300,76,3176
23529,3051,79,5102
19141,4615,27,40921
11863,4095,94,18275
11499,3258,65,46088
24957,1774,30,33589
13269,2448,5,19744
2753,185,71,8111
16079,1055,48,29836
1370,4042,72,14317
13960,4345,49,4607
26834,3061,31,36784
27108,3381,57,29107
11669,2028,11,36317
4046,578,41,1801
3069,795,11,36670
21935,2116,37,43587
3601,2988,35,19438
17823,1266,44,17528
13373,2289,45,21834
23833,913,6,6467
2605,3155,39,7545
19821,1691,98,45525
21190,4619,65,39485
24971,2823,33,1691
8742,1137,31,41673
29026,201,33,33496
10359,1655,67,24586
16766,2447,70,48148
7519,2421,71,8796
19945,1204,14,35309
21880,145,1,8249
28990,1575,53,14557
11062,355,49,30407
20860,3204,94,11108
17926,3815,30,4351
16212,259,52,2533
20878,4660,51,2623
2988,2511,79,45061
19511,1723,63,3926
17849,777,48,48004
24500,737,39,26012
22133,1488,18,42211
14790,2283,33,34913
19704,3967,33,22231
3952,4367,82,32435
3633,4369,24,39876
8041,4572,90,13782
21499,1663,87,2972
23542,2315,88,16116
24932,3906,2,37298
4972,1339,31,45725
10410,4200,79,26443
552,203,7,36330
17989,2491,63,18632
21258,809,64,29561
8853,2507,98,30593
15102,799,76,2819
3678,2786,38,23638
12623,3673,65,1231
15288,221,97,8144
15936,3502,12,4621
4215,1251,21,26860
26945,2304,58,12418
22450,3639,6,23818
24245,2789,77,5226
10269,2268,24,12945
1263,1178,68,43982
7703,4867,29,26463
16151,3299,63,4310
18461,2676,22,44065
3684,3120,97,13622
29910,1233,40,44675
23834,1818,51,38256
27294,3357,3,9426
12073,925,46,23752
6978,1861,48,40320
5752,4468,71,13364
10539,2867,24,5999
11441,2784,29,24146
24422,2404,27,19471
13340,108,98,9496
25717,234,88,31907
8910,4629,74,10274
16775,719,49,27287
24566,56,3,19735
18406,2566,31,6395
24389,4780,1,40326
19669,430,45,11498
12120,623,13,29223
22806,4079,45,43595
20360,3317,57,34421
27889,4129,7,28074
15859,2625,13,14326
4964,3901,31,8922
21628,1282,18,2348
16919,4306,38,31792
3762,581,28,21858
5974,3902,64,2626
15280,1621,96,4683
16502,1505,100,42149
3435,3040,1,33304
18647,2864,21,45649
8770,3914,67,42933
1269,1284,10,33969
27819,568,4,47298
24782,3490,28,27542
8639,1652,57,23556
24916,3786,43,19154
2281,2099,27,4090
8046,2609,19,30932
17680,1922,48,29835
28240,1162,65,32527
5880,1670,64,39399
9770,862,35,47463
23316,1641,98,41737
21694,3075,63,39728
26864,189,54,32062
17684,460,34,19902
10326,226,79,40887
27442,3727,73,35966
1173,706,55,7606
27259,4846,93,39992
4223,4204,21,32675
1036,3742,89,3694
13701,1130,14,39698
10677,2548,37,36625
13972,3883,69,45984
3922,3934,91,48866
14726,3827,14,2245
13233,1483,13,43039
21262,2662,97,30630
27832,2428,9,7235
21224,2667,32,39407
28940,1367,17,33776
282,288,3,24793
27126,2163,78,44276
28939,2546,98,35394
13468,4861,5,31315
4954,725,60,35302
11662,958,46,9904
21649,3896,41,9595
16742,3356,38,17526
27617,212,14,15541
23653,803,17,29658
21838,1745,29,44242
9390,2440,14,6623
19993,4575,36,26583
7854,4461,100,20064
19571,3445,29,14595
25495,1645,80,21289
14956,4250,44,15905
13738,2681,28,24863
8425,4481,8,7829
10855,322,74,40366
12568,873,65,12221
13872,371,78,48875
16111,2741,31,7551
25867,2516,93,15868
15080,3622,78,31308
26608,450,31,16539
11975,4504,87,47807
24264,2205,20,6658
3257,969,25,15000
1138,3299,70,43327
3370,902,3,35425
25249,4978,40,6108
287,4948,44,42734
725,4107,60,44696
9608,2173,24,23732
17468,816,29,44740
26421,527,62,25676
1385,4732,95,25916
47,2432,40,22116
21396,1062,72,36900
4848,1494,2,7383
19770,1936,97,5981
29538,2402,28,19284
20949,1329,32,30901
17603,4847,58,36512
9934,4555,57,10707
22017,1982,81,21270
2960,332,4,46016
25005,270,93,24429
20119,4923,70,7879
11605,1737,91,21240
16010,233,95,47630
3809,677,59,11073
12725,11,24,10914
22798,1452,41,35759
14476,4896,37,48422
15155,4673,10,18575
21721,2463,40,33146
18106,4312,14,48424
20668,343,51,7333
22555,229,89,41469
13884,4085,12,18617
10199,3497,33,49994
26052,2842,34,6898
25363,3836,1,7950
6790,3214,50,10132
17719,353,20,34996
8726,4112,99,14549
13759,3019,43,1947
9259,680,72,14683
12101,2050,91,6732
11451,565,13,3229
19427,3766,8,37865
16129,4891,57,13628
4285,432,30,12620
21804,4879,20,2371
4259,3604,57,25216
14833,2981,93,27006
16235,1732,75,19471
23217,4089,98,18468
754,452,11,8557
12880,4386,35,8769
28591,793,27,45028
24861,2997,83,38357
23464,137,78,31827
5604,4700,59,13598
14491,1544,62,4578
21483,2675,43,1783
8205,3721,11,9830
26159,2133,54,21491
19203,2358,84,14144
23351,3631,67,41511
27545,3812,19,20563
20058,4603,23,9895
26371,236,17,32241
26509,1669,45,16656
24131,4066,43,41706
28976,3564,40,1772
625,2352,74,26996
29935,3682,84,1206
16155,4466,1,4702
3457,3773,3,7668
19011,1222,52,30570
2159,845,98,9905
6923,302,76,48960
22990,1113,8,32163
667,100,78,6523
16777,3580,15,42150
8890,4466,41,33679
22356,1657,73,34759
18504,1438,60,11132
11506,2541,45,48125
9196,271,81,3239
17589,4363,38,42512
24115,1696,87,1280
2321,645,59,26716
27792,4926,11,47226
12884,2412,40,37677
27352,2685,98,31149
26584,3166,23,8270
7774,151,90,41901
23749,828,78,45386
15362,2908,100,26110
9669,1948,54,20999
22922,2280,97,26735
8415,2674,51,47975
10086,385,13,38032
22645,2809,60,45989
22033,2611,85,20271
28790,4716,83,38224
8312,2715,82,6264
28258,3196,64,46214
5853,3147,30,17167
15520,419,30,37805
17415,4365,90,3268
25288,4263,37,39392
22904,2399,66,4265
12335,3359,93,44694
4500,4596,62,43860
16510,4667,2,45799
15190,2941,65,49338
14618,2428,77,18476
10225,4144,2,23813
6802,3138,27,5885
14988,2509,99,9348
9340,1680,23,38176
26472,2456,100,48389
6567,1709,4,13187
22316,3623,75,44148
3926,3809,53,5525
22101,4803,100,7670
20584,4467,22,4941
14339,3126,95,46866
7832,19,61,10043
14876,3056,71,19796
26415,4449,67,25018
10632,4066,24,21813
19682,1727,25,16390
24275,1096,57,15117
26907,1124,62,5055
17127,1778,18,30410
29539,2991,46,23493
11847,3138,36,45098
22288,4693,41,33448
8747,2745,71,3265
26676,2090,25,15941
9808,4141,56,10767
2217,3781,54,20049
12956,2426,8,26028
26675,86,10,28936
27312,3186,82,17859
23718,2306,55,8477
16386,4993,92,42998
26862,3918,23,24017
28720,1193,96,47828
14796,4377,25,45194
1708,4418,96,22687
23714,3218,84,21615
12409,1582,57,12556
5117,3748,17,45691
27859,3871,99,43117
12466,3768,1,7440
21658,1423,23,46242
15457,725,37,7924
17385,1986,87,23648
7078,2711,48,1289
29937,674,23,15968
8252,1442,39,16056
18869,3686,3,2840
27536,4157,56,33440
9667,4630,43,41511
10029,403,63,6634
22289,587,4,16954
2076,1365,17,20372
28826,4241,85,24649
24141,4717,30,24935
9156,3986,83,35275
20050,1630,60,23261
4630,3864,91,7608
23232,2334,37,37806
20475,3332,56,26916
13610,891,61,45630
26305,2791,90,26308
8109,3153,73,41136
21239,3409,29,48984
17389,810,18,45558
8700,4540,1,16136
19185,3939,5,38485
4232,2390,91,22366
10768,1166,29,32906
23312,479,25,42179
9381,2966,91,40758
2088,3972,12,19040
15393,2092,81,4126
17854,3966,25,27912
2545,2332,67,6964
28085,1718,16,2925
26913,2088,46,40339
19117,1985,18,17092
5706,72,75,16577
516,853,35,12352
8192,2143,100,6411
12621,1207,82,11831
1430,1187,41,46937
11889,4766,31,23175
10762,4745,33,37214
10669,3199,35,44233
18244,1413,21,12928
14493,2892,67,25569
3216,1732,21,13268
10253,374,41,42111
8930,2215,92,24216
12031,3637,98,30338
6875,917,75,25513
17407,2971,46,44139
19930,4567,74,28647
22905,1614,39,3673
29826,188,79,1051
15063,567,7,46251
1276,1396,40,30688
17880,470,69,38385
13305,4508,85,37782
16035,3385,13,2183
17453,2729,76,4635
3393,2944,10,31211
4920,2003,5,43299
9957,2746,24,27961
13165,2418,38,7072
22433,1378,91,35689
5446,3976,97,35541
14270,2004,5,41231
19048,1923,52,19339
17793,3432,72,38656
225,4599,18,19456
14754,1189,42,8215
29476,119,29,41762
830,3936,29,31262
12529,4044,62,17385
25646,1680,17,16934
995,132,16,42405
9606,1029,27,47548
9788,2396,51,27995
26610,1490,2,35310
11713,3593,94,37955
5058,2817,14,28890
10694,1307,61,32245
1280,4140,33,15206
23706,1680,92,32963
25908,3157,48,3837
4336,4075,96,5380
1448,1438,24,48312
20321,4237,87,12234
6352,4588,44,18767
1246,1302,53,13246
21714,986,26,6516
21334,2560,41,40748
28084,3399,14,32942
4481,2844,76,13155
29194,4094,61,14957
9834,4649,2,29708
18603,1075,88,4008
23247,4336,60,29569
29361,136,82,28992
15196,1849,31,35028
26539,4532,89,45936
8986,857,54,9144
18591,2854,36,45169
21050,4776,6,46270
6811,4265,14,48953
4684,2728,74,23755
13639,3915,8,36643
21522,1725,10,35756
24572,1664,55,6423
8946,1373,94,24580
20875,3564,51,24338
6808,3620,93,37736
8462,1353,51,28455
19387,4869,25,16613
16606,1521,49,14278
18881,4625,94,45539
20557,1940,30,30720
12319,2408,44,28740
538,4233,35,43268
6902,4912,12,49772
22013,3127,9,17256
6580,3731,71,13730
5915,4275,68,36417
29045,3382,31,16543
20670,2129,33,37308
17255,1768,90,30511
14216,4820,50,25038
26800,3828,91,34133
829,357,6,39499
14912,2627,20,43153
2565,4598,1,18399
6587,2204,89,13404
14338,3764,53,34572
26488,929,12,6645
22960,3473,18,30186
29425,4943,94,4868
29764,4679,22,45144
6590,2731,66,9859
18214,4625,71,4842
8096,4216,54,15741
4522,3528,67,23502
7480,2952,56,41837
22449,4179,19,13865
7380,491,22,24140
17119,3302,70,11939
17197,2054,15,3472
4296,1437,30,16132
6265,558,47,49517
3759,4537,51,13793
23678,1191,6,25925
9280,3352,100,32863
1044,889,21,1735
26032,3479,42,26339
17904,3878,76,3106
7624,1313,14,28554
2489,4505,32,47221
25373,169,74,30384
9530,2166,10,25041
27454,4259,21,24715
9328,1242,66,34247
19254,4190,25,27728
21321,674,32,40751
28802,707,69,49124
5932,3403,15,31784
4796,2924,75,6034
14942,795,54,41604
25670,3981,56,14938
16776,973,88,31650
17232,244,44,12746
1335,4069,15,47890
28976,1753,7,34449
13676,406,55,45743
11800,194,88,31593
28599,1143,39,35840
20426,1577,66,27021
18795,2024,95,19362
28739,2695,41,14571
27072,3665,73,46881
24942,747,52,31033
26561,133,85,19556
28293,4189,16,18873
2994,360,54,8393
20323,1862,93,41698
1020,1181,14,11453
7921,2004,62,38942
19002,3163,54,10485
13472,4771,97,35094
27110,861,60,42393
14118,1650,81,12042
18414,2179,63,4727
357,3492,49,2775
2016,4929,73,49094
26930,3343,74,44308
19340,1695,90,20332
13400,943,5,7134
25657,1291,84,20199
22946,2504,78,22270
9259,3804,25,18546
12454,4024,27,9216
29992,4571,41,24569
27843,3592,61,26872
16945,3675,58,27732
19929,140,67,39840
18775,4178,36,14825
7316,3640,87,3584
28513,1801,47,39636
9787,4168,39,25192
5795,2275,54,39598
17177,3358,32,11020
23700,1507,57,11396
9985,1056,69,20258
11770,2697,14,40483
21545,3720,24,30885
11991,3183,92,46367
4519,2635,75,43041
11989,559,60,31305
29433,1301,81,25350
10312,1033,67,13518
29463,2435,89,1847
21164,3671,13,20498
5099,3829,4,9942
6983,1297,53,10491
12281,1851,53,18521
15447,4745,100,14870
20062,2600,19,46124
13980,1766,85,27576
27449,10,69,11133
10674,2012,42,14616
8672,3476,76,28310
21545,4974,93,45928
8808,2983,73,47421
22246,4245,64,3874
499,4280,69,45428
9437,3712,73,8651
25425,407,72,44829
20585,4724,10,48459
20119,1942,67,27335
29554,4781,85,23783
393,3661,27,10129
24353,3710,11,24648
20189,3732,11,10260
5561,3132,32,35715
24009,321,92,23079
10891,456,97,26743
12948,2957,70,7370
28549,3791,90,1649
23857,507,77,19906
9816,3483,88,16672
18798,4079,4,49239
24249,3246,21,39744
1721,4340,35,40557
12163,1556,100,15116
4375,988,37,34838
16437,79,6,18819
21929,294,19,9002
11042,2030,55,43990
1238,3078,46,38408
9703,62,50,23945
6488,2704,44,32525
29008,4303,36,29238
29037,2280,13,47602
8757,3483,37,16669
27359,4084,94,37154
6919,4678,33,41412
25103,182,23,21969
19367,4724,73,18260
4052,3593,12,6289
7911,132,86,19296
484,448,53,45482
23995,2749,4,44761
26035,3866,43,21487
2143,944,37,7896
5986,1490,44,6355
16063,3272,60,36779
19422,4796,8,6313
20600,1261,19,47104
7896,348,17,22197
13151,98,59,46598
7355,1904,44,31442
20684,2346,97,44137
23738,4290,39,35848
2044,4134,35,33763
22507,1301,16,35202
1202,634,72,22518
16798,1553,48,11729
28077,4115,50,6164
7449,206,64,7046
18737,3729,82,43915
4299,3064,66,46029
671,3865,18,21422
4125,4571,28,11865
5312,31,85,30998
3025,3080,41,16865
2734,756,32,47061
25563,104,38,14511
1264,1713,96,48571
29199,2888,64,43963
22140,2777,21,16721
20216,1634,4,44240
12470,1685,61,24536
29606,1395,2,33555
4561,3465,94,38637
2419,668,35,16907
14606,806,17,41590
17777,3686,65,42634
27330,3599,54,25108
17424,2443,56,49836
11000,274,91,8520
7011,4694,71,12886
12704,4246,78,2432
300,2368,18,3419
23093,342,89,18087
11888,4242,4,38042
6675,4973,55,49837
7210,475,47,11861
5297,3394,86,27919
19853,1125,40,45916
1972,1181,30,2878
23604,3522,47,46788
17973,1227,56,8215
10555,4949,24,12236
4695,3607,27,20566
16500,4258,42,1689
23529,4577,38,35176
13401,4510,17,35781
21471,3657,85,7393
2961,324,92,2206
17821,2261,66,1175
18693,1877,81,40762
16630,1078,14,16443
13268,4014,67,47961
5160,1198,69,35550
7855,2819,62,22022
3683,1381,48,45321
1821,2323,53,12021
14399,3911,2,22027
13499,984,71,43888
17412,1118,99,6385
10356,4853,14,11273
16184,1986,73,18918
9096,1629,27,47806
29538,4447,82,5364
3472,1889,30,15318
12401,2786,91,20963
9795,227,65,30569
20309,835,72,2812
26690,939,94,24063
26994,1171,82,30380
16197,331,87,28785
29404,529,20,5747
19076,2231,38,28962
13955,149,49,24959
24631,1383,26,35282
15590,2733,37,13760
5357,3708,46,26301
19456,2493,6,38730
28423,4383,5,1910
22836,982,30,38628
8168,2628,96,33405
15492,4490,94,17739
11646,947,9,8881
1371,4035,82,16837
17108,2688,5,6261
25693,1397,38,19841
10850,1694,6,11463
7911,4018,67,11559
6820,1795,72,13847
20511,112,49,30133
25430,2184,82,19825
9678,1017,23,26441
19105,3636,57,17907
27575,2941,40,5338
3149,2112,61,14246
16379,34,4,3408
29538,4629,89,30836
2906,96,83,9575
14723,563,56,26583
844,338,1,10625
8705,2416,40,36608
19476,3128,91,39460
2642,2846,57,22670
10467,4278,17,9864
14093,337,34,36986
116,2942,43,38694
10536,4710,42,31120
18242,3799,83,5611
327,798,13,4354
2564,3526,54,41755
6150,1601,77,36906
9250,2565,15,24913
1387,1974,94,34973
15182,3795,77,7996
4181,1350,26,48231
25853,4497,53,47965
27691,293,23,16869
29716,3353,9,4152
23415,3380,85,40229
23857,4739,97,22890
15764,1514,11,15856
5456,2043,96,34818
18956,4367,59,13335
5,4224,24,20324
19761,756,89,20560
4184,637,66,13725
24577,132,46,43286
29773,2460,7,40586
16432,998,37,45592
28050,1420,74,41328
6521,1327,74,44146
26605,2970,2,42667
20191,619,28,14914
8307,3450,75,38149
23313,766,80,32972
16888,4790,69,4706
11484,4935,49,35755
28085,1085,97,32304
1556,2832,54,9227
19586,2529,46,17725
9746,1562,70,7097
3816,4900,59,22291
10514,1622,84,7328
5477,4732,56,21258
9917,15,18,17409
29735,4766,36,48782
4776,1628,72,49143
15075,3106,44,10123
3151,376,95,5005
6375,3077,54,7514
7582,4211,74,28008
3402,3019,55,21198
12616,1883,43,15709
27379,4102,93,17792
28823,2953,15,44989
6870,1425,42,28345
5698,2104,8,11221
25716,1624,68,26375
21755,2029,5,34386
592,4045,11,4062
19591,4082,79,22252
6240,3733,12,9370
7560,4420,76,26020
3461,1151,58,27878
7250,1473,65,38619
2432,3175,30,42290
17329,3373,24,39375
24987,1883,62,48669
906,1945,70,33836
18376,2044,36,12084
9187,4929,44,33474
984,4321,21,21889
9193,4713,70,7509
2568,1942,61,27163
20966,160,54,27990
19024,1257,78,27850
572,3485,98,46525
13660,3776,81,6267
14467,2129,86,48076
7959,2752,40,12762
20861,1993,49,31044
20072,3775,80,46281
17445,1872,16,3548
7536,1531,45,34515
12407,3852,34,25572
27843,1245,62,17042
1731,4691,81,35200
17517,1489,97,49050
4474,4119,80,1873
24913,4408,93,26126
13645,1734,30,12709
3988,13,72,27377
22012,2996,64,42028
2374,1483,26,46414
28638,989,9,1167
20189,2235,17,6675
28939,1964,96,44521
7701,2188,30,45871
27822,2955,82,12165
14954,2567,98,15953
2431,1771,25,26809
28193,2504,20,36687
238,4185,14,27303
26931,4537,49,24374
7005,2359,48,1597
19313,1384,9,26862
15994,2470,17,46735
13980,3322,6,43043
16068,2715,95,46776
19990,4583,4,25065
2387,391,30,20887
3739,3269,35,35462
23807,1501,27,11655
27660,3315,72,8021
11487,4741,87,7649
12940,1332,32,43094
225,3608,83,3549
15113,2241,61,21817
8041,2708,98,4790
8801,3030,10,17432
3935,1265,3,13400
12884,3373,52,10033
16400,2690,83,30013
1469,3647,5,5578
9480,2628,45,7372
1492,4754,53,31417
29761,693,24,31270
20072,1535,96,12426
14159,2752,30,39415
6911,1897,95,22173
5427,3179,39,37869
11688,360,44,39612
27381,4873,11,35686
12563,1559,60,47869
13161,4924,62,25735
28255,3293,43,12776
12594,3186,61,18279
24013,1291,64,8507
21418,787,73,44349
8175,3952,96,32360
22208,1502,54,27626
23651,2658,21,47688
29541,502,68,45937
13598,2189,14,4383
12081,492,89,13555
20456,2141,48,17208
24943,4770,49,5909
25237,4960,88,31056
16334,4372,31,35334
52,4397,69,12710
14452,3818,28,45768
4756,4418,50,44733
28375,4952,49,27811
9258,3371,6,30120
18121,3043,95,12801
28102,1665,70,31545
6352,201,99,11055
14780,1754,84,29719
2913,3834,28,37152
8615,4134,86,13532
27819,362,37,8635
17894,383,55,12876
24349,517,98,33501
11996,4871,70,32686
27196,1944,77,26034
29881,347,60,6033
20019,983,30,14791
8833,814,71,16372
15721,2885,71,24950
25670,827,81,36342
22396,2400,51,38271
27765,528,97,21928
7917,2963,55,35604
17033,431,81,49624
2002,644,16,43590
8524,1185,21,43664
22959,2197,93,43794
5103,1479,15,8815
19374,3258,78,49247
20521,3927,85,38247
10511,1188,69,12330
3411,2636,15,4407
19693,3301,53,31552
24145,196,6,35955
13860,3116,41,10876
10364,3942,4,5951
21402,4544,51,45759
3020,2195,87,12785
18854,960,12,21912
18678,1921,67,37441
27472,4059,58,42421
15290,1949,99,14346
23484,572,45,25231
10705,3820,2,41820
19669,4219,64,49279
20022,1340,91,22094
4548,531,19,13090
24070,1852,92,9109
13405,2949,68,9958
4148,2582,14,26184
6662,4492,3,38093
27532,2283,15,1548
11368,4117,39,39807
23856,4005,35,19729
22171,1495,50,27647
27508,1970,96,22472
28340,1364,77,39377
27073,2106,8,9757
1706,4175,19,4212
27781,4204,79,29954
29338,3619,87,38213
1658,1824,39,7520
4639,1760,45,33731
4971,3433,94,38147
26207,3520,19,7127
6034,325,71,11406
26925,2592,42,23990
6226,4577,35,28338
12077,4835,55,45203
12098,3535,38,45800
3922,3409,26,2100
26604,4312,99,42061
6884,3391,71,48816
5867,629,15,24691
28776,712,16,5343
9400,3277,38,5886
4746,3868,1,14439
9917,3925,1,45112
1312,124,100,45730
1242,3534,94,17300
17944,2407,94,5872
7944,3919,46,25351
18286,850,11,27681
27688,3828,51,15652
27046,3438,67,9440
16153,4869,12,34599
28566,4661,66,4080
16199,977,21,19456
3817,458,85,15872
18681,745,76,16048
9007,2335,73,41420
10780,4150,42,43656
26248,889,80,47679
5244,3191,83,16509
18757,714,28,21031
22633,1170,14,14489
22922,2660,97,16595
22282,4287,29,21215
17516,1306,38,19430
13340,1993,67,12477
5385,4862,7,37164
16391,843,29,5168
24655,4110,86,10603
7152,2083,65,48481
14123,1820,96,45174
5303,1958,3,48612
8651,2337,1,23530
13628,480,34,37275
20994,2869,49,17521
9205,4081,22,48409
7890,943,3,44741
17655,245,45,19155
7485,4837,27,28586
15116,1775,63,6296
27267,2237,28,37561
29028,3338,25,42083
22413,737,94,28954
27209,1974,75,32911
23697,100,75,21734
17002,2781,59,40246
5663,3139,44,42341
19774,4065,81,38151
18150,4405,8,33231
15229,4455,63,6261
25553,376,8,17497
3727,1521,84,2513
26291,951,32,24844
29946,944,64,24169
17965,2653,98,2689
8666,4002,21,44549
16105,4624,12,20033
13210,3636,40,31307
14507,4613,74,47719
10422,2823,22,17227
12335,996,16,40995
20355,1141,46,29537
708,2940,17,47023
58,3483,50,43595
28483,1025,71,12810
12853,400,27,12059
19029,1351,57,36874
6033,3650,86,32499
6204,1317,71,40881
23891,470,38,49849
4946,3065,49,11507
27607,3871,74,20054
1410,4265,40,48351
27454,1546,90,21854
11667,2366,70,31961
1005,1449,69,3476
22352,4607,11,8641
13915,3643,8,15351
22370,4043,15,3961
7531,29,2,23736
23023,436,100,23532
7248,3362,47,15864
15682,1757,10,30345
17598,3159,42,34076
29888,4792,51,9920
2894,2453,9,49323
7735,2177,70,5317
22375,4625,12,25153
12780,2205,73,3660
11034,415,41,32199
21545,585,6,43441
28431,2863,21,22228
28173,2265,12,13457
12525,2486,92,13401
10437,2431,19,20177
12912,1117,85,13222
7721,4101,62,10699
25051,2794,82,26045
23057,1848,100,37552
22560,3800,54,27126
2832,764,86,22612
16208,998,99,45400
171,4014,73,29507
21087,3146,84,48693
26119,3323,56,20828
19075,4624,42,49495
11929,3524,9,46368
14160,4959,77,38591
1754,4994,47,25726
28142,284,81,8716
12383,1833,8,5495
26426,845,77,9641
8440,1500,34,5128
19232,4737,3,35225
13864,2998,41,24557
10412,1424,91,48319
18443,4915,71,20132
10406,933,86,10684
9723,4861,21,35670
8355,3212,89,19605
5554,1018,15,38253
1123,2494,34,23683
12638,63,85,16708
16646,1631,66,12988
838,4619,53,44303
1976,1819,29,4164
24217,2731,65,5892
7081,3187,2,48105
2649,338,53,19441
5507,3386,66,29470
12015,1059,77,6221
429,1737,78,33466
6197,3951,72,47814
21310,897,96,9157
12644,400,88,19882
29894,3353,11,14523
25706,2638,88,6609
28714,2414,66,23983
9458,878,21,8088
2013,3719,58,34045
23964,380,37,27541
678,3273,24,37704
12287,4794,86,49829
25462,2803,68,32362
15885,1438,98,9450
5175,717,86,36979
27972,1041,35,33433
2870,4510,29,41326
9570,882,7,44212
3484,1486,87,26194
10652,3786,26,44993
18609,3614,68,26244
8815,2119,98,5865
552,1159,55,10855
7118,3142,91,13015
29461,1395,87,47337
21794,4371,93,10070
28656,707,12,49425
21640,858,35,49348
9787,1332,99,44780
28123,3838,37,12006
5003,4959,23,24732
8844,548,6,27825
12213,4546,50,1163
60,1509,73,2744
10725,2251,54,6694
24234,3055,35,29792
11787,2172,95,48077
9107,880,38,1788
17597,4868,90,38940
848,4729,39,41256
8192,3764,20,33434
4146,4121,38,18131
25322,3169,53,40425
5603,1030,18,49678
1427,2163,10,10688
17713,426,77,8536
23721,2598,39,49657
24649,651,64,26859
4556,3909,46,33952
1698,4641,75,3955
7213,441,82,4673
5020,1477,99,19418
9782,4580,48,42137
25972,1943,18,38530
24560,991,40,5782
26938,4124,59,8361
15994,4036,31,19925
23637,3901,55,43770
12087,4376,63,14788
28219,4761,76,49472
4422,3122,41,33238
23190,2898,74,18533
23577,1369,88,28756
21873,2091,68,23868
23461,2998,62,39127
2012,4898,33,42308
5216,3222,58,26324
23608,2352,58,44597
12345,3201,69,21539
7729,3511,14,10873
22311,2144,100,42358
28,625,75,19679
2791,4292,5,29279
2023,1818,48,36869
8668,4209,51,33091
21533,1017,52,35321
6168,1663,65,23358
17015,3872,70,18658
13873,1143,10,37290
5030,320,66,7074
4286,4319,25,40837
61,1467,47,7088
8012,1628,17,15449
6495,1652,96,12145
24427,1188,54,24184
18266,2070,80,17836
10694,3702,21,29558
29355,2190,63,1599
14520,518,93,29960
7933,1296,26,44370
1432,1472,94,24924
6282,4949,68,27473
14156,3549,35,37963
14044,1433,7,13142
13888,1610,78,44600
26042,2224,93,11130
19987,914,40,43866
26821,1623,75,4037
20105,233,18,40678
20231,3797,45,6721
11018,2725,97,35593
735,4784,22,40934
14253,58,92,13951
24381,3343,80,33305
20319,2671,57,11156
20456,1401,54,6829
19685,1496,26,39380
25915,1931,30,35478
8285,4287,47,7604
28972,3401,6,10001
14194,3660,21,15518
13093,2235,83,19424
26746,675,34,45849
7530,2816,56,2479
11000,4131,35,44093
7026,4849,28,38772
11325,3094,91,4227
4319,1236,7,3195
10715,1659,45,12860
17819,1554,91,5907
3890,4019,39,24278
564,3792,40,39258
6091,2795,52,1755
3366,58,18,8962
15948,3587,50,19971
4499,4771,70,6196
23237,325,44,38260
28655,689,61,3749
26701,575,15,9353
586,4133,23,27591
28481,1625,25,33428
4680,3343,84,39628
24298,3393,100,17030
19646,2031,3,31114
3853,3118,35,18406
13166,1930,28,27307
26823,2297,82,9810
23581,3097,93,6110
601,267,46,41287
29761,4431,90,39854
17683,53,24,32194
29301,2724,65,14800
8074,503,12,20500
19019,1128,61,48502
6211,3333,4,31839
22182,3404,28,26077
14779,4889,30,34785
3569,3750,82,25317
27685,853,35,22944
654,251,91,49259
22097,1747,50,48250
12405,4746,77,6681
18789,243,54,26594
17631,4264,52,30312
29458,4492,97,29924
25880,4004,12,3102
16225,2257,50,17324
4443,1423,22,43488
9599,781,12,13057
23060,4746,4,49239
26659,3214,37,16677
20019,3198,64,38352
13658,1136,29,27172
3767,2819,57,1527
213,1502,2,4186
24340,3819,2,46842
6836,2447,66,35270
19770,2108,81,43618
4656,3569,40,24229
7803,783,91,33890
21835,367,43,18048
5286,273,68,15346
18595,3162,76,31578
7871,3532,86,29013
5804,313,62,18013
17558,4004,22,27156
1685,3847,42,26971
28686,2462,19,40653
27381,4502,48,39882
4799,3420,13,12868
26499,4300,23,6127
19544,1566,17,40385
6793,4712,89,49325
4490,4745,21,12411
16979,1457,7,49095
26727,2625,71,5218
19628,1573,92,1340
7220,2134,4,34691
6574,3229,13,26609
18379,4035,64,35862
15009,2316,29,46340
11486,3772,15,47644
27560,1364,41,6167
13641,4404,67,38884
9310,3934,52,25492
854,2568,66,44248
22760,2933,45,34570
16338,186,52,36989
27528,715,52,35468
2246,225,84,23390
16853,2901,10,7035
26779,3565,8,17372
20398,1455,45,44194
10933,4100,71,19484
27185,1740,10,21453
9647,352,3,8620
20090,246,25,33225
22921,3559,80,11207
23866,3147,71,35861
27627,954,32,19114
85,365,38,31966
17958,1494,83,33761
14165,3463,82,44344
13508,4004,87,37509
27265,1630,56,43043
4592,3507,48,11217
27455,3739,75,40322
13133,4880,41,29090
9341,2871,27,45969
9267,4401,67,14420
2080,3860,31,3677
22790,2690,21,24875
14054,782,100,35493
22265,1171,51,28801
20107,3117,15,44930
26433,4742,6,40787
19496,2572,18,37908
26567,355,49,40022
4711,2827,15,41279
14479,1771,65,2734
13005,1175,97,32376
2328,3495,36,8692
4758,4918,35,15247
16992,2978,98,37118
17041,4100,19,23568
15940,4670,85,12857
5609,1454,41,14712
12842,4273,21,46889
19539,1202,38,16159
3701,4269,35,27270
6476,3537,16,20012
5190,2928,19,46556
14867,1819,11,36966
17824,4957,30,19986
17661,425,39,18456
16795,4456,98,37961
3239,4261,17,27092
4199,857,5,8826
12881,2518,2,16725
21978,1383,99,11961
165,1097,17,47402
25364,3486,63,4397
15272,713,62,14927
24130,1022,9,20305
18146,4064,25,40930
156,290,85,36217
320,1143,43,8943
22346,4503,99,36018
3395,629,89,18164
16269,4224,98,12305
20398,4014,51,7783
1834,1953,49,47865
12890,374,38,34298
175,4922,86,30681
15137,3695,44,4444
1297,3654,60,25234
9620,772,64,6226
25041,2916,37,38967
26425,2989,38,45482
21132,2008,71,44075
819,1758,13,11566
26001,331,68,38765
11057,240,55,23620
24111,1628,44,35114
29328,740,97,9385
24201,567,94,2674
20684,1557,90,48198
17810,1317,79,26937
11484,3863,89,9189
10373,3247,90,6880
3033,2028,17,34503
1885,2828,97,2457
3298,543,93,49276
9004,4365,85,6020
23098,970,50,15082
3122,2018,67,3390
479,2140,68,2274
19844,1970,95,8567
20775,4606,2,24772
17577,3450,60,49695
3929,292,98,1504
12191,182,37,46254
26754,2095,52,20681
29171,4901,73,16668
8408,2672,100,25269
8960,92,2,48365
18248,2136,100,19318
26043,2734,47,16397
1369,1283,56,32083
24557,2359,81,22018
850,4645,12,7369
21011,206,11,47330
12973,1859,89,3199
21675,1134,18,22912
8252,630,95,33201
28800,3724,53,17814
15300,4535,98,36837
21857,2429,92,37837
1884,471,14,18514
1662,2261,32,26345
23824,1826,23,39926
4752,3724,89,32386
17614,4162,42,34368
4334,3351,30,36094
3954,4932,63,24447
10511,1407,28,14000
20817,26,58,26556
17380,4799,54,47582
21422,1083,76,22650
475,4026,82,6008
11646,143,43,13194
27085,399,32,10711
13724,1999,30,38842
11628,4104,19,15261
12373,4562,4,1341
10029,1627,34,16949
15976,1521,55,21146
19895,2382,67,30140
14017,3388,18,36698
13630,956,64,36903
9620,2051,14,22435
11485,2423,65,39909
28266,1366,44,15861
8275,1990,94,4514
4777,3666,73,13019
27368,3320,23,8014
16651,2169,79,14803
25929,1231,9,2826
10550,82,40,36280
1114,25,61,25392
10423,1658,59,1203
25273,2854,35,13207
13191,3262,36,15673
19402,2854,41,40759
4604,805,96,16971
24929,4047,57,14548
28153,141,22,5091
9377,3086,83,42534
4079,1602,87,24261
5978,2458,31,2945
327,1960,87,32743
3229,2155,86,21170
26168,267,61,41567
17726,666,56,48532
4481,871,81,29225
23315,1997,38,17512
15531,4983,18,12520
27911,3946,10,14381
1763,1957,6,20213
556,3982,93,29767
14658,2173,5,16529
14283,4056,72,21350
19818,996,44,37374
7186,3547,59,5757
5393,2652,45,9387
20163,4745,19,21666
25042,4215,95,23228
5376,744,50,5316
29070,3779,50,28697
12762,3188,23,38616
6530,29,1,26897
10150,3635,30,47717
3581,487,33,31715
18488,608,66,29170
28818,2367,62,35584
21281,3164,37,49668
6211,3431,89,14499
17598,3773,14,42824
25232,2262,41,13756
9558,3260,46,47492
10769,1139,26,45548
6372,2328,36,48042
6452,2188,81,41437
2585,4827,97,3405
27506,2842,46,31749
17292,3677,66,29279
5734,3852,71,18908
24786,3026,35,24115
1290,580,99,10817
4075,1416,93,21617
24834,1122,30,41682
16769,3530,55,18524
6414,1200,32,45185
18299,3533,3,49621
8843,1761,75,49826
3440,2362,63,20787
20535,9,42,4701
22102,4228,50,49384
6428,1261,57,2174
13559,2538,75,39475
23495,4279,12,48582
1409,2808,31,10796
3278,675,12,17700
16440,89,48,4939
22495,3857,54,31291
26067,1141,51,22804
25560,702,96,15256
7570,4676,98,44736
3659,2169,17,12840
2204,347,98,8372
2215,2099,48,16936
19052,4093,38,42408
13131,3877,42,25732
10125,2879,16,39002
29396,545,39,28142
4285,549,67,45936
13157,382,89,18061
19679,4229,94,2212
26744,944,62,43992
20906,1502,48,29679
18783,2503,94,12652
2022,312,67,24958
23658,2997,28,16801
23339,3277,2,44515
19499,2588,27,1546
15432,772,2,25962
19141,691,87,24699
22059,3549,37,44350
20965,4405,96,40629
26925,3073,79,8281
20885,4023,45,14147
28964,453,56,40586
26661,4016,35,29935
25304,4332,88,2443
14216,4939,43,37431
21027,3371,31,10900
16295,3434,90,44690
11184,728,58,1086
3362,2096,20,41003
4658,2243,24,15186
29314,4620,25,28173
1562,1957,1,8815
11496,2501,59,31296
5001,334,92,35999
8681,708,96,1735
12359,925,38,17161
9827,4314,99,3068
14668,3949,10,2490
4365,1877,7,27284
2361,403,83,15937
15030,3149,70,20868
10091,826,17,44550
20275,1903,30,32740
1655,554,19,39326
15349,2603,74,24754
9612,4511,26,39155
22331,4744,53,15267
13803,2592,61,24719
7224,2506,57,48672
1252,4416,44,28543
12238,21,56,41719
18149,13,17,12961
15577,2132,17,48881
17093,3776,4,11197
12654,3324,65,39680
23516,1874,13,22595
23377,2505,45,49761
28625,4589,81,37235
4646,4350,67,23990
5075,2814,100,32128
1841,1429,44,42451
19808,4682,65,18123
3518,4517,35,11251
10097,3028,2,36729
2390,2751,73,9027
707,1478,4,1860
27419,4874,68,32943
8513,4354,81,15109
22791,1663,34,21434
19075,2728,83,15830
24095,1822,31,16797
26109,2604,50,44251
27494,1023,48,24754
22577,3726,68,16685
28380,1471,72,20606
26877,4786,8,1474
723,1131,55,19424
11906,2770,58,7831
22830,3601,71,24446
24729,4879,37,44508
8661,3693,19,6929
16094,1619,51,2580
17162,4316,31,14187
9123,4346,19,21465
410,4798,20,41347
1021,4924,42,2845
14229,854,37,12949
10557,2991,19,22753
29618,3954,26,47448
10920,4568,13,36544
26121,3755,12,16960
27851,1948,59,3951
29211,2666,93,30142
18541,1720,48,6459
9660,2118,33,39380
26310,2562,43,36436
11940,848,75,31328
25898,2494,11,48962
18736,3337,62,19532
12480,2084,14,6198
7071,1389,49,42063
19260,2366,2,42055
9370,1965,25,21924
797,3772,59,6601
15210,4646,25,5699
10567,2751,25,18142
5034,3096,65,38647
16534,2466,97,2455
23332,1200,85,4361
24982,3432,24,32368
22780,4624,94,17020
11914,713,93,10066
1684,2652,73,19988
8136,4313,23,31789
4222,2324,96,44817
24585,3426,62,17903
20760,397,14,16034
4676,1158,18,5129
22159,1945,80,45265
2916,3149,54,29931
3283,4282,67,45910
23164,4291,15,6757
4265,4246,98,19113
26998,2098,83,19885
22084,4914,25,3119
27006,770,49,41038
9754,4725,59,41595
3738,1870,19,49735
3657,4180,41,25776
27207,323,4,40933
14315,4931,28,19295
20252,1235,62,28598
25440,317,31,46107
26136,367,46,34422
6215,945,88,23130
20687,4179,98,47228
2362,4237,89,6441
8775,1058,65,8624
14574,749,11,43795
25100,2677,94,4397
88,1340,74,40954
1499,863,71,21492
7518,130,7,35208
2151,4846,55,27390
8457,4649,35,35344
20907,161,31,44005
11733,3160,1,39458
6856,2943,36,42298
9564,1453,43,41274
14432,1389,37,43808
17526,4317,28,41477
10859,1246,24,19821
20010,1408,52,3142
11309,1407,42,13652
27773,4560,50,48614
29567,1349,67,40866
29023,1455,61,2555
9539,451,95,42057
28387,3014,37,6796
9931,1300,35,9203
3329,3564,76,33042
21612,1395,39,25288
29454,3327,75,12090
18955,4328,23,17345
3373,3776,71,37518
23599,2084,95,41896
5399,3143,95,23917
26132,30,21,25427
12521,2359,77,47632
15572,3828,4,49407
9300,126,87,18464
29513,3969,73,43269
17653,1828,67,31546
5455,1071,68,20547
9845,389,67,6959
13842,3663,5,11376
1787,2077,12,13209
8574,3967,24,1904
18613,4530,18,33796
28608,65,8,2408
10254,674,25,23463
27418,205,37,43776
29276,3047,90,31690
9825,3088,88,6860
11228,160,74,28265
25072,2235,78,49323
26817,3582,73,11382
5254,541,94,19333
27650,1853,62,11309
25341,1643,2,23660
3957,1814,52,5667
21736,95,71,21943
7717,2105,28,9657
17968,3067,81,13516
25843,2288,25,17688
23084,600,56,15639
5246,2316,88,31629
24602,290,49,16811
2543,1573,23,28802
24981,4397,97,29507
2723,1210,65,10245
1369,4226,75,3453
114,1850,49,13078
8164,2648,79,49272
16310,3704,23,4685
1844,4215,77,48775
14563,3571,97,44468
2857,2691,44,33077
21876,3320,8,31090
7500,3299,35,2742
7363,1694,85,44969
21311,3241,92,40232
11933,813,65,32639
16153,1538,75,33723
26001,3392,40,30308
19925,3544,24,22275
10610,466,86,12859
19980,3654,95,7580
26029,2651,83,18506
13149,1046,41,13013
22367,846,52,46560
3855,1610,95,32932
6959,2986,52,19798
11914,4216,32,9874
19755,4039,67,22335
3208,2670,2,41861
12519,1667,32,48875
25567,1611,1,42377
20400,788,24,42603
21124,2193,26,49567
3426,312,47,25757
9460,3142,34,13618
6063,4437,79,29602
21094,3979,73,6458
7711,4659,96,19257
2391,3997,49,36100
18371,1966,53,24242
21696,185,88,20932
17149,4106,98,45670
21128,2730,75,1265
6048,1767,12,22211
26888,1089,99,17508
24885,2349,67,43947
21980,1086,43,38177
2717,1618,11,48793
20927,3732,98,18100
4150,1794,1,10289
6097,306,91,33825
9226,1858,29,36829
16642,1006,20,45532
26965,3362,5,44436
26896,1583,75,5584
17188,1307,42,28365
7733,2210,97,42990
25836,1891,83,18176
20524,1722,64,45176
24089,3327,97,49080
23844,4831,38,8922
25216,1080,80,42495
2840,2961,53,11524
23927,3789,46,5110
18472,4412,32,11594
19394,4540,63,40332
28941,1862,8,9033
17576,3702,62,35744
29995,1368,32,13963
14954,4746,2,12994
22692,932,78,47044
21306,1831,21,12524
27721,3756,100,44018
26905,2898,5,27756
26733,2695,35,32093
25745,812,91,9678
24870,3600,51,3278
239,947,76,4862
9939,2255,22,38266
65,1618,19,39031
12799,4738,7,21698
5361,1714,63,26165
22197,3207,67,21443
6866,357,57,41772
14648,2473,39,3405
5745,4394,90,39927
7998,4322,82,22040
21516,1479,96,36965
25231,4251,45,37598
2025,1328,62,23334
24815,2969,3,37006
24890,2244,68,39050
4730,1415,10,48112
917,976,88,24133
1836,1428,30,21725
14028,472,48,17467
11547,3263,10,1899
9172,4562,41,32093
19536,892,50,29115
9766,4063,99,32120
1899,429,31,46345
20359,3256,62,1678
7815,3732,80,21679
3115,1237,74,22596
26859,1561,19,7656
5772,1291,27,3763
19061,4920,5,32909
10503,1806,8,24842
11593,1547,44,41614
20074,2554,28,38213
2010,638,91,12982
23198,4257,96,3747
16889,3798,75,35455
15814,3878,80,30322
28048,13,19,37731
4251,823,18,15032
26697,1661,62,32499
26418,548,11,41122
29078,2149,100,15275
20184,3048,85,42183
5020,4029,8,38780
282,3481,32,28161
9248,3582,57,2538
7751,3473,94,15115
4673,2041,100,19495
28009,2915,39,31938
209,584,39,38563
3004,2472,72,31077
10026,1524,31,27590
4375,1858,51,36165
19460,3611,57,5624
19365,1618,6,5493
7838,3947,81,9915
18046,3646,13,36585
8257,4043,68,9308
7868,3175,53,46711
14573,1765,78,29450
12602,104,64,47257
1731,3491,1,37373
19617,3886,47,8925
24383,490,55,38004
20245,1583,72,41788
7503,1327,51,3497
27445,1622,24,47349
23075,4115,98,2099
2127,3771,24,27847
13369,3098,18,19392
19248,2598,82,17910
11352,1578,73,48631
21643,2269,52,12057
8101,1880,23,45575
13835,889,56,2725
23453,3630,88,28773
322,1481,52,26351
11570,40,87,41524
3050,2295,36,41707
27762,3920,10,25639
14520,303,5,26125
8761,784,15,8111
25928,2632,17,13808
17238,3155,65,44427
8346,1749,39,33625
22541,2632,59,24602
17226,2533,37,29310
28211,200,8,24085
5933,3009,98,10233
25345,3802,46,23129
24331,92,57,15882
23879,1071,93,3978
7724,1546,60,30384
1702,2361,79,40781
10212,2957,17,19571
5883,3878,27,21353
28403,3131,44,9359
21846,2906,55,13591
18345,306,8,28284
24981,516,99,21012
12999,2297,68,16566
11082,596,48,22690
28593,4456,45,2420
7105,1495,82,6751
5752,930,78,1891
29066,424,92,40832
1810,3266,39,40222
543,3220,66,30887
14518,265,6,4827
8738,3117,14,27786
6430,3729,69,21007
15482,546,17,20290
14535,4517,38,12040
26515,3156,80,44547
27232,4033,65,21915
25005,1892,70,13248
20704,303,70,12615
18691,1335,30,42035
2518,1411,58,6936
26671,45,91,4321
7509,3752,20,5349
3093,27,93,28247
20880,890,9,37397
6470,4129,89,7621
17941,913,77,38696
16870,888,36,33590
3692,2251,70,3277
8562,3638,73,23744
13587,3924,9,5960
3729,3956,9,41050
25775,1701,14,28066
20822,2390,47,1151
10940,4446,79,6962
17579,2652,91,43511
6780,2239,99,48552
18422,2351,37,45063
21577,559,63,7400
10036,4373,81,40367
8133,1645,32,34214
5987,1453,61,30290
27831,3100,53,15720
15443,2059,96,10576
1023,3567,84,9147
29058,91,64,38702
27159,3388,26,43694
5134,2769,94,42689
24897,1103,19,44311
23865,137,95,5082
27381,589,41,3516
29912,4471,75,30763
14132,4111,86,12315
2192,2857,5,42824
29410,2258,61,20583
3105,3365,84,28245
1616,4559,28,12467
24805,2484,3,4518
3279,1527,86,39853
6725,3852,53,13361
11180,3496,33,46396
13938,613,50,39450
20009,3165,6,25543
24820,920,87,24004
13880,2614,61,44473
10975,3800,17,33984
13742,1256,72,4345
12829,1733,84,7757
25923,939,44,18028
19783,4173,31,1459
3677,1905,33,16799
50,4471,14,22118
28381,336,6,43001
17004,4519,55,45715
1112,3700,87,16867
22568,1742,15,14919
2602,3097,82,16308
23446,1766,76,36303
26118,4377,97,17581
21328,4135,57,13010
26608,2792,32,20429
12320,3728,22,33291
18798,3045,57,40367
3504,160,60,15954
13112,2401,13,49419
50,1861,9,5453
25371,2865,86,25333
7524,3046,57,21959
18875,629,50,21960
12821,1808,62,42387
26992,2605,76,39625
4484,2286,38,44833
6750,2834,92,7278
2612,2412,72,7116
427,3967,98,7946
23728,2692,44,12449
27771,2607,48,19183
27296,4475,100,37719
5569,4007,79,42819
29251,1979,48,26409
14110,1100,68,12390
15461,136,13,9152
3749,1075,83,8843
6513,4656,59,31008
3912,368,56,18211
2115,933,58,15567
26860,3153,32,19280
1731,2141,12,4371
9002,1879,42,27821
25277,881,82,46738
3035,3948,98,46264
7737,2001,6,36973
16074,1054,77,26075
29201,664,87,31464
19296,3339,98,8259
9215,3366,84,40057
5025,2687,60,24798
26871,3422,8,48662
6402,4982,65,28439
6479,1429,55,36995
23084,1635,73,10445
15833,4583,18,31505
22449,3517,30,17558
553,3307,92,41384
15106,1497,69,41830
26639,162,20,14161
24439,3103,47,7699
6271,3001,43,36535
2417,3152,41,47526
14344,3482,75,8102
19610,4830,18,38482
28117,804,21,6591
24807,1247,30,33754
20033,4854,9,33749
12495,2257,84,18174
9446,435,93,9942
9190,479,2,34921
15695,3091,23,14636
12137,609,25,41306
10920,4047,13,32491
24046,1483,4,22189
20816,4525,69,45068
12789,4975,36,11632
21444,4755,17,31210
13872,3306,3,34375
11737,1840,86,27004
19584,2397,10,7912
6149,780,12,22145
23523,1039,69,37787
6185,4822,63,26550
10568,3639,11,5224
7829,1195,79,8521
791,1910,32,7651
8417,2316,22,32083
25183,3513,48,13647
1881,370,19,36637
2207,447,87,9195
11804,871,77,48042
26301,2741,56,5288
13823,4746,64,41055
10518,3268,85,4057
2292,697,4,41227
2269,3014,5,9387
5616,2246,64,38120
21241,3014,17,8225
1491,3998,20,47255
27187,4073,27,15891
25029,1366,98,25738
11594,1844,39,38089
23319,4869,26,38590
13562,2347,58,35913
29176,4936,78,5558
27980,824,98,27906
3222,731,43,31007
24582,505,99,39916
22909,3746,42,37472
26008,2993,9,44540
26676,3944,23,31971
25196,689,59,31363
23040,4379,77,31939
24364,3401,1,39983
18663,1939,63,35973
29708,4862,36,46562
12646,4356,32,13740
5329,4679,78,3412
22184,3899,74,2633
22889,4532,60,6067
20507,2525,29,10582
26184,2514,41,17619
17479,3229,46,29716
11324,4008,97,4106
1337,3019,35,34365
18655,3631,88,4836
26987,3236,85,40825
9232,4610,76,31060
11973,3766,19,9794
3288,1811,44,21846
11032,3920,66,34738
21664,4231,11,7878
794,2949,2,23597
18846,3459,55,31022
16285,3236,3,25269
8180,1509,56,26987
8387,4727,69,35023
22731,4461,32,2792
27389,4533,33,49503
3715,3830,13,31969
7687,2323,25,18136
27919,1547,97,9522
361,4429,70,36666
8432,1360,23,13848
21172,100,12,28396
12326,3500,88,8182
8417,567,67,10831
26364,264,47,32815
24727,466,76,15359
19808,461,37,17326
15299,1841,73,47680
4452,2001,60,27544
1498,3217,50,7027
26958,1132,26,39015
13675,2762,4,44393
17642,2621,47,37911
16163,382,38,8028
12126,1756,62,23435
22838,130,45,48763
16776,1021,66,13459
11239,3161,12,16638
27176,564,83,37320
22572,3569,92,40835
25244,3129,90,29029
11129,252,19,10260
522,1820,35,33613
1830,3428,40,46082
22333,4945,16,4698
16968,1917,71,49194
12989,4693,31,14872
14799,2728,100,1040
28900,4206,59,39961
12297,4814,69,17577
25418,2637,47,36821
15347,3540,60,35389
131,2469,69,41900
3183,763,45,41772
21448,281,91,41093
6143,143,22,15217
22658,1551,18,24575
14402,2150,85,4101
13191,1338,100,19082
28749,1349,12,14705
11990,2103,95,39691
17802,665,30,24179
4388,1559,24,6126
15539,4248,95,21793
18855,403,87,3785
21074,1915,8,46521
21606,2448,15,29223
27179,4057,96,39152
1700,3107,60,42422
21304,212,82,30633
12847,158,66,41001
6513,3766,46,14588
11908,836,64,17813
17778,237,27,41763
4007,3384,35,9503
29345,280,89,37420
4419,3497,7,44061
4211,3162,31,20603
1966,1275,87,36738
10528,3158,74,33148
109,3677,19,38715
1864,1671,59,23826
21950,2631,70,31420
22339,4239,26,33484
27563,889,88,29673
20638,2963,2,37188
194,4983,30,21059
18896,3246,34,47251
581,2569,24,28286
15485,932,69,36758
28077,3061,78,34916
2670,726,41,13256
24242,2521,73,11616
24299,2227,82,46182
24783,1053,60,8306
19338,4179,7,46286
6107,4981,77,40524
5638,3092,97,43840
22867,611,64,17133
11194,2165,47,32428
23218,437,23,32067
28876,1795,71,22247
13632,3588,34,12702
9784,84,91,26151
18651,1704,23,28530
13428,1918,54,34424
15363,3306,1,36948
4026,1855,42,40867
9273,4088,39,45312
15154,1364,20,37404
29275,4170,72,44806
27350,4180,19,37011
21428,3648,59,26690
2395,4730,46,42210
25225,2813,84,21735
22374,1695,77,15598
25002,3137,79,11069
14090,1534,78,2449
8914,561,93,19777
21122,2264,44,14789
24726,2085,26,44889
8854,3162,4,47929
23971,1534,65,26107
19157,4262,96,13751
4522,2769,61,22524
6315,3966,61,6086
25685,1073,70,32596
11292,3014,77,18742
25920,2587,68,36423
20097,432,72,42498
2449,1451,34,47971
14853,3355,4,43191
1725,4153,15,29992
25508,3347,87,17895
17306,1446,72,20393
2427,126,58,31684
4179,4444,78,43407
29927,855,32,39035
18436,1540,89,22184
26263,2874,69,2748
29345,4176,54,10599
21946,1514,53,30403
9737,2441,66,5952
24387,933,4,24913
19175,2777,43,26739
22746,652,56,18890
5012,2712,24,37347
26732,1120,55,15717
16788,2953,89,32948
8570,436,100,45235
5115,4469,69,47005
28150,538,48,2438
5711,758,75,41133
8166,1475,37,44576
11218,2883,24,19355
3386,1219,83,3543
29700,934,53,36677
17792,740,55,16818
17011,2744,4,21465
21021,2461,44,37393
29535,390,66,7064
13315,1464,66,19502
19131,3265,75,8455
14743,4292,45,20243
29494,905,26,31074
20306,2656,7,1175
17247,191,5,8591
24384,4722,23,45135
25672,1528,21,47061
22996,761,1,20231
2953,3062,31,49303
29264,4218,65,21797
2880,2041,22,10574
17661,3323,53,43832
21461,4615,22,37232
28890,2428,81,44330
28134,1672,51,12266
21390,2338,16,38872
20874,4982,95,37694
3528,2026,89,23714
26795,2131,77,34888
24327,4017,53,18280
24315,2211,47,18377
728,2038,73,20201
7400,403,31,13897
6872,3245,68,48176
13067,2998,7,34722
28060,2163,45,20908
10170,4587,60,24666
15802,4888,16,37559
14660,3235,73,6979
8821,1727,28,14866
23339,2611,23,11691
9509,2850,81,44326
14671,2682,62,14754
5301,3063,69,48630
13955,2663,3,6210
19124,3070,45,36522
14706,4449,69,20421
20779,938,38,21024
17478,4969,5,18839
9955,1761,53,43316
29993,245,38,21928
27596,2449,75,40928
21131,1,9,6705
25638,2178,10,35665
19917,4905,23,31719
14589,1444,40,28606
23083,3301,51,29255
9460,1119,59,43746
5909,3336,81,42287
13869,4047,58,40561
28676,135,70,17581
12672,1624,84,25067
16114,167,36,3074
25331,4658,23,23025
1097,3378,76,47125
8773,2368,80,32443
24581,1191,54,38527
11583,236,43,49724
9122,805,46,10426
29907,221,1,23227
10745,4643,23,10772
23803,595,3,8452
16410,2522,13,14523
10848,569,35,8026
22984,3580,98,43090
20567,1904,89,7299
20175,2215,39,40624
7032,2216,57,39206
4755,430,3,46832
13431,4655,42,33339
15920,3606,94,49543
29465,4662,45,31912
18413,2271,55,13856
28345,3832,43,23440
1955,3772,56,21572
6037,688,2,4255
7047,791,98,24908
12438,2072,48,6408
13190,334,37,42803
24874,2779,51,39879
23844,2992,8,11608
24620,4567,86,11605
29419,1719,97,13760
6369,350,48,23052
14617,1123,38,41697
128,1351,57,4345
11138,3345,70,30717
25722,4003,39,36705
3158,4874,76,16003
26939,3128,36,1226
15150,3845,59,28317
981,3493,44,16171
16685,3747,9,44964
17186,1671,13,48018
6288,3111,60,6175
17778,2401,12,15184
15666,2226,1,42490
23883,1848,31,31177
15305,2375,12,8580
19789,1679,87,33759
18437,4919,21,35880
6948,135,66,3527
14490,1232,96,13833
5044,2389,48,16537
6877,2143,47,21382
21089,4372,55,37739
9743,293,14,26279
5295,286,94,49996
29483,4392,41,37008
5891,3429,27,36312
10138,1050,14,38471
25302,1012,75,27106
10582,516,30,11428
6820,2314,95,10396
9968,3301,31,4269
8170,308,70,47478
7225,785,29,30607
19227,1697,33,36351
3303,4779,57,7710
8573,3756,4,17164
8554,3485,7,42408
15845,415,23,15566
27212,2851,74,17347
7059,714,94,46383
29327,1486,33,6896
9513,816,75,30043
22795,2420,90,8278
26427,1190,17,33089
26166,2110,54,3116
25002,322,17,36254
19691,2844,77,40146
22682,4700,77,22374
11609,2547,20,36056
28459,1185,64,48854
22464,2616,6,15493
5747,2727,16,45815
26718,832,16,34048
9863,1322,9,32805
1302,2101,50,7515
4627,4826,25,48981
21182,3884,47,24449
20798,3955,56,26417
14940,1949,35,9654
23089,951,11,44370
11524,2069,47,4723
12692,4157,30,36555
19655,1853,18,14564
25838,3237,43,25379
1010,1400,88,5557
6917,2629,93,34671
4315,2113,56,5707
20232,2751,7,39478
25833,4568,47,34585
21484,3172,40,36673
1818,1342,49,9130
4583,3207,81,42177
1086,1166,42,10542
15858,3487,51,45525
24786,587,9,10742
25480,3995,40,19766
23900,59,93,4685
9595,2785,26,11179
28790,2114,68,40000
1565,3127,84,17655
2535,1020,87,44134
9082,2608,65,35919
25246,72,74,36018
16545,2,30,3578
29885,325,16,31922
10450,1023,16,37340
5172,2786,68,41814
25433,982,72,44087
15548,2837,89,40425
26851,4572,80,35388
8552,1766,58,17912
19560,3234,8,4757
21829,2545,5,14435
2853,1423,90,17003
13025,892,10,26688
21367,1295,1,49369
25436,670,85,13549
2541,2557,34,22598
28455,1728,63,44055
29514,3029,16,5785
14157,2356,85,23508
28677,3051,72,22216
5218,233,66,36819
28390,4625,71,1368
2436,3794,48,44915
2996,4852,83,15066
6336,1009,22,17500
8548,30,68,9401
13885,2203,29,28377
11660,648,76,42285
19134,3593,22,3150
23405,2208,1,7971
5634,3228,46,48343
27158,1503,69,19463
24717,579,11,6963
24460,2992,16,14161
27110,2783,87,48408
23579,1229,72,44441
27724,3105,26,5528
15312,4020,75,31695
17083,2387,55,11885
15934,4490,28,20680
3716,1740,2,1156
15863,4817,77,15155
4315,2341,94,19216
11994,504,87,13490
25043,689,37,10272
16660,493,75,48532
3353,75,79,24609
26117,4667,26,38188
20129,1193,45,49303
29329,2313,74,26065
5765,725,77,9486
10363,3664,89,49127
3214,2377,68,47618
17983,422,85,25561
16896,4013,45,29963
7606,3506,15,41201
29451,4243,43,32625
17459,2864,15,29379
11487,3887,81,14052
28843,4479,97,42705
22808,2837,13,3485
7411,2159,16,38859
10974,3813,52,30575
28040,950,20,18150
2694,2166,16,7569
8651,2202,71,39143
28712,1826,69,34508
4153,3475,71,24898
2780,251,29,7205
349,1634,24,23505
24272,792,90,30127
12664,2733,85,13820
8554,4413,26,9469
16508,1215,71,44646
22634,265,54,34099
28181,3001,93,47699
12183,4123,53,48979
22183,2864,82,6348
17949,2329,25,38993
21974,4645,19,8882
13206,1102,94,42542
15425,2556,29,27230
11483,3882,43,43805
27514,1579,22,25554
10289,2343,71,6836
17033,3349,70,15361
2698,64,44,27823
10912,3344,32,5026
2183,79,3,44500
26402,1930,10,31344
12744,1361,24,44472
7089,2979,28,30577
23168,3334,35,22837
27926,2760,25,23155
11657,364,80,1029
8138,3311,35,23737
6708,3469,60,46251
27211,3062,7,15388
6497,4479,1,20825
9585,1009,24,29768
2735,597,30,49929
7916,810,9,43770
14290,211,33,21932
20651,2155,63,8870
18759,563,85,15307
2791,1228,47,46156
18078,984,64,39444
23060,184,36,41982
15523,3994,53,47417
2870,4497,63,36638
23059,2271,13,35718
23087,1477,42,4633
7223,4969,13,33155
13710,2346,24,40717
29979,1018,43,44401
7191,2291,19,7928
5022,400,85,37209
3534,4926,63,7372
17025,24,64,11292
2487,3987,84,36659
460,4953,62,26995
14052,4795,69,7658
17114,2365,6,48197
5576,2531,93,21482
23366,657,70,15998
18623,2229,48,8310
23691,66,96,8720
2013,4282,25,19054
15176,2049,66,20997
8465,291,57,25936
22950,959,51,18432
28225,2413,21,26889
21363,4312,26,2500
11160,1110,70,27215
21580,2916,18,27500
29929,3390,38,46188
24115,697,36,10622
28524,2569,77,44474
808,2780,83,6742
22668,2135,72,27384
21929,3846,59,20819
23621,1806,38,3230
6399,4447,79,29256
7638,51,32,24400
1565,4126,33,25855
4727,129,29,49033
17372,1621,98,32252
20709,2068,67,38358
20574,2428,34,33851
19352,2677,6,26970
1796,3377,59,29043
16675,2662,68,42377
25917,3438,90,39064
16818,3883,66,45906
9059,2412,95,13693
5578,3450,48,13720
685,61,37,28835
3529,4380,37,36329
9427,523,21,31738
27625,3875,50,2708
12526,1416,61,42867
19111,1184,87,20944
16042,2057,1,46139
11738,4684,32,14959
27113,659,77,24687
5603,696,15,47399
23663,4840,77,16562
3586,4641,36,2443
25757,3902,20,49079
29764,1841,95,25366
6983,4146,44,27671
16958,3742,37,24944
2362,353,91,8628
5641,389,3,6189
6505,3717,57,20922
5782,1697,44,46008
736,1061,53,1736
18978,3688,89,25237
29982,2670,21,25821
20233,2514,69,12277
10615,2860,63,2277
19487,1061,5,17002
29816,3371,39,7436
11728,1213,35,26121
19202,2419,48,31590
28130,432,1,47251
23279,1112,40,49099
7351,1399,99,10564
19962,2620,60,9872
2669,663,89,13903
26152,2884,59,2288
28796,3637,72,42611
9055,4619,9,42860
1226,3580,48,49599
15197,2167,78,20545
19534,4104,99,25763
4322,1031,45,20293
10200,1759,37,45105
5753,3667,74,48905
9458,4141,75,44686
14505,4619,28,42531
29240,1330,96,37720
15144,4585,41,42680
628,3726,6,21861
4038,4731,8,27813
23621,1404,100,38969
19266,1076,64,40366
3923,4732,5,38952
18247,4631,75,1113
620,2694,90,30752
28440,4023,62,19006
27216,4045,88,17210
27900,2255,41,31649
18885,3451,62,25023
7010,1034,6,32246
13373,3231,62,7475
16954,4670,41,2486
23619,4363,45,46142
8711,340,22,16112
25107,2416,60,46086
25374,1738,98,37161
11391,3853,26,41227
24655,433,93,28433
8496,4627,75,9039
7746,3656,46,18225
28630,3554,29,5674
4753,937,49,3407
495,1881,76,19352
4033,2938,91,22128
3567,512,34,38069
29907,3580,90,36024
20936,3665,67,46997
26178,548,31,31176
12634,2344,54,16199
11506,3033,24,11782
23545,3648,49,44512
16022,2802,16,32038
21841,1140,46,44541
14845,4528,54,20315
4864,4965,57,44942
7571,2152,90,34366
16017,2122,82,5537
4045,3358,68,4037
4429,494,18,48099
24879,3849,52,12868
11303,3971,36,13515
21902,4446,29,44572
24037,3957,84,19754
5894,3005,10,12754
1004,3177,15,36383
4197,671,19,15387
27948,4838,61,38255
25089,566,44,48518
15307,1858,25,7991
7120,2543,57,11789
4323,4655,11,42783
10332,3820,100,30730
5235,3304,32,23218
23848,4823,44,38863
8309,2653,63,7363
9034,3773,95,35403
23242,1927,60,5908
6602,509,85,10310
9868,1435,61,15318
22963,3094,25,45754
11340,1802,32,49880
4994,1430,70,48449
29384,4708,25,9783
11526,4124,36,13602
5898,1820,7,29800
23366,3751,10,32975
6074,1472,90,39864
16056,259,98,16570
21754,3623,17,38002
18836,3884,21,23654
23165,3188,12,18445
12041,3457,12,3525
280,3242,7,22528
26287,2267,89,44126
15484,1855,15,21193
3607,677,73,32697
23608,1500,2,18235
13186,4041,45,18381
1994,2278,43,9434
4230,80,61,22339
4864,2769,55,22531
27360,431,75,26799
29673,4339,94,7465
9695,4417,72,10726
12727,1055,66,31434
18413,4411,13,1293
7976,3918,74,18381
3927,4961,91,7869
1256,1881,38,28743
16229,3369,81,2068
3049,3575,58,42669
3683,1611,36,28199
24810,4119,18,10624
20402,4642,37,19700
3025,4847,91,36958
1220,2940,61,20183
325,4508,100,4717
7502,4055,80,22476
25674,2585,29,5393
13686,1687,94,32568
27743,861,8,9693
9466,3345,37,42462
28992,1936,42,18535
5314,2526,4,34737
14017,223,72,12907
9596,483,71,30294
19600,834,56,12384
12641,4752,67,29422
10099,1877,9,15264
9939,4881,89,46654
25462,3869,20,8059
4514,689,52,20929
21120,138,95,42642
15214,667,37,40235
24897,2465,96,20561
7876,4985,10,12639
10553,4569,9,44646
17859,2512,63,22007
6338,3851,24,9498
9669,4709,60,16653
10466,4403,72,18706
23657,3434,35,16701
29564,4678,39,48749
2756,3832,51,48293
19258,2456,34,26000
27867,2702,62,43216
5316,2120,38,6732
18467,135,58,10625
15210,3172,8,25301
18090,2808,58,37580
1078,932,7,33433
17551,756,5,7582
2932,3143,59,40527
16162,2722,12,39569
1049,1929,19,43706
29813,2810,58,5597
25400,3686,71,10210
688,2158,85,23031
724,625,56,22497
19836,3393,27,13412
20382,1851,35,22590
17860,3008,19,25044
4739,1694,95,5974
19405,4142,70,28518
22161,2804,94,14101
5516,4641,72,8652
26070,1985,76,31395
15516,1115,89,9183
26649,351,75,5756
7556,3122,30,3558
23838,975,77,21822
12575,1333,71,20501
25228,447,21,30863
17481,706,86,10785
9214,1187,74,7075
17673,1931,44,33203
4206,3125,27,5151
5165,2602,42,42295
694,949,25,39073
6136,3610,32,8536
10503,2681,55,33072
29123,1826,66,34964
21176,3311,61,25741
1605,1989,99,37820
21877,1006,47,3756
14174,1491,82,23982
5992,2380,52,35521
10969,132,41,16580
24018,3525,84,15639
6746,232,34,41466
29469,4171,43,14641
27224,25,7,48834
28868,2440,66,48832
14459,2075,88,48727
16311,327,90,19261
9291,3935,69,2045
3225,1340,85,40539
29463,1913,65,25693
14259,1629,22,30729
13371,890,92,26844
7785,3066,85,36057
12602,4643,26,23496
25277,2572,3,30714
6303,1991,39,34986
14196,2198,19,48366
6506,1012,61,37330
25736,3415,35,41508
12469,2299,68,15133
20814,2964,2,31174
635,282,71,44630
15016,2547,38,25860
28202,3384,36,4961
12349,4046,90,4370
6603,3948,25,42213
7239,784,60,24797
11852,2304,76,1734
6829,2959,74,31163
697,2691,2,36425
2969,4118,15,47709
4613,878,71,16263
6975,1241,60,14994
22954,679,91,29832
18207,1424,11,5553
1928,2553,95,15580
17463,36,30,40732
21942,911,94,15317
18723,2774,99,4448
19984,1121,79,12655
28783,4455,58,44240
5825,3790,23,19966
18820,740,49,22400
27951,3850,94,37028
6510,3742,55,18206
16776,4574,23,17490
26337,2664,15,31921
26698,2895,46,19148
11178,4892,19,39440
17763,3506,21,7882
10267,4840,79,4889
1743,1196,22,37863
17197,3775,59,26830
13083,3540,60,15251
2134,2882,84,31063
7932,3816,61,23036
6018,2456,84,21357
28477,3102,22,42825
13889,4261,9,5523
3032,2442,21,30320
18698,216,67,5814
25224,1196,96,4559
4940,3914,9,39948
19784,3710,100,33414
11660,2093,92,44887
14765,4371,35,40295
11741,2471,100,36631
24562,2112,72,5938
17384,3149,78,14516
4178,421,51,16159
2753,2592,4,36536
17477,2971,71,8277
13371,1077,37,7357
23683,3655,58,12984
28466,2483,28,22634
3804,1092,88,28482
8503,184,92,18473
5036,2689,37,31465
28796,2270,3,17738
5561,2854,20,32650
22657,3900,69,12251
24417,4341,72,4104
4478,2328,86,35560
11113,1947,92,14090
4340,4000,31,13943
21211,4519,93,47516
25867,3282,64,30351
8969,4336,12,12470
7233,4739,75,10333
4120,3115,91,16200
13677,2545,74,20511
8868,3658,93,22057
23028,1847,67,15656
19921,3032,6,23283
3537,3409,75,37681
25861,4870,31,28712
26327,757,49,32355
21755,2456,1,49447
12232,4606,58,3575
2412,248,83,14473
26112,1564,74,1013
27047,3468,26,3002
8774,4557,20,48024
9663,2248,54,43500
9385,3087,29,15154
27889,4148,90,49812
12349,3968,97,31217
5882,2375,35,19727
23877,1496,99,12166
2517,837,10,26427
11917,227,69,24964
18794,197,33,14121
22612,4556,26,14657
12379,713,36,5939
15656,1668,57,21586
6453,2438,50,32287
20134,398,22,17671
16691,1131,46,10104
15868,3492,14,7758
28375,2333,63,37767
10789,1897,99,36098
5495,2193,89,38197
2697,532,72,28609
18716,4198,64,32216
26214,17,38,32663
15325,3073,92,26518
27555,3576,56,44184
5822,3948,63,47534
2528,3882,29,26842
24713,3772,37,18783
14471,2991,36,5415
16973,2195,33,33484
15607,1536,79,10742
24351,774,98,34620
17916,978,83,38074
22353,3921,50,28444
9618,2943,33,5390
1533,2526,90,15645
6936,2505,70,14609
29146,4436,24,37801
16099,2747,30,43099
16163,935,31,24936
915,1122,80,26999
26088,4816,92,12616
8438,2484,21,33472
21795,3317,38,35391
11042,3585,75,4956
6308,4736,86,10760
23254,3909,25,1420
28526,4092,57,14135
20728,3439,98,39542
28505,548,63,48111
20417,131,89,22031
29338,1001,24,4300
18918,2133,48,6800
16111,1309,13,4580
14094,3871,16,3623
10300,2427,4,20644
2328,3608,68,34708
29810,2623,15,37330
29715,3649,31,3980
4,4369,37,45815
26043,2088,54,31903
10037,1702,75,13200
20780,2500,96,35662
28955,4635,18,41845
7971,3662,74,29693
29127,4461,94,48919
7483,4668,65,4854
24433,381,55,42882
22935,2009,79,39213
29009,4472,1,15901
6126,3454,20,14436
3005,4559,65,46208
19955,2349,88,5042
262,2358,52,10035
7200,2194,79,45217
7929,1228,40,8013
811,1288,46,29975
26040,3557,82,36949
4596,1840,28,25929
19626,4014,22,25809
6547,3199,81,32138
3107,545,2,24088
8033,306,58,24211
11125,135,69,8031
10690,3324,92,49351
3112,3253,93,41083
8927,4204,14,4049
25895,3841,88,19893
229,1394,61,30988
1354,3544,94,30234
7581,3254,39,14949
5894,2424,55,1714
10306,1585,63,45416
10744,140,7,29523
1667,411,79,27341
15691,3156,19,43245
24972,2924,32,17336
9235,190,74,40472
22181,2971,63,11845
10893,1354,81,42485
8962,1000,84,48241
8432,2451,17,17281
10215,1455,21,27377
27299,2793,11,18761
25039,1219,9,44432
6013,142,12,31736
10136,109,88,35969
10345,4158,2,41902
1278,713,74,4562
12886,4178,86,1749
2183,2647,15,10919
25544,2103,24,3338
9371,3212,1,2527
20049,2438,31,14687
19089,4958,44,28097
25163,1472,14,26528
493,2747,11,38107
10271,3200,51,27032
17067,2798,9,27042
3813,4748,35,16915
28247,543,73,15333
21561,1445,34,17100
23462,3366,97,17616
27317,4227,37,49627
19005,2456,81,14388
2828,2572,15,42070
6702,1085,42,8242
17200,1946,4,25210
6652,472,73,8982
3868,4547,57,43962
15651,3810,17,30387
23688,4387,23,13342
24044,1053,65,48589
20559,3426,46,8021
25967,2837,16,7625
29547,3576,72,14810
10825,1572,33,3178
14065,4114,36,31599
5568,1989,100,19956
10965,551,20,24473
1329,2584,33,12883
28580,3899,25,12806
20316,2394,18,43513
17064,565,40,16318
5614,2127,54,5638
16887,2208,56,18554
3933,2618,49,10952
3103,1918,45,27581
19750,4385,58,45593
21211,4500,35,35520
17691,339,15,8279
15823,1439,82,23540
2247,2575,49,42031
8092,567,35,32655
28165,110,12,35982
9852,1357,95,37320
13805,3735,32,8901
2051,2172,6,38827
29373,602,45,31423
4688,4685,31,31541
26247,335,18,31679
29092,131,47,23441
17509,4562,78,30517
10167,78,75,19667
4421,248,85,42767
24758,460,74,15428
428,277,70,34364
18007,3618,64,23674
12133,3499,73,43556
13385,1023,71,21561
28833,2452,5,37329
22742,3538,13,16027
10608,2852,88,47393
22206,4383,37,17826
4836,2156,36,48181
2930,917,30,36681
3925,4467,100,7259
27362,4278,84,20047
29023,852,51,19918
24239,944,1,27231
10958,1379,14,10064
20981,2638,30,6932
1726,4543,64,49598
11883,1543,21,32889
6535,1573,60,39984
24101,2248,76,4311
13668,596,45,14555
22616,838,20,13244
18541,739,56,25272
21681,2357,39,39464
2037,4788,26,27293
26558,4468,1,21856
23719,3570,29,2974
10957,4527,47,29596
16669,4231,68,19184
28344,2576,72,3393
19227,1765,9,18672
9384,51,4,7013
2461,2086,72,43883
29383,4229,30,6529
21803,2892,46,28042
8020,4865,15,2045
1599,4354,49,5656
5814,1512,58,2939
15824,520,72,48358
10605,1042,93,30430
4784,1689,2,29860
23915,3127,46,19587
778,4324,35,10221
25233,3628,3,15363
2451,25,6,6468
15271,3554,78,37324
17608,4422,20,20280
7397,4454,79,26538
5671,804,83,20338
25637,460,20,48851
5877,2035,12,18456
7277,4725,63,43152
24604,443,81,14628
10055,1824,72,36449
16858,246,16,48588
14581,3824,44,31899
11750,3565,45,3069
8464,240,75,33783
755,291,43,3216
10440,4485,91,1135
20491,2217,47,38693
21329,3416,44,28272
23289,2375,9,5222
5876,659,90,47088
28397,2688,74,1105
10021,2552,32,27459
2704,1992,3,15444
1925,4520,3,20170
13984,2918,49,27159
13949,2278,17,21130
10055,4154,39,48721
7408,1394,33,34791
10642,2447,39,11277
646,4160,8,23076
17874,2482,29,49477
20699,1556,48,35566
2761,2045,95,4365
17699,4517,34,13196
11053,1148,94,12385
14394,3347,19,21474
14427,2064,85,33606
18994,2392,99,27595
15244,3514,71,40753
25363,2480,17,21010
23041,1353,67,2788
4622,551,61,45071
9323,3135,38,37820
11835,3329,58,22404
12788,4694,72,8752
19807,1719,83,40835
25960,463,57,31944
11289,655,6,3261
27534,3215,33,40313
5378,1516,23,4943
28491,1023,93,45353
5393,3747,36,32047
1358,222,32,8676
25265,533,2,45657
23975,3570,5,19202
25128,1140,96,17607
19864,1491,37,39249
10829,3649,2,31526
20965,4540,34,6710
28212,441,44,39547
7837,3922,83,26303
25190,1383,45,18122
634,292,7,46628
29957,4207,18,45758
13940,2371,56,40257
23423,2240,35,13481
5513,1744,100,10581
12102,4086,59,49452
13627,39,78,48960
21635,4466,11,24991
16026,3416,13,8258
1934,4110,87,48518
24315,917,2,24030
15795,4078,80,3363
21612,4681,35,35672
21902,2567,13,36221
3707,2568,3,24217
22170,3403,72,3837
11397,2085,8,48038
29675,679,85,16070
17788,1909,44,20318
19960,3350,39,14938
29663,500,40,16451
4323,2340,2,43471
19909,4026,65,17113
6599,4904,30,48373
15721,3157,53,31729
2305,2857,43,37207
29146,480,52,34753
25762,2333,67,18313
19065,4676,75,34141
26616,458,78,11094
22154,2373,70,32708
10788,2335,63,41960
21821,3555,2,20065
14956,3018,35,44610
23837,4387,82,48453
11815,2268,34,1953
19712,4429,54,32441
26331,2338,9,10267
17229,4895,39,28321
27574,4078,58,3302
27149,943,52,31653
1084,512,1,49966
16726,3094,80,4109
13167,4221,59,18394
21270,50,85,10239
18517,3183,83,38071
20051,27,98,19316
18165,1751,43,42295
16049,1392,71,41397
11095,2446,5,21893
20696,1951,79,4408
9928,1461,86,7447
11007,1049,69,12046
22254,4577,32,7559
15833,3077,55,10271
20392,4441,73,34429
8559,3914,54,34195
15331,2181,31,35366
4249,3863,83,30073
3838,669,93,2428
3925,4243,19,9486
6433,4504,10,22446
13628,4156,28,44330
7922,2081,57,25131
11725,2441,89,8386
6703,1684,45,15521
5058,4325,64,44802
24476,2146,46,49474
681,292,68,27467
5092,750,7,36743
18307,1191,92,28177
2979,2087,73,19723
8820,4107,58,38448
21512,1776,45,36018
21946,641,14,22518
28324,529,45,46363
2505,2392,53,8250
19798,3582,73,5752
3135,2518,19,39147
19766,468,2,21892
25434,3836,54,3202
8467,3572,39,34526
9292,3946,13,27059
14231,344,15,40684
11244,77,28,15998
24592,3048,46,30249
3058,1430,27,4017
14196,3185,78,23927
20318,2485,21,38591
24643,1084,63,28313
25004,2346,70,35469
19955,569,12,25274
2887,96,1,45791
11649,4564,15,44040
10382,609,81,6153
6357,151,68,15879
1593,4465,1,37479
2455,2397,50,13860
16430,4889,76,45989
12342,3833,10,3929
112,3782,18,3065
8668,531,19,4150
13932,4831,54,17931
19073,3367,23,26254
10326,1185,46,16170
3295,4503,91,26141
18804,4830,72,24538
19588,2943,57,16898
25728,4062,81,46859
14553,404,7,27582
25373,4717,26,35159
11190,4657,6,29596
25836,2812,76,25467
16264,3063,6,33753
8701,3007,16,22802
25517,3306,9,27915
20036,4379,96,8426
9342,2072,10,48642
13408,3617,78,27815
13317,4184,5,18595
14139,1821,96,7227
9451,1792,4,49871
9387,3689,31,41826
11818,909,14,36219
20168,3848,41,30130
18558,1904,91,7694
1137,1447,9,27989
3352,4772,69,34900
1048,1620,7,1368
20101,4732,55,16460
13736,4275,52,45132
11986,268,76,18608
28326,3724,60,17932
29133,2086,8,1366
2362,1680,41,21909
26028,4573,25,38472
2806,2883,48,4335
948,4953,87,29561
11694,144,44,14497
14193,4294,54,25472
23319,1011,37,11145
3060,4928,64,10827
26517,203,18,23779
14365,2930,5,6211
4159,2530,10,46661
19215,4770,2,28660
21702,4142,91,18979
9493,2915,71,9878
2418,947,38,23430
3444,628,69,39262
2813,287,83,12600
9874,516,69,5537
22381,667,33,19597
18874,3149,55,17702
16789,2171,4,27812
18522,875,53,1167
18593,1879,55,23104
9235,4690,85,32462
1211,4795,83,37187
28539,3764,19,21775
4322,1720,82,23238
10646,1193,81,33718
1356,3306,78,39741
656,3764,10,5143
19075,1446,70,7580
24649,3925,65,38196
3000,4170,51,25494
18196,485,19,5597
16314,1593,7,47594
3833,4332,40,27513
24719,2031,49,47220
26422,1694,46,3695
22605,4986,86,7685
25601,137,1,10302
1198,37,91,6990
22135,4006,36,33538
720,639,17,41509
12125,2608,20,6051
20013,2746,90,33657
25514,4960,40,12572
24689,2704,56,24209
4498,4111,79,18045
9804,1510,9,9248
198,1931,47,42388
4959,3986,65,35340
17621,3322,49,26914
26531,2246,62,24785
6562,4054,85,37000
13351,4094,4,49986
27878,3656,63,18564
7635,3976,22,22599
24594,4371,55,36457
21484,2083,67,16645
9214,4329,37,15083
27087,3893,91,25249
2195,4473,77,45304
11336,3362,5,31794
4716,2994,30,32054
25441,3630,63,37365
2395,4347,72,38328
23555,131,16,20161
22584,3630,38,47683
28001,1500,6,45236
9551,961,82,43791
26565,715,8,18737
19994,3723,32,14976
5675,2309,44,1978
19864,4152,88,9958
2590,1157,9,2804
8229,2110,43,18578
3675,339,80,3762
6263,1143,80,36027
27095,3843,97,18518
14809,2348,94,41602
12111,2001,19,9058
21045,1734,13,5049
7323,1083,56,27623
11609,2524,40,35516
21506,707,98,16096
2286,4706,53,46118
18940,2305,21,14354
27802,3764,40,30241
21976,1938,46,35980
3297,4714,64,15055
25940,3290,44,20260
12830,4932,28,32577
4428,4060,87,26297
2884,4905,65,44102
398,721,92,17830
3092,2691,64,25390
11275,1739,64,19419
5465,4759,95,48053
18829,1357,73,10618
16722,1544,82,25735
21338,3372,84,46030
28644,3195,93,37222
8718,3104,63,17092
11713,1043,57,26145
9304,2102,5,21919
22426,3598,76,37766
4651,1931,50,24954
18064,794,40,6601
13843,1058,17,1334
5284,3300,28,38098
1274,330,100,27437
16362,1765,49,1136
23522,1362,34,21637
5378,993,55,7674
28384,1506,96,1498
4042,1885,31,41543
1617,382,70,37140
29852,4798,7,31777
36,893,68,18118
3430,902,70,4214
9250,2357,10,26598
8376,4675,25,2711
19580,3427,57,10661
22634,1684,42,35109
15055,3205,12,36339
1793,3183,86,3869
530,212,87,12375
29773,1995,70,43522
12508,1206,22,46344
18204,1121,21,10376
28500,2945,88,3852
10463,4411,76,47717
11673,72,10,5470
2965,2509,18,39762
14757,1128,69,2875
24855,323,38,12752
23429,3312,10,30929
27980,374,54,5620
27818,490,55,6091
25253,1250,43,26589
12595,1892,93,9560
8013,1252,79,5434
16026,1336,70,28932
6360,3159,7,4271
22274,437,52,17533
26424,1251,67,13734
28085,2136,47,48290
12478,2213,44,14719
3096,4853,77,32678
7045,1354,28,2298
11653,3256,87,24893
14412,4508,46,20160
4289,2472,47,5231
28742,3053,24,39441
16226,3401,7,48209
24830,4094,17,16440
12998,3958,26,13269
10337,589,91,20514
27274,2618,49,17362
4199,3162,33,47878
13993,1938,19,6020
24308,1446,91,6460
3426,870,79,10092
5126,3420,71,2897
24372,919,47,26831
10707,4984,18,43286
1053,2617,87,15102
10012,2530,9,29710
28858,1006,17,28530
10747,4993,21,4694
12490,4656,92,21458
23142,4891,4,8589
25147,2792,57,3307
29052,2594,51,12609
1280,2041,80,24513
21566,1129,32,47295
11342,2707,86,38662
17819,1176,65,25482
2816,3252,80,5139
11458,3367,7,4755
27521,2108,80,35878
23352,4457,85,4884
14482,4861,87,7633
4508,3547,55,32739
11849,2013,83,49927
27106,2521,1,12930
25668,3343,9,1120
20260,792,100,20870
12277,913,69,9867
21217,2199,11,20618
5765,2715,71,13852
13723,636,100,6998
17297,2553,81,13705
971,1663,61,37847
8654,936,64,27731
24672,1296,14,44472
16014,4818,20,24312
25075,2067,77,9898
15076,3337,84,25521
23148,4972,24,15048
3018,850,58,28022
22977,182,41,1346
15099,2524,85,46115
20227,547,97,6696
6628,1215,7,12976
9612,879,39,23750
10304,2149,36,9843
17997,3691,64,16609
2026,1505,27,49378
18338,233,23,46783
19049,1140,1,16540
28019,4353,19,40011
5338,2674,45,34468
9819,1213,57,47954
1347,2332,56,17465
5876,4186,86,45452
20857,592,39,34371
4395,3974,18,44862
5265,1379,9,14162
6552,69,5,12149
26031,1867,99,24361
23870,3383,59,9278
11823,4631,1,13821
12648,2149,76,1824
20714,2365,70,4373
14359,4757,17,20123
26647,4317,34,38290
5069,1163,40,20673
24258,2063,62,26985
27309,2947,19,8689
11153,3431,52,15734
2677,3531,22,23104
1846,3416,87,5298
24375,334,67,49102
9185,1673,42,6893
12346,3656,27,1547
19092,1691,92,23195
11060,901,77,19640
3263,2568,11,47429
19241,768,27,18554
646,4883,5,25898
13554,1637,73,18822
7334,3358,34,20769
28611,4481,4,23099
3302,3212,91,24162
23170,4132,48,48471
16433,4283,89,6965
18136,1958,87,26183
2102,1446,20,49116
18643,3383,79,46169
14100,1474,57,48025
6854,2551,6,8857
5444,2243,59,17088
17136,4033,54,17800
346,237,99,24823
1889,866,77,26808
28332,937,30,43680
9949,3921,76,24535
27798,2211,62,19768
13619,1914,42,42873
10695,2474,36,49661
11889,563,76,29193
15136,2783,32,1661
21080,4181,79,48291
5164,1304,5,43949
28662,1322,54,47550
3023,3597,53,41695
6437,1674,75,45857
9332,901,96,40203
6107,3540,23,7357
14228,4279,66,23753
17489,99,50,7643
19844,4983,93,47710
8931,2539,14,2303
29054,604,65,38736
15,3554,4,17325
17957,1970,97,9706
13487,2411,9,2279
11078,4426,22,4430
23136,2846,85,23749
19815,4635,11,26360
12266,46,84,27794
7527,1980,11,14329
14042,3728,45,10225
5750,2821,51,27127
24983,3366,18,2356
3635,4060,13,44116
8487,2464,96,14472
8360,202,97,5409
17680,3578,58,46819
4586,2181,100,40671
375,4557,2,49788
16630,2878,36,29582
26124,239,62,4525
22717,381,37,6581
7427,4417,86,12104
16712,309,67,35934
11227,1968,62,30834
20878,1598,32,20422
27561,2475,33,22993
5878,917,66,32915
16601,574,85,48496
1339,1078,66,13536
15551,3109,98,10764
18017,1851,30,5956
17893,4499,55,3981
15727,4634,97,5460
13243,1823,29,15456
12331,682,89,35027
25985,4707,20,20607
15947,1179,95,24151
14883,775,55,32116
4691,965,25,1002
1204,4380,88,48131
20872,2667,61,28970
29336,4468,14,35887
13174,3864,60,9584
28981,716,80,23512
11233,1295,19,36094
21442,1844,36,46005
12839,3807,69,32177
22568,1702,62,15959
15870,4054,83,13004
20735,3644,16,29161
17489,2401,67,45455
16268,1709,40,19726
10084,3079,43,35219
3073,3135,51,3600
8502,2433,68,3841
1263,2579,35,45780
25839,3732,82,5868
29380,1727,61,14156
27694,1574,60,47595
3223,2527,29,21529
20568,1687,88,30164
22967,2926,65,35755
11229,3296,36,43879
15584,2372,89,37788
425,30,88,26777
12474,4282,4,13885
21103,4418,87,18192
16573,888,37,46260
11642,3007,67,26550
1354,4803,36,35554
19768,3023,43,47713
17008,4441,58,15567
27940,1170,11,45352
13163,1384,29,24940
6798,121,98,49334
14636,298,29,42564
22688,4965,35,26396
4972,1057,78,39999
13109,2245,18,33031
21110,4583,29,23493
1672,4341,58,17803
18819,1056,73,20659
5310,2224,19,37497
14552,237,50,37181
27468,4162,24,24699
29653,3852,46,35626
7804,2642,82,39675
5454,2262,97,17035
11611,2944,83,33934
20102,4930,55,23978
18653,959,39,22879
20856,2259,57,2230
850,292,81,16113
2888,426,74,29277
5003,3596,40,15529
25484,2375,5,29039
20984,755,74,11499
29330,743,44,43409
7372,112,95,38165
8974,2614,28,48488
6880,621,39,5863
26697,1626,37,39520
20746,2359,42,36510
27221,4482,51,13592
13943,757,51,40218
17804,3538,16,30957
16608,3750,20,32622
9950,3909,59,5281
13242,2157,69,22895
4548,3981,68,13851
4588,4381,12,3712
23306,1506,65,11110
12509,2211,88,17291
2119,4372,89,1400
7775,748,54,4473
10634,3012,86,23462
10639,4975,78,5316
6970,4296,36,6621
21634,3968,39,20932
9586,860,75,39230
9893,3189,73,31915
11344,658,55,14119
946,4174,83,23563
8996,2275,46,45492
4376,3695,96,2079
19038,1985,35,35860
15910,2734,24,40845
18695,881,2,4441
18041,1639,34,29424
946,470,89,15260
22775,338,3,43897
21058,3600,47,26910
28220,4490,29,22225
27595,1278,57,35378
2009,3448,60,47978
5580,4427,88,30755
24506,921,98,9790
14493,3388,69,21008
3658,3043,40,10437
2051,1205,96,27795
10714,264,43,43408
10733,992,69,19891
7497,1951,97,13194
3567,411,100,28722
8574,876,43,7817
6704,4703,63,8068
15424,1723,75,43455
23656,1179,17,25468
13310,1362,83,35629
24407,2462,56,45405
16108,3351,57,14709
4009,2958,95,24460
22549,3398,22,29020
14074,498,58,23962
10883,3234,32,7762
27755,1765,91,40427
7264,4168,79,43313
23978,2213,92,45836
20192,3624,82,35740
3093,1874,99,9633
15380,2222,96,15502
4349,3170,48,11414
27499,2047,60,38402
5748,4477,74,38347
447,1323,28,22827
29229,1108,86,15255
23779,2818,100,33076
16928,4173,39,14390
695,2618,100,22497
11939,3176,22,20027
12752,2593,39,13275
19593,3049,26,3482
10746,1408,12,37883
11205,45,98,19406
25310,1568,60,38440
8211,3998,62,15646
10666,4241,72,25664
7323,4732,25,37272
1049,349,8,2046
28009,4582,38,16286
1731,502,86,44216
26244,472,28,48023
24193,2220,55,34309
10260,2813,78,22484
20422,4666,24,3780
17322,3456,48,10540
13270,3766,13,48166
24452,4029,37,11707
18417,910,84,9797
23843,2071,25,28248
9330,4855,16,22713
22980,3993,46,22341
7239,3987,6,14788
16891,2203,36,19508
4538,4887,29,45824
13500,1608,30,13373
5733,3052,90,26804
2470,1983,47,34679
1835,4010,75,4917
12492,3177,55,25022
15214,3259,38,17126
19969,2191,13,20309
16510,697,43,22051
12665,1679,93,47771
27766,928,7,42026
2491,4528,49,30286
11073,2527,29,36141
5444,767,12,31463
15966,2430,87,8480
14129,3051,34,20736
17289,4579,14,22061
14778,666,2,41342
591,4587,15,24738
20509,996,74,11003
25393,1024,39,18927
11272,3401,61,9915
16321,3904,20,2674
14049,4792,16,40706
26500,2132,35,28544
19261,2702,66,21064
27446,420,96,49542
27928,2631,28,15108
23232,1726,46,23147
21225,1639,95,36436
11704,2338,56,20855
157,1112,97,9122
10639,324,10,48061
4482,4767,24,40111
500,1683,67,9673
16095,1284,18,10116
8488,1913,32,39929
2320,4170,52,2641
16401,1348,23,20814
20936,4777,86,22738
21067,1742,28,22916
12650,3991,74,48397
2765,1739,35,36587
3575,3121,45,37516
10849,677,85,45715
19478,1987,32,44299
18819,4247,45,28636
29397,2747,30,30401
8809,335,97,4105
6743,3198,57,47790
182,4433,71,35364
21181,2326,55,36858
9539,4089,79,39412
29708,2470,82,12851
2982,1983,95,11439
22093,623,31,19153
3658,1195,4,20147
13098,1032,93,34428
19862,1687,79,18645
3913,1173,4,38468
12827,164,50,44201
12676,2141,47,18797
23243,92,1,18566
21603,414,59,11069
5554,1782,72,39381
5161,4462,7,4678
20594,3072,42,16469
7421,1888,84,14108
28820,808,10,37712
1998,822,91,45162
17877,2615,29,34232
5869,2718,3,29792
23620,673,79,3099
1542,387,57,18658
21804,1709,34,37438
29987,1317,65,2655
19451,4177,59,37116
1859,4778,17,49167
27546,2957,10,27608
20338,515,39,21262
14566,3523,71,23005
16961,783,18,5856
26334,1304,74,20660
21851,991,46,22609
28383,2367,12,5367
20540,326,13,2943
1153,727,25,35369
12773,1786,38,38667
23176,2150,97,20191
20661,3946,83,37571
13880,4187,38,44590
356,3669,56,26190
25957,525,88,31319
21162,2392,62,35530
7616,4760,84,48284
2456,1344,36,6389
20895,4320,12,40398
861,173,6,7777
4042,2706,85,43507
6506,1331,55,4288
10719,2635,49,42780
15035,3489,76,49491
29245,4952,65,33234
21544,3255,25,46236
20040,849,7,35941
11680,2929,60,37118
15975,3121,19,24148
25321,1036,48,16174
3727,1414,43,42545
7545,771,14,12618
19484,749,41,10332
1134,3009,29,38242
11144,3365,60,21393
14891,463,77,25014
16340,3434,76,4298
25127,2601,42,42353
399,1866,34,2967
19882,3786,20,44346
2511,4366,90,19406
2399,2836,62,38727
7656,4976,50,36885
21960,4551,31,26060
28221,1475,79,28051
3896,2139,53,46054
6407,2712,61,49743
28922,1125,48,9948
27100,4293,53,5373
5120,2187,40,37271
24628,1803,40,5457
15967,3762,63,25078
28816,1810,1,45275
2527,1875,76,21366
6892,1621,15,18556
14889,3439,56,42582
2488,1324,41,39463
29829,1654,35,31359
18220,2868,24,30357
13493,2083,40,26507
17096,3937,2,32851
10839,3372,25,20680
3866,4156,61,23502
2670,1067,48,21484
6229,2207,55,25968
2656,4314,70,42768
4016,1996,32,32654
26922,2056,54,21293
25249,1742,83,46971
28219,626,56,8925
3723,1140,54,18357
28939,2150,68,37758
19034,3774,18,16811
10337,1206,22,16467
23883,3661,81,24816
21340,1650,14,22027
207,2759,77,5779
12775,2907,8,31673
18086,4374,90,31166
23934,1087,88,46195
639,1016,35,13529
24175,4836,2,41681
25857,2531,73,33449
3768,108,54,12347
19101,3242,78,9327
14690,303,11,6669
17471,2620,3,33936
15476,1982,80,24076
26550,3060,90,30612
27726,1568,36,41293
21554,3947,63,5303
7255,4680,19,34351
29004,4510,97,5424
14555,3903,98,42048
6462,4409,61,6050
16808,21,66,48231
2748,2918,69,11501
18890,2961,100,37685
20629,571,19,34851
10031,1699,56,45619
2026,2225,83,43260
26774,4547,34,44330
1417,618,77,44863
2455,684,26,6991
20842,195,43,9680
10263,2788,47,20508
8333,1142,85,46655
24324,1156,5,8498
6719,1546,78,37268
1896,2030,68,10000
28509,204,70,46761
18844,3820,67,7358
5904,3218,11,6219
29542,3734,6,20301
23729,4147,35,32210
17930,1788,34,16370
3885,3509,79,47486
11944,2690,12,28662
14756,2998,18,16255
11549,2454,71,13782
28416,1587,21,23459
29034,789,9,44254
29309,4537,23,46709
5703,2047,25,48578
23066,3086,38,13972
19991,66,10,40897
293,1404,66,47685
9762,1423,61,32615
3122,2419,95,29760
6225,1782,77,7750
6790,1004,59,16893
25220,2370,29,8090
10751,2926,66,16282
17675,4451,47,22705
4484,112,86,5733
9425,4739,3,38312
9596,3725,75,26192
11434,1459,100,26199
3,2227,81,30702
4767,2495,98,29231
16042,4050,50,19590
1795,2991,98,36537
18474,2028,80,40936
10138,2329,85,49848
17744,1899,75,17232
20671,2941,35,9804
758,1627,93,28609
4203,1501,88,46408
3620,2240,21,18710
3062,3057,90,34139
12388,4579,30,46445
7714,1075,13,44838
23880,4965,62,44086
15702,591,53,22880
21953,4472,17,27984
13956,81,66,4510
6998,3921,32,19842
18667,2590,75,10108
17404,193,83,46294
22594,1468,29,19685
12471,899,18,31177
23072,1756,19,37327
12165,3075,95,36063
15483,1012,54,4400
1326,3139,83,3817
15654,1563,65,22244
17472,676,56,5389
3264,3290,75,48960
15359,82,30,44645
8646,4276,72,37878
27782,1847,25,23416
13956,4608,74,36224
26192,3852,80,24634
13375,4715,82,16701
19298,3853,14,17637
29771,1651,20,16738
3291,1532,61,4558
23952,3037,39,10235
15672,1714,54,10736
21365,2741,16,1669
4650,1631,80,9686
4897,4602,69,49490
21904,3209,1,5564
13060,4034,76,9649
27496,70,80,41511
765,2277,61,44113
23893,2178,87,13719
21986,3440,38,40972
11302,4308,51,30187
16767,3534,93,28693
21163,526,53,2135
26927,3954,50,26460
1338,4391,21,23069
22253,4393,80,34280
1686,2883,69,39146
14962,3136,89,22026
5774,1902,48,25845
7272,693,59,10917
22621,3953,41,49453
4079,2955,92,7307
6194,2423,86,12210
5840,2998,16,34664
22102,4354,6,26667
4829,3666,58,13404
1334,679,74,23917
11425,3417,13,6884
1636,1070,23,17668
7958,2958,35,25997
10029,816,94,5134
27377,4748,17,1453
21722,2844,65,41483
11880,3018,31,44736
16162,2294,17,18372
3782,2106,66,42157
14339,1575,44,19943
13989,1160,49,21826
27636,4378,35,20794
2386,2697,13,26418
8497,968,55,13360
12468,4561,35,30549
9534,2075,27,44396
27511,4978,86,29425
10425,3228,48,14854
15776,4764,34,25395
2079,4538,33,26212
6019,4,24,48886
8734,4282,65,10416
28980,4502,24,23232
29533,2191,90,11560
12680,2688,31,4045
20314,2335,85,20748
5845,4462,53,20181
5968,2314,48,47680
2473,1531,16,27338
1432,1636,39,33471
17308,1798,63,6711
7235,3234,67,43647
281,4691,28,13040
14524,2948,35,48395
24804,1672,20,41171
18617,883,78,3459
20390,1768,38,28494
26942,1441,53,33615
20270,2097,60,47078
14055,2824,34,32825
4378,1067,72,9301
2833,165,32,18459
17638,1120,38,2602
17040,4350,80,36058
7722,1820,92,45465
21691,938,37,8261
15731,4173,45,17038
1915,1872,1,37189
17762,634,86,45210
29857,440,13,10324
7095,4789,55,42064
959,1479,16,24538
29730,4667,59,37534
7988,4955,61,42013
21149,4649,11,42542
24396,3267,15,10627
24566,2942,100,47630
16579,124,6,30705
26384,4382,6,19462
4107,933,65,39773
26088,2347,76,11518
8163,1618,40,14242
15713,4998,35,5745
8792,515,40,28731
25868,4327,86,45147
29989,2041,21,6057
8813,2079,44,17541
10220,2546,62,47204
7051,2425,48,3147
16954,4249,21,47040
9931,1942,56,22421
6252,2223,6,7806
14198,2677,68,31992
24567,3048,70,10388
7910,471,17,39597
21218,3533,41,1533
16601,3947,5,49386
28708,4385,1,19614
28956,3604,89,8705
17448,471,53,14500
11116,574,14,7733
7257,3292,13,47373
5765,237,63,13044
26246,569,90,45893
19842,1441,95,25215
23124,906,69,30862
27589,4278,62,27529
11919,2198,41,47184
7547,545,94,3710
4054,1274,22,9640
7360,1147,9,44098
4148,4813,65,25695
28749,164,37,1417
17143,3624,68,29795
25401,1884,13,1489
4648,1165,82,4768
26718,3287,87,18668
4155,2149,88,37854
21188,760,59,44344
5104,3990,46,13643
12438,2216,75,2753
7274,4038,84,28049
23554,3981,46,12215
4400,4394,27,41415
395,3357,80,20512
14334,1433,27,13918
11031,1110,100,45011
27900,1091,13,47978
11565,815,97,34870
3378,309,37,5406
20829,348,64,38368
21679,4045,26,17478
18444,816,80,5740
19981,25,64,41579
24111,20,47,46467
6296,3085,73,35898
6823,2674,7,47140
28832,2280,33,46714
25213,96,2,14566
6767,4758,56,43965
1765,3619,32,5489
29513,3965,13,19495
23191,4033,31,38854
22626,4959,59,35171
26518,671,65,3472
4895,2814,30,2535
21646,4327,78,48169
2415,1445,59,6756
28488,4884,47,31256
3071,3712,34,45190
18425,3233,32,44577
6185,1048,46,8506
24538,3973,96,35305
5783,3421,70,8141
27956,4608,69,25537
16042,1213,59,16114
9159,4438,30,49359
21751,2378,20,22495
10049,1992,42,15138
5741,2585,47,28863
18751,1896,98,14051
5912,807,1,43303
4199,3436,58,27919
17201,4154,14,12848
398,1530,55,27211
10721,878,67,45713
19958,4114,52,39437
29974,2724,25,48310
2671,2929,49,29613
11131,701,96,44243
7527,4245,41,45312
14292,4240,27,21467
21446,3119,13,6815
24299,4285,61,39936
18521,1888,97,5894
12484,3053,91,26972
18456,2029,4,9036
22343,2655,9,1059
784,3416,60,4320
8271,4567,21,32592
18373,3557,43,21724
592,901,93,27384
29080,86,81,26325
28475,166,26,1610
9736,4821,14,28132
1043,3527,55,33195
20318,2105,50,42230
8722,2767,42,24772
19352,3934,9,30686
25428,129,44,27814
24164,3527,68,49632
13293,100,5,39993
27766,361,96,13477
17346,4481,19,34218
12853,1316,2,28921
4537,3943,6,21488
18194,4173,25,22734
4290,2291,28,10633
2870,4103,32,41245
16331,3877,78,4390
5740,3161,23,18720
22107,3279,56,25585
28013,1087,100,40538
17177,3809,15,25292
8205,4234,65,12044
15810,2151,100,16313
16148,2895,24,18566
6289,4963,44,45110
17955,853,63,41311
13832,1249,51,5923
28818,1594,79,7784
9212,836,31,36718
23676,4357,25,16682
19405,3522,35,14343
18727,4351,48,26852
9379,3576,65,44413
25153,3586,70,49186
4642,4632,51,47905
1347,1403,35,44803
17377,2136,40,17238
10460,4906,88,16575
5162,76,22,33155
6783,3425,95,36951
6151,274,72,21723
2654,301,70,31203
25163,2476,60,37837
27373,1567,89,38354
29098,2156,62,37087
27360,886,50,42182
26591,1206,65,9579
6046,445,54,12255
1891,3021,62,10942
21055,2105,35,14346
8069,3809,62,9531
24952,1921,45,14640
11185,1857,76,43742
1811,2079,64,49830
2576,1276,65,31500
4634,3081,50,49733
20820,826,72,12442
21892,306,75,12428
7245,2842,43,2763
18130,4495,57,39074
9948,712,59,15696
28780,2740,57,30130
25508,2180,49,26023
5401,1699,55,46111
4906,2312,15,32097
28908,2516,71,9650
4223,1017,2,37026
8961,3295,91,7485
19543,3391,80,11647
7060,1665,8,42007
6339,3003,5,28759
2335,3823,41,5326
4191,4755,93,12620
20480,1188,9,13333
11927,1568,93,37868
14724,3659,6,2489
28380,4057,12,4642
19348,4455,5,31578
10992,3932,28,12491
24748,4903,65,19964
22302,4219,90,47160
14287,1278,52,44983
26489,4258,18,11795
10836,570,26,48056
21609,1369,82,49509
4433,4880,84,5474
28314,1111,25,39241
18918,892,61,37651
14516,4483,62,47984
29448,2659,91,41766
8093,2708,3,22804
1340,1746,14,49124
8654,4639,90,5063
1980,4175,22,39066
6427,454,53,39958
12654,1325,61,41844
19511,782,79,1692
19613,92,14,14435
468,4150,93,14204
21398,341,24,25954
29182,3174,42,13798
28661,1419,81,11908
5353,2293,22,32509
27504,440,66,46150
14087,294,57,48021
8250,4827,61,30371
16941,583,56,19479
11201,3628,24,35388
28988,4431,97,43591
25246,430,4,17735
27488,4434,87,12543
16725,3032,4,4586
10999,4049,87,24282
8677,4293,22,47259
2691,3591,28,7160
10673,2362,13,27960
14942,4395,76,49188
3960,820,28,38589
16105,3699,13,34889
14481,4281,71,15167
7994,1739,10,26904
1495,2675,91,11039
24954,2541,2,42282
2539,3089,77,12239
14996,1409,82,28704
9096,3511,56,8600
5953,4002,47,49648
25229,2453,58,40487
18842,1573,100,47541
14859,1067,95,13328
16913,312,88,8474
12578,4639,84,39517
14037,2902,6,28893
6798,4887,75,30652
8043,177,17,24932
17588,4312,91,35202
11964,2329,23,4816
22645,3667,46,37924
24740,2935,16,41454
19878,3089,10,11776
21785,3368,52,27448
1516,760,42,18845
27784,3732,37,38525
18305,1517,47,15065
14836,4435,9,34923
10500,3128,73,6539
12033,4997,65,40513
15765,1330,20,49550
7511,2549,91,18265
11752,4193,30,13742
12326,4178,66,14076
12654,1620,84,14107
24471,1413,28,35577
11668,59,29,38761
398,1532,99,37518
14746,4132,74,5148
28734,4802,76,6329
9148,4587,83,45344
2283,2178,61,22945
21581,1282,81,19812
6006,4031,58,11698
12567,4237,71,36280
15743,527,67,3639
8395,2338,85,22119
15485,104,75,26446
4262,971,13,5681
13569,1082,77,8014
26771,1439,49,28899
25782,2700,74,13277
29551,2580,97,20461
21397,3339,100,28043
11861,2576,43,23685
13723,4712,84,15144
19950,3110,32,17954
21999,439,81,17855
343,3801,64,33376
24171,4611,13,22593
20742,1487,29,3739
890,2256,45,43994
27186,4750,11,4858
13691,3994,87,45989
9290,333,3,33383
6618,3773,78,24230
14724,4816,86,8512
5862,3205,77,38343
16002,4053,47,24466
2285,3701,29,1108
19245,2331,22,5333
21790,318,68,9321
20857,3602,77,11450
28919,3253,36,39749
8671,4009,33,5013
8087,2427,41,44247
14807,4624,36,30662
2414,2756,21,25795
4427,1028,18,40770
18140,4770,97,1705
16272,4251,46,46992
2914,2053,71,31144
24202,2472,18,38125
5568,621,26,20226
14709,3486,90,41223
19702,2209,71,5999
24309,1808,53,14159
2711,2054,25,18127
29293,74,60,20375
19103,68,59,32314
25039,28,34,46101
20213,3843,49,48958
6153,3431,94,28619
8469,2321,98,23509
7700,385,19,38675
1708,3528,51,11101
20961,1838,90,24761
22837,3798,74,8591
21997,3590,9,20032
20522,1112,97,4413
23164,2945,48,4976
10463,4225,58,7399
28740,1570,7,13070
2301,1764,8,10409
16657,1150,81,46207
2706,2357,76,9126
8090,4577,23,48998
1940,507,30,18775
29026,2647,69,43405
13342,727,45,43392
13935,3973,10,49276
21963,4009,9,45757
5177,4711,56,9191
5391,619,90,6340
3961,4736,21,45826
4310,3604,19,12835
20981,2189,61,27624
23250,3830,14,35979
21958,2302,3,15158
17644,1425,50,42700
11936,4486,85,23079
20981,56,67,5703
16449,3983,49,22289
26418,1327,68,15863
7344,2988,25,45230
15294,4398,96,18678
1573,1051,6,42604
2973,3815,6,44290
10170,2547,92,7051
20173,4689,48,12689
8328,2083,89,44819
15873,911,44,17874
23628,1489,40,26352
15989,2032,26,28852
23290,1571,65,31913
2844,434,89,46230
2480,1362,19,41977
12538,2322,20,49873
13514,1846,56,15953
11497,1800,11,27327
9969,4141,85,3041
16285,251,80,21480
29407,1330,49,32796
8331,2101,17,25597
23495,930,53,41320
27476,2270,5,3467
22592,869,89,15975
6560,1178,30,1303
8007,566,55,36495
10930,548,65,15840
25096,4500,53,6125
7438,1721,46,31997
3595,3969,32,23543
28414,4258,38,3473
16165,1872,29,33925
26781,3074,12,30142
15850,1519,7,12356
4098,3498,46,22423
1977,4183,100,10136
15901,534,48,2054
10071,2322,47,45043
20533,3500,10,11335
28588,1202,48,32041
8963,3682,42,23810
15446,2672,33,24570
5970,2361,58,14442
17835,1818,50,15502
991,1382,64,39667
4857,3980,6,36860
1947,3206,8,46881
11298,2251,55,47743
20895,2205,3,12547
26572,737,21,32211
26775,4781,75,24704
28332,3125,43,10325
13168,4260,26,24428
8131,3385,90,46634
14938,3450,98,32933
7895,585,62,42377
3578,705,64,7966
22062,3323,100,39893
9842,1738,5,39501
2360,1515,12,47506
897,2161,6,46509
24456,2155,21,15094
16770,4890,18,31962
2356,3151,45,6242
5231,4661,70,7145
29947,4150,35,8070
10415,523,85,18716
1821,2400,22,25066
17544,2482,32,38738
26270,498,53,14434
29854,3099,93,29261
18935,4724,8,20676
9268,3175,32,47498
9308,2989,1,1266
22765,922,37,18402
5301,4515,62,4712
13065,1429,83,11371
21805,3373,47,34389
9483,1207,70,39009
4209,4853,38,30109
4191,4723,32,9476
4657,299,15,1687
7191,1754,94,36546
17029,984,17,47389
8842,1386,64,44061
26527,2377,99,2017
17989,4836,100,30557
28,678,51,2455
28519,1757,66,45829
6929,584,56,16414
18552,46,43,30022
9386,4524,1,14753
3044,3937,85,21378
23080,2576,88,11404
12627,122,68,41965
28800,86,66,17097
6728,1392,47,24511
17219,3681,48,21608
11581,4521,38,3110
20546,3287,15,29980
23834,4318,2,42577
27042,3191,98,18517
4026,4194,8,26406
5361,4051,49,35389
5609,1262,65,38546
28279,762,65,12465
11424,4807,98,4727
4377,4378,25,42447
18272,3315,93,28274
7308,1496,25,7262
313,3558,7,33369
26071,3738,25,3488
25508,475,35,1847
95,679,14,46036
7410,100,96,37718
26126,4894,92,17422
28064,4855,46,20722
12545,1142,37,30064
14888,3268,47,44954
21163,2214,8,35766
16350,1887,28,2545
1142,2929,86,3474
26530,3630,92,24130
27311,3679,52,25427
696,4980,38,37033
22866,2814,10,22358
1431,2599,91,12141
9474,4946,93,47450
16772,1487,38,21917
23270,1980,90,2363
21091,36,68,26800
14138,4155,17,9440
12204,215,51,19489
10186,2736,50,2974
18612,764,77,3077
10211,1906,72,37803
29743,240,37,2827
6870,1215,88,31139
15473,278,30,12840
20847,2711,13,18755
2290,949,71,6424
28582,1931,64,38761
10414,4164,72,41106
19626,2135,81,39648
4953,468,65,32336
12342,3591,90,42441
23335,737,76,4221
3157,2796,57,26040
29180,1570,96,19552
24359,3567,37,34684
17428,3710,2,49560
16412,2542,57,36244
20146,1774,77,23209
6649,4425,14,38456
26204,379,91,24940
6752,2116,97,4273
12818,2098,8,24226
21235,337,29,36473
25771,2295,13,41155
6915,2371,29,12714
1281,1056,54,25306
4510,819,7,5567
3721,885,69,14152
16603,2152,69,10353
18260,1881,81,46704
2334,376,23,43016
1202,2252,62,46677
15424,3789,72,11402
23844,645,26,1132
17781,1958,54,49067
8645,2558,4,26196
23173,3630,73,1594
2596,3923,77,44737
16240,1723,41,20196
8974,1494,25,39792
25127,2021,31,22642
10754,772,45,13398
21,3257,8,49333
20003,4248,54,48115
9017,3716,69,15585
20325,3914,41,26253
25975,397,95,29851
25905,1773,80,26780
11119,1044,34,29988
17051,3002,5,29550
20488,2832,25,44939
6118,2696,53,25996
22866,4802,97,5424
29180,4978,33,11050
27361,4712,59,41612
148,1104,31,21578
5601,1193,22,44803
28139,2496,91,29435
17846,191,49,3692
2963,3959,80,16774
10361,680,17,42532
11960,3245,22,6384
11502,3119,89,32735
27940,1520,86,46384
10775,755,65,22239
10126,2691,99,19764
5295,477,45,46125
18959,3301,87,12686
25265,2883,36,44517
2822,2169,11,14629
14481,1767,9,25980
22514,3815,29,4306
27319,452,55,13620
20678,2635,26,10544
5479,896,53,11498
29623,1854,66,44158
14369,4691,57,24181
15951,912,58,14235
9775,571,15,28495
1433,82,60,7131
7515,2943,74,22853
18977,3742,78,36929
11759,3306,31,41126
20650,848,58,27966
2079,1558,31,16647
8166,761,13,40438
20248,2592,100,22582
21037,3835,23,6235
13708,4780,65,25432
28258,1685,10,19093
15937,311,11,49490
6989,7,43,43044
8054,4593,89,38990
19573,3343,80,11930
6844,1679,4,17356
29024,1579,18,7437
7353,2904,3,6612
25142,2030,93,6354
3007,1104,76,13660
10985,4774,32,21983
3116,4420,18,5433
2837,3966,48,24161
23626,99,21,45041
26451,1861,42,44227
20962,3893,25,12870
12496,1160,97,48792
23228,141,33,41614
14169,212,6,17434
21342,3935,62,20354
21384,4051,60,41172
26641,4136,36,38051
25337,333,77,3488
18027,159,58,20415
7030,3487,83,9621
10436,4478,70,9447
20101,925,16,39981
13582,3528,79,34192
24902,2763,99,16526
200,2794,24,35215
20882,2878,33,8330
27987,3691,87,9585
27453,3461,57,5195
238,4642,28,32618
18944,1139,89,45847
3994,665,67,6969
4677,775,87,33142
26435,2261,85,38529
12071,1576,88,6707
6635,2803,57,22038
257,3200,59,4454
4876,4068,44,34160
20186,421,39,9938
12912,2250,67,15320
22293,834,45,16681
10235,1546,1,15736
434,4674,33,22495
12633,2443,55,18050
20295,3270,15,26647
15686,1247,91,34382
7898,2638,6,29898
16580,2566,84,49083
9697,2254,62,33117
22193,4352,78,17251
28714,3222,25,26121
4472,2973,98,39409
30000,1489,41,11628
9491,4685,51,44207
12712,3015,37,32169
6823,1975,57,10263
25641,516,70,47995
14858,538,19,5234
8063,4089,88,7471
16172,3774,68,38352
6049,425,24,17885
8946,1946,95,49194
23701,3730,64,44710
18727,3923,39,11470
25866,2934,50,21148
28164,3521,22,37706
18693,3395,100,32476
26668,3801,42,14011
29384,2071,30,42264
8322,2648,5,11691
4614,14,76,31719
20755,3619,67,9114
13128,2911,45,30145
28745,1769,34,34699
26424,2009,88,20717
15492,4696,2,22712
12240,2087,14,20845
18938,2036,65,39470
25230,2584,64,34096
8690,3207,69,21311
14909,4628,2,19102
25249,4577,90,38202
20755,995,18,34968
29612,1078,43,33939
15033,1888,21,28663
28070,412,75,45241
22359,3473,55,41584
17317,2661,37,48372
15838,4741,98,40933
5702,2708,2,43687
28006,327,93,29805
18651,408,93,19892
13231,2946,68,9565
15163,1460,71,6221
11266,200,53,27453
16784,989,83,7934
3969,4665,43,9558
17116,4230,16,10230
27128,1597,68,21331
26072,1982,78,7387
24799,2514,19,18252
20488,3739,6,31567
21859,3550,86,43968
10556,2637,28,12520
2726,2133,46,37769
7807,566,43,46589
4799,4664,52,27759
18263,1823,62,19817
10746,3696,16,1610
6326,3989,45,13161
29009,2008,37,36480
15455,4184,32,39136
29297,3668,63,21471
9878,1670,14,16409
2583,2862,29,6465
19584,2249,75,2914
8348,108,58,34403
18174,1766,39,11880
25098,1182,19,34098
5906,175,67,9983
17497,139,29,2477
7111,1376,52,23539
22755,2684,29,4411
7188,4200,80,14424
15125,3772,91,33822
8292,3617,37,29382
18263,2748,65,15598
617,1607,14,4809
25118,3629,7,16524
5851,3469,9,19584
12255,3018,34,34094
17344,3879,81,21958
5276,2565,28,34571
755,4375,99,44335
20150,415,75,35757
20585,3223,77,44224
6766,69,86,43764
4367,3971,38,33439
2506,2853,81,28722
15972,803,13,17287
803,894,44,2823
3619,2446,69,3181
5419,471,80,43903
9677,4593,36,42011
610,350,43,10953
24623,2733,49,4920
27431,1199,13,49229
16716,4723,69,38627
12124,1944,86,20886
26074,1579,73,36977
14466,1539,4,17689
1888,477,8,27100
23926,3697,75,12666
28258,2234,14,1437
23803,2859,83,12792
2592,3512,63,31294
7035,3140,78,37723
19457,1431,37,33174
15942,4186,71,49421
2710,1476,43,29972
16369,2584,62,18497
28970,4415,20,17210
21575,4542,96,18228
28626,1370,68,12444
22539,249,24,16894
4161,2914,82,41393
13070,369,98,2940
19737,3952,81,13736
28052,3233,18,20681
5192,2069,58,6507
6049,1131,74,47181
4258,4925,64,25867
29706,4465,75,28076
6923,2117,53,1242
28883,2916,71,27916
7372,3037,17,11507
17860,256,62,30116
23332,3305,18,27926
1113,2894,81,48199
9462,3976,55,29016
1006,4388,22,33074
18698,2329,41,47296
7424,138,51,35994
23248,4963,5,16576
8387,272,94,7368
22488,2883,94,36423
459,3709,54,4241
11218,230,51,28051
23145,2213,2,11816
13945,494,39,34102
4250,1950,8,31861
3716,4465,20,43800
27686,1268,47,19396
11152,4179,37,39734
28280,414,18,33865
5596,4734,55,9162
9787,1959,9,31243
20879,2958,65,46808
12222,1076,39,42489
26762,4497,6,22458
14284,246,100,46509
7432,4014,59,14091
28984,4212,100,31977
634,1560,93,37242
29885,3197,100,2981
4734,3970,100,33665
15144,4190,11,25462
29895,1763,40,7683
22591,645,64,28434
28803,1344,64,33206
20720,1732,41,42166
18021,3710,87,31670
7605,2201,58,15462
28127,4760,43,40563
25370,3253,71,23751
23046,3168,32,8732
2762,3914,67,18007
13622,2566,58,22545
10383,614,60,2436
12786,3152,73,28629
2551,3344,90,47769
18220,3067,35,7388
14519,669,88,12515
20977,3468,71,29180
16414,4315,39,28117
21074,1015,94,31267
794,4149,59,36522
13895,2132,49,27143
15916,1812,50,20890
26724,467,10,19656
24260,2752,84,33646
10381,4039,37,39226
10521,3398,85,36522
16764,1363,24,43771
27679,1670,12,27247
4870,2208,26,11195
4572,3142,58,11843
27234,629,35,8738
19310,2886,73,3574
27369,2167,78,34089
24878,11,14,34073
8659,255,39,24916
27418,3090,36,49635
25344,788,89,19076
12479,3332,62,7428
20126,596,87,35244
18541,1588,82,9062
25884,2318,82,22354
2568,573,22,36422
4540,3031,92,10816
16018,3749,76,32863
10307,1314,42,1582
26092,2092,57,12409
4105,3198,87,13528
12220,435,30,6342
15868,4737,45,21828
10003,1565,82,35053
10223,255,47,16809
21181,4087,26,11478
13932,2846,73,33505
6141,843,14,48153
26364,2192,23,23369
20345,614,33,32850
19710,84,84,37973
14554,17,66,41736
11140,4189,82,37313
9901,1812,79,33370
27054,3212,73,22020
28865,1305,51,40144
13357,3450,45,42247
14944,2471,30,10560
604,2691,73,28931
3584,1450,10,32588
13533,1915,11,9145
21181,3258,29,18705
17619,1763,29,33156
11846,96,90,13547
586,3598,85,10543
1062,3426,82,19345
26695,51,25,25924
6676,4239,56,39688
8551,206,69,40345
2164,3635,16,34715
20911,1600,8,24888
26392,1762,32,26535
18395,4752,96,23461
7525,196,17,31872
3029,1404,18,18554
1759,3033,61,36559
28113,4557,54,40632
11615,28,56,29016
28890,1576,29,37113
15902,4634,80,38105
3832,4387,87,15030
19087,2929,7,30702
27110,4221,29,9380
14241,2765,91,12573
7866,4298,71,33316
29166,4253,17,46399
21220,1860,40,33593
3448,4428,45,3228
21779,4149,2,25300
18539,1493,80,14127
29456,4708,10,31911
25300,3213,70,38907
8693,2035,20,18362
28573,4142,49,40265
29885,3580,4,6252
15852,240,18,28546
1328,3664,90,10036
25959,912,8,6497
27450,4562,47,34402
17955,606,22,1957
1296,2694,69,8345
2072,3410,68,29416
6455,2726,58,27111
21479,1014,87,48754
17809,243,91,44119
10607,2861,67,29237
19020,4504,74,4651
87,4473,5,40528
19503,3825,23,43716
24264,3416,55,10117
23318,715,26,9710
1052,4662,68,25083
6563,3904,93,9943
21301,669,56,36163
1692,2391,40,20280
4251,394,86,47192
7847,2714,32,34959
12308,4093,89,47382
28079,4106,82,18198
6193,4333,94,7582
28252,3076,18,23597
9999,4399,26,27217
7898,2859,99,5169
20236,4264,27,16128
21643,2061,63,35948
10865,4143,76,23861
279,3180,86,22671
29302,602,48,36841
27327,4631,7,36652
22498,3170,61,41301
3936,3390,52,1438
23497,1715,34,22034
6850,987,36,45273
18896,2406,67,11887
7850,4693,68,20227
24709,740,57,12976
12445,4420,22,5465
17727,1413,41,3078
29715,1364,34,26859
5534,2775,59,24877
21221,3729,42,3395
11597,1467,33,48571
7122,2228,23,32314
14114,4674,23,42457
11395,1067,75,2453
1319,95,69,24631
12198,809,2,29118
19438,3489,35,2806
6797,1820,84,47546
26002,1751,52,11399
19467,303,39,48591
8729,677,62,29646
19595,799,93,42115
19095,864,53,28500
10070,1489,11,26792
18773,1234,89,38827
13509,615,100,38948
4482,3681,74,8927
12395,1908,11,3929
20976,4084,95,42195
829,1825,22,48687
29572,125,71,22026
11340,2970,17,38134
717,1972,70,17862
11064,1709,75,47217
7187,2059,55,23389
20196,3726,37,15130
19454,3941,82,44673
29429,3747,90,9235
23857,2251,90,17752
3278,2151,31,32125
29732,3371,55,26765
14720,3390,10,18279
29980,1439,41,44758
19338,2952,33,4367
28126,705,92,49901
8599,1883,1,3280
25855,95,1,31549
28945,2331,35,31028
5231,4257,5,33940
17155,2437,44,32806
25849,4980,63,25741
8742,4329,86,45778
18560,1513,14,26025
10176,1214,96,33462
3601,849,89,30496
20399,2460,68,41146
9652,4283,6,1262
17231,3560,65,1500
29769,260,72,35276
15998,359,82,27870
13417,1053,2,46403
12699,3951,3,33969
12063,4477,62,26046
1608,3618,88,45276
9209,4525,17,4545
9088,454,9,22168
19577,251,19,21371
23336,3323,14,16966
5989,4504,50,32247
9841,3729,68,1454
19550,2900,79,6771
22026,1739,71,24512
4668,904,15,40444
22761,1897,99,29893
15251,157,65,18625
3758,3845,20,21654
13604,3872,94,41040
3264,4668,75,18088
7545,4382,52,12393
15626,4374,85,42221
14820,221,42,14959
18260,1644,87,46059
7879,4225,11,12901
26083,376,36,29568
17735,2209,62,10216
21147,914,44,43366
29768,1350,52,40259
20726,4977,10,10449
13009,1665,82,42645
12730,4617,96,3739
6125,2987,41,41853
3819,805,21,9354
21666,1731,87,2448
17230,1600,66,33158
27249,4177,5,34001
11235,2801,33,16207
21462,4020,67,27327
9406,3227,57,2375
23329,55,17,43483
4212,4599,3,48293
9199,2996,26,26653
24597,1928,66,4415
11525,2651,83,1979
15019,3823,73,39010
25195,840,98,26969
21846,79,1,30455
7829,4264,23,7782
29549,740,89,25257
24673,2270,62,41157
435,1412,5,24910
3200,3993,20,18949
4959,1047,60,4975
17524,4281,33,35116
12569,899,50,26887
5719,4754,39,2294
7805,3452,23,7744
4679,1148,64,9602
29974,4412,76,23632
26082,4240,100,5038
28294,2700,51,49053
1208,452,20,11948
26370,4886,74,13712
28942,1178,89,39815
28493,925,56,34575
17532,1413,61,14773
9394,1701,85,2629
25172,1712,77,35862
27256,2874,71,27069
27286,4157,66,5012
4878,1707,55,26252
11512,4424,72,28288
5407,1082,61,28233
2185,3685,79,46434
23892,191,5,23910
22988,1506,51,16866
11400,3391,6,28889
23227,2342,69,5436
9887,1904,35,11372
547,1512,47,44241
3058,375,47,35996
7063,1806,43,42461
24897,3980,87,14039
25304,1566,84,37935
13312,4911,50,35766
3293,4212,73,40251
7560,1092,65,14776
15766,662,85,7589
309,1866,20,25179
12471,4632,96,21897
18403,4210,21,19352
1633,4048,34,2171
14152,1486,11,43388
20773,4706,14,32076
28305,2294,6,6489
29252,4781,45,4392
16656,80,47,46499
6401,4352,45,30007
22561,3100,65,27448
8225,3820,54,30632
16393,1195,72,34293
14768,3114,76,27443
24119,3958,64,20260
27835,2401,31,29287
1854,3868,99,29527
4039,4685,47,8203
5422,4973,25,6258
10595,1422,32,30656
25158,2691,49,20675
12916,4703,74,27841
2983,2747,51,18559
14060,3486,98,11286
13881,2696,70,28448
8447,1884,68,27764
13760,3326,53,6388
2498,4685,14,42908
17190,1958,48,35709
24630,4974,34,43690
22627,3202,22,29685
8356,4940,82,45806
12808,1896,78,7916
12920,2798,48,20526
9624,3877,64,9584
6664,2675,29,19411
22996,106,17,33484
21215,4787,37,36743
1193,571,77,21701
3563,455,30,25713
5656,606,78,2999
20587,3479,90,49049
26284,3761,19,24707
8646,4338,65,34989
20045,2475,81,7517
17677,2286,86,46791
8184,142,26,39056
8777,4749,70,42879
10781,2475,66,28487
7253,3285,44,15867
11333,4264,30,25047
10482,3154,15,29566
6823,4094,36,49265
12818,983,47,42356
27611,1443,53,26648
2177,3216,32,13920
4434,4313,53,24441
7765,743,37,49926
15953,2800,86,21743
14334,4068,4,1929
5700,4373,66,29455
361,558,23,10760
14468,2291,75,7628
20070,1145,42,13018
4743,3278,74,14224
12675,3562,27,20590
5345,1578,32,4972
18179,122,24,33974
6160,1385,13,39285
5495,1812,13,3280
790,246,6,40324
17482,347,57,31878
29357,1517,7,25935
27630,4623,9,18159
29175,4019,59,38779
26389,3484,62,34720
26164,231,45,29663
23917,3564,91,34272
26196,4697,93,38669
16901,4,89,21351
4583,2533,43,12589
1610,120,85,37892
9932,328,48,6003
19640,1800,54,7093
18213,2384,37,13792
27402,1467,21,36903
2001,3751,83,8649
3838,488,14,15305
2920,4001,41,22682
10303,4024,35,48848
24768,1576,92,43179
25984,1414,68,39549
29614,589,23,15515
2304,2991,62,20251
19762,4630,74,26306
24392,4686,83,21968
6224,1940,3,17638
24637,3237,52,15597
5525,3496,27,19344
21946,4376,6,32780
10150,1169,21,8432
13175,3823,59,3964
14663,287,94,44444
17781,2927,36,3355
3522,777,99,21748
20176,2140,80,29243
21895,2123,15,41837
971,4319,6,48663
13281,1545,33,15303
29319,1535,19,32141
24124,320,11,12848
12175,1791,61,27173
16792,4376,61,22428
7121,1764,94,18374
5031,3512,1,49674
29111,387,46,28248
21189,3099,87,6009
17531,3325,9,40661
15346,3501,70,42062
5889,723,85,33425
11046,3213,5,48742
1498,2498,18,7646
2316,1374,75,25997
20455,613,91,22344
6194,2674,72,47182
1010,2657,76,32579
10798,2169,39,39576
17206,4192,55,22941
25559,3856,80,12651
6093,4869,42,39867
10106,4971,74,40023
14552,4119,70,19116
13396,3420,96,18549
11599,936,32,1301
7927,154,72,11532
13966,4734,28,33032
21324,4835,16,46109
9135,3227,42,34397
20275,4521,11,32318
11111,3371,91,13464
4796,2829,3,16754
20599,94,13,21669
1698,4080,68,38525
5074,2755,55,16824
27822,1867,76,38507
9916,1538,59,48729
27813,3358,77,24220
1609,3666,58,5297
11801,44,52,16874
13048,4697,58,20586
10391,1058,67,45773
23452,2747,14,49520
16600,4618,79,49445
5437,4924,84,7260
19467,4671,31,1063
5411,583,67,2758
26598,3605,87,36987
6319,1449,67,13623
16347,2159,23,15575
9189,4514,74,33823
5906,4890,87,43795
3520,4920,41,10145
5536,4767,3,15634
1796,2138,45,19938
1284,2635,84,37323
1611,3605,40,42480
6564,2343,61,13293
21447,4821,13,37126
11016,4105,98,45022
26035,2390,73,3758
10517,3903,55,20692
7034,4196,76,16326
15610,2348,59,40297
4366,4495,36,41218
6710,2365,90,19856
9105,4966,58,39879
4299,3087,99,11195
27794,428,97,5908
1789,677,81,40882
6802,2363,25,9021
17108,3325,36,35713
9267,1942,89,40707
18546,4754,55,32663
6304,3858,73,39412
25139,1663,13,38950
18665,2114,53,5299
9757,423,33,30577
19602,4120,9,41797
23368,2577,70,20730
23542,803,29,5099
24698,2149,20,4616
9961,675,22,7223
14655,4277,63,5304
7978,1847,24,47573
891,3007,19,36419
22151,2435,56,49022
16320,2714,86,46805
5021,3810,36,6066
10304,2205,85,39074
17465,3651,33,31375
24977,1639,47,25763
29157,4961,25,12110
27897,1920,65,44978
8200,1801,67,23400
11485,1696,61,47394
17945,4797,13,1330
18288,3566,79,42361
28283,2840,20,33763
19910,3984,71,21551
19267,948,20,48818
2225,4064,93,7766
29302,1502,25,3686
23794,1873,24,14340
8121,4955,38,5239
18258,799,96,17428
11526,4394,39,45344
20164,1151,16,33942
12306,4414,1,39917
17321,4349,78,10857
27483,3189,30,3065
17556,3632,72,33641
22257,1001,30,23275
2283,4708,92,27793
1463,465,21,16038
1759,1496,38,4540
14314,2396,59,40042
24552,10,12,15487
24089,330,51,9394
13525,1077,88,24808
4726,78,21,20770
3204,3684,79,2215
21381,92,88,20757
9860,4226,93,38778
22950,2983,2,39970
3126,2634,64,27432
21956,2416,6,35326
8973,1780,9,24889
1743,1537,20,32590
19411,3764,26,9869
17672,3667,62,48462
4025,4541,23,14728
27366,3180,24,45092
3096,4920,90,11257
22677,241,85,22878
4841,3326,48,27986
7666,840,59,48523
25564,963,71,27967
12924,1734,73,43833
17422,2585,68,16394
17713,1909,11,18332
13471,1861,11,25701
19697,2710,16,21813
6394,1565,46,26029
26615,2733,59,23783
16011,225,50,46058
24950,337,40,24125
1206,4506,7,20880
2298,3120,52,11069
7038,4919,84,12801
4741,2734,38,29891
3697,2082,36,47220
10978,2808,84,33078
8558,680,28,23705
25199,2670,17,17410
12847,296,58,11125
20724,1664,17,23635
18869,4614,96,30556
5438,4420,36,4975
12096,2902,11,42692
4822,4365,79,34223
11114,3573,74,17542
24076,4895,12,7779
14434,4376,96,6702
16601,4464,69,46533
25473,512,85,23605
7749,4161,56,12787
24864,1947,80,15581
2753,1009,96,34486
12703,2748,34,19219
29028,2276,70,25529
20985,304,62,15403
6711,48,56,3700
8119,997,56,18065
2453,4864,89,1624
29255,1394,94,9498
12443,1397,17,41829
12279,953,67,42770
6929,3696,91,31635
23914,4620,8,2926
1190,479,100,8145
28101,1242,23,4715
10859,3985,12,48713
8324,303,50,44494
2898,4720,43,27059
21469,1671,35,28403
20144,3892,84,30836
1444,831,46,5383
23941,362,10,17508
8107,855,76,40110
3489,2012,89,18869
22618,4595,13,14707
11145,3172,46,27084
20084,2903,21,5710
8866,1288,18,40556
29916,3123,91,16798
27045,4880,51,8092
29232,3113,52,7469
13484,1475,28,30127
1225,3061,73,23335
24883,3580,64,5454
11768,859,15,19767
12113,1562,34,10124
10358,2369,75,48056
17870,3222,75,7891
8857,4207,94,48611
1668,2890,53,42900
16042,2036,38,36080
10103,341,36,47580
2217,1344,96,25994
19805,1337,44,21227
22158,2881,9,4321
27136,4413,36,43082
17614,1908,26,48220
22402,3962,23,6017
14820,1229,27,16546
15324,720,96,46411
17615,919,30,29006
21238,3783,72,42508
20078,465,67,37219
24445,3652,71,43592
8930,3587,93,13347
29079,2593,14,37443
26334,886,86,47960
486,925,77,25928
18339,2491,37,42240
14812,16,24,17771
18487,4175,46,20048
27728,3422,56,39929
14969,4665,12,33199
2699,1495,24,34316
19190,298,77,22698
206,228,22,4573
24113,4072,61,20033
29235,309,96,24583
1977,4089,77,14576
15368,2885,3,1815
21861,115,38,2535
652,967,14,16467
19918,3029,87,47003
14663,3437,27,30688
14782,823,91,42207
1589,454,41,27279
25381,1350,66,10231
28990,1231,43,17673
9165,3808,36,27565
7795,1300,97,6556
20003,4769,99,33373
29845,3963,41,34879
27498,18,55,20591
7272,1850,2,13395
20764,1287,74,36102
14529,4439,32,3636
9848,3190,30,2630
27191,2442,100,2367
8241,2667,100,22677
10643,4252,17,20390
2464,952,72,1308
2987,2489,28,38442
1297,3879,66,45091
4838,3541,19,12439
23191,1854,45,46357
1471,2229,12,34260
4751,2713,11,17311
13740,4826,36,25546
29354,3033,73,34889
8007,4935,42,26798
15829,2389,19,42870
19703,458,25,30873
15837,3198,86,6018
28569,1360,68,8090
5221,2743,6,15695
2303,4713,47,6145
10071,2269,75,29332
22500,4907,81,25296
29797,3334,79,4283
5180,2012,32,20614
191,4668,18,32774
644,4302,85,24432
3341,2490,18,18957
28216,4401,61,4528
17071,1700,47,32670
12204,3755,41,14356
5012,3475,63,36871
16016,3035,15,3249
8366,3648,55,30553
22890,598,69,13080
15616,480,30,38518
20638,1317,72,10785
5981,1109,72,2841
19523,1430,37,2240
29678,2855,88,18389
16133,3230,41,6416
6677,3741,56,10949
1457,1838,21,45655
12298,3563,94,30611
2498,1123,34,19040
4749,4062,31,32273
29742,3099,100,1820
17869,3079,26,44206
13037,3075,58,20102
28232,1322,75,23405
23875,1040,11,13615
22698,2444,92,48789
23756,80,20,49968
5161,2618,77,17167
12772,2044,33,33729
27042,4434,3,45620
28631,2462,77,42391
29178,1966,92,26897
29995,3116,65,8557
21570,56,35,5046
9824,1720,73,12213
15070,3214,45,4651
4078,551,28,44207
4426,4450,2,43686
6763,389,99,28138
28515,2358,11,31698
19970,541,53,19128
15518,1293,59,27074
17932,1658,48,9232
28409,2732,22,17303
2741,270,38,39078
18792,4006,52,12519
13523,3925,1,25683
12070,3060,44,3811
748,319,43,38992
9768,1580,24,26683
28482,2278,94,15683
19585,1952,56,22743
29627,3792,50,13341
16331,3862,71,4931
3234,1538,24,9924
5650,3289,26,6472
7111,4901,26,49898
25755,642,93,6910
4735,4065,61,23143
4518,4886,53,48002
15291,4070,23,20376
15494,530,81,43682
5593,2505,6,10362
2551,1652,9,41294
4393,2337,62,28276
7922,315,27,48207
17040,4277,97,25231
4685,2988,49,16814
27547,1180,35,8564
18849,4838,77,33851
28937,2021,12,36785
28202,841,34,17766
28569,2101,3,42941
14872,2223,18,13655
13960,3729,95,43213
27977,3885,15,13930
23276,779,21,11583
12162,2005,47,19105
709,406,49,42644
612,1894,67,46257
10596,4744,2,14482
19811,3278,47,23958
11512,1474,13,48781
5268,1908,74,2731
27382,156,97,21640
19193,3579,28,35689
3473,1830,77,21814
9771,2048,2,28179
16672,4946,3,39956
10468,2689,53,47639
6844,882,33,7433
7539,2598,6,47807
362,352,25,2431
22404,4389,3,25161
24327,446,26,34948
21618,3708,91,47277
3817,4204,66,32841
4105,893,13,1085
7114,1477,6,15762
9525,712,15,27985
15186,4204,36,31831
14307,715,49,33565
10081,4548,49,6307
3818,3442,66,18456
18774,1094,26,4755
2127,2923,53,41194
3368,319,39,17184
14206,2839,20,21123
5956,2052,94,5410
6775,3705,85,34241
29365,4970,57,41194
9753,4009,24,2982
21301,3584,53,30618
29668,443,58,2914
7282,837,4,12554
23358,2077,10,5950
137,615,72,9441
13648,4480,30,31197
22907,1005,7,17263
22767,4631,85,45164
15795,2239,80,3773
26198,2892,67,25282
24116,731,97,29559
12839,87,69,14201
27747,3349,53,27616
14658,3787,39,19303
27946,1565,69,35653
7636,4296,81,5288
24300,1441,34,4717
10374,255,49,38823
12944,3066,42,29213
19601,461,21,39463
10749,4758,98,26199
7499,3926,30,38098
27913,1652,3,14630
157,2703,64,9558
9343,1697,26,3831
9337,2437,65,33125
13151,4692,98,34539
26366,2730,69,4779
2319,803,29,27325
16342,4558,40,47508
24837,4032,56,18867
8281,297,69,16205
9157,350,96,7559
13995,2439,8,11526
29365,304,12,7618
1477,2220,53,24036
21286,2098,39,15300
6335,4375,19,3153
4870,1424,12,46362
13031,747,29,19006
3925,1709,25,44275
20110,235,59,39464
21819,1935,94,35408
8110,4914,64,22123
23031,2113,22,20842
8531,4600,74,15654
6183,4326,46,33613
10289,4923,92,32716
5603,3542,47,46784
2503,3633,61,15354
3918,106,16,19471
28181,847,41,46531
244,3737,83,39591
13719,4264,58,42629
5152,3424,54,5124
14292,3719,29,43574
22725,4891,92,12815
10852,4054,15,49916
13354,2377,17,40861
8641,82,28,18676
10807,415,16,45248
6216,3092,99,24430
14400,2639,40,14607
4166,1599,55,1764
28750,1908,41,41754
14026,2968,21,12648
17467,918,86,10811
106,1807,39,39957
850,111,14,25019
8621,4486,88,12171
17903,4768,85,24721
2014,3601,59,44866
6394,834,10,6441
21123,1957,12,26772
29125,2077,16,21216
6196,2736,13,37412
28482,1155,99,19342
19990,4231,15,27442
16373,4154,90,20867
24460,2290,57,45760
1671,1753,66,8318
28469,2494,99,26482
20706,4787,28,10729
12241,1107,83,35215
20462,3978,12,39080
4517,3555,53,23442
28760,244,41,39340
18242,4883,29,27265
16430,3620,84,16130
12709,3070,30,17434
6760,2217,17,12547
8196,1381,64,13670
11033,4245,69,13577
27478,2483,34,39190
18719,505,89,25911
27324,4721,13,35085
12225,1721,34,21953
28171,370,24,2640
25366,3814,69,40570
20696,3968,34,45219
24483,194,15,38285
6700,4775,72,28654
23923,4592,29,42937
26663,1632,9,33258
12962,3918,70,3254
22639,4011,28,27619
18568,1603,72,40238
21858,247,8,48256
27666,4062,33,46980
15057,4305,91,48510
13422,1528,64,49662
4214,1653,48,17149
17306,1393,81,38518
12806,3771,72,20917
26740,4178,72,12782
3005,3708,9,37067
28600,1371,77,30892
17097,176,75,17246
6140,4881,89,48709
25171,2955,95,47040
10654,1551,85,41700
3500,4407,89,34749
2629,30,13,4320
28498,84,67,46698
12695,9,88,7020
2854,3971,29,9150
12253,1392,41,25992
1509,1350,76,45785
26206,1588,92,37211
15931,4083,87,22391
12669,2641,67,16036
18408,1436,69,16108
8337,195,31,24077
20345,2013,45,25572
8145,1161,74,5205
26817,2691,83,43547
1714,904,79,36485
7750,497,97,6936
2458,1186,33,44080
8907,1541,63,7454
28751,747,37,33428
710,3074,54,49871
9925,4439,85,22532
11051,1353,48,19636
14979,874,17,20467
22122,1767,74,19377
19440,509,36,49800
10453,3737,79,1620
10853,3859,24,17881
19554,2889,33,13344
9885,3873,28,41735
17714,4114,61,22554
16527,1172,13,8212
13484,2283,74,44232
8524,4746,8,15648
21002,2469,72,6748
21578,3870,93,18361
13260,2018,30,46370
1712,2417,100,14905
4399,130,81,44990
2617,253,68,27465
14090,827,10,35422
2703,4432,48,35689
8908,77,56,33004
6675,915,6,38653
29506,246,68,20050
27864,4371,95,18599
23664,3217,68,27234
26884,2797,72,3558
29385,3541,98,11050
19706,4637,65,10702
6217,3795,99,32197
4494,3000,78,29976
8896,3985,75,18882
10852,1486,90,46576
1457,397,85,2894
9838,1105,83,16993
7331,2892,3,28223
19245,562,74,15932
3872,1622,3,46767
2603,2440,5,26088
13535,2676,93,47931
13981,4549,23,31131
1168,859,67,9034
17259,2053,43,21865
12210,1574,40,39150
29429,3552,47,8037
18668,4970,91,44635
27117,2275,44,14974
28764,4537,55,4306
4730,3636,100,14365
15829,2796,4,41542
24220,3730,62,32977
10585,3290,26,27825
15607,2556,67,6609
26197,1185,79,26037
21732,2858,16,7835
21081,4367,32,45550
8519,2895,85,30799
12987,2614,14,35416
7552,2352,44,4257
3436,2848,92,27396
1839,4564,96,42916
28956,3057,4,10494
15143,432,10,3993
20347,1368,65,12963
4929,3526,85,4657
6617,2458,91,24957
29821,2166,98,16854
81,2326,51,13869
5051,1848,2,30928
7801,4195,38,5458
16292,636,81,32694
10813,4903,28,48629
3191,2686,49,3862
12013,2120,39,44722
11132,3515,88,20694
10291,3186,45,29632
3564,2512,61,35188
28712,1731,21,33337
3380,2412,28,40537
22705,2106,39,38600
5135,1138,90,30790
8803,3540,84,12118
1207,1851,32,11083
11620,887,3,17469
28248,4944,54,42893
2090,4493,93,32117
14082,3188,1,39479
26373,1921,70,5448
6087,4689,83,42698
6583,3816,1,26981
9825,4938,21,11662
28644,4770,61,35639
22631,4449,48,3921
12391,4798,65,24505
15238,924,27,10702
28280,4705,42,45145
15475,1344,2,27086
16526,2582,95,5643
4189,4985,33,43965
4969,2531,96,10090
17347,4844,4,10937
29578,1427,53,39745
38,1427,90,4499
21406,1096,9,20106
14572,584,32,19807
5001,196,100,2729
20333,4802,60,1425
16082,1584,47,36505
5719,3831,65,3294
23066,289,43,41377
25699,4574,25,24753
23592,2820,15,31433
29556,3133,64,16114
17717,4912,5,15941
7577,1280,100,5996
20490,2568,77,36503
476,3736,86,31523
12455,216,18,1321
12495,1152,24,15687
7627,4091,14,20921
26063,560,77,44814
3362,3561,55,45726
17899,681,89,22712
24272,4534,51,31213
10787,4790,44,13919
3487,1510,71,26003
14556,3155,30,20842
28977,2049,4,39495
25297,1539,2,44588
13567,1862,54,46520
23938,1666,71,32843
23984,2769,49,29974
21282,3393,14,15782
8868,4218,63,2594
17299,887,63,18783
26083,3281,50,1651
4559,470,97,36148
2707,2846,35,25688
20560,1394,21,11467
16592,1061,76,17068
10548,2319,44,10859
15328,2822,39,12870
4791,3044,26,43830
4944,2589,97,20874
8887,3535,16,21516
28136,3216,18,33267
9521,2919,3,38164
1803,651,18,19546
13210,2412,40,39621
28492,3372,56,2407
16300,575,40,13850
20758,3881,43,13786
29762,2073,45,29724
6657,1263,25,34787
24663,1462,14,25815
8222,3515,46,8399
27921,3761,47,17788
23337,3662,99,5064
21160,3508,50,12445
6697,4902,18,17373
12021,197,15,9894
6803,1349,25,43120
7742,3954,15,20146
17225,1713,12,23701
5357,4875,25,39781
17703,1960,47,27840
29016,4623,64,11732
9736,4932,31,23406
11909,3508,10,41726
23875,2115,78,44592
2538,1172,71,26059
25832,726,65,45820
21973,2860,47,11740
761,2099,13,31703
12992,3662,47,48034
23136,2593,57,25618
18995,2078,19,14385
25533,77,82,45662
18189,3377,32,21916
6730,3396,59,44278
6573,4095,17,29317
11424,3914,39,32545
29743,3167,17,47220
22591,1281,11,11906
7882,3521,80,47247
18995,4093,46,5692
26364,849,11,14686
20216,3067,3,19701
374,4695,11,6628
5635,4175,96,7691
4233,582,92,26857
22389,4326,45,40249
16765,2856,10,46629
4871,4402,5,28330
24498,1847,97,13678
13289,4043,64,19487
13646,346,65,44428
11412,3569,75,24578
13204,4736,28,13288
16046,3584,27,33022
23184,2465,72,22572
9247,4592,24,30241
11839,4751,86,29910
22345,4694,65,4085
25645,3023,2,18350
8490,1666,89,20090
12910,3756,69,41352
19879,2839,3,2871
26339,4783,28,46577
13434,1099,27,26808
6417,1068,86,25606
12943,2643,31,14894
13061,4493,42,38906
13289,245,53,11600
10090,3704,23,18962
23538,1311,64,39783
28604,2771,17,4922
23695,767,77,18078
3328,3055,39,28988
27586,700,79,23756
14943,1705,43,39348
23380,71,70,31417
8264,4501,3,34666
2950,4021,27,38983
29642,346,15,25000
11007,574,87,26545
11076,280,37,49860
21571,1733,20,1957
26298,281,94,34499
75,3076,79,30036
26590,660,11,16451
7297,3875,89,23512
19615,798,4,7266
28834,4830,43,9223
19659,4441,87,49937
26088,365,21,43340
8878,4142,36,19476
11425,3851,20,23961
22579,4658,29,37509
14599,2469,39,17440
19352,2013,26,30832
11767,1141,45,23098
1326,4710,82,45951
13034,4130,66,12862
4391,3868,28,28289
7385,2477,9,7853
11521,2620,91,28051
5462,2869,4,48283
16479,4752,73,30849
28861,1950,82,47885
25802,1828,100,2379
13192,1887,23,49128
5849,1685,84,36014
28906,353,69,34624
19955,2559,58,13294
3298,4991,67,3778
7015,1221,75,44831
9515,3906,56,14507
18986,3423,17,27258
28320,2903,48,45091
24729,4875,74,2190
7356,3864,85,6656
18773,4737,45,7859
22630,899,81,23549
21856,3794,37,1309
16498,591,51,46143
28266,2353,29,39387
25753,1661,14,8574
2951,299,51,41065
17836,129,64,21486
23416,2638,57,15621
21936,1020,89,17487
26684,1062,47,38031
23272,194,7,1277
21214,2779,49,25234
6124,4407,61,22054
2380,2821,81,42712
24850,2664,33,12816
10923,2526,12,7015
26159,2723,61,32068
9998,3875,35,13873
12337,665,38,43226
7482,3231,27,46475
28432,859,46,17560
8384,2657,95,48733
5103,2260,45,20850
10480,315,92,18036
617,1783,8,40443
29858,1404,62,27732
112,1839,72,21772
26221,2793,34,48995
20566,3719,11,25160
2712,3317,13,8838
4796,3951,30,8055
4593,4549,15,42662
15816,3802,92,1759
5925,2285,94,5602
22661,3106,36,1180
25143,2257,82,1916
7046,1243,74,7477
9111,2829,46,44461
21696,2617,87,10679
4163,1938,25,29360
25166,1277,1,37408
21304,880,49,6545
8703,3690,76,49390
6685,2648,96,40645
24086,586,5,4797
14639,90,40,22230
28133,1620,4,21124
20577,2515,4,5222
12876,4099,47,48864
26903,217,94,20298
25664,4997,33,20493
13484,1295,77,42938
9479,23,59,42230
1780,1942,95,1201
8710,614,65,36348
8199,1391,100,39629
17094,2631,53,9386
13193,1532,45,9757
13421,3070,66,42545
4152,4607,52,31532
9565,651,6,43660
14431,2159,55,38229
18762,1905,9,43381
23520,967,10,2733
18826,4574,78,26773
23393,4756,100,8455
3207,2149,27,47044
9775,2925,76,47392
12822,3707,34,45536
26041,1715,2,43920
6847,2455,56,41246
21084,3636,79,24435
16561,1467,84,13848
1654,766,70,43001
8776,374,15,6771
13213,4104,96,45952
7069,3534,81,20757
14745,4003,97,13866
12992,549,88,31013
28347,3671,30,49502
25635,2284,98,2899
12282,1386,69,11711
15405,4571,84,10536
19523,4639,1,12026
16699,3208,19,4017
15542,1827,84,37654
19494,3788,97,11652
2028,1451,40,32294
27923,1536,27,37657
24361,1696,68,37132
559,262,62,25191
23972,3039,78,23992
10424,2304,92,18382
15265,4768,14,21870
9113,2633,61,17776
16722,4186,30,17844
29106,3235,59,29104
23096,215,23,43041
3059,3724,51,45167
28799,3997,81,3795
19759,34,78,22025
6542,1849,7,27149
9300,1071,90,6441
1081,1969,84,20336
19906,1238,28,9550
22430,938,33,39796
27304,1176,15,49116
1738,401,1,28404
25038,3780,30,41948
8600,4967,19,5845
14005,4281,37,15251
18696,4681,51,11841
22690,475,3,26428
17562,1703,2,30740
29035,1760,12,47235
4966,4563,81,38373
24820,4995,22,5668
16564,3059,3,15810
25896,1314,89,44052
19773,3563,84,40549
21206,92,85,5080
22133,879,12,13394
29488,2856,14,31630
29833,4043,98,38715
20321,4535,24,26973
15077,3106,23,8091
21412,65,96,33972
24110,680,70,46633
19334,2919,3,25142
26084,3149,18,16819
4394,4818,68,32935
29105,682,56,10939
12315,306,36,42278
18778,3306,39,46908
5323,1055,99,22558
28983,4151,21,3821
23240,1145,86,7126
17386,1288,86,2064
25817,1726,70,46273
4878,2334,21,28693
24396,4383,40,34028
27437,2255,72,3351
4731,272,11,27685
24334,1927,67,44998
16503,3228,6,40429
6437,2840,43,10688
5365,4092,33,36758
2537,4160,27,37786
29484,769,18,43700
21674,1027,96,33669
3776,1523,84,38533
129,399,27,8765
29899,3143,4,49856
21536,3527,13,42463
25300,1623,78,18512
15246,4725,51,26760
17105,1345,95,34394
18721,1630,93,44512
28119,5,64,8846
24143,3683,10,8083
228,74,34,26082
7097,2772,62,19721
3989,2673,41,7170
1326,3608,51,29564
23334,221,62,48910
9176,4391,6,12429
9721,3507,8,29642
12606,413,9,9553
23879,1742,80,37222
22169,4971,69,37850
10814,1292,60,42026
24536,2883,37,8362
26888,1317,75,6556
26393,254,53,13629
11913,1975,92,11836
11546,745,73,29191
3630,2912,59,39890
9034,1460,30,32413
2505,3385,7,47128
26119,1922,39,3215
24737,1045,11,2172
29597,3448,45,27305
24488,1098,81,31240
8662,3439,79,20784
22510,4717,12,30596
23351,4171,81,23911
23891,2377,78,45794
7746,1598,45,41445
17801,3740,61,5634
12920,2305,85,20786
233,4135,18,11198
25166,1126,74,13204
5022,4158,97,19487
9023,2440,60,37099
27275,2357,20,9666
4043,1996,78,42741
29037,1927,48,27109
25886,1333,36,48495
1694,1638,7,37074
3491,28,85,20663
8809,1397,87,8293
8483,2005,81,13441
16237,901,59,14997
13424,3063,17,34643
11385,2914,100,28533
14311,4657,54,18297
18012,4074,32,43173
26401,474,30,5189
23872,2202,32,1783
16738,786,85,34325
27596,375,71,40667
6486,547,64,9294
25886,1791,98,32142
24442,3013,76,14842
16243,906,8,47111
27456,2326,46,18966
26585,1636,54,22989
6557,2395,91,33564
15003,1667,86,6023
9051,2441,70,32286
25037,2117,31,18797
16227,4838,96,30101
11489,2543,18,3261
29041,247,34,43137
9036,3094,58,20838
17557,549,84,18918
15838,2920,55,22561
12483,1228,45,24889
6859,2707,53,17148
19773,4614,61,37360
2975,4831,93,5093
8143,2305,5,35443
16044,2596,68,30585
14942,2466,53,25233
25275,893,55,13744
13308,1589,87,45138
20946,537,81,14420
24424,4423,3,18906
3214,3109,10,28889
3802,1558,56,43193
2000,439,90,4607
11865,2467,90,19918
16982,3759,96,1245
16394,1626,49,39853
26111,1656,77,14896
28141,346,74,25866
15231,841,80,38882
18355,3449,2,13748
1999,3775,100,19209
3466,4226,90,1012
24396,278,99,33197
2350,1526,12,40595
20216,3179,1,49573
11531,4139,2,32831
14984,1015,48,25288
2596,1485,92,7208
27734,2243,33,16207
24408,2205,70,24538
16233,535,94,13399
21107,400,36,35109
12914,1810,49,33556
16583,3237,87,45764
850,1840,79,28556
18341,2953,87,4192
25082,2701,43,25127
6264,2231,91,32164
19918,959,25,48384
3442,1752,96,8046
6782,1561,80,22211
12746,2215,65,33005
8669,225,90,9566
12536,2331,53,8398
2189,1789,49,42577
11290,4899,11,11203
15264,1222,13,37473
28147,1659,77,42058
6014,2242,49,13594
21320,3595,18,6201
27172,2098,21,26747
25488,648,84,43388
7472,126,84,24201
10864,254,80,13156
10609,2681,19,32787
27310,711,30,43338
28636,4316,73,14802
15052,456,12,14427
7297,2239,45,4006
15643,1641,48,34615
21745,893,58,8367
23040,3378,45,13184
14125,1896,11,18492
25377,2477,20,27225
12056,382,6,42995
11274,1852,16,17821
14631,2602,67,17504
14351,2792,6,26369
2921,214,68,7710
15039,3313,10,3155
8982,2007,80,44485
3924,415,91,4598
29128,3679,89,36639
9368,3889,100,3120
20912,1599,8,48675
16285,3926,94,12222
8710,3302,18,21801
26953,1510,68,37953
14472,906,66,4727
18095,502,6,8597
27192,3364,89,29438
19641,2403,95,5609
24682,1964,17,16037
22621,4988,25,4393
4246,2721,39,25745
16701,1819,58,41151
27099,3961,13,5834
11033,539,48,28323
4377,2794,63,14864
24902,3204,92,41749
7810,1361,91,18626
27642,618,74,43896
63,1183,48,41654
29635,917,93,5496
12346,3367,73,36731
16526,4034,12,8502
17949,2063,50,14997
9692,2777,80,49854
19175,2473,30,4302
10444,426,6,39272
29807,3932,14,8719
2908,2576,21,11528
29953,2986,100,15955
19702,3295,56,43402
1844,3966,98,17440
26280,3803,99,1953
26998,745,21,25688
28762,2674,47,39428
10494,3143,41,11268
17811,2928,48,42166
5103,3129,6,45380
18446,4948,9,12254
17631,4875,8,37662
28067,387,2,42165
22819,3321,83,14264
4899,2290,64,47205
6786,1696,88,36952
16798,250,72,42485
6448,3503,19,9302
12634,3015,83,48376
27822,1778,98,22931
23458,3882,55,36539
27958,4365,26,11875
17533,417,17,45289
11205,2147,13,29389
21023,4069,81,44512
13371,3187,67,39779
21872,2348,72,12264
164,85,58,24032
24438,249,51,2183
22948,428,20,19344
17980,199,1,13102
14692,543,37,12598
9678,3624,40,19352
21697,3877,15,21517
237,424,52,1572
25368,4868,28,4554
22266,2830,15,33641
18750,205,9,26744
11284,2178,98,43912
748,1534,13,23966
8875,1518,85,10076
17943,1808,76,3286
9280,127,14,5193
18383,1340,81,1523
23071,3333,1,41208
4949,579,7,19417
21652,1998,88,20257
3645,2225,81,15565
13318,4468,25,20796
14812,3490,71,48590
2678,588,27,3002
20140,1669,22,27549
22071,425,7,34165
775,3572,76,20311
19981,465,89,26283
26944,136,60,44863
28617,1994,10,6422
3538,3310,49,7669
25933,158,99,42994
24158,696,52,18893
19172,2499,29,2512
9390,1936,81,23172
19529,498,45,10625
15038,3504,61,49477
27503,4111,16,49844
11537,1259,48,4279
20429,2160,66,29265
21859,3510,8,12798
2393,381,49,44243
14189,767,26,29578
17114,3948,55,18344
20668,765,87,16389
18941,979,82,36550
41,635,84,27295
5473,536,11,17664
12770,4210,9,34357
6340,2458,91,18805
4278,3502,7,39495
28989,2110,35,38678
1292,2649,57,6172
15462,4933,25,46992
3900,3664,17,35460
29227,4729,22,1708
7365,608,69,4770
13409,4835,29,26812
19164,4325,75,36820
29485,3942,13,11359
12152,2472,20,43988
28916,3057,40,19001
2256,1054,21,29706
9622,4563,47,43366
9757,1696,96,4543
10281,1773,21,21705
20949,2844,41,33824
22382,2613,33,1826
28306,1618,53,1278
26588,2031,58,2162
22059,3310,62,20417
10398,2505,3,28345
29832,3627,29,13306
10555,239,17,41102
7425,4708,20,36871
16626,1301,33,40376
13583,152,89,8314
21575,605,62,8309
23220,304,80,26679
8917,4848,38,11313
16343,3444,7,12779
12714,3481,49,28324
29151,1863,94,37356
25808,4183,39,2202
21290,3614,43,41802
8539,475,86,6878
7944,3303,66,48325
12246,3028,89,19152
21065,3422,25,32631
3862,2818,66,11325
22015,855,36,6673
5292,4331,95,4407
5963,798,55,38091
1209,3701,29,24208
27469,4849,27,4443
20312,2592,18,41262
4645,4571,40,28477
1263,381,95,31848
3393,321,63,41063
802,1923,7,41605
362,4117,4,2692
26496,4136,11,16821
24516,294,11,33925
19287,1038,40,41340
15156,1747,68,11932
25988,2721,16,34746
16376,4698,26,39233
16484,3002,78,12750
15023,4231,71,36754
29191,3029,78,22106
4913,2905,25,17830
5136,2904,45,37084
16852,3149,63,29391
27540,4685,12,7780
27087,87,62,45819
5013,1582,96,41052
1866,3665,22,38862
27864,221,31,23348
125,3865,39,15334
3863,4985,96,10138
6469,644,55,16731
8581,1853,76,11637
11327,1627,84,32842
5639,4764,46,30714
24308,1944,77,23334
12325,918,99,14746
1983,56,96,22624
27147,3388,78,12835
16445,3175,15,21750
20278,47,63,10325
25521,1625,94,3897
15091,1331,74,3089
28145,3011,78,39810
20774,4213,43,45435
8430,2224,99,14650
17294,1340,38,46557
22906,1051,28,37768
26206,703,26,8060
15961,1516,30,34640
28595,4798,25,22799
28402,1475,64,34862
15494,1971,25,49454
4136,73,13,13860
28347,959,10,19065
15973,3691,41,30779
17966,2869,50,47797
7789,4025,33,13787
25793,2747,75,44972
23276,1527,62,34856
11409,3094,45,1794
1084,2584,71,6461
6045,814,50,42795
8253,765,14,14789
7970,466,34,29906
16851,2725,64,27371
10027,150,87,30574
3990,1677,39,36357
19932,146,58,28622
9758,4438,79,26405
7511,1490,39,20789
17082,3117,91,13115
9950,1509,19,1421
4149,4561,37,31444
1971,3285,57,44811
29214,4600,81,17185
17224,3387,5,38182
3056,135,96,29421
17471,4335,39,22205
8021,1931,37,27290
4743,2744,99,19234
29760,3186,41,30431
12974,2402,77,42427
27940,4986,47,27515
19278,2502,97,7663
26539,4565,2,42284
458,2677,45,23769
6534,2365,56,24148
8950,624,31,17907
19438,764,76,27574
11809,1533,51,33128
23797,3433,33,30123
3072,2768,26,36534
13066,3755,85,27659
17805,1898,43,18642
5877,1170,20,49267
1874,4898,34,2650
5559,2708,32,36366
10174,1670,9,5960
25820,1611,59,2041
17833,3688,84,27362
1688,108,58,13216
23475,136,33,38775
14522,4424,32,17758
2610,746,13,20753
23580,413,60,37130
22472,3589,98,1264
5915,1457,10,17275
21759,1928,86,1857
1358,1803,60,7141
15910,4122,56,9581
6412,4279,68,4328
7966,4283,17,27443
27708,299,89,14282
22621,3883,81,33952
22974,1843,18,49929
16634,1190,10,20654
26598,3786,80,27749
9986,3231,86,23151
14878,854,85,9400
10564,3545,36,21742
10445,245,13,22646
9359,3388,53,14292
16816,2828,91,37817
25382,4252,75,33046
8133,2653,39,49423
16331,2167,14,6590
19967,1259,44,24250
23959,3549,66,27517
27074,2466,42,48094
7638,3606,31,37213
20737,1654,64,2942
3160,585,76,26087
24167,3603,25,49821
8225,251,43,45631
17193,3680,57,28192
12958,3741,86,3231
22044,2144,8,43016
26839,4553,43,29216
8348,3705,91,16511
25375,3610,21,32895
22151,1097,29,44729
4298,2765,47,7787
24994,1264,51,29502
29412,2175,23,37458
2843,4906,99,41102
19101,1342,7,2191
29433,559,54,25299
29087,4373,3,26310
24258,3604,25,4975
21686,1198,68,33819
3843,626,21,29751
19873,1480,16,8411
5867,994,29,16734
7200,4881,35,42060
18304,156,1,42876
25218,3588,13,9977
15797,1405,70,12035
15753,4730,7,31509
27207,3204,4,10327
5762,4049,67,24582
8915,1532,89,43581
7230,3791,22,9218
13289,1909,52,3153
14900,600,37,19350
18432,1159,22,40701
20184,4501,95,37681
843,2233,55,44814
23996,171,99,15015
8234,1207,4,40024
14629,4885,24,35602
21091,1183,24,6059
12164,1871,88,7165
4654,1669,50,7993
8741,1705,17,4201
7488,3416,66,49937
5569,390,32,1531
17935,4164,62,48668
9164,433,8,23428
3212,692,47,36718
29316,479,32,29950
7267,288,49,31704
543,4676,47,28526
25877,2250,45,28287
2575,96,77,43462
14701,4259,17,30663
15784,4645,92,19873
17644,4957,59,20797
28868,3305,40,30875
2472,2229,76,2639
5754,1762,99,10174
1898,3075,60,4704
22644,3873,20,29413
2197,2858,54,30540
12803,4707,50,49691
25995,3161,79,37882
10559,2298,96,7344
2168,3930,16,31405
24350,2574,78,7388
22700,4399,97,26987
18057,740,66,7950
12497,3761,75,26100
7445,1266,84,9180
17370,3057,90,32375
26061,3111,31,37288
2747,4832,29,10749
13173,3537,17,16003
25663,3257,20,31888
344,2995,10,14510
17735,4020,13,10423
15545,74,24,26499
18048,1769,89,46655
29361,1476,81,46535
20350,1023,53,13640
7580,4456,29,34998
1162,1321,95,27887
3043,1511,28,47247
26479,2270,62,6158
10012,468,28,33044
28612,587,10,2107
15652,3389,19,2994
15801,3325,18,3471
18747,1611,60,2479
23116,789,9,32631
12592,4788,68,39029
15972,501,33,45639
6868,1705,97,16998
17229,2207,13,1718
11750,297,60,33604
11761,975,85,45461
21874,2368,43,16285
13744,3546,64,25309
8353,1907,4,18763
11536,861,83,27539
5200,1630,78,26122
7885,2672,40,24441
16467,4532,71,45537
10479,1790,63,10263
26000,4984,17,25358
18884,1377,90,38581
8266,1028,61,1370
19464,1950,77,49761
24836,1999,82,8344
20400,3958,62,43911
18883,3670,93,32865
829,1591,39,44852
20983,684,70,16812
20507,2515,54,4514
19451,2230,56,12388
14401,4831,92,47800
19845,566,17,12588
14388,2518,7,10216
5459,1681,64,47397
24105,1763,100,8090
10788,2446,46,18174
13982,324,90,12670
24273,3256,39,4096
3804,618,97,38878
5017,2802,60,37329
12990,2077,68,36134
12844,710,47,40434
3946,4498,43,40082
15835,431,91,35480
17644,2187,60,43231
28506,3390,100,36740
4680,4163,61,36751
9106,2505,69,8722
12047,2883,26,31942
23874,3278,71,42622
14832,3283,27,16660
10723,2563,2,7842
8121,1334,7,42399
19370,1431,82,30053
16257,2073,3,3845
14356,1252,82,14843
23066,325,88,36071
16109,4788,28,40987
3178,4210,95,34041
26034,4305,7,22986
15142,2192,69,7749
14151,388,50,31714
23767,4356,30,2195
5453,1724,22,29444
8833,1423,10,36740
5911,160,56,3768
3417,4090,66,24875
14738,4023,53,37702
25807,4535,56,10983
1751,4615,46,27521
10348,3029,100,17502
12945,3841,38,40390
3411,370,100,44859
23308,438,23,7242
27144,3548,13,39167
11554,512,39,17753
25849,3178,60,3926
12495,1558,38,48947
5158,4094,27,20087
7506,2175,51,36914
22715,1885,5,37002
7797,3477,18,42899
22523,2764,67,13819
8601,656,36,49847
24434,618,31,1423
24141,4428,96,21552
25401,235,7,31610
18203,4280,30,14417
22331,2418,17,37682
8906,4719,34,41041
7290,4155,18,9814
28109,171,34,38635
8366,149,79,19450
8718,4545,68,45118
7363,1759,85,45026
12562,2356,68,44594
23417,4075,56,47377
2254,32,92,49787
24886,3540,84,44093
14786,1956,41,42016
24297,1343,45,33779
3860,4775,18,39382
19257,1425,31,42946
3095,4717,92,9901
23628,82,66,7739
6921,1687,55,11923
4877,1183,76,24862
24599,1679,65,28425
1891,4410,94,47378
20985,1548,77,6382
12213,1565,58,30817
23645,657,98,39402
5108,2693,94,19692
1220,3229,93,27809
1604,548,62,28761
11247,4256,13,43901
6728,885,51,13004
16183,3351,42,1688
4660,4692,65,19411
3267,2238,18,21748
26207,373,8,23710
25329,4966,98,12898
22792,4734,25,39634
21856,4601,45,47132
17660,449,2,44582
24209,2444,81,38399
14764,1812,12,30171
10099,2193,59,6904
18615,902,78,2461
20806,3853,33,9571
2397,2240,46,34294
3808,2459,96,32949
17565,326,72,48628
18581,965,54,21290
7538,1368,47,22718
22952,3505,15,43765
3626,3686,74,21514
9612,1683,11,23257
21406,1750,96,11169
11956,1892,53,48248
1980,4240,63,48430
5391,4926,74,11783
23885,3874,95,42107
761,2841,32,7634
10970,3687,58,28159
11651,4596,4,46430
811,1526,25,45392
16447,2996,21,43582
28041,3921,28,11188
12713,539,54,6299
21188,468,15,32281
25929,2966,74,37609
13238,233,58,14419
19807,1986,40,1766
1280,3016,99,5062
19158,1284,87,14686
29120,4317,37,43349
19206,260,49,26002
5801,2609,22,7631
10807,4355,56,38231
13890,4256,20,2272
5463,2913,94,19639
29464,241,80,12566
14115,914,78,20487
19379,906,68,7383
14510,4,54,21520
26385,3351,35,31655
26825,3693,92,17630
21300,3494,77,37817
23768,700,77,11839
19299,1534,43,25990
26656,2512,82,22237
28341,4292,98,12248
26724,1482,48,7993
10188,2221,12,27933
6173,2215,27,38351
28159,4955,19,5829
16782,4468,76,47249
12032,385,81,4531
2835,3890,54,46222
22162,169,5,9868
9846,2088,29,36444
21225,3981,100,10023
24203,2884,93,44324
27743,622,98,6175
11767,4550,64,12034
19757,3590,93,23647
2337,3027,68,11923
2635,4329,45,16576
10448,1267,43,17286
23655,1364,90,1641
14145,4294,74,24763
24441,2713,75,36879
2956,733,8,6762
20346,1762,82,19659
5811,4614,98,27631
17403,2817,76,7817
14164,3917,84,44073
15040,4344,45,6115
25966,3811,63,19052
15688,534,43,19816
28223,4949,51,47566
15692,3922,3,28881
23033,4623,100,3697
4327,3347,79,1992
28409,3136,28,48330
19657,1402,85,11631
19182,3952,4,39747
7564,45,12,9824
1381,1430,42,31997
12618,3886,57,16848
1180,4331,86,12713
8267,1816,78,24716
24081,4664,23,18032
20199,4065,33,4579
617,2471,89,27586
5631,3072,79,20514
17183,4571,66,28015
24561,3884,83,30072
13938,2205,28,47206
1628,2184,37,42259
4690,2583,14,38956
9899,2037,23,25355
18225,4383,67,9130
28443,1721,33,36554
22839,157,73,26955
18775,3427,77,48046
14357,3192,91,3382
14989,1489,100,28186
18021,81,97,37519
17128,1952,7,22363
29289,4879,35,25158
16500,3293,47,25698
27991,2650,76,34743
1314,1606,50,47402
24006,1335,70,30463
15434,2655,66,20574
124,3209,4,44736
5303,3727,33,3515
17022,1977,45,45001
7531,538,19,38020
1641,2034,32,24757
18084,4133,11,25130
7602,4236,16,23761
7144,1107,29,23009
4136,121,32,40101
14718,1460,61,31297
1147,60,45,46673
10221,4264,95,24116
12599,2908,59,38398
15216,711,22,1436
10396,2174,48,47039
8316,2391,25,45548
13969,2460,45,34568
11125,2001,4,27398
25,237,54,27864
27825,1679,42,42241
3821,933,3,26102
11802,4812,75,14163
3830,4109,75,30203
25593,276,25,32438
14772,4516,93,41893
7496,95,84,46022
13353,2724,26,6766
11274,2209,65,30393
24949,778,4,32127
7995,143,70,41328
10163,1661,16,18902
29727,4915,89,4021
17583,1015,44,41978
14091,4497,75,40758
8479,3366,4,19130
23490,4535,68,46245
4457,2475,26,45746
12267,4206,35,43707
9484,1934,98,16742
216,344,15,31442
9530,3956,8,43069
25050,3124,65,12538
23551,4198,81,39087
24677,4322,64,21747
18282,4494,88,37384
23177,4079,99,47238
17394,802,1,49577
13767,4603,25,10600
23732,738,7,26905
1667,3418,68,43291
29102,2584,41,48782
15334,3556,92,30772
28472,3276,84,27528
20684,771,59,24937
28861,2890,53,33024
8025,686,58,4006
1987,4894,5,3525
12018,1950,49,34289
19267,3924,35,14441
4816,1757,26,21842
28091,3834,16,6737
16626,1047,96,19626
27636,1905,98,12752
11531,1737,35,34249
25475,4679,94,24998
7037,1019,37,45217
26151,1752,47,6965
17085,1869,30,41316
2817,1908,42,31856
5959,1832,44,30847
13523,4996,13,34403
26877,4113,26,23256
4429,3429,71,36426
22455,4055,59,7151
21085,2006,12,28915
2226,1982,91,37145
7797,4687,24,38980
21865,4645,11,16452
4277,2858,29,23287
1241,1023,6,47463
19001,4826,65,30530
4590,1122,71,35594
10008,366,44,1308
28109,3255,82,4859
10290,3544,18,32789
6317,1824,40,26939
8934,3585,61,30202
2579,659,74,5678
21672,3950,35,3427
5242,969,70,30229
9756,2624,29,32201
14976,1886,47,39700
15649,2000,91,45655
10415,4653,27,5831
12332,1690,43,32364
13978,1612,19,19423
11589,1600,57,12656
422,492,48,20272
115,3176,44,11015
27009,594,36,23556
6492,2417,94,32327
226,1741,28,34930
23164,3578,85,10582
18796,1996,89,25516
28530,1655,47,48064
2503,1947,12,34337
2884,2049,24,10471
2439,1659,44,43830
10475,1750,7,19703
4540,4769,98,13844
26090,1772,9,18767
20441,4028,45,37205
4819,2902,96,38264
19363,3856,38,42221
141,1355,1,34786
1462,1967,53,45588
10001,4717,13,40923
937,3944,29,49764
1232,3872,69,8429
20464,2305,56,41328
19424,4003,31,6295
29286,4262,48,8550
27233,3018,78,41562
24027,2228,30,24216
13490,2381,40,14283
25272,4719,75,32120
6431,3324,3,42999
12900,4503,15,9012
1941,2902,16,8015
12992,1327,20,45264
6280,859,3,41189
25228,4098,96,23949
19386,3374,10,24386
25150,1568,81,15427
2192,2392,74,48723
26889,1373,57,14440
20848,684,34,20552
10749,152,33,1857
3617,3316,61,39550
11266,3185,43,7357
4824,2264,53,11657
12278,4044,96,10446
9955,2697,71,29732
26110,1015,86,18252
17365,4278,54,16478
14661,191,62,3912
17757,2263,14,49392
16472,427,13,32035
5247,3476,22,10763
8448,2199,9,19230
24521,4882,56,22430
20259,3135,7,43403
21646,4739,94,41252
27483,4997,76,41450
5910,2455,47,36246
6561,3443,64,42311
6045,1745,41,33817
9989,2809,56,46219
22834,608,86,41342
25105,1844,56,16031
23992,144,1,6427
21132,2773,95,29637
29470,2622,80,38304
13981,2140,69,40022
12378,2400,78,49243
29081,2534,11,10852
17409,2002,21,46630
13957,2801,99,33858
7148,2491,79,41674
15612,3267,23,14636
5479,3689,66,41400
15872,344,62,35418
10379,3033,1,3484
12376,4749,2,35273
16523,4794,17,27272
5554,799,15,44901
16559,3651,100,31684
18272,573,91,23973
685,2629,65,41437
14486,3096,23,3066
1582,2071,87,7540
16277,1656,37,15290
17746,1091,3,2735
11438,428,14,14605
29112,50,59,9689
21532,1053,37,7875
1950,2149,73,46174
11241,994,49,19237
26609,443,53,43780
27411,4869,6,30178
13689,2408,71,1296
22582,2052,72,35039
17776,4782,83,39758
26875,3365,94,35945
12264,3768,48,15395
7900,1227,95,2644
2792,4273,52,35999
7088,4074,78,38994
13922,3395,61,38010
21719,2657,15,26066
12776,4749,28,11471
4841,1588,3,38455
18410,875,25,5986
3826,2516,28,44512
19803,35,45,27429
20934,4764,56,47349
7904,2824,30,21901
3570,1161,44,9139
9267,4460,23,22527
27929,1755,73,3105
1891,649,72,6040
8481,2263,77,14832
19551,925,4,2495
14739,487,68,24877
26937,2178,34,40059
22622,621,89,10176
22615,3948,4,31437
23806,2401,96,45164
28375,3156,59,26613
3197,4126,19,25119
6654,94,22,9286
15626,2089,7,5693
11941,3647,57,3700
10679,461,17,31444
6473,2848,88,6104
18622,4206,18,8881
15512,4715,79,29500
3620,3509,76,16732
14961,3410,86,32722
26315,2783,84,22306
1869,2745,1,2093
27878,2758,63,49445
1470,370,4,22480
27141,2466,78,1343
3534,636,5,5497
4992,3180,1,5795
22512,1714,91,43900
5004,4372,38,34369
20734,208,72,10820
11941,251,6,3101
481,4482,39,31169
15807,617,62,25079
20608,512,66,45003
21022,4079,82,49376
21553,389,62,37221
25319,3106,84,6306
2948,1747,84,11198
2478,223,80,26894
27762,3504,7,2285
7448,90,97,34874
23467,2222,63,23413
26309,8,46,34185
6168,1409,80,24462
12018,3741,30,24226
16620,3600,35,45412
19817,2463,57,1480
26761,1267,39,44870
15111,1045,1,33798
7040,792,74,38803
27622,644,48,26480
8975,3741,75,16081
29624,827,24,36594
22236,643,18,43853
16119,4421,87,4320
11121,991,34,23562
20697,75,67,36029
859,1272,97,40501
27834,898,44,33389
1187,1271,63,32215
9139,4988,92,15687
28554,4243,47,19693
26764,43,30,27335
10380,3351,38,12301
18801,4285,34,18260
10528,63,39,42608
10179,4735,17,41076
6143,2352,58,25945
16059,609,31,48744
14991,4605,52,27522
18342,1726,14,10961
20018,3272,74,5985
16797,2757,95,35907
20799,5000,42,3082
3238,4594,69,5917
28029,1443,37,39624
16128,2121,63,21118
26184,1171,56,20290
19346,2674,9,33188
694,4084,51,43139
11683,2190,19,27572
8639,4095,27,29527
26355,3456,54,7008
11634,1526,19,41576
6503,287,32,18588
15912,1968,48,46305
4478,1988,22,41122
28097,303,74,5665
5618,698,37,3480
17945,2676,33,26957
11213,116,14,24178
24243,4143,24,14761
26506,4347,16,36250
8332,2243,96,41003
17766,996,22,3207
5778,1434,25,10330
16666,397,6,22387
14740,2369,17,3009
2740,1766,27,39443
16453,3591,8,24082
843,352,29,22340
6069,4735,26,40738
16218,4161,46,22902
23349,101,89,38839
2079,893,58,32996
11948,3528,59,41472
8119,4620,69,43419
9833,1412,53,2198
7341,3405,100,14275
9685,2227,16,29963
29676,1379,86,2787
13630,901,84,28434
2360,4783,51,7053
18503,4140,3,48536
26343,765,86,2246
14653,3337,72,4773
12813,4313,30,15734
22121,963,62,29757
400,4112,81,20118
8990,4879,97,41420
5399,3984,52,12949
3816,1961,29,41084
415,3789,91,33639
25051,93,69,43426
4229,3781,98,25907
21699,2493,99,44486
17445,1517,67,13021
708,2391,42,18974
24096,3634,20,6268
26218,2707,87,31727
1409,999,89,6424
2056,2813,35,22728
8616,3668,85,33700
213,572,48,32767
22494,4685,56,35242
1933,3781,88,32805
29311,3797,28,24317
8231,3149,10,37504
27423,1850,87,40193
23721,2631,57,33146
27647,604,85,22621
4878,3256,4,9985
23766,4267,72,5186
17936,788,82,37686
28081,2366,79,31131
19219,1357,48,43858
28718,3292,54,31258
12541,2760,39,6073
16812,1838,5,12146
10227,1754,25,21640
7263,2416,100,9857
8706,2607,44,27204
7867,540,90,7015
18534,1342,59,18296
5631,3161,96,49180
22092,3549,46,36728
23958,1332,34,48396
1117,4612,76,15033
11709,4529,99,41711
19153,3335,86,6760
17668,3887,14,33054
27758,4734,19,9083
70,1667,2,5383
25971,143,64,41837
22843,3136,25,16795
16254,4384,59,31379
23257,4424,66,40292
18373,233,84,42069
9005,1479,24,20422
26007,2112,99,37139
13621,3628,9,18970
20177,2482,19,28215
9028,1470,85,30614
24918,4543,38,13487
2212,68,35,2544
18392,4778,23,39563
6143,3273,28,32631
12407,2751,65,44886
1830,4,33,8282
23163,4074,7,36140
22674,3216,63,18221
27445,2935,78,5932
22087,2575,34,2850
7227,4168,80,23363
18699,3886,97,49238
17247,2076,13,3170
25906,4213,35,20735
23964,1795,86,9769
14151,607,62,47638
13427,4383,75,26940
3544,2009,60,9344
17994,2851,79,23228
1781,4868,89,37036
12692,3242,29,40987
23157,1447,75,29474
29713,2265,49,31085
12659,4518,37,9935
16574,1513,44,11871
17590,3190,76,45093
1919,4496,11,2431
18936,4928,72,31454
11409,4602,18,12303
15138,2834,73,42729
7402,829,8,46403
16750,2579,54,8137
9351,654,54,3198
16446,2535,64,37529
11754,2770,21,9438
2975,2587,30,40537
20896,4630,42,30572
5779,4645,31,13836
14614,2817,95,8147
26733,4312,3,25881
26596,3068,52,43611
28212,4298,33,35837
5649,668,16,26641
29507,73,66,47969
27348,1641,77,13829
6391,1295,16,40722
23140,4014,56,17985
10445,1316,69,28193
1874,4411,26,11576
7700,100,53,47309
3093,3652,49,10871
14633,4420,37,23463
14414,2076,50,32552
8912,123,13,12640
15048,593,95,1009
4293,4564,45,12631
9594,4860,24,8275
15984,3057,25,1235
16697,4244,92,31500
19060,303,68,28594
4438,2793,91,42867
1415,1421,96,23173
14719,4671,19,22928
11336,4013,61,16412
10154,3305,97,11249
5714,4345,38,21880
29599,3819,78,37414
1338,483,83,9204
1766,312,27,9243
15455,4818,57,37897
20211,3650,100,11360
16432,494,78,29191
13480,3141,28,7568
28403,1629,4,34234
551,3069,59,31062
16516,222,27,28920
3326,2006,65,21015
1608,174,7,25103
13141,937,36,11280
7096,4285,39,45841
18922,2749,8,30921
7426,2551,87,31200
2055,3269,10,42822
15773,3911,60,12157
17208,2692,96,42701
694,689,91,46789
23746,3274,1,38901
14835,4511,61,8597
26881,4679,72,45339
21731,3000,52,19968
11944,2468,96,23486
27030,3417,20,25708
5779,879,51,6311
29868,1168,19,19727
9164,3428,76,42458
20512,2149,27,37315
2152,3687,99,45634
26131,1640,40,26042
28072,4712,58,11535
21202,3975,34,25638
17973,3914,36,21249
26214,1756,87,27507
12210,4428,23,14920
23863,932,96,38995
11787,794,2,29969
4214,1721,93,18476
5583,2806,28,32936
22683,3533,7,21837
6734,2617,15,7094
21989,4501,75,5527
28192,4040,73,24729
5440,999,81,24795
15941,2423,25,8247
9133,3352,91,42109
19783,2011,11,47575
1258,3708,60,48995
15062,4009,79,35751
9893,4652,9,7924
26661,2660,68,34005
1897,306,9,4351
28203,2826,6,17550
6481,4339,73,41655
20714,2840,12,27348
12115,571,36,5817
11676,4980,51,20898
15182,1395,100,17635
8779,170,6,14817
463,1815,38,30909
24361,3643,89,18295
7041,3355,13,5027
3447,4641,32,27754
3631,3449,74,48870
9213,4799,71,26948
20715,3054,55,47075
12402,3692,25,33600
12715,4938,96,9186
19479,2539,58,44940
24801,3757,32,40730
3515,4403,35,33495
5942,2019,10,11276
14232,1490,32,3411
22825,3419,69,29970
8187,3012,18,41312
21775,1100,32,12535
26427,2368,21,12968
8170,4494,95,2806
6073,4416,91,20620
18673,3080,48,38706
26636,1779,39,20930
21871,123,36,29328
3914,2175,34,37662
24707,2852,48,29856
26928,226,38,42452
16810,3038,51,19938
4103,3709,52,40725
28968,4486,9,25804
8430,4145,43,49312
24913,1221,23,19196
22645,3905,70,26920
9475,2313,22,34940
10627,1252,21,7666
17681,3819,92,44938
29340,4410,47,26102
1984,1618,79,14043
20847,452,35,3511
23386,2601,4,45720
27199,3637,25,40528
27066,4368,75,49912
9955,1202,27,39781
5062,4203,39,27089
21507,315,86,25351
4141,1611,7,15859
9943,4863,58,19910
14903,2538,17,41786
25459,1015,76,7973
19648,3586,87,45576
2229,3823,26,14658
16508,1467,18,36737
22113,2676,100,5950
21760,3238,53,14832
28733,4914,60,46712
4242,803,67,24134
20096,1470,1,15159
5553,4290,10,7670
26341,3785,43,38641
7830,512,70,9123
18327,4160,77,11164
28770,2538,85,37979
29402,1326,70,31283
19997,4512,45,13972
24231,2799,20,9167
18624,3051,59,33453
17994,1016,73,8615
26166,259,79,31611
28966,3245,48,46327
61,2053,43,1004
25589,4204,62,19825
5992,828,12,3538
6728,3878,83,13279
6786,60,3,37438
28995,54,14,46499
12740,943,72,20285
20548,4984,57,21731
6163,4135,3,44134
14997,4276,34,2402
28140,1433,45,24320
19115,2880,1,20295
24534,1776,76,28507
15570,4013,67,46874
10738,3112,41,14131
1388,313,85,13084
7240,879,36,34082
3401,4156,81,38549
7968,1592,5,8486
8805,1067,58,15545
4102,1475,4,36853
27591,3730,95,30893
27054,2579,80,39324
10823,968,61,2401
12572,363,56,28873
21000,4092,86,46829
8947,357,49,29689
25036,4744,27,3141
6217,4083,95,22027
15136,3997,95,49047
21015,3771,24,33157
6952,554,38,12560
24376,2365,31,24373
16677,4628,20,14733
15466,3660,1,12104
23445,2358,36,44761
22165,872,77,6758
1731,1489,81,24428
8475,4870,99,16680
4858,999,99,42579
7831,1555,79,45531
23242,3534,19,35061
139,3978,99,28355
1113,4671,37,27052
21456,4097,71,9033
27507,2209,91,29842
24602,1974,38,39899
24821,3175,67,30208
7475,282,11,33382
1987,742,5,38760
27029,1234,25,23875
2077,1689,59,47440
18198,4134,10,23577
25294,3647,70,12029
23752,813,7,30484
8222,4319,48,1185
4900,1472,30,18423
9352,4871,5,22612
3183,2932,60,15089
6587,4608,52,29223
4340,2801,68,36409
192,2854,90,47084
15345,1490,98,36535
2560,4038,72,25741
27921,2397,15,32492
13635,694,14,3364
29181,1669,33,39053
8115,3405,40,23130
14672,3682,4,43432
15365,1342,45,37157
23847,4794,37,48545
25882,3513,63,25907
7936,627,47,27608
22831,1452,100,37891
5137,2355,50,18884
11926,4434,58,26557
3214,580,14,37357
14925,2238,32,11540
18141,4009,25,34845
22084,1661,89,24389
25868,334,28,18485
18465,3843,21,25556
20153,3098,1,10968
3869,49,49,10596
18418,3192,73,19699
20079,4630,37,27407
15518,1093,37,47380
1641,3530,51,34740
8774,1399,30,6634
12661,3271,3,8448
20989,2843,80,5629
14869,3455,79,20414
84,2306,78,48068
15605,3665,4,34960
1186,3679,52,9981
26387,4680,67,20965
7619,4962,48,49018
17603,2245,27,23883
22068,2996,75,26521
23783,1106,38,18733
27797,4202,45,21767
29010,2084,77,11054
3228,1823,48,19223
14055,3813,47,28487
20124,2818,55,21287
23929,2062,26,22688
9784,4227,25,49925
22306,4092,88,9454
21807,2477,10,10930
18597,2250,99,10678
5422,4209,5,30699
11584,4733,80,6651
7959,3033,70,48427
4492,1866,81,46011
21136,4527,3,9425
23037,4429,89,37911
16123,1087,71,11022
23937,4613,19,5936
7412,2469,3,8874
1412,2541,52,3789
2422,2144,4,13011
3425,4631,32,25616
11679,1271,24,38400
2880,3564,83,6531
18717,3179,100,31311
12568,1129,44,1625
27802,1311,92,40180
19280,4466,93,35699
2741,1956,61,21011
21734,4589,6,24311
17457,2469,99,36741
8886,3964,39,14465
17463,4967,14,38466
16744,218,35,35185
21920,188,75,35508
1949,4939,70,23733
22569,3853,87,40668
22614,1067,88,12596
3617,1706,37,29803
1012,4043,97,46702
25001,1357,72,32118
11748,2042,57,33453
438,1275,53,13292
6905,642,21,31219
1379,4328,24,33082
4557,3285,14,6976
29534,3943,57,49465
10683,690,88,49494
29616,3805,26,25714
228,38,62,1426
18068,296,9,42364
2686,1877,33,35691
16002,1981,59,1992
1378,3337,90,15441
24063,4365,79,3427
993,2809,26,46524
12471,4113,44,28910
4791,342,13,22759
27663,2794,51,48555
2146,3215,98,15183
11530,1372,22,49250
784,3159,19,24215
19342,1569,39,35348
12884,3872,75,40078
3772,1845,3,15396
14955,4486,24,25703
8018,4688,79,20122
5481,3517,94,33085
8772,974,100,47209
20934,1640,83,8457
21258,2989,82,15408
13529,3667,54,32119
6909,2447,18,7579
15849,1818,77,6121
3923,433,59,20532
4631,3241,10,14213
16307,3857,52,18578
23883,2501,38,29174
16035,404,56,8940
26658,862,53,40541
2372,580,71,8971
22608,1819,36,45085
22104,2758,71,23886
16478,4952,87,13856
16023,3379,20,5240
17016,835,66,9167
14089,4822,58,7407
18708,1745,47,37098
5952,4185,42,27585
17473,2304,40,12718
3481,1168,34,46908
5829,4801,99,1161
5764,877,25,27002
10424,4848,81,34816
10785,1589,47,30862
16510,1874,79,13169
2856,486,49,20413
24898,4739,14,20625
17561,1914,9,40497
23135,2888,52,21294
25247,998,24,29894
11280,3844,92,39917
20286,4394,81,45954
22775,1805,29,38908
8384,4351,56,41080
24134,1114,66,1744
25477,2757,88,28387
11950,294,86,42097
14391,2292,90,20004
8175,3951,79,22002
5133,242,9,46972
15466,4109,26,45872
18480,2997,83,18632
16189,1837,88,25275
19067,1969,75,42574
2482,2680,73,40154
7042,4107,95,8387
19876,4630,14,14390
16707,3703,66,24422
28064,3963,86,3575
23263,71,28,14088
22452,69,12,47213
3821,2062,19,11499
10881,2163,13,4315
28897,2497,93,21655
20507,1595,91,25561
10185,1771,19,8389
13634,187,48,30786
7446,3292,90,13148
12004,1817,81,18931
8890,206,95,23399
18920,354,82,37687
2601,3921,22,30488
20458,3707,39,15018
21462,355,91,17321
4194,2218,63,42846
24393,1320,64,22605
16712,1033,97,13445
1384,4977,1,29230
8231,1134,40,44105
13949,3504,74,17559
7907,3498,12,3183
6026,2925,76,38384
19309,1233,77,26065
24253,4046,35,37552
7015,3951,25,21610
2995,1763,24,43632
22384,837,55,12951
28542,4022,24,19099
7460,564,67,14859
13272,3857,18,27086
19665,3903,71,24931
20354,2492,55,46295
12612,2221,66,48309
4771,4195,32,36415
26452,713,19,16630
764,3465,7,17894
29200,4156,71,22854
28789,1994,43,18430
17904,4823,33,40604
23375,2889,36,42077
5067,2195,79,21584
27727,4409,34,5293
7134,3847,29,18470
28664,1507,49,41255
26184,3739,77,21381
27907,1066,6,15419
27015,3688,28,5970
23269,2330,85,32032
8602,2798,98,23562
1701,1729,2,39806
12146,2335,85,4253
25830,2778,75,32149
4820,1442,28,47179
23397,4215,43,47042
22291,4170,81,6730
29748,2477,44,46606
18293,3665,33,13523
18129,4593,5,13898
11709,424,1,34817
11131,547,78,48034
12952,3814,7,30965
6242,4334,85,9031
25638,4440,41,11241
28844,2745,29,33102
22523,2178,81,4266
987,4967,93,46406
7218,1547,58,3504
5139,1254,45,12815
2078,1338,71,22811
13940,1221,44,10442
17611,3475,96,3093
23135,2805,5,31399
9475,418,99,46901
17217,4728,87,14416
3596,793,85,9106
4293,399,65,28795
6812,3114,22,4782
14425,3618,96,5909
17178,61,80,22365
5132,425,58,32072
11088,2926,95,39290
19023,4853,97,27044
12814,359,25,23060
28051,4505,72,27249
1498,2981,25,22973
16035,3521,39,7376
25997,1366,73,22624
21103,3648,22,30460
8771,1271,28,8764
14490,1675,64,36822
27153,1500,32,27139
26745,3132,75,36978
8619,2837,97,35242
24128,657,12,5900
2638,3881,7,25264
2109,4277,95,27876
5017,64,70,1378
26503,732,46,49338
21024,3444,93,13540
8473,2801,59,13511
15243,3396,93,34224
16646,563,50,33091
1928,1576,32,18552
4709,2896,88,39811
18545,132,8,25875
23079,4440,71,25211
24950,1288,92,48011
17749,581,74,36314
5393,3896,3,30895
2868,1838,82,47570
19361,357,98,23650
29045,2363,19,30532
8047,1728,42,42495
10875,2232,72,32575
12987,1026,73,17896
12802,1816,21,23411
2017,2921,44,6182
18459,2634,78,46854
15120,796,40,32270
6502,483,58,47882
4518,856,25,9602
5088,1838,18,44432
19993,4887,85,40401
12945,3956,2,12272
5258,4919,96,14385
11293,3019,20,42465
2967,179,96,3589
21878,1393,30,2656
17740,628,61,36156
22726,4342,57,45555
12298,4559,43,30593
8822,2024,83,2353
17170,922,28,39579
515,1135,50,16907
19531,1368,54,20579
4882,3574,66,33931
15609,1353,18,49046
8680,1635,87,32665
18732,717,95,35683
7168,3368,9,49219
7307,4864,62,26144
8179,3075,60,19502
6165,3348,95,36016
25045,4393,48,15876
19977,4505,52,38960
28308,1215,33,27603
16186,4932,70,27735
6488,3805,39,45955
23035,3042,5,3721
2709,839,83,29104
349,1396,30,30674
2918,2986,59,47894
4347,4745,83,39892
19080,4167,60,2185
13239,4415,17,27305
13100,4587,82,29828
7358,909,50,44110
19469,3267,15,41802
18672,53,46,28399
10148,1395,93,26954
27693,2567,97,33778
14294,700,50,17201
10482,1488,41,42382
10933,4739,14,10972
23231,2572,67,24742
29003,1495,26,11572
25756,4870,56,39465
26625,3449,10,38840
19945,2717,83,29135
7926,1686,74,45283
4251,2121,73,16667
20539,1263,32,12258
18541,878,90,12844
21031,2896,46,16011
5716,560,69,28592
17319,1179,28,44651
27622,2645,89,37526
5544,1498,66,10392
28635,4138,25,33007
7285,4760,24,16687
7508,2633,53,49945
21916,3162,47,37581
2328,4197,12,3630
8443,4115,35,28689
2581,834,54,45070
20193,3756,50,5168
8038,3693,4,30355
11729,588,37,36425
7725,3660,27,7082
14885,1565,7,20712
29874,2627,70,9649
2459,2288,12,16103
27954,1797,96,17645
7741,2562,96,44389
19833,3461,44,29244
3161,1853,87,44669
9155,3578,34,10631
380,1650,27,43791
10868,4422,21,21483
25343,3737,6,6155
13805,3258,52,13013
24584,3602,5,28734
4958,4234,82,46951
4752,3656,76,29349
4830,2027,89,7476
27532,208,63,28341
7968,271,94,25773
15083,1918,31,29908
7550,202,6,28999
29770,4987,84,20851
21142,1341,19,32460
11330,1432,76,5450
12488,3623,47,40296
2982,738,96,15977
9791,4511,58,48811
16570,182,1,35795
3608,3318,29,34476
4958,1077,85,9445
7584,2701,49,47965
16012,2861,36,15735
1181,3739,24,32186
8345,1601,47,34472
7023,2307,12,12218
284,2,71,14010
18339,1254,30,40316
7606,26,26,13979
7938,2014,64,39683
7383,2222,29,6764
14500,4457,65,47594
1627,1612,1,5751
11386,25,65,49897
13207,1868,24,42196
6434,2050,71,8622
18001,2120,20,41785
24253,97,28,18756
1646,4549,17,42467
22381,3515,88,34280
8811,512,24,3891
2603,4129,97,23680
15335,1776,21,47159
16711,2569,8,18024
16512,1496,46,45606
4609,961,58,46738
5245,610,76,18790
26070,87,42,27768
12975,2567,56,15010
20734,3334,13,8429
15621,559,1,46857
27516,4066,61,8283
24495,579,83,12175
24962,1980,20,27117
3854,3619,90,9443
18990,3118,4,10887
10509,1432,15,14324
22211,2313,82,37021
24837,3031,85,31522
12184,688,1,33945
13463,529,98,38200
3766,2146,15,27360
26813,512,1,10073
24507,4746,61,33269
22462,1984,46,26759
7219,3034,52,6989
7817,2734,99,43426
21357,157,6,24937
29964,2859,13,14359
25306,635,66,40025
3024,3525,11,33681
859,3300,58,25269
15600,2330,19,40642
27299,1772,85,31067
23812,2774,90,25408
19454,4647,41,41025
21119,3934,73,15475
8722,1628,86,24942
12380,2799,46,37480
920,4601,9,8622
15931,1511,48,36696
22024,984,32,2698
18345,4132,96,25150
7260,2867,56,16335
27470,1532,85,4883
9556,3132,11,4884
25967,1063,30,44742
26387,2243,34,20566
1048,2456,88,33462
26442,4526,62,14721
4892,268,82,40177
1941,2626,53,20081
2012,3027,73,17578
11630,709,55,9050
11444,3172,7,21795
1772,3436,55,13611
23560,1860,79,13888
26670,851,74,8012
9073,3502,79,40009
28817,7,35,41532
18378,1435,44,5640
9462,3043,41,29622
7536,4228,98,28827
12685,3689,2,32125
26214,2008,88,20792
23254,158,33,5834
5500,3992,15,7568
10253,3417,42,28396
849,4797,29,43199
17996,3912,77,11746
19909,4061,55,37811
3834,3449,15,32401
4928,266,69,33312
4542,3434,21,28608
29937,717,38,15444
22154,1840,59,19189
4577,1326,66,44023
10488,2549,45,25264
25888,456,72,24022
27426,2757,6,40361
22043,2314,87,26552
2586,3947,40,27508
20751,2555,10,24364
25765,1398,82,11403
2303,4548,96,20191
7437,2934,77,31322
10572,4253,35,44658
2437,1107,55,38652
22502,4851,44,21323
7949,3150,34,25433
27234,186,62,4784
2642,3493,91,41286
25158,1212,72,29470
1522,4947,28,10641
6669,775,98,10790
21285,4181,50,15894
22271,4525,89,41915
17157,1368,97,14354
13106,1844,40,7920
23609,1659,15,32278
8634,2009,25,36916
14233,1958,35,28622
4964,2430,83,7947
16405,1547,48,25801
13125,1696,4,18432
7390,1407,66,38619
20276,3639,5,37578
24674,3832,65,39284
8824,4908,95,33449
3386,1067,59,25075
28832,2290,84,41346
28669,4524,42,18911
12147,3280,42,31385
6408,823,44,23018
23626,3554,31,4517
9119,4415,26,7662
12722,3626,47,29255
15905,3975,42,32495
19338,913,23,42358
3167,955,33,32600
2701,2694,19,19684
15047,4340,13,47262
2537,2049,64,22583
28040,1596,61,5729
10899,520,21,44795
4463,3049,11,30937
11260,4985,1,7953
4179,1365,91,21452
8773,2368,51,32927
19688,688,77,49644
12575,4703,8,24275
3555,263,80,41432
4008,162,63,12392
5190,1801,92,26771
10568,4469,84,13551
16588,3064,36,46261
13774,3405,99,5106
25744,3316,46,11510
2072,447,62,4892
3632,4183,82,8683
16466,3831,42,31373
5617,1419,96,46644
12450,2277,57,4740
14845,2172,48,41239
16333,2445,82,4815
68,2893,17,45854
13776,4044,68,22370
29577,1730,21,15870
4503,1555,35,25188
12098,3814,18,48222
22807,730,23,49255
4908,3970,43,38560
5041,4552,87,46172
1229,732,84,7462
28390,2374,49,24981
24678,890,10,34422
25288,114,87,11759
4316,247,41,33702
12795,1177,6,25579
14707,2088,60,23986
28895,1029,49,21756
15271,3454,17,26183
10186,248,67,39554
29822,4433,30,12858
821,645,74,40572
19877,3500,68,20773
29206,797,78,19069
17470,3953,67,18874
19294,4479,83,25433
19147,1282,18,4300
18569,1766,41,40853
6526,1986,16,35141
21117,3471,34,5351
22784,813,30,27751
6008,3300,96,16793
21749,2785,57,41176
23902,3510,60,30984
3048,4089,51,10933
23800,4135,52,4077
8644,2725,73,1306
9581,473,4,39277
10221,3721,95,11285
22449,2104,7,30231
21851,1866,94,31524
17999,1497,45,11400
12744,3090,2,28406
24237,1076,48,19090
8687,4303,71,8512
28319,2438,68,3662
26481,2233,51,14788
23012,4852,42,43379
20475,4249,42,7197
11102,3660,21,47942
26996,139,42,39129
10531,392,24,25701
2139,4180,48,16988
705,4173,48,3794
11069,4096,23,14900
11584,1779,24,7039
2856,2860,96,34673
12991,2119,71,9089
16704,351,70,42851
4467,2987,100,6336
13240,4064,33,20233
3704,4412,72,4819
3523,4560,6,4110
2490,3190,68,18536
28983,4140,31,4052
13089,2316,78,3397
22711,2791,18,13020
3248,527,58,32810
17058,3989,4,27005
25421,3867,51,33894
2010,4183,68,21796
15823,973,94,26408
13621,2824,65,1239
20190,822,84,43442
20187,3986,27,23775
29833,597,40,9534
15352,1020,29,13613
19915,3121,2,26952
9928,257,17,11330
10325,4727,18,2532
5979,3851,29,31567
13502,511,48,3545
26347,2389,14,1642
27245,2616,94,4557
1716,735,38,30882
5952,3096,59,42802
17274,2820,89,22723
24639,132,99,13339
29031,88,11,37935
13987,216,17,21257
29124,614,18,47897
19096,3168,88,5584
2172,512,39,2684
21268,2554,7,12932
24086,3015,6,15859
1996,486,85,8926
21327,4282,84,34120
5877,3371,94,33346
26077,2427,31,12120
9596,1507,97,36354
23946,3363,5,34271
19450,59,98,27469
20633,4001,36,13171
21851,3988,79,45456
25158,4396,66,20497
7128,1979,85,1790
1361,359,37,32941
6871,1267,4,29872
3474,3538,8,17434
17955,3433,26,10835
29026,1037,66,3294
11663,3502,75,48881
17775,170,65,5194
13213,2757,78,13540
29800,620,70,16825
15025,2751,88,25083
23286,3693,52,7986
20776,3488,10,12446
26021,4189,37,29408
8663,4790,57,2330
22319,1560,91,23645
19384,3967,35,47412
24113,3684,73,43965
27933,3020,92,46149
246,4836,36,26231
2493,2187,2,10910
9261,3044,82,27913
23953,1346,99,10423
10525,2483,25,32249
8083,1563,42,22548
15949,3819,64,8963
3475,4699,80,13447
2754,2642,68,8691
15749,4047,98,27161
8689,4430,77,12045
14941,3598,25,21989
16460,4393,43,38517
16099,2213,91,44656
15636,4443,18,14810
6102,4973,70,1246
27280,820,72,5914
8338,965,79,45701
10293,4730,17,32330
24945,3684,5,36213
18322,2242,69,47519
21174,3255,34,27538
10653,2021,9,42328
15889,3211,65,37968
22659,1517,88,46912
18972,1638,39,13291
24348,1196,37,26344
14725,3072,10,36463
2990,700,72,23319
17403,1132,37,15764
11854,3773,13,49773
17221,2633,48,25714
14325,1445,97,23668
4444,3694,45,16670
10645,2783,47,35127
10375,3860,7,33753
1208,3658,100,31705
22760,3884,69,46163
26785,487,93,26417
13648,2420,92,32384
26344,2522,69,11427
192,3165,11,5904
20267,3788,43,41959
5222,452,78,17534
2622,459,96,47703
12479,2380,63,47889
3757,4412,59,28349
23451,1172,42,10113
13420,1755,87,39001
26513,217,40,12915
28553,2854,76,37437
22712,4978,29,17601
10906,1322,65,44224
10403,2457,49,47071
26717,4993,76,43854
11252,1495,5,4834
20403,3107,48,38599
9557,86,36,45046
6626,4018,95,22190
29535,2476,3,39901
24979,1456,12,47419
8996,2126,73,3796
25682,800,51,43508
3576,182,94,23109
29836,1917,73,15694
2179,3742,64,33284
7078,4616,61,12246
13284,1009,67,7805
4784,4982,52,37965
11487,4908,8,48796
6890,1708,54,5559
16072,62,80,34349
3636,739,10,15027
7677,1076,90,11566
6000,3241,54,49080
14520,1435,84,30176
22842,4931,87,30610
14842,3087,14,31297
20014,2816,44,47445
17962,2263,74,11743
27550,4400,74,18310
28164,2226,22,47988
25754,3717,34,3661
17728,2388,54,33767
1692,279,93,26909
29850,1873,4,33135
25416,3678,75,4036
3995,4071,56,26970
15679,2852,98,24796
21384,694,61,6492
29235,4366,30,38187
12321,4625,6,18124
1676,1761,38,41836
21356,3832,14,21120
13268,2976,44,23045
29958,4998,35,35756
9134,2622,71,4412
26959,1556,4,8033
14248,554,91,1150
4044,2659,45,29755
7325,542,67,20572
10308,4131,93,10866
8539,345,16,14813
12533,4567,65,16336
6375,69,37,20262
11385,1006,95,18317
18999,1741,50,27580
23984,2795,26,8109
26771,4032,63,8620
1929,4927,26,44360
19855,2251,69,41283
12904,1930,34,5188
21294,1008,57,46683
20552,2302,28,25642
13717,2478,1,16529
18746,551,72,25977
18902,4995,57,19708
28868,1529,2,18870
16031,2557,29,3412
29268,1437,36,45283
11922,94,98,28303
19768,2161,80,10961
3810,1952,11,34605
6019,4908,57,6539
3046,4057,17,41810
3346,375,77,40759
29670,2943,87,1024
22180,570,99,25483
26003,2255,100,31405
15915,2564,92,6376
27755,2874,51,37543
15862,2600,35,45707
14819,4986,71,8155
5991,4871,63,49668
25423,3510,83,18314
28701,1934,67,13296
20456,3236,52,31394
23393,2145,71,43870
29600,2533,87,7727
20402,790,69,46474
16595,655,5,2221
8916,529,67,2669
21725,3218,35,22844
20643,2624,14,41105
24261,1851,14,35250
17810,922,24,22506
20809,3303,51,24330
23896,3148,67,6343
21398,3945,43,5458
9708,4840,84,14736
1671,1114,2,42743
333,4327,94,30228
4427,4182,80,34983
21864,4489,15,38785
2726,4620,82,46231
6632,114,78,1267
7625,3527,80,38923
19134,1054,86,24154
24328,1243,24,4981
26106,2270,32,23528
10035,4712,69,21870
2562,297,12,42015
2797,3440,30,18336
10467,791,44,7615
2691,870,84,13817
11659,3294,21,41166
3430,2728,41,29431
18149,212,78,12735
19198,242,12,28898
5575,2440,9,20634
3404,4802,96,49008
7468,1058,57,2269
3300,4536,1,35663
4916,3049,55,9825
26972,137,20,45997
29490,1575,36,47500
11964,4143,97,26733
27338,4033,88,6605
15609,1443,81,12505
11778,3453,99,7262
10777,838,82,9964
9536,3583,38,25437
9595,403,71,43611
23774,4661,60,37311
1813,4865,33,8009
5360,1540,93,33437
8090,1454,11,32572
13050,3856,58,6652
20984,172,65,39476
5076,3275,50,27974
15111,4857,62,30834
20795,3578,59,41243
17555,3446,43,24958
22675,3788,83,14057
15317,586,72,45988
10706,1984,38,29235
9056,323,31,25700
16154,3514,26,47850
4245,3424,93,40163
3192,4881,92,20970
25696,3954,57,42855
25676,1166,48,14093
2079,1476,97,2098
14517,1089,54,31722
18996,3467,24,39116
28346,524,33,25770
10599,2868,55,13690
26864,4046,15,37875
15817,4068,67,12225
2933,1946,84,23292
1327,4220,1,32724
4443,3831,91,19236
20290,1476,20,13941
4532,1069,93,17620
25825,580,60,40841
23770,471,68,11434
25907,3543,73,47530
15396,875,61,26406
26258,1541,94,35433
9417,2823,19,31604
6656,3792,43,13251
9420,368,29,36880
4455,2441,4,9573
24252,595,68,42905
20785,1004,18,24678
6520,4482,80,37210
15933,4629,38,38340
7569,2326,30,17054
16808,2897,91,29414
13076,1347,12,4596
18085,1440,53,19330
24078,4697,28,4542
6231,770,19,15344
6670,4349,9,14001
15706,2824,48,19554
26732,3350,52,12649
25882,1804,83,12931
5804,1016,54,27034
24404,1941,99,25341
24597,4558,63,10809
2115,996,4,14016
23063,24,87,49421
6337,2352,28,19803
83,4522,7,3090
11481,470,89,48476
28819,3515,59,45555
288,1134,42,13838
15115,3577,25,39484
29288,2192,56,25902
2835,4321,4,31336
21508,2669,24,21168
26969,3465,47,12605
5472,2758,17,41597
14437,3062,18,30326
2726,90,60,46293
20282,936,77,35233
13111,242,47,47800
21744,795,9,46700
24680,4664,1,21260
22937,2799,77,47012
15309,754,36,49676
9557,2381,45,5189
15270,2428,82,46440
21075,2382,19,25879
20970,1374,31,13568
18844,1788,64,27027
10654,4471,48,18251
8447,3784,36,4687
18606,814,20,33340
19259,3758,51,5531
6275,3916,13,15616
20088,134,64,48175
9454,2678,19,39954
26887,308,93,26586
27038,609,98,37431
17119,1589,56,31144
17451,1275,61,30551
27950,3553,60,34977
2767,1928,3,24231
28398,2296,91,5892
27580,3335,100,18646
9547,36,60,19870
26580,890,27,28885
23318,1890,80,44455
7720,3686,45,19858
5940,2363,80,39161
4960,738,72,28369
11220,362,48,31453
7619,1165,64,39341
21676,2585,78,21328
16845,2163,61,2649
23475,2817,76,46554
8107,3061,43,13547
11213,1570,9,23069
22277,3648,17,36143
19958,3883,6,10231
11959,1924,44,41601
553,3920,94,48737
11279,1772,29,34443
24656,1150,26,46062
7402,3264,53,40758
14719,3199,76,22724
18207,3441,20,48101
3013,4482,35,33491
24477,914,39,1966
4409,1601,62,35159
2007,2607,20,18075
18914,1662,5,49675
19965,3897,82,48432
4430,287,21,13634
7454,2948,69,20344
17723,36,42,41850
22956,1716,69,6096
1309,1776,49,31974
22332,72,38,17977
6936,1228,20,13681
18598,495,28,45203
4320,605,62,23763
998,714,14,30456
4009,3292,30,16895
5174,4691,4,41739
7207,4529,65,28325
21340,90,21,30491
21444,3396,38,36586
15098,3159,87,4258
8447,4304,80,31258
26046,2346,75,48701
16148,3266,11,46207
9359,3969,15,2819
9598,4347,78,30063
22671,2070,61,15488
6965,3639,58,3039
1679,1238,26,32967
19128,4248,36,12346
22658,3524,74,32696
4716,1811,17,5616
7103,983,24,20200
21065,4793,56,3744
12831,1099,42,16281
28640,3152,88,1995
27748,3821,29,28150
14830,4089,70,31333
11648,2313,79,2149
18623,933,28,21276
7218,4559,55,24023
18549,1973,81,11892
10132,2585,26,40368
11735,3255,74,7127
20003,318,54,31954
10673,2091,88,20942
18043,4426,55,26887
25478,2381,48,4433
891,1418,13,36525
24700,4363,93,2819
1600,4847,26,3631
20683,1482,55,33513
6346,2965,65,12571
23737,3768,41,15976
27860,1941,27,37906
23524,1723,58,34993
8823,113,96,10787
2358,2235,35,49090
5957,3581,78,10413
27734,3954,17,43762
29243,2206,13,28900
16868,3599,54,44205
25852,31,72,1774
13768,319,2,26187
11201,2263,80,2702
12655,3624,55,42987
18393,403,85,10777
22912,3958,33,20446
22470,4947,84,4180
20373,3692,14,17645
23178,2892,52,2712
16732,2952,20,20764
11307,36,81,3898
21967,4113,43,19214
12958,178,66,49623
818,3326,9,23584
27068,2152,74,22543
21260,4055,48,14744
29218,2778,31,47035
21988,2909,66,40330
13446,1416,47,21424
24860,1568,15,18519
2160,3744,60,40066
11172,1741,73,34032
11098,4299,76,42767
8875,1950,67,35349
4,4964,23,11121
8367,1450,88,31369
17613,240,5,41530
11004,1961,94,28678
25212,3113,16,5972
13350,1522,22,10821
14835,3745,35,21913
5052,3141,66,18276
12088,2589,78,47024
1660,1062,93,3608
18258,2888,58,28620
8555,2200,54,39937
18292,1061,22,10155
6777,3179,62,23061
10082,577,100,11917
9525,1418,41,26673
18145,3131,59,16443
24130,2975,65,17549
5280,364,96,9085
4488,3698,7,18276
15939,3015,93,49478
24173,3092,76,22143
22764,515,63,20381
29063,2230,40,43198
7794,1830,24,32424
12448,539,37,18275
12671,2208,44,29797
16065,4124,1,25875
4152,3561,85,9248
6924,1118,16,21693
19767,2056,55,39502
974,466,91,33080
16943,3658,63,24613
6273,4812,100,20601
14216,4032,99,13895
24696,614,33,4537
3272,4703,95,17236
8161,1976,28,45114
3225,2753,41,31582
18032,1316,61,39875
1783,1648,33,24486
26496,3255,41,44421
14376,3823,63,36361
1540,4149,87,48263
2338,1362,1,13462
2051,2501,72,8701
26661,3507,54,28462
23631,423,51,3473
1659,173,83,28684
12417,4651,100,45816
14601,3103,41,15330
4749,3291,86,6334
23322,2054,9,12829
27888,1258,73,43408
27621,1153,64,7972
18179,2531,62,23619
9176,1173,15,5398
19735,4889,29,30689
17200,1392,43,36503
7953,1840,90,11214
11151,307,35,19177
11199,3338,68,4472
2922,1747,79,17586
17130,4333,39,41635
16724,4063,5,45920
19933,672,58,37305
19231,4009,71,48964
9434,828,8,45502
19750,4132,94,39959
4790,3295,58,24369
4941,2879,90,38834
11161,1951,94,5433
23693,716,15,36793
26403,1122,57,36928
2153,1285,63,33921
435,643,61,1557
18749,2966,13,15520
20316,3414,33,34679
25345,3046,42,49426
27047,23,25,21355
29333,1934,44,6412
26950,3852,54,35208
21708,1713,73,32449
5486,2070,95,48471
27480,235,57,12923
7505,322,73,40095
2058,1402,50,31435
11738,968,100,7723
1004,4834,29,35659
15103,516,100,39868
20218,4013,66,21641
12872,1121,74,19407
22538,4143,95,43607
11841,2866,62,16162
17735,4371,2,48004
1938,2198,88,4380
3609,1072,32,10467
26966,3774,17,23331
20904,952,64,13893
1216,450,60,27953
10230,578,58,15255
26866,1411,87,19602
17340,1701,8,11055
1289,4879,75,35169
27085,531,55,34748
22822,2010,95,16495
916,2910,57,11551
4799,4321,50,1380
930,3483,64,16364
5362,3037,8,48943
11504,28,81,42135
11087,3948,19,39771
1857,559,56,15192
14531,1428,89,10576
3638,2385,23,29272
26999,1052,95,5649
10899,3898,12,42906
8142,1966,36,28544
4328,255,91,37481
4743,5000,30,9628
16743,4320,55,5025
15328,1765,31,12221
12447,2121,54,42915
11071,4734,89,30244
1296,3051,39,20800
15564,3020,1,36674
20043,414,58,47010
26845,2876,36,39261
21677,4194,73,18888
18511,760,36,19252
4099,4670,28,49219
12130,4073,83,42214
27158,1574,99,27048
25169,2131,64,15736
4052,3697,87,40871
10430,4075,29,40352
2528,4793,46,19972
23584,4676,88,41482
15129,1511,7,36045
8989,1817,1,32010
28802,4990,52,17230
9989,3980,100,41804
16923,4155,81,13756
6429,1255,89,41161
11450,851,27,29776
8225,3908,66,6544
27743,3585,72,20973
20452,2269,99,6920
3053,164,98,39606
21245,2445,42,47083
23203,651,52,16996
19719,909,58,27598
27308,2334,90,36301
16700,1537,1,6740
14949,596,75,25739
6107,3555,94,27277
16591,245,65,30427
2226,216,51,21885
13673,3084,57,32151
16824,2151,52,29700
26646,3632,24,25713
25088,1435,41,47134
132,1261,83,17978
10725,1016,38,2068
13802,3815,54,19352
18463,3597,12,11372
28678,3153,47,23021
8124,3727,25,22405
12164,269,57,46719
16696,1335,64,5727
24963,4733,33,6078
14683,125,97,15682
27813,3871,85,35852
12573,3001,27,48443
1880,2040,9,3050
26702,3213,64,31911
23029,4927,68,35252
10949,768,48,45115
18354,275,16,4379
4715,3994,24,24934
12043,1804,77,39950
21851,589,20,18708
25969,1393,33,25062
19823,3678,86,13674
23381,481,93,7849
6897,4427,18,10419
19236,3085,27,28253
28332,1357,48,49193
10959,4814,30,35872
6435,3496,66,44035
27558,410,44,34216
22830,4908,75,31241
4226,4843,2,11400
16910,1451,7,11024
24068,301,30,26945
18665,3399,80,21877
20590,2697,19,31339
12903,2981,54,42229
17636,4960,53,28723
14799,2913,20,34962
20291,3786,69,38840
18558,4919,10,12314
5189,2718,70,4076
10877,1554,92,26044
4662,1680,7,2384
6463,157,62,31722
25771,1678,96,6879
6919,58,52,22329
18169,771,76,38442
13842,429,49,20952
16921,341,35,1498
29166,288,55,7539
6799,3228,95,34087
29206,2753,50,43598
15889,2764,21,41147
146,4324,29,10554
12402,4879,11,21660
19108,3343,59,21093
417,3062,40,24428
10414,4555,56,19372
5806,2955,34,27604
29099,3023,48,22091
24270,3798,54,43632
5245,2602,40,43246
27387,2512,32,41113
14055,241,69,43649
2909,2913,66,23451
24486,1443,55,2712
15597,236,15,19234
10824,68,76,48421
24510,4947,17,33118
4122,3729,25,38059
27029,4267,29,40620
9604,4515,3,4492
7647,994,79,43025
3757,1885,58,22856
3529,1027,44,47587
8961,3313,74,27801
23154,4916,32,9781
17970,3524,6,34304
3410,606,2,7984
1704,4759,35,32871
16337,984,27,27247
2746,3328,73,23038
1220,612,67,22935
20612,2414,45,18478
2639,1706,88,33562
4240,691,35,11003
24994,81,2,34116
27972,1610,44,29330
26763,359,1,4400
21265,4103,41,27891
20754,4248,9,2896
26225,219,86,16710
16781,4764,87,47285
16568,2499,90,15644
21462,974,46,46186
6626,170,30,30920
26138,554,43,20169
14900,1153,35,16263
1730,712,70,46085
12328,1571,84,46283
23325,4571,79,7891
2341,1478,65,14756
16411,2064,44,6584
6920,945,11,10195
4985,3296,87,45462
19033,197,100,9280
3786,3162,49,22519
2937,4165,60,1270
1431,1760,42,41632
16709,3843,57,13134
165,3036,15,18465
20957,26,26,45986
27975,2498,70,45006
2512,3257,25,25212
28988,4325,6,37548
12029,4265,60,39230
14617,1039,51,2010
15689,2974,30,3806
17078,4852,76,44698
17726,3285,38,9088
17907,3764,97,10521
9410,1505,95,3749
8814,4028,94,24983
24220,3896,62,46143
5863,2268,92,21143
9493,1723,7,41987
27774,2430,98,8980
17366,3325,59,33540
6361,1687,36,11251
23666,3053,5,10604
1371,440,71,33757
26095,3325,1,41539
23331,3477,51,14877
12297,3475,88,45061
24019,89,27,35619
14851,1435,62,41565
27139,4928,96,33487
29439,2348,89,29237
4439,4572,55,45609
27628,4784,47,20830
8956,2014,76,14123
23270,638,15,18681
25706,2905,71,44313
7375,4267,4,29743
1954,1950,59,45518
20758,1101,56,37863
25972,2989,29,21180
18414,4235,88,14289
17924,125,40,42089
9634,2578,44,23892
11152,1124,87,21132
734,463,49,34085
11182,4500,1,41433
25296,3752,74,10395
10189,46,77,3682
12503,1419,90,44810
705,2993,68,13983
9667,1335,86,27279
28229,1630,33,15330
1368,3492,99,17395
21606,3970,32,9882
26497,1010,27,9862
14461,1943,52,16536
22213,646,23,21084
29052,1494,68,20898
631,2410,80,26157
6414,340,16,15888
28741,1924,68,49158
8671,2187,43,48133
3094,1597,12,48960
24872,3523,25,14544
13929,2354,31,7121
9477,2907,29,23278
11248,1763,42,25718
15155,3698,55,40902
28999,1767,32,8366
19176,174,57,19049
7394,1247,60,45263
25274,284,45,41785
15009,4691,51,33615
9555,1113,84,5728
20825,2106,42,41077
10015,4248,81,42066
880,3986,7,12725
4755,4547,93,43004
6887,2662,40,46116
18605,1657,73,21995
25861,1531,52,19803
9507,438,24,11251
1313,3447,71,13747
656,2527,15,27817
12366,671,68,23181
1531,2535,34,27526
10969,3573,43,14308
14886,973,63,19854
25661,4473,76,6060
3558,4587,83,15650
11498,4053,25,46031
13034,1445,100,34978
15414,379,45,14953
2830,1247,33,6714
15282,258,21,8836
25081,2124,70,22216
366,3750,21,28035
38,1876,14,32542
753,4027,80,35287
3566,3530,30,42629
29507,2807,6,32902
4712,2464,82,16529
22778,3302,32,13122
10999,3588,48,12206
12259,3385,41,47692
17934,3825,1,24244
25112,2943,50,8021
9534,2794,1,35592
7000,2070,45,8785
14937,4469,12,45663
25020,4409,97,19123
29568,1204,64,49889
2803,855,14,7386
15640,2385,55,12036
21973,882,73,13385
23079,3636,23,39583
16580,4686,1,16862
12163,5000,75,49297
29704,2310,39,17359
24068,2936,64,15475
16527,1924,68,7858
11680,4999,67,26544
8899,2689,40,29750
2013,3780,39,10790
21514,4130,80,6670
25811,869,10,16132
29182,1086,34,2050
1405,2122,34,12509
14347,2870,100,44067
18229,4879,82,16021
11119,2091,90,9496
3509,3907,44,11500
5620,3524,68,45732
20675,3528,41,15890
8066,2171,18,14667
15737,2627,3,46755
4407,2927,67,4888
8130,3853,11,1837
8080,2948,33,44293
18378,1575,97,10881
2924,873,23,32355
24875,3908,100,40116
25215,3520,94,43338
25758,4684,35,41836
17229,3428,82,21817
24781,3772,55,9412
26746,787,64,41265
20036,2330,38,22001
28462,562,82,7400
5772,766,80,48213
8082,2028,80,23198
5530,2488,8,19050
11819,1183,50,3170
27988,4600,21,41804
226,1041,40,44497
10085,831,30,43702
24371,3263,67,10226
15807,2943,20,47915
28974,812,29,41258
3921,4869,88,23109
15432,4070,41,26992
5660,3444,27,20058
7623,3671,26,26261
26955,1902,43,30246
12643,4584,69,3564
19015,3612,27,18463
28452,1714,50,18020
18965,3182,28,30781
27692,4414,57,17159
1496,3658,47,13941
21577,2494,89,27999
23352,903,55,22128
26575,2379,38,12867
478,1689,26,47282
4602,631,51,23801
14214,2733,16,35626
17180,695,7,22136
3916,4005,33,23823
24489,1357,61,33827
4690,3543,39,34521
3654,2455,79,27996
15596,221,34,36881
274,3716,4,7118
25399,1923,63,20477
26341,281,74,3296
24722,677,81,27266
9280,2133,39,23429
20537,4338,99,26277
7720,4051,72,15263
28285,3404,72,28912
5396,3674,76,1931
4782,4778,97,41972
24852,3904,16,48919
6554,4699,71,37270
27368,2633,65,22762
20363,4156,23,13828
20247,1065,12,1573
5935,4646,30,15711
10426,2084,16,17188
17131,1873,11,33001
6145,3264,60,2124
12215,1120,30,13586
2041,4844,21,37791
8774,3952,77,22086
6002,4494,64,7000
21721,4164,54,35541
6028,444,77,7793
3720,4871,58,48726
27988,3003,28,30745
25954,3382,18,1056
18023,2138,12,37494
8704,832,1,46372
13202,171,15,5280
1903,2878,83,4181
22798,995,91,7553
22152,2434,14,39693
7580,1623,5,5631
26513,2765,95,47461
8244,4511,85,6491
25550,4900,69,15599
7173,2977,71,41087
16188,499,44,46640
28089,4133,50,17119
5479,2790,20,26101
24935,2688,21,6128
28431,2252,9,28511
17458,1577,51,17505
14779,4143,44,19684
28137,3580,6,40300
12568,2399,14,13284
26541,3625,69,3486
11989,4691,55,43879
15961,2519,55,37055
22167,412,36,42740
7116,3379,3,47155
13013,2938,79,49470
26747,3008,37,3874
9870,3152,21,41223
25768,3815,21,22856
7081,1581,69,31361
23519,3242,13,47573
7217,1151,91,40833
28984,2993,74,36746
28770,3323,48,6282
7264,3110,71,1870
7900,2136,81,20370
28754,2671,59,43676
11414,4722,75,16381
10357,4869,8,24448
11923,4051,72,36898
20508,1053,36,43135
9764,2171,100,32154
5074,4351,54,7679
5978,2217,13,34358
23180,3001,31,23054
20736,3848,15,38454
3278,275,65,22029
15477,2860,59,39443
2101,4403,15,43365
13818,75,74,5432
28522,3959,78,46101
23133,3954,4,42767
22935,3390,100,3162
28932,4303,53,12853
27785,2255,15,33081
19427,636,40,45354
7126,4829,87,25976
20232,635,42,14292
2336,1574,32,10857
9471,4890,14,38432
16410,3285,57,47608
14274,3550,44,15707
24261,2645,56,12648
9479,1582,90,28335
7645,2697,29,37100
17515,224,74,26725
1290,2393,48,8232
17258,203,51,16068
5884,3409,46,4770
24981,747,54,11611
23695,37,10,45230
8084,4591,66,28600
17278,3562,60,23760
28431,3318,72,25314
18960,348,54,43626
2829,3912,47,7540
10698,1029,45,7775
15526,2578,16,38333
10303,4188,32,23253
28941,3769,96,25371
12280,2833,19,12393
21187,801,2,34597
28263,2098,82,2463
25564,3267,48,22286
1267,3957,69,25009
20932,3818,72,34015
16577,472,89,2868
9967,517,68,9517
9922,3845,34,34652
16502,4556,76,36566
27778,3941,14,3796
25411,4612,17,45808
12614,4390,21,9901
26958,3589,63,25732
15071,1692,15,49326
10314,1218,27,35219
22956,1639,16,18223
1598,390,67,23322
16382,3636,63,7683
22218,2110,56,13178
17421,241,97,31989
7913,2399,19,35218
28128,1264,7,32087
19138,3472,97,46632
13271,3457,69,33803
26508,2791,57,42618
27077,4558,64,9711
18564,4798,22,7283
21813,1331,66,22951
18542,3246,78,41289
26489,4449,94,39605
15915,3459,91,24035
5447,3668,34,37682
3787,638,26,39101
29695,461,12,25593
20432,2399,10,1300
15407,862,99,25422
18393,1873,95,43208
17139,3081,72,48159
14335,1158,8,29377
459,3454,5,28940
15739,1166,77,36499
14699,4194,71,46844
8149,4925,34,2714
11678,1448,65,14297
7567,3150,15,24421
27632,249,55,36495
357,4707,82,3768
10501,4853,27,40964
12486,1340,25,4164
127,4237,27,7067
26607,2108,84,35740
3497,4138,4,19890
27196,2721,81,4849
6500,3061,61,7025
22998,1063,48,24438
18026,3458,22,12812
28824,2651,9,47131
11544,2210,39,34237
8806,2867,41,36495
14619,1101,36,13721
247,1565,32,22232
1375,3478,99,2753
10352,195,92,1011
28934,4824,9,34604
9797,3488,48,23528
16805,1805,98,36212
5613,3195,45,26869
5084,4060,20,4593
8326,1564,31,1693
9421,4196,47,2045
12270,2814,79,3156
23804,2033,7,10409
4388,4192,20,10152
27192,2776,64,39326
19284,1202,31,45774
7676,4902,90,34702
13047,2051,67,28777
5815,731,92,32389
18319,4948,36,40571
21616,3843,18,47464
1785,2394,55,43195
28667,2813,5,9845
3161,2831,91,28305
21815,4398,45,4337
23294,4441,79,26401
17191,1301,4,26464
194,866,40,9738
2500,1481,3,33666
16570,838,81,28602
25247,4473,75,45651
8329,4324,31,34005
24259,1257,9,23603
11661,4061,30,8103
11104,4504,61,47656
1658,4703,43,18164
4591,4250,62,21702
3950,2306,68,24010
11046,4288,92,16044
25131,2393,98,2281
4803,250,46,45927
12962,3501,63,40758
21982,4483,73,2606
569,4505,37,36829
64,4388,95,38710
12595,2926,8,23592
7766,2240,45,35813
11869,1360,67,38722
9005,1208,62,46183
1182,1128,3,15577
21702,638,89,37227
21618,4524,67,21956
11511,3841,80,20952
4102,4383,45,6951
16321,2360,69,8349
21153,639,61,19118
23582,4272,20,15502
29245,2871,7,12781
11310,1093,11,5923
22364,2755,15,33027
4790,2534,31,20898
14123,1566,35,36771
4399,4024,48,18876
9542,789,6,20869
17527,1235,4,28352
17552,4086,45,1345
20592,3360,83,24961
6652,4773,44,14914
2684,4941,48,34199
28943,3150,98,39054
11527,1133,29,38125
9355,3574,20,18939
17147,417,52,22063
12793,4057,13,2408
21625,2396,20,21666
9615,1749,94,4546
12101,2628,63,39568
2952,4542,75,5221
12381,3626,54,3689
26627,2530,5,49179
22695,3236,28,35059
13327,1537,91,8922
5776,2541,31,20742
10226,4986,95,41416
24398,4604,63,11844
15135,2951,75,46628
8995,4248,53,43838
3125,3601,28,9447
18594,4517,54,13087
14627,442,84,19463
6410,731,26,18492
7200,2041,82,37565
19098,1420,2,24526
10590,621,3,47789
28214,885,60,39799
7713,1565,67,11364
22082,1052,44,1197
16944,3947,51,12343
18643,2879,77,13040
19212,4791,57,17785
24526,1507,50,39221
4432,2984,29,37963
4265,4049,68,12165
21556,2511,68,46909
17850,1612,20,13718
23041,699,16,10236
22136,4001,96,14719
18252,3755,90,24717
29483,1669,20,28303
16210,4674,41,37190
22043,3167,90,23966
2041,2649,20,1816
17076,1230,18,47938
23064,596,47,6260
22280,2099,66,4007
23426,954,56,43939
1683,4257,61,10164
2272,3182,37,8972
474,4437,48,36990
16755,206,92,14023
26668,4820,54,13619
21905,4403,24,32471
6211,3693,53,38861
22594,1286,66,1653
19698,4293,82,40548
27545,2056,67,2917
20306,2760,67,38213
10498,4852,16,18863
15758,4582,97,17796
18562,3872,93,45336
22991,3922,18,9454
15628,20,97,8622
27628,4010,77,31509
27102,4126,51,47124
16480,3390,63,5576
2189,3648,19,38144
13935,4970,8,10743
12198,3630,1,24672
4929,2556,35,40882
21450,3042,55,11881
4200,427,1,4360
29111,2813,75,33193
1234,38,53,42992
26931,4004,93,9694
14575,2815,68,35814
17497,457,87,29828
21471,598,20,10398
11259,4219,78,34408
10404,171,97,34561
20983,2268,26,32468
15249,3445,8,36569
12461,4118,18,28848
20665,1712,30,32965
23792,929,6,7087
8630,4943,5,12433
10090,3736,18,9375
18562,3313,46,35602
3528,2263,47,43908
16264,329,50,25207
17617,3132,21,1235
28094,2240,23,44121
6521,1120,44,15965
23631,371,9,21237
21242,2702,46,9212
12590,4189,1,6169
9483,290,74,1602
12111,3017,79,15905
7941,3502,88,3157
26467,2886,94,40409
7343,2126,76,35165
22321,4940,23,21661
6829,344,57,49958
25633,4466,12,40145
7868,4883,18,33994
8645,2754,99,36094
9106,3858,5,17516
25752,3300,22,45932
10661,3206,49,26017
8707,4501,2,26031
6582,616,32,22352
28078,2894,45,20069
18535,1348,68,21228
15661,25,51,45361
5057,130,45,30862
2901,2904,31,32341
8653,631,56,49404
15554,2046,49,3864
20568,1221,100,37970
22155,39,49,42361
28114,2097,2,2187
7622,2536,68,12295
1764,128,88,28973
3285,1313,5,20266
28911,4619,77,12711
26082,966,32,45462
24316,176,39,14098
20735,1402,14,34532
28776,1167,85,1598
5234,3519,59,37125
27965,605,98,25125
24086,4700,83,30481
28773,2360,94,23953
23096,1481,71,41948
19880,113,98,9217
29156,1154,87,15043
11253,3380,2,14273
24027,1139,87,47032
14534,2022,83,47433
5291,2098,51,3950
14768,3788,50,40867
5306,2385,33,29373
21224,584,59,34821
3331,2158,28,46883
27099,2711,61,28231
2491,3500,6,41162
5450,521,81,14033
29679,913,23,21933
29704,4704,74,29844
5659,4071,89,43332
14997,3721,70,9419
2926,2853,87,27701
4170,923,16,46552
19823,2161,9,46217
9227,3689,76,4310
14053,1333,54,38089
214,1204,21,32782
18446,3730,93,38400
13987,4902,19,15230
14341,27,8,39153
15471,3624,13,37606
4599,2450,70,38649
14509,4283,19,9759
20461,4163,12,43431
11520,349,99,15992
27316,3105,24,36917
12707,4328,76,32670
3158,4185,99,40489
25656,830,98,23807
8289,1618,26,39628
14535,195,27,30137
19604,414,11,35281
27190,1296,46,37251
3166,2614,82,23046
7884,813,26,28007
25646,4115,8,26527
553,751,79,7013
26300,2626,65,32555
11735,3855,19,38373
25590,4527,78,40914
15646,870,51,39812
20793,2532,92,44921
8104,575,92,9490
9768,3095,69,13185
13547,4606,33,39579
20295,4228,10,34458
11776,1402,46,43402
20592,4750,28,39574
6656,2900,69,42938
12252,2094,31,36670
21813,1230,96,3486
13110,4375,96,7986
16983,479,43,49004
15743,4470,47,44603
17334,728,94,40701
15745,4942,100,1155
281,1282,71,7446
24476,2112,77,15541
23122,4129,45,48465
6362,3761,17,46189
29567,4037,63,49434
6686,1021,77,10016
17509,742,35,46274
2413,2505,59,29350
6207,1508,90,17065
3956,923,49,21449
19541,1863,34,22876
23557,4500,40,30503
19129,1962,3,2861
6085,2972,55,6196
27163,3279,62,8301
21428,4014,56,29758
6535,714,36,15939
7678,3584,94,11477
16311,2996,34,28044
7872,1528,24,11241
5828,2259,30,39052
12354,1165,85,46991
6968,644,85,14969
18161,211,66,47825
15060,1131,90,20721
9070,3255,93,3729
3161,2090,63,24350
22833,4745,40,43876
13736,2757,75,39777
4919,1748,53,31968
10188,99,41,42005
11987,2044,32,17097
24854,1414,12,43111
25000,1774,25,17526
1124,4318,85,9405
29188,3890,39,25165
9076,3430,46,13404
10932,1,94,34774
20313,2352,37,43555
2610,1030,88,8291
19672,4765,32,34499
17561,2364,65,37205
8151,1259,70,23344
3585,4410,18,22368
17540,751,97,26894
23912,1337,36,28701
6031,2051,74,23432
28755,3484,61,41227
12029,2631,24,23675
6031,1022,42,25878
8637,857,60,11144
27103,3127,81,21562
19247,494,93,5370
28656,1660,32,1456
7858,4082,73,42267
22799,2357,9,9168
1430,1124,7,19904
12689,6,68,18030
21750,2587,8,46845
16905,2769,81,20907
12539,3920,50,28495
28854,4702,66,27056
17525,3241,35,22815
20798,724,92,9793
26258,2099,79,18404
29333,3700,42,33072
23507,2073,15,1434
7572,1247,36,27192
25649,4798,24,47118
1780,2452,6,34293
23037,1638,60,35115
26105,386,57,16968
12777,349,84,11557
777,4720,69,38743
825,4569,28,29007
3532,2582,40,14512
27654,3057,35,12270
12868,3421,70,21967
975,3772,57,39376
24807,3529,24,35872
7598,4551,61,46417
11773,3856,82,23075
26554,1391,82,42678
1065,1961,68,5159
9500,3649,84,7254
17182,1805,24,1482
19830,138,32,44385
2045,139,63,21927
28288,4975,29,5108
7069,1129,30,39339
14129,3651,18,22054
24912,1845,83,33602
16681,1260,43,48574
27040,2372,66,47321
9575,4965,43,20455
4730,4860,66,49797
6913,2354,33,6583
28003,1416,68,20554
19375,3078,3,42264
3263,4415,80,25687
19413,2144,6,29946
25986,4175,84,48948
13260,468,64,5597
29421,922,17,8413
6543,1594,6,19766
25071,4747,29,23168
4750,2987,89,17791
26371,4309,5,24058
23718,2383,53,22123
15318,1528,53,16189
2511,291,9,25216
24961,4663,53,21336
15533,1168,69,4862
9935,1257,23,13574
10017,3912,96,25986
2899,2018,49,20171
8719,2648,41,45270
12797,1560,81,27377
26232,338,24,12780
5614,1154,2,24978
7431,897,88,3257
8048,3150,11,46407
29313,3994,85,13777
21279,4177,70,48561
13365,2148,64,3492
21075,4923,83,48223
1943,1073,63,36405
2864,2888,74,11482
16631,370,86,41392
15452,3434,18,25712
27634,1859,55,45479
26329,939,81,26617
15858,2940,34,29201
22872,1703,51,2180
4510,381,61,31770
29722,2376,10,4629
10402,451,87,49096
17032,346,6,21727
29510,2001,61,35661
13605,2134,81,45880
22237,2677,64,12285
21444,4655,32,16213
4937,173,8,43374
24002,365,81,21933
15673,2299,53,44575
25503,327,10,36365
21162,2303,42,49898
25597,2078,42,30766
22172,3896,53,7427
3593,2938,39,9843
29640,919,48,10277
7111,1095,57,35943
20400,1944,52,33929
23718,2955,80,26614
296,554,63,38820
25011,4555,21,12934
19,1052,76,7760
884,1045,43,48176
5849,1617,28,30855
4390,544,12,30009
23311,2084,43,18194
17537,2437,73,29935
19026,3519,60,48703
26045,741,70,32219
3381,2850,48,30993
20806,3323,4,15244
19818,3890,24,16153
24248,2273,63,43807
17928,2531,72,4165
24571,64,20,44360
8916,2405,54,3607
7609,1256,4,17751
4197,4882,37,8797
22459,4821,43,20139
6017,1304,96,41617
24911,4580,47,9243
25498,3650,62,37606
27794,1915,84,30335
21551,1285,43,2505
18380,639,6,19776
21967,742,97,1971
9984,4612,19,47223
26355,4902,7,43523
18945,998,76,16917
17364,1816,52,30570
7257,3876,27,34067
9061,3698,54,27919
6737,4981,65,20384
112,873,7,38312
11868,4939,95,16574
4596,3833,83,29943
4246,1389,86,20134
21986,2560,83,39753
17039,3606,18,37150
22756,3361,30,10637
14895,4921,82,34159
8176,1553,69,4371
14317,4507,30,11384
717,3485,4,2949
24429,4406,92,42597
20328,3751,17,3545
24458,1452,95,1884
24509,4113,94,9802
15321,1279,95,35333
8488,1482,73,26058
27449,4132,97,16830
23904,4440,34,11256
23369,2923,36,49477
16837,1967,72,25715
6240,2337,56,19137
19808,3950,41,15016
24745,1260,72,29280
11655,4472,24,22268
7010,1271,94,22641
16678,503,53,27471
21181,4863,18,10303
25192,4379,29,28655
20459,225,24,11180
5918,1692,59,3015
7437,3849,75,26861
190,1123,13,29921
13993,2710,85,30788
19545,222,37,29321
7716,4625,3,28169
14256,3612,3,38578
2324,2394,84,32296
2624,1602,60,15333
27077,1930,48,36291
4360,3005,23,4187
9004,4183,87,31671
11050,999,49,48952
21843,2417,49,37570
1348,1510,100,20787
14822,2639,43,37734
14128,4397,47,20714
9536,1348,65,9243
3228,129,46,43025
29983,4431,48,28022
29744,262,56,17632
6125,2587,35,19146
28276,3359,21,2210
8692,2209,4,28507
18563,1010,25,6227
7123,4359,8,23766
815,4505,43,44266
29315,4296,9,7006
8658,3781,46,8000
15478,1528,35,10217
12876,2452,90,21136
1221,937,35,6352
23808,2286,28,1668
1506,1651,84,13207
24511,177,41,35959
6141,3561,74,7039
4383,4522,69,26315
6370,2048,57,31437
25419,2436,54,25811
14405,889,43,31085
19652,663,53,44825
23296,3215,44,18396
1915,2793,39,12158
14812,2192,100,22474
19662,3634,4,41679
22049,4504,39,45705
16350,558,72,12041
18457,637,1,34400
13677,1616,2,38659
17604,1585,92,19511
22079,1138,74,29881
27454,3677,69,18473
700,3533,83,14648
15128,518,43,12626
1468,2817,13,46554
12779,4029,69,48200
19397,540,92,30986
16380,4449,68,3862
17675,1190,73,19652
7071,3590,55,38181
16305,1261,65,6438
16915,2461,8,49266
20006,4116,12,48810
21625,2736,2,32808
4201,2645,82,28252
28272,4190,54,46113
11798,3955,36,3795
26067,2297,96,47959
23204,3240,24,37698
4855,3833,56,17822
21448,2400,70,13697
8388,3407,37,34805
9611,3696,20,7502
9024,4875,36,10656
13772,2123,3,39965
24545,4678,1,42848
2190,1479,34,42747
16634,127,87,1763
26056,4768,100,31243
25793,958,66,8044
22059,2446,50,48756
9255,1018,79,8534
28338,1140,49,43026
16477,4727,85,21277
26527,723,21,14250
15772,40,51,47148
6417,2884,65,32943
6337,4341,51,44989
27164,4658,63,16849
15817,1233,87,43570
22929,3555,98,13401
18432,4794,35,36001
13582,243,87,19919
2056,4257,30,41613
19195,280,41,29499
1840,1311,44,22782
14860,1837,76,38159
21,1388,58,25942
17248,1202,60,35083
6757,4033,23,2977
16963,93,19,28531
7960,2562,59,44640
24516,614,49,28234
6118,114,35,42776
797,3875,74,10166
25341,652,82,2232
5820,3537,22,15229
10473,1883,17,37576
16198,4283,37,30874
5770,3253,1,21129
25616,3906,100,36328
20341,4920,10,30551
13614,3660,24,18199
5037,1289,38,44804
29555,2593,8,39095
2407,1109,70,14946
5748,225,91,49195
3346,2074,76,49407
23890,3039,43,31512
28348,2231,99,6520
23171,1313,42,2956
12084,289,86,44239
28834,594,10,21523
24802,1598,37,47312
29925,1972,82,33860
13022,2799,40,16202
22793,1450,33,1814
23794,3530,41,25466
6457,2234,57,27418
29298,1177,73,10708
20639,2777,16,6886
10218,1769,23,27684
8144,1955,86,9337
12517,1508,28,37670
9683,393,3,29827
22725,4697,74,13914
28547,3933,97,26671
8598,428,25,26198
19378,4576,41,49720
26630,846,82,1301
6797,2853,32,20600
29428,2286,73,37818
28848,4426,82,12224
17468,2217,86,26796
14498,288,23,27637
9334,5000,78,1663
1644,1953,60,4091
29349,4629,77,19108
13625,3080,53,15161
28555,4663,65,11317
17568,1305,31,8062
6594,2368,51,19822
917,722,60,47800
13195,4093,25,47108
9589,621,93,44101
13166,1670,58,42966
17863,1268,12,49941
6064,130,76,45852
17160,2065,98,42091
20891,2262,47,3127
4076,4555,99,39603
15502,1658,79,22158
10843,1454,90,7781
11928,2999,14,46929
13333,3136,44,46291
6083,1303,30,44077
16678,2688,16,7143
20053,614,14,13067
13401,274,61,1166
28160,330,1,44116
21898,1067,41,7873
2334,4444,77,45808
17484,4698,17,5192
1930,682,55,46842
24805,109,22,19854
17915,4765,95,35088
13934,2364,60,16462
25506,1322,97,20900
12959,237,99,7196
18998,1907,93,21081
29746,2202,61,9998
17669,4782,65,28756
8164,464,30,8180
12968,536,52,23754
23157,2546,17,18338
10364,814,25,15386
16801,2545,82,37104
18882,1690,30,36878
22314,4057,73,12834
24435,4491,71,27496
27282,3508,61,41644
12613,500,40,46186
26625,2843,33,16766
22798,2666,26,8862
86,2746,92,9651
6679,2884,59,36436
10018,3178,93,42203
12866,4534,75,25319
8534,2685,78,24527
17755,1395,24,7307
6575,3,31,5258
11061,4477,68,35240
2334,3910,1,17633
20743,1995,40,31129
7334,717,91,24335
25416,4038,40,4076
2811,3878,25,17958
1981,2438,95,13685
23076,727,35,31131
22243,4653,36,1493
27640,521,3,31455
21831,1246,78,2538
28623,1400,25,7634
6676,1815,75,30586
2755,4210,79,8930
14806,75,41,32001
13654,3356,61,34528
1543,2172,12,49086
23567,1587,46,22926
23356,4915,55,14407
22875,4540,13,13100
27861,1490,84,27721
27924,3530,22,46265
27687,3445,2,21116
5864,1192,30,35725
17697,283,17,1690
11782,1201,21,35256
22123,3509,27,24822
25859,4957,43,17596
17843,4595,87,29784
5773,22,3,42716
16159,1051,20,28078
3933,4477,82,34804
25938,2120,25,45675
21245,2737,26,33752
8104,853,16,8015
17701,928,17,46739
18532,397,79,37970
27502,331,89,44712
10248,2467,12,20263
17712,2651,15,14528
157,147,68,27780
26770,3105,83,41312
924,2100,95,32815
16458,3648,30,45212
3295,3657,6,11307
23949,4509,17,15001
20058,695,96,37694
25021,2587,59,41771
16070,2459,79,40184
19561,1693,78,15382
20386,1211,45,29381
3455,3771,55,46290
29891,4791,15,6465
19329,1172,87,38957
129,1829,91,11024
12700,4230,61,2994
9751,3706,19,24293
26728,1371,83,23263
26338,1572,54,7020
14040,695,12,2459
7039,200,43,38489
24061,4088,65,29906
13912,848,66,35679
19871,1657,38,18655
187,2619,20,49199
5245,170,6,25559
22455,3253,86,36770
18887,2050,14,20755
10658,1245,95,28429
17281,3465,38,38231
8682,267,73,33473
22846,119,48,26744
29093,1557,40,7178
3710,3377,41,23528
14864,187,72,37819
8047,2229,75,41802
28504,3403,82,30134
16186,4013,13,18465
26221,2665,32,45662
706,3517,72,28755
8605,193,28,40598
2402,4278,22,48447
7966,1104,88,37930
1674,2584,26,22962
17137,295,51,24027
15931,2297,86,47950
26818,4844,34,43126
8736,2925,75,2153
3651,3446,32,24939
11356,4483,73,39332
5324,497,94,24673
889,3077,34,43177
22970,4164,15,22123
5506,1225,11,2853
7847,884,13,30850
28726,925,79,24221
28426,2017,55,36674
20551,2619,32,44680
27512,723,64,1502
28600,1485,36,4836
24115,3851,10,13064
15467,1703,98,38073
28981,3430,81,36575
8009,271,87,1952
20614,3842,76,17555
13090,4247,50,36130
26383,361,52,5651
2377,3033,32,13747
26362,3276,92,42742
5560,2393,81,28464
20088,46,14,40013
640,4793,14,44652
12050,1289,54,28322
27174,2820,31,30952
17170,789,59,34695
14435,3905,71,9056
25111,410,39,5850
12640,3408,81,18631
1514,3077,10,38633
14849,1515,88,21785
5457,3282,15,33641
10307,2133,50,8331
6139,3586,23,28562
10325,4302,29,15852
1464,972,63,29122
7367,1905,30,43747
6401,2910,26,33578
8053,1791,91,28989
12000,3317,5,27701
26904,3431,6,10016
2066,2539,78,19073
4789,3845,88,45776
24195,4548,12,25607
3568,3251,30,17204
19593,4931,18,6902
1588,263,75,45589
4025,3946,90,19613
19846,1015,59,33080
17296,2071,65,21278
2345,3685,75,16959
23711,4822,29,49793
7946,4998,48,41284
20756,1174,62,11507
19025,1451,8,36811
819,213,92,22060
4794,2990,51,18552
11350,3211,66,39332
25130,4925,76,25027
21842,3838,45,29046
9564,1478,55,29249
18717,4327,85,7535
10862,3319,39,16842
2195,3664,50,13756
24274,1705,88,19562
5698,4108,49,37554
25061,4640,98,49183
14400,3869,97,36711
11260,3114,4,41314
28608,4678,77,28419
10454,1740,26,34642
28815,1966,86,5471
10072,3038,4,31544
11648,4193,49,3243
21203,1555,96,9325
20667,428,92,23006
3167,691,59,48274
20614,1311,81,49623
26259,4528,44,17931
5277,2793,48,7538
19506,90,69,4470
14409,2207,92,18012
18643,4106,76,26687
23231,1767,1,35898
11029,160,80,4954
1344,4035,64,49873
21926,3641,3,1381
13045,3547,64,25161
28892,4662,39,10592
14928,1032,72,39706
1452,2324,99,16207
17568,685,9,29382
11923,3243,42,10381
14632,2190,53,44229
29406,567,77,4146
5666,2279,15,27937
29851,445,37,37545
20074,893,6,37501
26200,976,2,31469
25013,3480,32,32764
9185,4454,23,47837
851,87,67,31228
25736,3454,10,41372
18988,2245,95,2295
2023,1147,38,27838
3953,3689,77,34056
28615,278,1,17125
7673,398,20,45326
18714,3853,21,10725
13454,34,10,21655
2778,4954,32,30127
14341,4515,91,9846
18519,1562,37,20433
3044,3468,77,3553
4534,3021,17,45742
5973,681,99,1540
15132,2471,61,4136
17172,2191,12,27338
3548,7,61,18413
7975,3692,4,5546
14416,4189,14,18925
17887,2415,39,5394
28239,289,41,11370
5250,2084,30,14985
9215,859,6,27954
5880,1793,50,33122
3484,1592,39,48230
28854,1469,50,48336
2016,1723,46,26241
3176,3861,40,18086
15449,4933,69,9518
9220,3045,6,40924
5989,2902,21,32694
22556,3832,44,22364
1108,1477,100,43020
17928,640,44,24422
22124,650,92,29865
17583,2614,47,27813
7452,4361,12,18730
762,2407,29,2926
20380,4154,94,49938
16604,1691,88,31632
2452,2991,85,5677
23159,2006,65,27891
28691,4383,35,21540
2875,4401,66,33099
24145,3963,91,42755
28469,1866,44,39418
19282,3447,84,28497
7309,2542,77,3658
7066,4097,38,30257
6264,4645,13,27929
13302,890,25,34631
26120,3559,61,48694
19721,2801,81,41701
28195,1477,21,26866
27864,630,65,3127
21002,1628,38,46484
6409,3503,45,13623
28602,2269,20,48231
18093,1788,85,2674
26870,45,8,33647
22636,1920,34,2740
2155,2711,96,11978
9348,2474,28,8526
25097,4278,25,7964
24900,3945,27,3280
24552,3661,53,3945
21865,4493,48,7028
9593,4405,73,43810
15930,311,16,43124
19859,1647,6,32464
27288,3846,86,31867
1034,2684,21,28098
19082,508,45,46982
4318,597,87,1672
14828,4344,16,34622
16391,1865,97,6318
19787,4761,66,8165
29197,2290,46,16720
25058,1724,78,34939
5651,3722,16,8751
8358,2213,32,23024
12251,2811,82,15244
6719,1103,65,13940
8562,2793,18,17339
3334,4059,72,32886
10744,2730,87,25554
16881,4868,100,23940
3004,614,88,2062
23439,3989,49,37443
2056,2038,68,6136
12051,4425,87,20265
21781,4989,6,25836
22705,879,25,20648
21759,2515,26,26920
18635,3229,44,34678
3858,1849,9,16716
10584,4156,85,40974
29234,4079,15,17877
22288,32,12,27815
23974,3443,30,18760
14761,3726,84,10314
12213,4871,85,47880
25934,1059,47,40392
19262,3875,59,46963
6118,3003,79,40474
18659,4544,22,24693
14522,4976,4,17619
1628,3440,63,17710
9066,2148,13,9282
8171,2946,17,33555
29791,2360,54,34292
24866,1415,54,39548
11278,3599,27,30909
21006,1423,86,38565
27760,230,46,14527
15423,3911,85,32700
10022,2678,74,41539
21763,2172,11,26519
17499,3573,94,30681
29943,3636,5,19704
3985,3183,59,6436
21403,4668,21,7490
10060,4086,3,18403
19923,3327,100,44484
5607,1989,22,13677
7687,2375,7,9274
24715,109,71,7843
4369,2613,83,15257
15843,4032,8,6543
12004,2023,61,23956
26602,4982,40,7872
2032,1240,67,12524
25096,4502,14,13885
6877,2623,70,43772
21673,1070,3,14901
12254,2819,6,43271
15660,1936,40,32996
19301,2143,68,18185
23346,3224,68,32414
21805,202,13,11682
22541,4751,93,18372
17144,721,88,24981
4038,939,44,31813
10600,3465,33,20751
21010,3786,51,17977
25511,4142,22,21926
26019,1170,69,12926
22778,649,57,20528
25481,2084,5,26037
5010,723,59,4776
1735,850,92,9404
28831,2163,65,25146
10441,180,70,45300
10579,3655,16,12483
26281,884,46,49285
29455,822,23,16863
3041,699,97,48423
25527,4588,17,13825
28234,1489,42,34444
2939,4063,25,20156
9314,1864,26,6399
2904,4164,98,14045
2625,904,81,21936
19908,4948,9,39470
15768,3963,95,3551
14916,2988,50,3609
14459,3402,1,17117
12464,3441,2,30989
27760,40,19,40831
3498,888,36,28611
7443,508,60,47052
15375,692,4,11004
14991,3319,1,2993
21173,4720,51,27043
432,2286,55,8095
6786,3092,26,39673
14834,3866,54,7970
22831,3762,70,43422
18591,2491,57,22425
4509,4309,76,19098
18244,2041,96,9170
9751,1757,5,45458
1057,404,28,38581
13338,1610,80,25819
24837,3943,39,21619
3040,2762,58,15268
10303,4623,49,3612
23050,1043,93,35717
22762,2389,30,26197
1042,1131,36,41092
16652,4224,36,8730
26904,646,52,40728
28885,2359,52,1857
12041,3337,55,6435
16473,3043,68,17872
5178,1115,22,36476
22555,4540,44,36162
1245,302,69,34325
21828,4802,60,45683
11705,2865,69,3934
5301,2491,33,29998
14645,2563,79,23738
2951,1946,31,33383
17526,4288,9,9134
26513,476,8,34793
11223,873,84,25005
20120,4634,48,25877
26060,3393,13,33167
13292,999,76,48268
20746,3309,11,6850
13496,3328,86,12366
12205,3787,38,10759
8930,1445,80,42130
21380,3494,45,42754
26102,703,37,29040
13577,1957,24,24677
2905,2149,37,48218
9460,2358,94,47156
24736,1093,78,39951
22694,1751,73,9339
24889,3011,96,33562
13010,4651,33,26098
966,287,14,32056
4318,388,20,19965
12478,1851,90,7056
12542,4461,6,46430
11937,39,23,46275
29646,1553,98,14444
5797,3527,71,43282
8464,1783,78,2786
4504,3870,66,25453
1182,2786,21,34348
9735,330,54,16790
24813,3826,24,31220
10002,1817,16,19698
8564,2971,16,11216
3388,3412,58,3948
21850,2360,41,19516
20207,4821,85,47942
29122,193,63,28708
7423,292,32,1334
18720,2004,71,14084
5870,4041,7,28219
9678,3053,49,32973
20993,1974,93,38149
11537,4859,4,39866
11302,156,79,30225
24736,1735,79,1813
18931,2405,69,40776
7284,4540,27,6461
17647,1171,24,18845
25147,524,64,8564
942,1205,69,25712
24911,4400,62,28149
25501,4148,63,20329
1167,1464,33,22466
27539,359,26,21540
17274,4513,49,1663
20183,3622,40,26097
28042,891,12,34306
16634,4885,55,7538
28266,4908,25,9376
13033,1781,48,17127
11487,2677,80,44697
20615,3950,20,18471
28220,1650,64,48674
13860,4885,2,4178
2770,3194,56,15977
23022,1787,62,21325
6851,7,99,37246
20814,2683,34,8145
5247,2170,62,8133
14518,4031,66,19284
29104,4179,55,25336
12709,4729,13,18595
16020,851,66,6621
15760,4785,22,4785
21359,406,93,2246
8821,1178,42,47111
19383,85,87,9656
21766,2411,29,7399
28113,983,97,18589
25089,3931,72,16189
23536,4229,92,32455
14330,992,28,31015
14091,483,34,6110
1358,1008,44,41592
11802,306,62,27091
6298,1189,63,32764
26335,1825,9,44519
15677,1201,85,9365
9794,1217,4,2326
5579,54,54,47558
4665,1176,57,6425
17047,3992,84,5658
16122,2926,21,43174
8596,938,26,47937
12678,2843,30,14233
17378,1952,88,35961
4081,4234,80,29594
5427,655,1,1850
1385,1409,64,13408
15600,4385,40,7397
16973,1742,10,32258
12563,3159,97,14050
28556,734,31,2436
29164,3474,27,9694
9234,4959,11,15803
28196,4805,98,20714
8311,4755,14,39914
15270,1423,10,15868
15366,4418,97,39774
25309,4325,15,32454
28200,536,23,36765
9178,1000,99,17587
17947,3151,79,36418
25914,4513,94,45389
10186,1084,9,28086
9748,624,52,6223
16020,4359,4,34272
15658,12,92,41056
4884,1207,56,21834
15757,1136,36,22999
23596,4081,86,42363
9709,1303,5,20262
28945,3180,66,38580
26472,3513,50,49130
13614,3920,71,19718
29560,3728,5,29842
19756,4351,1,36948
5955,2718,17,21492
21443,908,80,41246
14369,4113,62,41284
5727,4570,75,45638
21370,2330,23,20027
7264,4875,12,12953
25613,429,3,46039
15896,4836,86,37414
4572,33,24,16467
16044,2644,34,7954
28295,4648,64,7559
14263,4850,80,43140
29552,2255,36,4096
11144,3648,30,43092
22999,1524,81,35371
9275,968,30,31961
3301,3763,62,16435
10176,1482,49,48851
10227,116,15,38396
26741,3536,29,23586
15727,1336,62,27673
8031,413,30,20227
9043,494,8,30038
7079,3195,100,42867
20112,3581,27,11041
25883,3434,4,48864
3842,4304,42,21961
2650,4409,14,43582
25425,4162,19,48417
29409,1650,77,37288
8607,3258,4,42083
27889,4845,24,2524
8465,3312,49,6696
8469,4730,69,23166
1614,550,7,40760
4367,1763,10,18457
6926,3925,5,31850
29871,4519,23,25090
25420,1884,33,7575
1741,1279,44,15225
23588,3719,69,8955
13506,2918,27,10669
29440,3075,4,11719
26491,878,61,29518
14738,3536,93,20454
11893,2325,97,29739
25953,2369,66,30739
20524,4966,68,14673
12137,514,56,21618
16309,558,22,44268
27630,694,5,38324
10283,3818,38,16614
942,3887,40,39278
18435,180,54,3872
16927,832,86,33593
29037,1796,15,14968
4266,3879,9,8223
12509,2718,36,19461
5025,567,61,31583
11369,3132,14,42955
11289,111,37,25603
21548,685,23,17738
8624,856,76,10853
26882,2506,38,45193
5137,3269,52,21660
21134,3818,61,47868
7062,3979,46,17609
22001,1277,85,5066
14397,4583,80,9129
23087,2475,41,3391
6766,3781,47,28111
24937,1511,38,28952
23490,185,29,36366
28439,1216,46,46433
315,2232,3,8039
6739,1849,8,11419
8834,2989,17,26219
25417,4242,11,39237
7490,4230,77,44517
5728,2644,67,11966
25278,812,77,49184
17087,789,61,24735
7979,2332,30,14177
17580,2018,46,22040
16458,4350,39,30972
15655,4759,76,3351
22630,3178,96,3355
14398,1960,30,35646
28592,1670,83,21869
27314,4664,82,31125
14474,4599,97,26501
15760,482,69,44043
26186,3522,51,37472
8261,2636,6,39615
20119,4503,98,35562
24417,3136,61,11387
6022,4639,51,46442
25889,2789,31,46652
10828,4215,66,5608
10621,1710,40,14896
9578,1920,45,18047
20891,387,29,2673
15340,3214,37,2612
6353,4066,79,12048
10031,2676,96,43244
4299,2686,89,21263
3006,1720,51,24073
11265,4673,95,14674
5292,346,78,24310
18801,17,49,6412
7807,1455,81,40414
4753,426,18,40265
28340,4370,5,46100
10737,2181,28,6711
28428,481,29,27137
17622,2376,76,38858
20918,2200,2,3534
24068,2293,4,31025
4477,3648,63,36859
3668,3553,23,22468
3037,3835,56,26015
28106,2757,21,5930
25053,1035,24,13422
998,4430,91,8529
9144,2499,24,3800
19963,1848,48,3228
12335,4545,62,41179
17342,91,68,23533
26765,1096,18,16641
25066,3646,53,23937
19031,3715,82,24779
24962,32,55,38873
17850,1941,7,30389
24054,2137,40,34077
28606,4297,87,27204
25298,3754,51,43861
10516,2232,60,18689
5424,87,96,8800
24003,3052,68,38597
25778,1299,100,31466
29054,1508,66,39787
19789,2304,74,47374
14973,1418,17,33752
18154,2025,13,35672
136,2523,41,15947
337,413,43,41390
18066,1875,91,3190
7819,2984,40,22844
23301,3087,2,4765
5277,3060,16,22941
1297,4083,67,34712
20358,4315,98,12684
5496,3986,14,38619
12666,4384,97,39648
7741,1787,30,46976
6194,2928,76,42883
23415,1974,85,29304
1465,3713,69,13193
16255,4264,46,32303
28590,3804,31,24659
480,3143,69,26910
27939,796,14,23423
12351,4867,75,38094
15868,2012,73,5585
3163,1296,27,40157
2541,4132,93,35962
29662,1138,8,1988
10646,1312,56,5773
22185,4499,4,7962
23033,913,69,29570
14674,3538,73,30457
15827,1606,60,23656
11646,1893,42,1319
1716,3088,42,14915
7395,3588,96,20641
20422,18,33,36852
25228,3976,77,40415
2807,4660,98,32456
6121,1784,52,47711
15172,2760,44,13866
7504,1087,48,30732
25266,2262,12,31370
1518,4499,1,22824
23853,497,26,14332
249,1868,99,20185
8355,514,24,48445
2532,2042,9,33980
28871,3200,54,2914
25535,1629,65,6099
7335,4344,63,20182
18984,3556,68,32767
6340,332,11,13604
22627,454,91,39963
23228,1080,14,14504
3433,1965,8,35239
3252,755,58,15201
10839,3321,9,28075
3578,3024,83,2704
22080,3192,74,30673
18256,4829,26,47405
14914,2441,71,32369
28129,2053,49,6981
22319,4860,61,21521
21726,701,47,40758
16845,3079,57,25806
3289,1158,15,4113
17537,3012,62,25171
2966,2386,31,41332
28213,33,9,43389
5421,4796,9,34686
23197,2783,57,1486
1452,2699,31,37892
14293,1504,26,8327
26799,3562,29,40333
1350,2794,82,44680
12198,2775,88,1552
25022,418,37,44333
10063,2119,98,1527
26521,2207,78,17457
21,1830,10,39597
29766,4079,15,44128
20004,2893,81,37956
6639,882,57,12130
12477,782,3,40191
2204,4940,31,45850
3627,646,64,31101
24821,4006,34,16130
29323,1940,52,9376
16366,4388,56,10676
22411,993,65,43841
3390,507,11,19920
26206,2963,62,8765
9555,2429,56,11851
1922,2814,93,35865
2302,3943,51,15813
10974,460,5,43666
27192,4829,42,38176
27278,4895,30,40138
26737,2601,44,17622
10383,1475,55,22795
7010,921,70,30394
23843,4220,4,21425
25347,3032,49,5153
5861,2026,22,2122
3383,3861,66,43589
9483,654,1,36966
7759,3677,90,45241
29490,2070,38,29339
4285,2334,84,12907
8730,2323,19,42267
22566,2214,70,19955
26769,4017,82,38096
8512,3337,77,5879
20849,2643,89,21832
22204,2583,71,9393
14248,4870,92,30609
28208,614,64,34121
10619,2234,10,39195
21088,4923,83,7116
24731,3735,64,35280
6472,1561,55,48400
10504,2349,27,17720
25931,221,65,33437
21289,228,19,18087
18039,2849,66,41532
10004,199,51,20051
21331,3611,57,13642
18137,988,100,29407
22070,2583,42,29692
28514,269,62,28765
221,4035,4,25783
3701,192,37,40793
24441,479,74,23464
29723,3023,91,2150
2985,3351,48,26466
2990,4092,56,30599
23071,1127,34,25364
28643,1338,24,21731
2701,4964,8,35986
12538,4013,23,15208
3760,4901,7,2471
18237,3778,54,46896
29712,4355,72,3522
27610,4515,63,2973
13864,4005,75,44755
18987,2185,29,43620
924,4001,98,18388
22336,4330,52,20154
4231,1802,85,19505
28876,1351,7,21862
9077,4576,10,32801
22475,1052,40,39436
29359,352,46,35978
4151,1815,77,27039
28951,795,51,20126
25812,842,75,4190
24215,3817,75,31969
22808,3634,31,32222
28502,791,85,35134
7599,1760,65,11236
24978,4654,44,45262
3387,2045,48,25015
28969,4654,46,14168
17528,1396,12,48716
28700,1960,99,11885
23232,3007,29,30732
18068,315,45,6753
21460,1532,26,8156
21550,4970,80,16860
12513,4803,19,27954
22154,1737,48,42339
27094,3643,95,24768
23318,1368,35,46573
19966,4352,69,23886
19167,135,58,18190
16498,1378,100,21548
18931,2820,73,14463
16923,321,30,9646
9106,3428,70,38268
15562,824,94,23558
25879,101,51,24876
21147,2679,35,17670
15953,1445,48,29512
347,1325,51,21184
14824,1061,86,2515
11963,3229,83,1606
1806,2378,97,19260
24362,1021,10,19976
14379,3629,52,17348
16289,318,94,5261
28332,2091,85,16287
8229,180,42,33954
2694,3827,45,49472
28941,1374,68,16248
6284,3785,94,14375
6566,1076,55,9571
10561,1351,4,5653
2042,356,43,26163
7821,3000,11,19638
29082,2991,16,19008
22838,4750,9,28506
8276,2469,6,36333
11632,1478,16,11109
6749,823,76,9262
13015,3898,4,37015
29307,4272,88,46539
4057,3935,56,39113
13918,4942,46,36982
15227,4290,20,44535
4937,4582,26,2147
16282,3382,20,11063
6434,4592,84,32961
6713,175,50,49143
3499,4689,93,18581
9481,53,70,37937
27168,2273,8,34617
9669,4676,46,38661
27658,3146,23,43083
15033,910,26,23212
14176,4583,98,40512
23751,3379,60,32841
12744,3896,22,6074
19446,4116,81,22229
9379,2994,43,21423
11894,2753,71,27049
20831,254,47,49067
13826,559,90,38414
3006,3380,19,43118
2251,1911,67,5867
5335,194,58,49860
8750,3888,54,42591
6562,701,12,27339
16124,741,54,40158
11421,3084,85,25897
7357,397,93,9346
11537,2295,97,5897
2199,3607,53,26829
8124,2884,23,12243
4855,4103,46,49195
6717,2681,62,49422
8403,4051,94,24481
27523,385,58,29350
21944,4682,55,23255
28222,4974,5,1910
116,54,9,29690
14988,3717,25,13388
24364,1977,82,4981
27287,707,68,23033
24243,706,50,26962
9130,4905,90,11690
11896,4136,34,9989
14030,3160,65,7318
14992,1910,65,31257
3752,691,69,6449
1536,107,96,8400
27135,4385,56,27816
12284,1360,65,37415
11837,3864,45,25921
16593,4253,68,35510
29367,3192,60,5311
14070,433,19,30282
11815,3907,47,49589
10753,1148,12,2985
23977,2171,57,14924
5352,107,100,40600
4279,2230,52,42962
17850,1802,89,9392
6796,3462,74,3355
12343,967,69,7519
3055,723,96,49159
2203,3514,22,17890
29919,3892,1,37276
9898,1837,22,38375
3078,1740,96,9061
13860,4926,6,7264
15956,969,47,22456
11092,860,53,20483
12212,336,86,18379
20028,2223,45,11407
28808,1323,7,47640
9244,284,93,46212
13895,3944,10,9290
5626,4871,59,33959
10456,4985,76,31844
6043,405,26,26643
4963,271,99,16109
14999,1722,11,44393
461,2527,62,30814
1029,3017,73,1040
19376,1939,57,32789
8433,998,24,25477
9076,2533,48,9490
5854,2061,53,34284
7279,3268,26,33332
20657,311,26,48322
2757,2809,16,17966
21673,3171,13,42034
6644,122,100,29439
5573,2783,91,39842
13548,4376,47,9776
5723,441,56,36062
835,1549,18,11252
20105,2268,18,23258
24830,1070,2,4937
20544,1215,25,11335
17767,1822,99,11108
15673,4654,89,44277
9666,4331,100,39497
25782,2939,48,41201
6574,4961,68,39249
11608,4072,28,18954
11394,4106,34,8863
1741,3786,68,38281
7384,2540,78,8478
21256,3093,36,6354
269,1127,78,24353
7155,1105,5,38976
28303,3674,33,44605
13172,2123,85,25656
8855,3665,41,49981
28774,2130,59,35249
18427,3239,46,9168
21394,2769,15,24243
4619,4517,50,8005
15226,1585,79,28731
14359,2151,76,42733
15606,3174,50,23903
27256,2928,90,45227
3190,81,27,19098
12142,2266,30,30423
18697,1444,9,33996
15925,2204,51,6489
13037,215,96,42196
15627,3072,63,25188
29730,2881,32,9058
42,142,91,17729
1094,4145,12,14055
16267,1588,85,32742
6442,894,4,35602
21765,2461,44,14611
4461,1306,63,39799
2949,3741,30,37991
25832,77,10,17413
10405,4885,91,45371
9919,1455,81,8600
8932,4536,65,42158
4053,2027,82,24362
10559,4128,76,25617
7961,4534,91,31917
4891,2071,85,40371
28997,2092,27,30855
2851,447,13,3309
1759,3091,29,14901
28379,1692,44,9431
7314,908,9,46886
15038,1797,67,19830
13260,975,74,13123
20289,848,62,32647
13365,1529,9,30513
8724,2851,22,13257
7944,4921,75,48614
9270,128,24,18665
21213,512,5,8790
17119,1239,31,41270
10626,2053,23,8424
996,2851,82,40633
2121,4456,28,26872
13761,4028,98,17085
23184,161,98,4367
13736,1394,96,9157
23813,3477,51,20371
21197,4590,59,23618
1553,1376,58,29159
24490,187,18,30235
14894,3272,55,23012
26643,287,9,37945
24584,4639,61,43858
19713,4814,85,46563
1420,1494,63,8590
3774,2258,27,25716
19468,1660,96,32212
10618,3152,28,9604
10295,1357,19,37340
7120,3852,67,21813
4848,2454,29,6226
21044,1751,33,47904
7977,4816,87,40336
14890,1713,94,22226
29519,157,39,8853
23557,4298,77,19363
2249,4152,79,3884
26494,2775,9,17737
596,2691,14,49707
24970,2759,2,13536
21702,2302,88,12494
2819,2209,67,38077
29134,323,93,5770
23608,2725,13,9107
11560,4922,26,16140
1745,4840,92,46667
29412,1387,35,6459
12044,3741,94,11043
18438,1418,88,45161
2490,1571,29,2791
8784,2571,42,10626
16459,1153,28,21597
20062,4659,11,5015
149,2807,87,34981
20687,4729,73,11587
12305,2185,30,1065
18531,684,74,19195
21010,4605,41,23309
11488,1064,49,21915
15933,4174,96,17068
11853,577,56,4038
15977,4470,98,16758
6209,4472,6,12145
25254,575,38,27088
18595,2675,78,47641
5898,862,28,29432
5331,1803,64,14028
6354,4728,34,30239
28488,1013,99,47803
6815,4777,32,13445
5466,1914,39,38454
7767,1117,61,6999
5732,4047,77,22973
8062,1436,12,14551
21002,4810,76,38425
22862,2349,73,39707
10664,1502,80,34002
15076,1087,36,35442
12239,4392,69,3887
8962,1510,61,11896
18243,1429,24,26641
3300,4037,16,6066
10950,1896,42,24301
6086,3325,13,12186
20616,2807,2,3219
27702,1487,20,39038
24402,3751,18,21633
23411,4017,9,10621
13890,4333,56,28258
11445,751,26,11260
1615,1349,63,28870
15417,3423,78,28839
4815,1539,13,22998
25233,4645,66,20230
19482,3894,68,35819
6338,2522,43,21087
23893,3720,34,40026
29068,3251,57,2456
7043,887,48,17706
27610,28,61,45502
5742,3413,76,26636
13506,1795,93,12320
26764,4386,11,21525
28335,1695,78,32870
5580,2764,5,17756
8438,180,89,23433
4477,3617,15,49276
9042,1745,17,27152
7451,1834,16,46221
10052,2401,75,36701
3759,336,35,19412
21993,4548,100,40732
16169,2080,85,49191
3491,2205,82,29397
28030,4243,91,12359
8722,264,86,15469
10703,353,59,17716
20690,3347,97,5668
13205,4981,39,6624
13811,1968,50,21541
3700,792,26,48271
22148,2305,79,36587
5662,450,28,29772
29517,3607,41,45140
10986,4210,29,3994
4391,4248,66,38217
19276,3527,58,23559
14783,494,66,4555
28845,662,7,16971
5357,1387,3,49200
14942,3050,5,31829
21803,4073,1,9728
10838,407,51,32550
23699,465,3,47976
15250,1386,78,46450
1294,4601,28,42096
23509,3737,100,35054
24857,118,20,3585
1579,2644,56,47369
17450,185,36,25141
1055,2066,2,7838
23060,4375,2,34093
4912,2818,48,36714
23817,2599,70,16790
4947,1910,16,7902
17216,218,96,36002
11672,4340,100,29750
17157,669,11,1903
27934,3863,33,30231
9619,633,100,31098
15530,3386,42,31132
15928,3399,8,15473
4833,2752,13,42055
23687,183,68,26730
18596,892,50,14841
2841,268,79,47931
14256,1210,2,22389
15045,1179,80,14551
15637,161,76,32918
16791,3809,80,15278
19090,1742,77,36277
8754,794,79,42718
22644,1972,75,3042
13291,553,59,4983
13075,4998,44,8866
5284,320,100,2935
16154,4915,36,13808
14192,1204,56,2918
19169,1900,61,15234
16514,4958,50,24122
4443,4375,74,13475
13774,378,49,16865
24724,393,24,11132
3802,3428,18,5906
4199,4376,71,3196
9806,268,16,15040
18504,3427,24,9581
20780,538,95,29113
7733,2908,89,32816
10857,2180,63,30681
22156,2345,89,47030
16675,1137,23,27924
8441,2235,37,26578
18078,1808,68,40732
18902,2117,88,9888
28537,978,65,36326
15415,2712,29,15596
15358,2033,70,14934
14169,839,68,39389
19889,604,99,42208
16522,4041,15,12731
10058,3958,68,39412
8532,665,4,46671
3966,2665,48,45340
9461,2963,82,36391
10987,3037,43,36210
16387,3972,10,39420
25462,1600,20,7536
22395,537,7,15678
29098,1022,68,14725
24911,419,80,35023
12414,2005,62,37368
2106,595,95,30894
1088,3945,98,19498
6060,3479,32,33204
13323,494,81,4731
5235,3929,95,38678
6036,2015,42,18230
29132,2954,66,20192
22542,666,16,10769
26331,2561,14,48115
13667,3622,85,21593
3593,1596,93,10166
21494,1345,69,11085
16459,1858,18,28474
21608,932,91,24896
560,2479,47,17420
5568,3744,42,44098
20588,1948,36,49795
25507,678,1,42495
7828,4320,53,15415
5683,3059,86,30969
15743,2155,88,6066
5963,3927,25,15983
20768,330,17,2888
15202,831,49,14844
8149,2890,88,38608
19658,3657,14,16380
14828,4609,34,19065
23274,2476,21,45804
21272,604,83,19928
12793,2815,46,7695
18764,4339,51,37754
11164,1092,85,31300
15880,2496,87,48006
10811,2798,95,29050
28471,3781,40,43967
7070,70,43,2635
19141,4560,96,22287
9999,1521,19,7427
3726,1953,32,37277
1652,3374,50,30928
28758,3891,23,46501
2375,73,16,33462
9266,4330,100,8036
26576,3116,10,20850
29646,2344,22,5800
7008,1294,17,33406
20596,1539,9,15567
6861,1413,60,47642
21177,3048,5,15988
19665,2640,34,28092
5825,1778,86,40692
26668,3907,10,4360
12664,931,16,24096
8356,4595,51,15221
4339,1239,34,8951
20710,1960,51,24738
14604,3155,94,48343
15289,676,5,17040
458,3325,55,49187
13245,3093,78,34840
2847,3288,7,42290
27865,3223,19,45618
9030,1766,14,20022
20116,3325,65,43598
29036,3402,53,2151
12248,1086,23,46228
18090,3047,31,8816
3669,2426,96,14195
27507,4429,76,30368
23159,3918,55,46716
15338,1623,44,11839
7331,1515,22,18945
506,2160,78,39314
7674,3190,39,8573
23210,2210,53,35311
3736,4095,2,18809
13796,2316,20,39120
29155,1789,47,10291
12328,4904,76,46724
2241,3557,25,24202
19237,2423,36,9376
15774,3589,34,33548
21271,2091,74,13427
26045,3372,61,31575
15304,1235,2,42577
7582,1977,89,35540
17209,4450,71,11519
6891,3894,57,19857
5465,2706,68,12295
11627,3035,81,46794
8881,359,77,21908
1356,4879,62,38692
14867,1439,13,29401
22825,1132,34,8407
22653,2411,86,31058
10855,873,75,41823
24812,2207,33,1285
4668,4932,21,38797
19220,659,41,30039
15720,2369,3,45566
2399,3049,39,29112
14652,2631,67,4199
19333,2462,60,6264
15039,4625,43,2017
17309,4596,33,10016
11931,2538,94,1452
14310,3678,79,25473
7791,2597,98,44521
28639,3463,11,22081
18059,2083,30,9182
24416,3438,46,18019
27402,1538,60,32503
260,1302,51,8768
15851,3365,98,9587
5002,3733,20,21138
21027,1698,44,9918
6455,1335,36,20794
28195,3202,45,11337
4073,2217,74,44964
24653,233,33,13024
24474,2736,69,22345
3510,4214,35,37344
18698,3461,6,17886
6682,1743,6,34931
17386,1775,10,38406
11834,1775,1,16520
19048,1153,84,18560
23270,3975,74,16366
19978,1088,96,3098
10954,4129,97,30734
5962,233,28,18538
13587,727,62,49976
12257,3116,98,4887
11018,3396,45,1110
14252,4118,71,29523
3099,28,96,2770
18945,3130,58,8854
15269,1167,84,46211
21197,750,95,29707
17574,2563,48,40593
10214,1954,90,29812
21080,1749,42,35252
28879,3146,34,31225
7347,4697,54,43186
29420,2191,7,16914
29812,1872,49,49592
21929,3246,100,32807
27456,1557,100,37043
4243,1239,14,33181
20371,2487,90,6542
21247,3983,71,24781
27051,4679,27,39748
18325,304,52,8701
2543,143,62,43655
3758,1467,49,4219
21367,4877,88,36329
8806,4702,32,40538
22332,2873,32,1717
25237,2275,38,34712
6517,2062,97,17641
22184,261,88,33516
27180,445,64,21185
12762,3000,39,28773
10374,4528,97,3689
6184,657,54,36600
6199,4716,36,7510
16193,1211,84,8160
14317,3393,60,7532
27178,650,35,14205
22929,1828,63,21705
11468,2103,9,35213
379,764,44,4907
315,4386,48,14921
23323,3542,54,7119
2699,4749,60,33367
24797,1180,99,36588
26505,2369,72,22938
22632,2944,92,4779
12413,3077,47,7120
10613,677,47,15794
8664,2766,5,22741
3594,4717,51,21995
17723,754,61,5303
24820,3261,52,32710
545,2126,64,25606
24834,1338,85,16753
11627,6,48,21507
10036,4258,97,37352
7504,714,77,28757
5599,4680,15,18898
15777,3791,52,35555
29612,2073,75,29448
24803,3195,20,1601
4161,3722,72,20742
1082,2437,48,30142
26535,3082,63,10301
19009,3014,96,37109
15422,2594,20,12618
11875,100,50,29502
19903,443,29,16770
24696,2596,57,21709
12458,321,27,41438
6281,4895,39,40720
16290,676,94,21914
19141,1042,90,5955
7496,2051,13,12224
17187,3369,7,18275
23797,3648,90,18101
20783,507,94,40231
21216,1950,69,32862
10771,2397,9,22746
13077,2200,49,39198
25242,1160,65,15485
19720,2684,44,12249
5205,2634,91,41411
14125,1478,100,15121
7299,3061,41,19224
11712,4662,77,45484
26874,3826,43,11771
1661,1486,23,40988
1937,924,28,34872
17160,1027,94,7417
9326,2324,18,40081
867,3506,56,5679
28207,2906,96,40436
15012,2939,38,21507
16509,587,51,29559
23407,2684,4,21027
28215,4142,60,17707
19648,4654,16,26837
14323,3463,8,16195
2092,4420,99,1550
24394,2565,34,28529
15930,3950,10,28870
19176,1082,1,44420
9335,4652,50,13067
18854,166,5,46310
13118,1161,90,42920
14031,3265,6,30247
20105,4597,37,32130
20231,662,77,8068
27676,3461,31,37015
26011,3025,14,30528
5511,1900,36,40471
20726,656,38,29170
21213,2176,3,16924
20805,2411,17,9608
9982,2642,92,11671
21575,3661,8,30958
22706,2030,17,28075
23958,250,6,41801
1771,3945,65,39772
23306,3297,11,9197
12795,735,44,7238
5736,3094,100,12555
11188,1379,24,35535
1849,4572,19,31448
10429,788,55,47711
13447,1533,85,11837
10950,4925,54,4303
20981,4390,95,16969
6547,836,19,35900
5372,1442,16,12021
9110,81,60,7525
1134,593,82,30699
15420,1271,18,19166
2746,4505,21,22675
7372,3099,18,46458
3662,358,6,34153
8056,255,53,47681
13057,4136,1,30920
19516,2673,12,1640
24831,4233,85,38881
23738,286,96,19881
24936,2632,6,17503
28909,520,97,28278
22906,2466,45,36800
18400,4139,23,21148
23905,3482,18,4509
5002,1344,13,23089
26591,1861,26,8734
16293,409,19,1913
22072,4021,28,27412
11144,4321,67,10634
12363,3691,5,18091
13966,1713,59,19145
27867,958,96,44010
6708,992,41,24289
8088,1337,16,48416
28277,761,69,42739
19494,858,41,26116
4835,2402,12,35192
989,692,25,16062
21531,1639,98,35732
23343,54,26,21251
4389,2848,14,5856
7818,4152,47,14197
9726,3196,83,29003
768,3441,58,44291
8208,4156,19,6694
18250,1769,39,36982
24387,46,64,31342
22252,2217,95,48941
25756,4748,85,38681
23814,50,85,33793
17228,3897,10,44810
17113,3066,70,45823
1771,1272,41,23483
22934,3870,86,5546
12420,1798,22,31015
3358,1443,63,14307
16121,4159,80,44681
24795,3347,73,23542
28885,2526,64,49993
11647,4077,54,3234
26181,272,59,13721
1069,1995,85,36599
11886,3494,55,34031
24755,2424,75,34199
12915,3254,97,24384
18239,1322,4,24811
9982,4509,34,39375
17217,1976,63,8659
19052,4204,8,5522
6717,2244,44,24232
4689,1155,51,21199
27620,1779,17,29886
24987,989,54,37480
6738,2233,24,42321
4018,2589,96,28524
560,2571,44,10454
12057,4434,46,2125
17568,2055,29,36734
22095,516,86,6270
2010,1777,8,14598
8832,393,6,12570
3637,180,18,10945
25646,3965,33,46730
3896,3090,55,28173
21457,538,48,49029
19682,1172,92,2526
27252,3372,83,28601
24781,2930,6,41233
13617,1782,63,18055
29648,2658,24,22082
24509,2721,40,47880
27903,90,6,36008
754,1955,71,14794
27921,352,77,30569
11574,11,86,22574
17718,2748,22,37985
22816,2187,79,8061
10486,2824,57,43846
7497,727,70,47955
12649,2999,76,31493
6191,3331,49,31038
11492,4617,11,2322
22795,3256,2,37448
26549,3905,73,30160
967,2464,55,23117
16416,1971,1,41589
16776,2707,4,23282
28993,1851,56,42568
11366,4525,39,8255
776,1739,16,37169
23144,4243,64,9045
10639,428,22,43675
5797,1243,45,24309
25875,588,88,4575
27113,1698,87,17296
24407,3677,57,18106
2103,1838,35,39342
21497,4469,11,17171
21155,357,61,47910
7978,4758,50,32014
29415,1374,27,26088
6270,4680,37,40222
15850,1897,57,16392
11814,682,38,30817
11042,2354,72,36123
26033,768,63,7419
21509,3121,56,32499
20835,3760,31,30883
5867,3466,53,27397
26533,4048,40,22714
8456,759,88,15786
7283,1438,71,21171
26175,1634,39,26485
3266,3919,48,32109
3272,1923,52,5696
23261,1893,86,40284
25458,4553,47,36690
22241,4273,79,39115
7362,4120,15,32634
8448,1224,91,41435
9999,3069,9,38359
13083,1366,32,12306
17368,2938,26,28942
25045,4675,26,48406
22788,4964,43,44785
8068,1370,51,20914
18942,4700,78,35694
8166,1428,67,41334
77,4521,21,32703
8554,4377,13,30633
3227,1619,70,10632
15947,3378,55,6392
23416,1881,76,18865
16858,2952,26,22629
20316,3583,97,26282
19261,1670,99,22215
7751,4904,52,38093
25474,1477,68,46287
3205,4716,12,23463
25850,4198,61,49428
25847,4536,33,47217
28091,167,78,39292
8694,2344,74,12690
17735,4807,79,34860
21798,3736,7,34104
12057,108,47,12085
23570,3533,93,8929
25048,4866,21,23430
23575,198,88,49914
15030,4388,44,35672
13971,3469,82,42222
13405,153,91,25200
28020,1334,90,4856
6778,3477,42,12259
16252,3721,71,47322
24868,737,5,49262
28525,3236,9,7181
14365,255,96,34899
18871,4480,59,21090
18913,1372,70,11004
23306,2703,23,23813
3961,480,10,3443
4952,3733,97,19924
24282,3099,55,27132
3405,2714,88,3422
19487,273,71,21580
15858,3075,40,41523
22227,759,79,42882
21643,811,46,18604
9240,1141,44,7195
27033,1947,48,38252
15611,260,45,3552
21950,2775,8,45301
703,3585,21,44937
13190,393,80,25649
28453,2749,86,4622
3521,2752,64,41908
29497,3203,93,32314
23044,2276,35,18756
27750,243,40,39071
10754,1761,32,16734
5624,4190,91,46119
11817,3842,33,1163
20944,1514,90,16431
15796,4919,51,18847
11296,366,8,44533
27272,328,27,29489
21989,4144,68,39190
26801,201,55,31144
26139,980,70,14021
6483,1458,72,30941
6924,3245,29,5729
14517,3976,89,5482
23956,2448,91,19701
127,279,16,15530
3641,1389,13,48913
20907,459,41,21887
5143,1971,58,26523
26849,4216,9,21599
7139,3262,61,38063
15850,1651,78,40731
25870,4560,48,31883
9612,899,24,46302
6245,4739,58,34724
29177,2424,6,20342
656,172,1,24483
22946,2512,86,20012
7388,1973,74,38961
4364,3648,95,34534
6326,4877,89,4420
26232,1508,74,19904
4997,3630,75,44310
15547,1465,15,11512
13899,2459,5,44190
21846,3148,14,35984
1164,2015,17,36256
398,4054,82,32465
17711,1136,58,17023
12516,782,90,39565
25585,3550,76,26797
9120,4574,24,43491
7691,39,93,32975
22510,1747,32,10997
11035,1679,80,19474
13111,2217,33,22986
3504,2934,68,47625
27007,1405,41,49502
21173,3716,22,32141
27690,799,68,6826
23557,1530,47,2668
22971,1612,19,38892
27355,3761,26,11710
1038,2552,58,46621
3232,4229,45,9741
1789,1320,66,20125
24327,122,23,23574
9327,3068,88,1693
9190,1983,3,29538
29229,4219,61,3091
25934,4622,30,1657
25156,2271,15,35545
21018,880,79,4193
17754,2122,3,38609
17740,2625,19,12655
1013,408,13,5060
21046,1160,35,48766
7132,4351,38,44337
15834,3274,16,13493
15535,1386,56,42494
1333,3606,66,5684
3967,540,96,27904
5187,3156,42,6113
3955,326,36,36583
18538,2574,12,11921
12445,1589,45,31810
15834,3733,46,35051
9431,562,51,6020
29158,3979,93,16047
69,1268,41,48264
29950,918,11,14626
18558,415,23,9726
14179,4899,8,47281
9820,645,12,18108
26570,4638,47,1081
17906,2581,98,36101
22918,4034,87,27858
22330,2143,93,45542
28885,4908,3,14309
2479,4457,19,4696
12844,4719,62,30304
15676,3874,50,33422
3518,1611,29,6851
18898,2378,6,4897
11655,3842,95,38837
2759,4955,94,6417
14396,4245,12,36790
25839,1726,62,19792
1553,2604,63,37648
7589,2080,64,21602
26479,916,20,46809
12052,3820,34,28012
8530,1230,90,20020
8626,4079,49,18024
21806,1710,46,49228
17599,2049,96,4881
12996,4114,61,32293
27294,862,78,3125
25677,3366,24,30815
29593,1500,96,3615
13754,4738,70,32159
22711,3794,15,1615
19890,3147,97,2720
21625,2365,75,10286
16327,4055,4,26531
21335,4019,51,21902
20055,1156,1,31818
27935,2141,45,5356
17888,2917,79,30732
1649,4225,68,48412
16809,3838,13,39259
28056,2840,32,39486
17306,684,12,23028
18464,901,42,20829
13526,2245,18,33261
23891,203,72,30363
13826,3533,32,20291
26931,3762,31,26086
21373,1649,14,21688
7857,2076,48,22676
28465,3166,86,39366
25184,4341,29,32699
11375,3845,20,20015
9615,810,25,44928
24153,4275,97,42279
11588,3709,99,11773
22143,1818,73,35526
9510,1541,52,49757
13120,2124,16,42554
27282,4895,18,19357
23899,4009,55,4328
15385,3122,17,15960
3567,4875,61,46605
25471,3912,65,24156
880,316,70,45340
17704,624,44,44824
24132,3726,94,44074
22615,4913,13,16288
24796,2430,53,43788
17246,1995,29,33278
5051,2481,30,41480
24209,1622,17,10991
25150,2454,87,18571
2799,4240,97,31257
7185,2770,78,36890
783,2734,42,22084
10581,991,86,3169
4592,3522,11,44071
20096,3686,71,34561
13191,1446,8,14549
27162,1014,20,23230
7451,3216,8,28807
12977,639,88,30323
5711,1126,46,1223
13047,1024,47,45168
14901,792,83,37596
25775,472,92,21154
6392,3160,12,11939
6679,269,34,27371
24661,4914,54,2250
2784,74,52,32651
23261,2921,22,8767
21242,4857,49,41000
26173,2895,19,12568
22600,3455,3,41177
9540,696,81,19888
9991,2854,55,25131
3382,327,41,48987
17434,2061,8,47846
23774,4925,66,12837
20513,1228,32,7496
20032,3424,31,48130
8918,3277,56,10313
5380,1162,51,13934
15053,4659,56,21803
27027,346,53,34616
22767,1930,5,2383
25222,1360,79,32717
20119,2070,77,18578
4577,3072,3,14987
20794,1440,53,39982
12741,1396,16,1693
11328,4792,46,31766
24574,4126,12,35887
5501,1548,70,47668
297,1490,23,42347
14929,3438,75,4840
12350,4985,65,47555
9061,3100,61,7874
22802,440,99,29449
29509,2251,55,16516
8582,3107,57,46781
11113,3730,74,36616
2417,174,72,9535
25252,1521,21,47391
23348,3606,97,8286
19833,3081,64,4505
14225,2125,73,29187
25432,809,94,2513
5137,3757,47,47971
15330,2528,8,11135
21026,3205,77,8973
25012,3804,99,43147
29100,1336,96,22221
13156,4571,48,24134
10759,1180,43,12516
15911,4597,30,23614
12911,4913,90,24189
14336,3633,17,30533
13118,3021,47,27353
17244,3241,70,4386
5258,3892,35,4537
5931,2635,48,1416
12930,2908,71,24122
11423,35,45,11069
991,1670,45,7822
17900,4942,100,16098
28719,461,8,31156
8505,3097,93,16359
27068,3782,20,32920
8440,1534,71,28129
24069,3172,17,3808
4522,4884,88,6425
23465,3007,67,7907
525,1979,47,40185
18139,1509,25,4444
4598,2098,12,35883
23233,3069,47,8593
15487,1057,50,6948
14271,4239,41,14106
7523,4384,63,46203
8052,2549,39,3159
11344,447,53,4404
18523,1827,19,19956
25543,1307,9,19465
9286,2451,95,27483
16111,678,32,48317
11054,3151,92,48441
26727,1807,94,16435
16631,2602,25,37495
11514,3219,22,19903
2825,3700,51,11269
15912,229,1,33681
7558,2294,94,3416
5956,2605,57,41473
20615,4885,96,21887
24560,3210,39,23560
24134,393,43,6370
13899,1841,31,29020
24382,3560,35,22100
20397,1698,56,4862
20918,4900,42,49911
18913,1879,69,38282
4028,1848,28,41375
11289,3693,22,18184
16153,1060,35,30835
8436,713,60,36310
17468,2462,96,45279
26563,3695,31,47896
10388,1568,24,25623
10891,1362,33,20695
27696,1741,54,13261
20488,2955,74,47481
17552,2369,43,32140
26484,4069,17,18144
15769,4952,2,8800
25320,4515,7,34802
28000,3526,14,35512
29128,4164,65,6950
27642,3031,9,21987
9389,1573,49,39161
20636,3323,42,1759
12812,1464,29,38869
20254,629,60,8401
20433,3834,53,21429
9417,2296,78,25190
16762,3664,100,6446
667,1163,74,45943
26547,308,97,10616
27668,2194,88,28684
8358,4804,25,22526
22543,2879,21,3561
26814,4967,73,25537
22689,2096,55,21247
6981,3601,77,37976
28708,277,44,1292
25756,4112,59,16376
17444,3115,64,3949
2289,599,33,26374
22553,3653,63,13783
9041,4858,86,28519
27662,4887,100,48503
20822,477,97,2284
8756,1890,14,33774
20536,666,100,31281
9493,156,99,45067
3006,1629,51,34340
18824,3524,5,35965
25675,882,28,48406
14270,992,90,40843
21283,2537,76,18969
636,1430,24,32431
25493,4466,24,5778
799,2466,47,25923
20615,2343,50,21546
14439,956,69,29115
19656,4383,94,47356
28856,4531,46,24747
2753,613,43,27951
12866,2631,45,13691
17712,2765,20,43594
4838,4016,39,47117
23664,1810,11,21445
13793,4425,79,20713
29455,2014,35,3263
20500,3503,15,40405
27500,1332,73,46837
7832,2460,79,19457
2926,382,45,12620
7497,1891,58,32258
15344,1152,3,49737
7938,1721,62,14360
8941,1194,51,41024
8868,1077,39,8558
29286,1390,1,48671
14006,4597,90,27806
17634,1000,86,20637
8552,752,25,29185
20857,513,81,49939
19754,4594,18,14359
15277,3839,39,10272
12723,276,35,32838
6767,4539,30,1159
7941,2535,35,46652
7308,2326,15,12986
23781,4333,100,28636
11377,2513,95,16372
747,1743,44,49025
12673,703,75,46982
860,4061,68,8606
22829,293,59,38398
851,4510,57,46171
15895,2042,89,27724
26421,3422,26,44379
11205,3731,100,35266
18678,2480,27,4071
24852,4910,26,7684
22624,669,47,1438
16713,355,44,33466
1122,2043,42,11542
17314,3532,17,12184
2183,1461,61,34580
1005,370,73,27399
27677,732,39,37401
210,2066,52,9871
3216,1412,93,9449
16986,1190,67,13117
29825,3747,35,28794
12766,4093,13,22329
16612,1747,81,46158
13185,3625,7,18875
19789,3007,18,5220
13994,2171,68,10840
22385,4565,1,48741
13939,4867,40,18120
10886,3453,18,3853
436,3254,33,46524
7072,2093,89,27522
28831,4550,50,10394
14693,3461,2,39328
22205,2403,26,13174
26403,178,69,28868
7900,1402,55,9639
13624,3874,87,27387
22844,428,30,6048
21648,3012,67,46940
24410,3851,74,28487
4690,2482,29,28136
4537,2739,83,47461
24427,3717,61,18426
7857,2321,26,25292
19343,2860,58,37775
6353,1273,24,4309
25176,2559,22,24568
22190,2057,82,39228
3176,4032,10,14746
12973,1268,52,29100
25720,4924,27,20005
7123,3025,34,9773
22069,3203,100,41031
3861,4368,7,41122
11925,639,85,12449
20625,2940,25,25730
17765,4290,63,15173
6518,1824,3,21579
26793,1057,16,34730
861,352,55,22043
26076,397,18,24982
19757,2731,93,49388
18072,1547,22,6206
3048,1071,64,6783
11698,604,35,11324
8113,2089,13,14086
13561,1149,20,24146
1038,1143,21,32373
22462,2906,96,29189
25394,23,67,11466
19863,2548,15,45431
26309,2664,71,4547
2203,2283,17,25289
22597,85,14,12752
6424,785,1,23297
18608,2828,64,39776
3026,230,98,28527
16022,581,59,47102
29506,4001,98,29429
21889,2589,39,17090
21687,932,80,35871
25114,4358,71,2444
20650,737,3,32871
29345,2450,55,26549
18209,1904,61,16801
28553,4222,55,26520
3262,1826,68,47374
22703,2381,39,23400
1793,3130,56,20186
3202,4314,81,19457
2861,4305,52,23711
12284,2076,60,36537
21494,590,88,9222
8461,1225,72,33900
12170,4234,49,42681
23401,2965,51,1617
15287,1342,32,49326
12719,3180,27,38028
19358,400,59,7890
28459,747,38,45698
6826,3359,39,10256
16298,1053,84,14937
27911,3411,52,36188
2110,4076,73,40605
6523,3957,95,11632
20148,1616,14,28506
24593,2878,46,2601
15571,91,33,33260
594,1900,47,16840
18491,821,88,12410
4543,2787,77,39630
7347,121,92,13558
17997,4516,26,49684
16025,981,15,10155
14483,4660,21,7529
805,2336,83,1827
16238,592,97,15347
13800,3830,76,34436
19948,3125,30,39520
7765,177,53,42905
27928,45,7,32624
2608,330,78,11872
23479,3257,88,11439
7259,4308,11,32369
6452,2597,84,29234
11137,367,90,28990
9959,4798,88,11863
1597,1629,99,42703
25181,659,86,38188
1619,4102,86,13511
29470,332,72,30375
17476,45,20,37246
10923,2213,29,44681
13420,4977,13,35444
24370,3762,65,33450
9615,2264,45,19647
16650,2368,55,23370
11837,3451,26,48562
8431,3173,82,42078
1722,3893,67,13894
10873,4135,2,25306
2593,2699,15,46380
10503,4342,86,45350
29843,4961,88,11751
9108,3990,18,7309
10203,263,66,31540
26699,558,46,17070
2144,4170,22,7209
20506,2370,94,21380
10448,4325,91,41238
25850,1146,63,33641
14521,4419,95,12025
22024,1067,99,32728
23742,3582,67,43867
13563,2718,20,42641
21838,4228,11,2324
8403,1641,89,1614
27331,135,1,20355
13307,3011,74,48528
16749,4786,31,34891
15058,594,50,27516
9962,829,42,44782
29508,947,67,25611
23753,4486,93,39358
21447,819,37,32560
22813,2865,58,2379
3921,4925,1,36824
4438,4379,84,48491
7224,15,96,15910
9303,1725,9,10110
20869,1063,35,5177
12223,4695,11,35457
24128,1362,24,47613
14948,2177,85,40096
20533,2192,33,14887
16151,2180,68,11886
21391,3328,16,46681
25637,2636,56,6569
15287,2240,47,43277
19635,2489,99,20843
14795,3395,9,32914
9202,2056,38,20871
15429,4297,29,28490
13180,4418,3,13863
13299,4352,8,46915
16489,197,37,48484
8362,3100,89,37089
2869,1703,54,20852
7614,1323,58,30669
11205,2447,27,45686
8052,4759,51,29987
17293,287,96,30143
13740,3897,50,23694
27140,3105,31,31200
26484,2105,92,34337
11588,4991,90,33821
25720,4569,17,14776
10513,3111,50,38686
470,2458,15,23084
24769,1601,71,24081
7222,1063,35,15545
8702,4569,90,14237
24816,906,77,45097
28530,4364,26,47896
28819,857,52,10114
28717,147,90,37779
24138,2415,47,28870
6913,1908,99,3894
26176,2765,94,48135
16833,3025,52,15001
4173,4734,92,28062
21325,3791,22,34101
19623,4288,48,34030
14108,4386,11,29258
27838,1210,11,26554
12742,4871,94,1822
3205,4945,63,38736
1320,2472,12,40506
14616,4654,85,7285
13203,2389,48,32878
6230,3083,59,18025
22107,3598,65,35840
12554,1111,59,15738
5750,3916,58,12000
17551,462,19,38088
8714,2234,11,42121
12300,3347,55,22000
11047,1106,88,23608
13362,4367,44,24197
1440,2051,43,16913
24248,3252,89,5202
21349,2828,89,17921
27035,3394,72,17215
29906,4895,29,30532
7694,766,61,40064
27274,43,81,2715
24933,1027,48,49546
5124,224,74,22953
724,14,35,11638
6838,3965,93,25038
7140,4610,3,23036
620,2144,35,26515
4503,2188,65,36433
14727,3237,64,31584
16932,1400,21,1493
28147,3078,8,8262
17225,1164,4,12609
10015,175,9,38944
4128,2396,11,3894
11973,2500,58,7572
15609,3395,67,34041
1035,4885,39,34335
5850,3874,47,44675
1517,4201,56,41906
18264,56,29,11570
2398,3182,30,48977
19850,3722,73,19214
29865,4108,79,23956
13349,4101,42,12679
11692,133,47,15847
1240,827,53,22498
17640,1839,91,22557
28093,4579,21,29421
15464,987,24,21561
6417,286,77,35795
11063,4830,59,22014
26035,4444,70,31573
8595,2868,28,4550
2492,4295,21,16101
7066,963,15,31697
2702,3233,33,8090
6483,2958,35,32294
2806,1852,12,43171
27742,892,37,3916
6205,1140,100,17702
2511,247,3,39588
14991,1607,57,46286
14367,3034,57,44733
23608,955,97,1616
20616,2771,89,46700
23958,1287,49,41930
7097,2496,6,10969
12703,4902,45,42094
21060,4503,47,30092
1354,2772,98,33201
11585,988,30,46562
4003,4555,33,8447
8392,1067,72,31754
13932,4820,58,9191
10662,3929,55,21467
14430,4485,4,9474
16772,291,12,4542
1298,12,48,45303
12081,2047,91,30839
26496,1056,19,33428
21854,2479,25,21656
3444,1263,82,42360
25038,1000,18,14170
12413,4819,89,27614
4980,4633,23,1510
2434,1894,58,3480
27485,1179,9,18308
25385,4856,48,2088
23490,122,9,20594
28600,4338,27,8295
6774,2455,61,25220
8298,3155,97,49045
14337,1114,47,44027
8568,4488,33,1397
4158,2995,3,49032
22923,1262,18,37497
18494,1492,98,32910
15867,2522,33,5826
13267,1922,93,26924
29251,1180,75,48811
8634,3153,98,1798
19383,3132,20,34355
14533,1282,4,36347
7627,966,50,40474
16860,3070,78,4537
19175,2316,7,17371
3613,3553,64,31632
9062,582,40,38679
29232,2899,24,26956
15301,626,84,36213
6521,3242,37,32729
3510,1693,95,35774
15422,2046,39,32001
26734,3008,52,47643
25555,834,18,45561
3293,469,42,6372
3011,2464,84,9223
28778,537,27,24416
8196,534,92,18171
6718,2835,10,5573
14621,1336,2,24436
22651,452,95,28970
7944,4611,48,48073
21298,4067,70,31164
13155,2730,75,17696
21794,3046,62,43192
8136,3499,18,3620
29667,4825,3,45081
16391,2180,54,2211
4486,893,51,17105
13502,3241,89,22663
11060,2329,99,24858
18013,3783,61,48531
8365,589,38,6572
6020,4399,30,26345
5148,3602,88,33089
9439,4840,42,14151
2847,1432,68,25301
26081,4018,17,10143
639,708,22,8018
18569,2469,77,36567
10586,2985,98,38265
9181,4455,5,32518
6662,4659,93,24224
20158,1266,8,6755
21925,2638,2,38548
16371,818,80,13560
21353,894,13,7601
27294,2152,33,18307
14107,1107,88,14025
11720,1598,6,21823
1677,183,17,16969
13568,1747,67,48762
3682,410,53,21232
3697,2854,27,40131
1338,495,16,18500
16579,2694,62,39203
5077,3409,25,42568
16669,3661,42,22501
18337,1206,3,45262
7271,329,97,15054
20502,1891,77,38826
2213,3864,60,34512
5028,455,64,37484
23266,2506,68,47157
27414,728,10,28692
10545,4655,13,14324
336,1848,1,37151
2163,1892,56,28496
28267,2880,35,39383
3153,1258,44,34639
8176,1181,53,4529
4616,1926,39,4736
8672,3114,53,17711
9314,3399,22,1329
26374,2707,27,37251
24998,4219,23,18126
25562,2494,96,40135
25778,2861,31,45383
8101,4945,62,49683
18019,3488,96,36793
13451,381,21,22093
18023,3713,55,48162
17044,41,93,24082
23843,2165,6,15278
26597,3112,8,18974
16829,729,43,37225
7736,1152,43,2293
29776,638,73,9216
6584,4904,89,24174
5272,998,16,15398
24414,162,67,38833
6748,3688,32,6200
5507,1429,82,35877
21094,978,64,23077
16628,4098,67,20211
686,3057,97,47648
5268,2311,98,14909
10556,1986,79,34360
18300,4750,51,14397
13561,1587,6,34383
29665,3617,86,30895
2511,2106,18,10982
19293,2054,22,20328
28999,3108,73,20208
1169,2935,55,18540
9436,2294,33,33634
15701,4550,35,40213
21403,2335,60,26039
24277,1829,96,23939
27532,2099,80,27821
28257,809,97,8622
929,108,29,21922
17873,4214,75,10256
22191,4114,51,28946
28567,143,64,28321
10835,1621,37,26957
13222,2833,85,41997
4458,2347,9,18960
681,1763,14,37435
18194,4224,18,29419
28124,1386,85,31592
5118,1698,93,47886
20923,92,59,4995
5404,2598,75,5092
7685,1384,59,18551
21746,4429,97,35326
462,459,18,25482
28189,3645,83,28198
14150,2651,80,44616
21415,3444,17,18577
10602,3054,71,40082
7823,761,98,17151
28412,748,33,12766
28138,1900,89,8734
25875,1413,63,47713
6394,2722,77,29004
22055,1918,6,8446
25581,2679,7,37044
1313,3088,93,8668
29146,3820,32,43660
27047,1205,16,33398
23399,3528,5,30811
5712,2296,58,24450
28889,3196,9,9835
21158,1858,41,25464
17718,612,23,1288
14470,2473,50,34760
966,2515,60,44690
10661,2597,55,47348
3555,3583,31,26386
24047,295,18,9960
14927,2345,21,7152
935,2975,71,46775
29887,1781,13,6807
23454,4335,31,14783
26731,899,48,29224
22488,29,31,23503
20116,203,56,40468
4940,3729,35,47573
22181,748,47,8530
5484,3713,95,40493
11478,302,84,38931
29293,2952,93,43373
17812,3198,26,37891
27440,4081,80,42888
3171,2373,6,21123
3760,2893,73,25559
21921,2990,99,24899
23075,4722,87,7836
28393,3611,11,46707
18704,4984,55,46206
14750,4495,10,37148
26187,251,30,29181
3938,1715,8,23556
25625,1333,17,14118
14559,4601,2,24907
22138,4116,19,23117
12266,2323,12,8810
23854,2064,46,44804
21352,4035,94,23330
4629,3253,33,24396
2677,4018,99,45889
25820,2586,47,38603
25921,1591,17,26289
3627,3113,50,2970
27081,2787,84,4695
3113,2675,19,45465
18289,1068,44,44161
738,4186,40,24114
6344,329,100,40106
12161,1910,1,5000
7688,3825,6,46148
28789,1123,98,36642
4071,781,6,37286
7743,1123,26,1461
10738,3162,47,36163
22033,1320,26,27072
25221,2376,29,25100
5845,3912,33,1653
6254,1049,36,30202
27104,1011,58,25479
12555,4002,54,49359
1718,365,17,40926
7407,2603,42,21251
4064,3214,28,3383
3938,3772,50,4726
5369,3289,84,36661
12857,521,77,10473
24031,3065,8,45911
1920,1986,51,48373
19912,2739,45,23428
10441,4694,18,23804
15677,1766,33,21842
20338,3463,35,29763
8524,4922,56,17238
14817,2000,57,27702
1766,3221,31,11328
17033,824,19,33350
27552,1537,49,32704
24710,50,37,14588
1244,1537,7,30930
29010,4750,11,48511
9470,2252,34,34039
25693,3566,6,3356
17582,1541,5,1556
29245,777,99,3576
29970,3939,100,7216
5619,1945,76,29288
14867,889,72,30447
29220,2918,28,23364
3382,3019,69,40960
443,2931,30,48796
14339,1292,88,14025
20352,1981,58,36724
22736,3230,42,6439
23399,2527,7,10503
28100,2032,91,27445
28795,2147,62,33122
7681,2148,99,3190
28306,1900,32,37893
28353,627,63,48259
256,3115,12,48091
15093,115,14,44051
22123,4720,57,41442
6783,53,57,40403
18699,4638,76,28440
10675,2719,3,16465
27462,863,57,4900
29145,4484,69,14782
19443,132,64,6208
26115,3768,28,33891
26095,4678,69,20246
17775,574,35,15211
20037,1163,32,30595
16778,1023,20,20835
12955,3745,17,36552
27224,2437,75,40868
28549,1923,39,40575
4777,2047,37,9612
2976,3481,47,1355
4844,1639,48,39263
22227,3325,50,5415
357,2907,84,20271
4293,3748,84,20742
680,4138,88,8578
11645,2408,69,44185
28586,1701,8,27948
15905,2404,58,4701
3324,4483,3,26419
28685,882,57,30764
14749,1774,13,6824
11919,175,32,28353
9887,3160,73,29609
14634,1414,39,9341
5576,4743,39,21862
10835,3762,96,43482
25748,2826,34,11773
21190,3995,98,9324
15788,2245,47,33162
17878,807,36,14902
12893,94,37,4751
11733,4109,58,3095
21404,3314,4,39252
27024,1609,90,39695
12513,2419,81,25341
24466,3469,38,21300
25939,1162,26,30662
28861,3498,17,15591
10910,457,63,22810
10799,277,66,21538
19069,1519,9,19347
22362,1120,41,13189
2935,877,92,36198
2095,2884,77,27834
25977,1636,12,14285
27803,226,49,43519
14111,2932,3,6228
23253,3023,70,39477
7676,1846,61,29919
24820,4017,16,33382
13386,1348,38,5036
17700,3829,42,14849
14423,1573,41,36362
27871,2204,33,24402
25821,884,80,41127
15609,478,94,17638
12842,3121,71,29622
22161,4565,31,42416
15195,126,9,9072
7007,3433,95,49382
3840,3566,63,37701
13873,4401,76,7936
12677,3909,87,22060
12619,4887,31,36721
7596,4501,20,26406
1042,1152,73,22853
29620,1584,60,21853
10051,1302,53,8544
19439,959,14,33861
2899,127,80,20980
1718,1552,15,31558
11018,477,96,13303
5060,3034,54,6916
21320,3747,18,6615
10849,2307,8,20347
21278,356,25,21433
1937,1875,77,20697
11642,2573,94,46647
17702,4462,16,34863
20487,2578,45,35342
29920,3444,56,40750
24420,2094,16,12337
14984,3455,95,13037
7197,261,84,21543
25973,2635,79,49678
13450,2884,78,8876
25499,3834,34,26419
4991,2970,98,26309
3379,2607,4,8804
28942,4639,45,40111
23417,1087,92,41559
10305,4239,3,18853
22564,1988,21,44436
3065,185,89,25460
7570,366,1,39078
19336,1796,33,37221
12525,2049,39,31765
10432,85,36,3386
20774,31,41,4382
25428,3448,82,8511
31,3169,73,35239
26457,4177,47,22037
17393,839,2,30445
27285,2955,63,11987
9638,1829,26,46082
5154,803,88,14269
1712,2514,91,34876
12382,3666,20,17082
10901,1409,30,48136
3775,1488,57,47450
26952,1704,96,34995
18259,2304,2,1572
25789,2768,82,39275
13730,4358,77,6121
10680,745,81,47286
19262,3709,43,1242
8437,3146,67,30695
20058,646,65,29094
10570,2624,67,4234
27439,793,83,3706
3515,118,61,48028
23657,3327,59,34857
2703,1230,70,32705
5119,512,11,21322
10118,1393,100,2328
24367,1517,32,12551
26573,1234,94,47500
10523,694,85,17927
17417,1520,29,5922
2471,4069,3,19666
22104,2395,69,44926
21115,1126,50,9361
15652,4906,13,27960
29091,4348,93,17268
27628,4863,50,31477
3497,1194,98,23275
17240,1577,55,38478
19889,2955,52,22819
12349,3826,51,43233
3055,4855,14,22317
20901,1847,96,47424
27311,3303,86,35069
6570,827,82,2833
6789,2634,53,29896
23312,2418,69,8377
18284,998,98,37197
13425,2513,77,23424
1821,828,47,27991
2228,1485,32,22977
9931,3636,31,19226
25409,1744,25,41242
9050,3520,47,23807
14376,2190,65,5366
23473,3573,82,29320
9077,4196,22,29357
23252,767,7,41207
6742,648,86,36987
26871,3530,45,34499
6925,3499,57,37692
5098,4306,49,25453
13429,714,50,17827
22357,679,72,1332
6929,1635,17,45066
15144,2328,4,1815
7012,3873,51,32032
20124,4670,9,45009
25307,1262,7,24192
25828,3648,4,8198
15356,754,71,20902
16876,289,64,17347
9667,4050,90,8075
26820,3603,92,28821
9979,3830,98,18865
26510,745,44,49828
9433,1155,32,4407
9034,143,56,47858
2231,1435,83,4684
4937,3830,31,2889
28232,2278,38,32766
3338,3851,96,47675
1541,4049,19,31281
16841,4493,70,18855
10421,4053,19,28949
7647,3939,22,27153
5993,2263,42,49324
2229,3,47,37502
727,168,67,47811
8796,1205,48,4908
6038,4458,94,23363
7010,3989,94,11324
20348,4410,64,42742
9880,4732,86,21463
21071,2813,94,43373
22669,3709,92,5035
64,4887,4,32442
7514,1748,9,42337
20080,45,16,20237
28425,4889,45,1149
19833,2782,99,42819
4024,4486,24,36645
29599,319,81,17390
23878,1787,96,33015
6488,3363,35,14253
22379,1692,81,32599
9321,3354,26,34101
21665,4401,36,38253
3958,3925,5,43657
15835,1507,97,35800
19535,3599,27,42070
501,3493,79,14223
15971,686,25,44043
14022,137,19,10147
20629,3681,80,14029
10093,2448,34,31971
16650,1867,64,41887
17794,1032,35,21086
20236,4580,35,49703
20802,718,100,4677
5730,3681,9,46968
25849,2094,63,19640
24586,1117,91,28835
2727,4797,77,22593
17459,1782,15,6761
5759,3815,10,40188
28937,4756,61,14900
13926,627,83,7308
29918,869,3,17457
24753,4430,54,22983
11421,336,83,2957
22571,460,5,48574
8190,2186,68,25955
14097,1871,26,41721
2804,3294,46,35694
11709,1343,73,21772
18969,2232,34,7963
6495,3136,50,20871
20562,3795,51,20181
14214,4621,55,35993
6770,2818,62,25735
29577,1137,73,10301
2182,2701,86,29387
24614,2429,68,1963
24381,2376,69,30091
22436,318,57,11395
21925,3231,20,30596
8629,81,14,27596
10528,520,69,12114
1304,2642,78,7204
11011,3103,79,40216
12425,1695,42,31107
22916,3639,100,40320
2713,1625,59,12390
3271,643,37,6290
28941,435,41,12470
19928,1282,83,19672
2431,346,13,5061
25222,2065,33,27094
18276,777,18,10964
24545,3530,33,5976
29150,4478,56,42837
59,48,78,22426
19021,2788,50,27299
23822,2943,73,23730
29283,1627,60,25852
8473,1322,98,1717
8468,4651,34,39802
29984,425,75,7242
2529,4265,85,18507
12492,152,55,48847
5772,3726,70,16947
21794,2519,81,12183
25161,1571,32,1457
832,1983,16,14687
263,1240,19,43559
19359,3552,21,39812
5663,4103,41,24433
10414,4645,81,43658
16189,1448,20,46833
27225,1642,91,4013
14818,649,34,16125
29442,2074,97,39930
9302,2963,69,11334
17867,4582,11,31910
9707,541,35,42081
10669,2583,15,25577
15028,4362,50,10242
2845,2670,10,7617
20833,3576,44,10609
13211,1207,13,40769
13119,1900,20,12483
10733,4382,43,37245
16878,197,27,7919
22412,2560,99,46750
6717,4545,63,26173
17831,2206,99,34064
11427,4748,31,27051
13756,956,65,29825
12163,94,18,28492
25910,1324,5,32806
10508,437,57,37647
15452,646,54,42442
24045,3184,78,48903
2561,800,55,8882
6796,1155,25,12135
14562,4848,14,3618
25662,988,1,26082
21490,303,66,32109
28030,4868,15,12642
2763,3345,60,27600
7659,201,33,37078
15392,4161,4,27626
18719,2189,59,5001
9631,4832,49,33535
5631,3280,64,13456
16479,4406,11,16718
13191,2564,95,12361
23984,688,53,19604
24356,1401,42,6186
22547,1838,86,17157
17123,1269,17,26056
13993,3772,56,9693
14537,511,4,35450
15837,3090,68,25299
931,3805,25,18309
3455,366,19,30445
14509,2264,7,21032
29020,4272,45,2299
13674,3417,90,49049
13229,3997,9,45220
14625,4887,17,4188
28865,2371,98,7008
17876,1322,45,27143
18760,2445,33,13449
13242,2497,30,28310
12027,4976,41,25281
16667,3216,100,31997
19626,4485,22,1893
29810,2227,22,24227
1334,3306,91,18199
18107,930,20,48596
18418,1098,3,32109
5011,3189,75,36630
16967,565,77,43788
26192,4460,61,20905
9528,3804,46,12149
9704,3943,31,38405
21621,4559,57,17313
25132,3464,44,1799
14953,982,36,35193
22363,4070,22,5719
14373,4657,64,10070
10493,209,47,45521
12898,3519,71,17660
139,2317,38,5705
6765,949,12,7607
8599,2790,41,13272
16810,2259,21,46520
10171,3354,93,13225
14880,2406,20,20101
27105,1281,87,33611
12236,2900,7,41183
16556,650,80,42034
15989,4694,75,18043
13113,628,57,35744
478,1301,37,48853
2027,3213,24,16625
12692,2675,26,47043
28976,3511,30,30744
3020,4516,47,25257
9550,3977,68,6425
2932,1553,89,5985
3087,2675,99,3072
13823,2254,34,27376
6126,3052,65,3548
16158,179,19,3483
25380,1813,69,38532
27291,3304,30,21216
4707,3998,77,17152
17463,3326,82,10845
23369,4772,89,13085
9131,1125,58,7534
14488,969,88,33093
19523,4139,43,33632
18155,3830,89,20243
7654,1598,27,37771
24399,1399,15,44770
10422,3602,23,14187
27143,3295,19,1507
12486,1290,13,14933
21952,1525,94,8832
13395,2879,8,22669
23083,4655,90,13113
15662,1034,16,31644
25372,2317,75,40205
15788,1559,76,22312
13282,3505,30,36213
25848,1189,83,4803
3256,4472,52,2159
22728,3999,93,37404
17056,3996,74,13167
27205,3007,36,11786
2369,1352,17,49965
6273,2726,47,26691
16991,2356,95,21070
10174,2806,45,45778
15339,1813,30,9601
25814,3995,89,28710
7051,4419,71,12299
17289,1571,99,30077
26584,1026,6,7434
22060,1937,81,39311
12704,3021,62,6440
17413,3381,100,49152
21973,3152,97,33511
27169,2278,32,11238
21601,3197,10,9090
18479,4510,1,28639
15705,174,31,14350
5716,12,58,26679
25864,2101,20,28092
13636,1804,64,48462
19965,4178,46,6705
7923,1945,41,15943
10831,720,11,31122
26831,252,14,5632
23569,1931,7,41001
27336,4841,42,14618
13032,4400,98,27452
23509,3238,67,14470
11545,1152,16,44711
13831,91,100,37473
16318,2197,40,46835
3339,386,2,16541
5110,1628,23,23202
7430,192,4,1990
20425,2516,41,7450
17726,139,71,16522
21003,1363,88,22473
28391,1662,46,49936
6523,1862,58,23085
24995,975,87,24791
6734,674,53,19537
28572,3558,14,3795
22505,1028,89,46335
12799,1310,39,1392
26770,4478,18,16569
11042,2835,20,34931
3443,3569,45,31153
22566,1625,33,40584
7074,1009,82,36934
11831,631,20,31899
4869,2276,67,26677
4276,1489,6,27696
17492,58,33,18964
25214,1000,8,1697
16518,3089,24,48234
27811,3313,2,33081
358,3571,96,25246
26240,2553,36,10828
9206,3064,39,7694
22341,1000,46,41368
25133,4104,93,24728
29770,2569,6,45282
29047,1194,55,10902
6480,1723,90,28369
13512,3861,79,2441
25543,1251,85,37709
3819,1900,50,39338
21530,45,36,14963
7999,460,36,27745
14218,3099,37,31699
3640,3356,68,7826
19653,1221,32,13251
24921,841,23,26033
15108,448,44,37982
18481,3625,2,12105
25878,3538,51,38188
17253,2944,72,23637
3522,2357,85,21528
11852,425,70,26312
2143,4663,60,29754
11039,3437,6,43921
9204,919,24,12832
26597,3803,56,16080
12991,2038,37,23099
14346,1343,99,34182
11531,4684,55,3141
25631,4716,74,33495
17676,2471,20,10356
29425,3326,46,10275
23085,3328,78,22939
5018,3373,50,38193
11791,4500,94,23578
6005,2396,78,33912
29672,102,88,10402
25523,3336,60,25284
345,2513,4,5802
24936,3582,96,13621
28225,700,65,47655
7975,4528,67,7869
23032,3152,94,19831
1463,1288,25,8786
6855,477,58,20477
29884,3869,52,18209
6305,1926,5,1959
12626,2338,43,34793
14812,4528,17,12674
26947,1563,83,29066
410,2317,8,35697
12270,320,93,31940
1318,4646,65,21853
18791,4545,24,15782
17669,4987,3,16215
2332,3978,37,25250
12172,3655,74,15973
8707,3974,36,40415
869,388,92,21598
3405,3024,91,38515
28030,3135,34,8628
690,194,66,39841
23005,4670,38,10787
9840,2415,18,36544
29995,3525,1,37514
16588,4281,83,13829
26959,4577,62,9837
3823,129,9,44889
13234,2932,24,31835
3199,995,11,32636
23171,2019,69,7154
8587,909,13,45941
5421,1376,32,28612
15062,383,32,26253
1298,2449,3,39542
8718,1331,82,20255
15880,426,58,45009
19853,4412,63,15525
14320,4136,89,7677
17549,2945,42,21272
15932,3752,48,15067
9286,404,39,3438
9732,1761,15,7364
24123,3017,50,40426
18059,410,40,11023
10823,2605,65,42999
19324,2465,97,47812
12801,93,89,11860
6569,3788,22,9711
21091,3286,29,19116
27854,2337,55,3882
16630,4072,40,11109
2888,2802,5,15250
16321,4940,100,39880
18358,257,90,13072
11555,1973,26,47433
8368,4822,63,29594
28404,2228,53,17442
28642,1855,57,37277
12417,3010,57,31281
8896,3824,60,48730
10766,305,69,40130
6699,4901,82,10098
2530,640,15,12605
5181,2663,21,34990
7693,4190,59,22590
7675,4940,66,19967
8185,2336,87,10631
16745,3259,22,38100
11106,4297,95,1037
743,1021,7,39821
24930,1103,53,10374
5863,1604,71,5762
15577,4811,56,17830
16143,3302,86,5371
26933,2612,72,44759
18870,3757,85,5574
15649,418,76,43938
16927,21,52,38713
1642,2591,88,26356
16260,2796,21,19245
932,1741,54,36721
5081,2809,22,14879
27752,3940,17,43747
24619,4439,93,36475
16668,2108,18,28325
21261,1137,68,38524
6339,3919,27,46612
25248,197,60,30444
7157,3170,68,19725
9747,1206,12,44142
24646,3581,29,29898
26196,15,85,48909
17261,291,18,8183
21937,4654,43,24972
1002,466,19,48585
24844,4506,69,7136
16058,2864,93,8614
169,3257,28,27720
28499,2294,62,4138
14119,2610,84,27148
9161,3478,43,33599
17854,124,71,23248
29690,1347,81,20492
6717,4075,94,8864
3567,4091,54,1661
1174,222,67,44192
14293,605,2,23500
8341,703,35,12851
15657,4611,70,41711
10844,2745,26,40982
19024,169,6,34816
11758,2750,18,11594
13802,2099,44,37377
7140,1383,83,32728
26178,2678,6,44603
29975,2046,38,12672
11855,3580,36,49202
16646,1365,36,2693
13220,2954,99,44814
6238,3648,44,30435
25984,2213,43,8526
13226,1133,84,42278
8311,4050,71,42112
2027,2845,4,33851
25284,4539,27,24889
327,988,88,28378
15714,3263,76,26618
4096,363,18,24768
25894,2393,11,25182
2229,4333,96,8318
4528,4430,19,36503
27883,961,96,48057
7972,4465,82,46935
27615,4162,37,39937
19451,2369,35,24204
11135,2484,81,48821
1619,621,88,9562
24173,2974,1,32321
27636,4714,12,30325
310,1962,16,39355
25142,1427,69,38127
12589,2089,67,36987
7962,2270,64,29876
21267,2879,83,31635
24508,4681,26,38463
21688,2109,89,49728
25856,3376,17,9489
29991,3928,69,9125
5079,82,77,49270
17134,4922,1,49830
10085,1043,87,8209
9362,4667,13,2144
18051,2267,31,21943
23813,3317,43,17748
23273,3641,86,43398
8963,159,57,38294
5769,2700,2,27511
20420,670,96,19224
17581,3524,41,31035
19526,4189,94,12028
26994,139,25,18158
21458,3157,90,7309
7230,3459,45,4715
22490,3285,21,32172
4888,4875,5,24227
18842,802,38,22213
15480,2637,10,16266
14229,1396,27,26153
4241,1077,93,5695
21028,2528,38,24916
915,1727,38,2316
3840,1672,30,6845
14400,1266,10,16091
1803,309,44,13275
6265,475,66,35588
27289,2450,69,19573
28592,2347,14,17865
14999,2232,42,42095
23410,2141,11,45595
2439,4131,23,9314
7401,4577,1,45158
18837,1769,89,3701
12031,4989,87,43122
3644,4482,5,11348
21153,3709,13,15879
29676,4495,61,4174
19263,2465,56,7568
17764,2995,97,10106
7224,2146,93,14878
18869,1398,3,21686
3163,150,61,20085
15775,3517,45,14415
3069,42,22,35782
25914,3738,9,21931
23606,312,93,24162
15274,4565,53,41771
27045,4793,75,49258
22578,2709,39,26022
15341,1248,44,41716
4687,358,15,43849
20431,1241,80,45040
22195,527,85,21168
11357,767,28,9992
3631,4912,91,37900
7536,1425,78,45131
7072,2958,9,26893
18266,2999,92,15920
17722,2092,60,34297
653,3585,20,5096
5816,1473,67,42359
5850,311,31,31020
19028,995,59,31366
16802,3010,95,39110
15787,894,8,49848
14729,1878,76,6239
9342,3530,36,41578
25534,2522,94,41865
23292,4032,74,29942
26482,1097,35,4478
27975,4320,26,38812
28878,4527,100,41616
4791,1865,5,36874
29975,1174,14,45587
14273,2254,64,28801
5316,3137,71,31834
25324,2604,99,12223
22757,2611,2,44437
17234,655,46,43833
27819,1832,44,45493
28422,3600,50,11194
14840,1821,3,25984
426,4095,93,6464
27566,2256,60,4074
21307,4715,41,19860
18136,1798,90,7430
24870,2420,4,49131
27243,2680,17,20829
22173,2325,15,44768
12328,365,73,18236
3093,206,45,46552
16057,1976,91,47950
22966,454,43,49477
11833,2863,73,32508
1018,3063,39,42535
27645,4653,30,2290
12209,4080,73,12794
22216,1995,5,16145
8830,1657,7,5905
23254,280,69,33365
26854,4696,54,7629
28671,2262,56,26806
4803,1212,65,30927
28502,45,1,3283
20159,2035,38,24896
1268,842,14,16647
17850,2473,23,16224
8890,3677,74,29607
6304,4712,14,45832
9643,4088,20,30667
20440,3219,49,15942
12368,1638,39,26882
21476,2590,55,14943
27342,1951,90,22877
15187,250,98,41827
24115,1694,84,26955
29229,1836,5,13583
24033,4595,69,45374
6809,2355,80,48361
17021,4632,2,28598
6317,3319,85,40528
7975,2239,18,8321
12965,3300,1,2394
12231,566,12,32722
949,1658,100,18757
17775,1110,81,37991
5895,1784,11,36628
5090,2427,99,16638
19378,754,40,29728
3919,1067,3,22230
16031,529,31,3112
17564,4103,60,21672
7554,2980,95,10245
13174,1427,36,41851
25867,1094,32,13253
8654,2191,35,2757
21009,1982,8,28393
28227,2083,42,12106
12651,1142,33,2482
21011,4436,52,24143
1314,3560,78,9597
24243,870,81,22093
5658,1369,7,45611
895,290,68,39446
26975,3962,78,26975
10718,126,81,49267
3007,119,94,47814
26723,3469,47,15561
14263,1253,15,19713
18561,3491,23,40541
2169,533,98,26323
20507,427,21,1682
18717,2339,88,43223
7770,4270,43,40067
5184,4735,31,46759
17376,131,7,2047
7391,237,87,8099
6459,1778,45,30956
20746,4094,73,16902
17400,795,41,41035
548,1037,32,5221
5187,2637,29,15298
10012,2056,83,38411
11380,780,72,15062
3176,2413,26,25211
13476,4056,28,37723
15165,4681,86,18164
19235,2826,85,38944
6108,4859,2,6367
212,2312,11,7495
20702,1451,37,46766
21293,2302,25,44074
20928,631,98,38468
17471,4241,85,21321
13770,3654,18,17595
3564,4301,70,3460
23638,4504,83,45170
1777,1579,43,1123
3575,2507,7,14075
24983,4933,74,28937
25134,1485,11,49142
5894,3427,18,31034
20168,2051,99,38104
12790,855,29,32879
26393,2445,54,43894
8927,113,67,19021
2185,4339,63,20457
5750,1479,33,49673
21739,4876,3,16072
27863,1599,18,33168
28536,4539,55,17884
6518,2594,57,16911
13997,1809,59,26557
13310,3113,36,11136
6522,3710,13,34746
16301,4359,46,11045
28427,973,15,17659
15404,4585,9,4388
7015,1297,55,6042
5215,2193,93,16754
22202,1455,23,9459
8981,2284,87,41150
2870,656,71,14510
25227,3469,79,33396
16642,2946,23,35230
2189,2237,17,1524
23716,4803,63,3089
683,4303,24,19445
1151,3894,22,25515
9699,3507,49,8062
26270,3901,4,25388
9063,2696,59,15895
7109,2398,86,35552
6178,799,8,15915
9338,2944,76,28469
29446,2219,21,6730
21709,1480,93,6611
12404,4636,40,3794
725,4816,32,4205
14059,3551,18,20140
14499,2454,47,17283
15913,1620,5,16651
21574,4258,27,33224
9363,2196,74,35007
2406,3686,21,8553
6437,4952,1,23319
5053,3771,55,12156
16110,3784,99,28228
17437,909,9,22134
15692,2352,35,18942
23923,2359,34,43422
29174,4163,76,16582
25989,4347,13,15009
5750,4180,19,5640
26362,1028,48,30773
28919,4619,69,4617
2248,4268,13,38362
27540,159,10,41213
25685,1312,83,31383
10396,2892,19,31214
2980,1227,39,17018
17361,1520,77,43419
2708,4051,38,6622
20938,3371,56,13094
11720,73,99,34943
2095,162,37,43215
25161,3771,92,8866
11442,1917,97,40958
4141,1594,44,13750
15947,1371,10,39193
27717,2319,51,14375
9036,2271,26,36364
14191,1741,86,24769
3276,1165,34,4391
25797,3835,60,47393
23523,3225,47,8844
3037,2502,39,16837
13440,4880,64,41695
11810,3831,94,5761
4047,322,52,1981
717,2778,93,13017
12805,778,38,12646
10941,2041,49,5879
9253,3650,85,44166
10592,1321,14,20447
3378,3154,1,17861
9096,3208,56,38187
18721,3236,57,25250
12403,795,90,31043
23244,4185,46,2259
14884,1705,92,41438
2135,530,6,9081
14652,114,79,47735
3188,3774,56,23412
413,2707,8,10988
29420,3815,83,3527
24440,1325,16,29536
11650,2431,25,12579
12596,3955,72,2080
2199,1796,76,5545
23054,2838,66,13889
10335,3037,32,40277
7859,372,54,11093
5746,1905,7,27896
1263,2211,8,48131
2839,3751,47,29116
9575,949,88,42869
16880,3813,53,43846
18815,1091,64,19577
11781,3742,68,16699
19706,3500,51,13022
15351,3927,60,2644
19004,208,75,37046
75,4256,59,29485
19164,905,71,15971
1254,2027,87,46512
16167,3624,39,2824
2450,664,61,42101
22097,3301,4,25141
11794,4879,98,1613
16522,4801,17,24395
8530,1663,36,40092
23106,3661,32,5111
11307,946,76,39020
2995,409,51,12691
16250,3481,9,5110
22069,3342,36,28921
998,257,41,2930
9867,405,49,12998
26406,468,100,2486
8938,2789,33,3730
3315,4913,18,42472
6527,2274,98,36304
1808,4485,51,8245
20091,2602,49,4467
479,1572,69,26514
21117,643,98,5920
20534,3575,16,19984
6911,2717,59,42260
26039,1184,72,8525
26184,824,59,31035
14840,3849,84,45712
18748,260,45,32972
5139,1408,3,39278
11289,2445,2,22875
17120,4857,78,11734
10613,3775,34,19981
3159,1651,20,18675
29364,2307,23,34494
2725,4004,21,17791
27998,1983,9,48084
15377,3398,32,31051
4643,639,63,8068
9441,1543,12,24117
11853,4514,59,32861
4310,3524,11,8975
21604,254,69,15785
13592,4237,13,14046
27812,2529,97,29830
26387,4535,73,43880
26748,3078,92,24217
18604,2772,35,23395
21584,238,28,33005
13998,3695,5,47253
13144,3282,86,47230
24691,3515,72,42719
24242,882,9,31000
21297,44,41,17711
2952,3889,45,47535
12007,1101,87,6488
3897,57,21,20620
24914,4216,54,19366
12930,4585,1,36900
28195,240,25,14297
11353,2092,44,33478
12812,4084,28,49309
258,3071,21,34509
11720,4761,89,41226
2075,2618,7,43688
19543,337,5,2665
16093,2908,86,39953
10491,4261,63,9082
25861,2811,74,49999
27030,292,50,37951
15249,2998,61,22812
3582,2293,21,12229
10161,1981,13,9140
17188,4255,52,19037
29556,3820,29,49244
692,718,90,34050
23404,351,42,16003
23091,2278,92,46059
4652,4386,90,4643
22842,2106,21,43035
1127,2932,38,43998
29764,4313,56,39706
20615,3394,67,29420
27089,2789,32,27898
23169,26,35,43621
2102,119,25,48420
1340,2989,64,22082
7762,948,48,13723
12469,3749,93,12496
17523,650,43,15665
16077,1787,8,33919
9423,234,86,19674
19909,2345,40,26425
12660,4117,72,11715
1557,2339,51,18291
19306,1887,92,41409
24627,2874,19,36985
2089,2493,39,41636
20249,4268,59,40601
29106,4929,30,15718
20672,1184,67,27965
3649,54,18,39652
9356,3181,54,21428
11458,3815,51,13556
2986,3052,74,35436
20456,1504,81,22293
25651,1816,96,9200
28318,1452,89,36876
10614,1320,4,17879
21978,1571,23,2628
26504,3048,26,15288
8362,4633,45,16385
21856,545,29,14665
3145,255,1,23386
24556,451,47,38531
28277,3151,33,44543
2899,994,2,35492
176,4405,81,22861
4992,2262,7,46219
14085,2862,25,1891
24479,1311,88,15180
21148,1289,35,31052
10198,2935,66,34037
10238,3184,47,11448
13542,726,88,35315
17331,1305,50,48428
11107,3299,43,32870
27093,4246,45,46872
26028,3223,14,18892
29857,2779,58,24573
18930,3567,38,5819
24431,2177,64,31760
4742,2742,87,29458
6301,475,75,37446
4431,3741,34,15638
15951,2297,17,35135
17389,1003,26,31678
8110,1950,60,23050
6901,3876,47,37835
22282,3552,66,34393
29562,1047,41,19929
18832,1029,4,42094
15453,583,67,13545
11989,938,49,16429
28772,3584,61,46633
7018,3337,84,6778
6809,4207,87,2134
20128,4824,39,7224
11023,626,37,13939
18675,3607,44,42040
28459,3083,39,29265
8703,1160,39,28716
5296,80,58,15830
19158,926,42,9626
13017,713,80,15914
17767,4172,85,9593
7624,3399,79,10547
20820,1243,45,10452
29557,2757,26,8160
23268,4112,66,39265
27062,3080,66,36437
14291,2848,30,33752
14666,3483,68,40289
23636,487,45,31476
26160,2213,99,27534
22023,1184,43,4250
15703,4419,70,45813
8140,2707,60,27810
12748,4164,25,21517
10953,4429,15,34547
20520,4480,76,29645
22844,2033,77,24012
18705,2579,45,35378
21414,4446,36,23628
11018,1470,53,46515
25663,1814,13,42065
13393,1435,7,6769
26902,4482,24,42013
19176,1908,49,47821
10189,3360,48,4448
28532,2348,98,24615
25329,1036,36,23656
26103,1653,27,21313
14515,520,74,9877
7039,2545,85,38651
2567,1703,52,43511
19504,2362,76,48920
19576,1807,12,9940
8165,2117,82,24084
23997,4752,31,5999
21695,2377,87,2985
5822,1930,99,44803
2868,2206,94,43141
1546,3953,16,3123
27558,1686,13,29019
18947,3284,81,30245
28135,90,48,24503
19010,4817,47,9913
23800,4745,46,46256
8625,307,86,46682
18956,3653,31,4386
1333,298,53,9617
3471,3460,45,47628
3202,2164,43,7633
3921,81,18,32801
14607,179,62,32259
8339,3820,64,19298
21779,282,3,47721
9121,3660,30,6321
252,4221,94,42428
27007,1683,66,11832
25219,2239,1,35072
2116,651,72,10206
21005,858,97,45713
23174,3127,83,15626
4182,2663,100,34978
22257,3904,19,2316
26189,2249,28,40597
17772,2992,8,35582
19666,1856,71,3691
5347,3371,27,25470
13881,456,68,1640
29441,2759,17,49020
10322,2761,67,3100
6717,2679,81,3154
4372,1800,83,18247
20630,532,31,41386
4651,1203,64,2055
15841,4540,77,38612
21746,2312,37,1302
17270,196,73,6830
1554,4655,62,16530
10994,3904,99,25306
13692,2794,89,4609
17442,4683,10,42854
14973,1637,31,7824
12326,816,56,8764
21660,495,80,24915
12286,3457,89,35381
18568,2519,38,46623
14318,2448,99,1276
28569,1089,50,4841
5426,2876,84,12286
8467,1829,24,12302
11580,4545,83,29371
18979,2444,17,6739
28656,2603,19,37790
28303,830,11,14427
28828,3167,95,48959
10131,1255,57,41266
6619,4545,26,38772
15794,263,55,26653
6127,3228,13,33817
10146,4304,1,30965
18828,2619,74,7105
2528,1146,31,48745
7763,4545,21,46669
18395,940,67,45398
3761,2742,39,27026
7888,2762,100,33222
6600,1613,22,5337
12128,2885,49,34112
13414,3454,18,6026
743,1143,45,27306
2167,4468,72,38988
27701,4968,93,15724
9065,2419,15,40667
20529,1169,1,43928
3897,1421,89,33471
13008,4,55,10073
20148,2586,93,44723
20843,2702,3,11178
7312,4819,83,35496
15162,544,70,40672
9700,3282,99,18821
27956,1939,46,38465
16092,4379,25,35121
28574,4532,14,33901
24208,3065,60,6560
27456,1747,27,9774
23103,566,93,46055
26544,1423,80,23316
19757,1645,69,39224
26534,2604,95,27228
17583,3186,74,14461
485,4436,56,37491
12342,3225,47,36545
23970,2768,62,49344
11878,4222,39,23827
3324,1469,48,35373
781,2648,86,14583
18327,4795,53,49007
21217,1432,12,26211
17899,2924,48,7829
22872,4960,15,41108
24641,2018,88,47937
7248,2153,12,11828
5606,2902,87,18103
2935,2327,15,30034
7272,609,70,27257
28008,2793,17,10446
25307,4631,91,48795
29544,1233,25,33201
24090,4778,64,36524
25586,2555,10,49399
3947,1314,87,42625
6170,1854,85,39560
6094,164,2,14719
9175,1414,83,44513
17497,2073,53,46576
674,977,86,46232
13870,4723,67,14947
3265,475,26,15310
18411,4656,59,14466
1580,1523,41,49645
29334,3274,44,9712
20605,4843,4,15820
5640,4588,21,35922
24771,2697,23,39378
13108,835,33,47224
14466,2180,6,8310
10432,3649,90,20150
2710,151,2,1233
2450,3142,49,23795
27465,102,42,44666
16801,3057,25,47793
8964,2312,20,36985
21418,4707,18,18570
24732,2553,87,45938
22394,2068,76,2935
19394,3115,69,26081
21635,2294,42,4854
17143,2122,68,37167
24065,1127,17,40836
791,4353,96,11327
28935,4068,29,45124
2338,3421,97,42771
21241,1528,36,27041
20367,3091,8,27881
13726,4854,22,18622
21581,3280,99,29837
5672,1375,40,29503
28629,4559,99,8782
18897,1995,65,44277
21775,4800,100,40589
2927,218,96,41924
26088,3196,87,47073
809,4106,52,5809
16631,3387,40,25283
28745,2541,19,10721
9463,3028,84,47248
26227,208,58,31877
18265,2726,44,5431
15448,1462,63,45620
2180,569,61,23450
9637,2874,42,39027
2556,1714,59,20133
11364,146,22,21314
6364,2557,28,13591
1940,918,51,12629
5652,3564,100,39891
6732,3320,1,20310
18494,3209,11,45160
16136,4242,21,36847
8283,1384,86,10956
4471,2805,1,25470
16735,250,18,49059
26934,4003,13,41532
2403,1646,14,16926
18946,597,32,16487
6108,518,55,11706
22819,806,58,9325
23525,2652,45,36169
16901,2618,90,3232
28730,4455,41,45839
14969,2913,28,47932
40,4559,47,27038
6620,4480,8,7597
11144,2480,36,42734
23985,1489,41,49674
20403,4145,59,22851
1944,3731,90,1393
17574,4472,93,14688
16003,263,11,33997
1832,906,9,10250
5623,234,21,6557
26507,1707,51,33688
21262,2493,28,25209
8169,2170,48,20111
5,4564,14,7967
11127,2825,11,10892
3793,2872,57,48924
7708,969,7,2745
21622,4326,70,40353
10316,2564,4,4559
25346,3470,16,14277
17184,701,57,47195
3950,1397,94,1684
14866,1553,42,40400
23925,3831,95,13316
5622,2164,31,13922
17525,2797,43,27989
17775,789,31,7433
9981,4570,74,39828
7894,2640,22,38950
27642,1503,6,25580
25910,2409,62,3634
3815,3700,31,36888
28760,2501,44,33461
24253,3523,96,28828
26367,2885,12,12754
27710,3765,35,30419
27399,1432,65,5235
18382,3249,19,22143
10384,2624,2,20495
13765,780,55,12882
29494,4377,77,24523
17492,2315,62,37947
22259,341,27,7343
23917,4756,3,45716
23289,116,60,22196
17702,1049,59,45951
6653,1608,43,19691
15737,3844,74,46539
3601,4341,72,6702
8531,459,6,35582
5719,3334,34,31500
1185,4733,30,25530
19414,4222,4,36707
24082,1691,65,38264
10306,3567,14,41465
17553,4008,20,24404
3092,1401,16,42295
23045,2070,34,31205
611,2908,52,14603
7955,4256,76,23325
25275,1304,31,15107
24654,2252,18,19805
26070,3707,61,23639
10072,1369,50,21037
18017,1678,49,27454
24896,390,35,12647
8336,3028,48,18752
15334,2311,68,11185
23836,276,98,38542
13212,4028,80,9997
17574,4032,29,36914
23716,308,47,11369
17886,1666,51,34631
10419,2756,88,8879
7855,4410,74,4606
24283,2397,78,43675
12970,118,91,21014
15345,3186,48,28472
28223,641,71,20803
9057,2593,54,21011
19421,4570,64,23081
8894,1826,23,14014
2375,1747,79,41162
24034,3778,88,42912
16410,2304,36,32681
3482,2603,79,29316
20226,3475,17,48189
2930,3876,16,38603
13641,2448,89,8616
20517,957,95,37154
20610,656,93,2203
2395,4904,46,15434
17583,707,94,22984
22575,1745,47,28355
14483,3887,92,17045
20281,1178,66,5965
28886,94,5,3398
8834,3576,31,34092
19074,309,82,44750
13766,1064,10,18415
11731,1950,14,17605
24119,2430,44,20646
9404,4770,8,15413
22699,3155,88,48522
11797,4354,55,1031
24434,1417,43,17696
15595,4191,41,17446
1803,1485,85,31063
11304,3828,95,7465
1919,466,42,16034
177,2780,100,32151
28353,2022,34,30722
6912,1149,6,8510
21949,3199,44,15344
10473,4966,31,39732
14082,311,14,40659
21720,1535,47,28310
3913,4050,19,44743
5630,4362,84,9538
25600,2501,91,3495
29508,943,41,11254
1553,1269,51,18170
18722,4766,81,42065
24353,2864,72,49117
8300,1390,17,29237
7641,78,44,46449
25195,1232,24,43436
17074,2130,69,28900
9508,2044,92,32982
21017,3041,38,22345
10505,4959,31,24912
504,4676,41,12747
1508,4477,71,48896
17743,245,72,26000
1936,3195,11,1566
5505,2279,38,15765
26533,793,85,2977
15993,2081,67,34316
202,761,42,3786
21767,2038,17,36786
1159,2605,31,47984
1138,4351,42,39336
6010,4232,18,26849
6371,25,62,26720
3004,293,33,30678
1362,713,65,4535
27335,4834,56,9430
24494,512,88,5873
8117,1080,8,11272
7008,2273,72,4267
29568,4863,86,10258
24099,4166,19,1720
26026,3806,75,8941
10028,4270,34,30014
13552,2433,49,8586
2345,3391,86,32668
21306,3432,39,40629
16883,686,34,48111
19743,2883,90,8951
9932,2206,7,34076
13039,890,26,29324
27339,3313,44,8019
13478,1816,7,4637
25266,4521,96,26203
19691,4165,9,15312
1289,2518,66,14066
20736,3801,71,37403
1206,2960,69,31796
1724,2434,38,8710
26808,1877,89,47719
20843,2726,76,9230
2735,4114,19,10830
24720,3085,26,3600
20492,4988,88,36036
5156,3727,70,14466
11422,4792,4,38342
25798,4382,88,2344
8593,1836,31,44301
17781,4108,6,42788
556,3395,18,13361
19424,3108,68,1737
1861,3374,39,25789
1402,884,66,7926
22398,2076,91,7394
28732,1551,70,20246
343,4638,26,26275
18844,1083,16,29552
16036,278,61,49307
9720,1376,35,42578
28237,2000,4,25264
17109,2254,44,27767
5805,1115,51,4451
24181,1960,80,4168
25415,2803,94,12608
23590,2611,10,13971
17057,4576,39,47046
21612,2516,83,1219
12945,4841,39,39174
8839,258,49,33601
9117,216,69,35118
3104,1737,100,41032
3321,1326,19,17699
20562,1146,39,23777
12756,1684,89,45033
28060,4146,17,3859
12945,3865,85,45879
26640,747,83,43154
12432,4679,60,30009
26930,4199,3,45877
26484,1509,47,13898
3034,2008,11,4095
14944,4991,83,6263
24099,785,30,13739
22446,1774,48,49525
27731,3927,24,39834
21685,4300,65,19954
24355,2769,19,28594
23413,2661,55,46425
167,2621,81,40321
21819,3008,73,29739
28715,2322,15,37782
6427,1377,28,46953
28180,2168,1,5453
26219,288,2,28890
24258,4473,100,32931
21519,904,53,43422
27122,2395,63,49695
19742,613,6,11652
25143,1696,47,2887
15489,3050,55,26983
22166,2588,9,2718
1167,238,36,21371
2425,827,35,25342
3995,2632,76,37673
3075,2354,1,11820
28497,1510,99,3915
14403,2085,78,23362
27365,4904,30,25177
14395,3417,70,23153
25833,4577,71,33484
26500,2998,91,35640
15498,4214,87,17672
7576,2017,50,19719
6558,4631,57,34648
3946,1878,77,28932
1757,3102,26,30014
28525,1127,28,44734
23523,4326,28,29518
25211,2594,34,36919
11887,2245,65,42906
21081,4054,93,18231
10692,3218,39,22292
13615,1374,87,15392
12647,4649,99,26416
23191,236,13,5503
19459,4226,56,42871
5880,82,64,18923
11001,1984,24,22318
1927,4962,1,38355
26695,2078,84,38097
5928,2636,70,44860
20745,4243,64,27647
9548,2168,26,36631
20506,2381,97,3249
11127,4792,31,37834
28367,1237,72,49475
15784,4596,75,39260
5447,4857,62,15554
20550,2578,99,14334
303,3830,46,24219
17538,3650,18,8843
7627,3266,1,10689
2309,4560,38,46056
27040,690,31,17599
28152,4147,83,7119
27696,3761,3,1764
7568,1077,19,30186
27975,3709,40,45146
1416,725,31,18312
7872,3378,43,19649
10295,4681,23,14848
20331,274,87,35154
15436,4630,80,13077
11152,859,31,15651
1994,2024,47,44890
12005,2465,7,31045
9916,4666,96,39910
29990,3407,12,49658
24024,2646,49,44073
8416,3355,75,44915
22610,2423,65,6150
13191,3882,58,23466
15902,3499,19,38580
22864,1214,62,42307
17211,2930,68,31349
15796,482,51,37098
10972,1537,62,38773
24214,3510,8,7837
22996,942,28,25325
7080,1473,5,31258
5059,2325,29,36562
25256,2789,46,12308
4801,2458,100,28646
9124,1795,51,25956
1408,2848,96,20280
20750,690,60,49873
26655,765,9,29794
19530,3862,79,31814
27043,4891,37,39104
9680,3368,80,45414
9994,4512,68,42842
11251,3803,37,19061
5267,2357,56,17705
18336,865,93,40961
29439,1348,66,5092
17241,4758,49,48558
27652,2197,63,42267
16815,390,45,17223
13491,94,92,47590
23147,4781,33,31451
13127,4173,8,5137
26467,1170,89,8065
22376,1823,91,13820
1561,3304,19,20425
1311,3883,56,32575
26473,328,60,23809
18640,310,29,2491
28667,4348,91,27306
28964,3106,77,16685
22131,1921,45,18068
22463,932,96,7791
28833,2144,17,45187
26001,933,58,47199
10280,165,27,30410
22630,3378,57,13567
13962,4801,66,18522
14181,2127,36,36898
14894,4076,69,46469
9198,4193,73,34084
16717,1265,12,20147
28707,163,88,40640
17748,23,56,23798
20194,578,90,14799
27431,3204,70,17960
6899,2532,32,6275
20053,1196,87,3934
10048,512,67,47536
28300,1302,40,46078
8808,1488,98,26725
21718,548,69,45950
15651,2675,94,20561
9338,2607,68,17749
16812,2663,67,47624
982,2967,26,20426
13478,2503,2,9445
20487,4416,100,39670
6768,1661,24,34521
19700,4221,58,5364
7431,4380,75,4595
15845,210,59,11393
24498,3639,26,46067
1476,790,81,6440
15204,832,85,13771
7067,1686,70,43316
22811,4768,37,39289
19187,713,13,13851
6188,774,60,28551
1704,1235,99,36958
7422,340,46,28883
18551,1905,4,10776
19971,470,53,18606
28728,4317,16,34074
11630,394,75,27612
17720,2389,1,10836
16325,3235,34,28091
11757,4249,71,2724
28678,2753,16,25702
13187,2819,69,18417
22088,2810,33,23224
13428,4152,46,45714
16882,4508,53,32385
2276,390,2,18435
26987,551,56,40623
17550,2149,50,44883
18001,1397,35,48756
1653,4334,91,13821
27856,2658,17,49609
17364,4877,40,36525
4444,1414,63,26533
14334,830,42,39063
7612,4878,90,39281
14901,1337,23,25286
6487,4311,34,30936
14504,1990,49,40828
6520,416,64,12985
4644,3109,96,46899
26796,2593,24,39712
17344,1357,76,8815
9595,4274,36,10560
25661,2511,95,24965
29424,1438,29,37945
224,4419,1,15389
9053,4361,2,10714
11083,1264,10,26958
3166,1739,86,11843
6335,1050,30,29674
3267,2540,67,15360
26425,2015,80,28424
16780,3371,72,42493
961,225,15,49297
18451,140,24,10752
28468,4061,60,22562
3677,48,82,12122
11628,3690,61,9553
26517,2652,13,49639
15326,240,37,46932
8213,3887,94,14413
26749,1588,91,9975
23840,4148,100,34855
15594,442,92,17775
6907,92,52,40646
18989,3436,3,23237
19044,2537,39,41511
11053,1536,81,48739
23114,2533,71,19976
1509,4419,15,26530
27059,67,16,48793
15901,2452,38,41277
6667,4651,9,40710
4726,1401,10,27412
17400,3182,8,25751
10991,299,74,7998
10499,3288,83,19307
6416,4742,18,15533
27651,638,46,26345
8322,4315,84,3192
29969,2958,93,47285
16265,4972,39,15658
16974,3386,15,11520
21894,1143,74,32219
29463,135,90,38739
3472,4777,1,35829
26799,2905,29,33138
15537,4284,99,13233
22714,1154,11,28373
1793,2473,77,43532
27012,628,83,16592
24865,2776,71,3300
27431,2096,7,9250
16279,361,56,4865
26371,3405,81,26192
4305,1141,8,12925
505,584,38,41048
2868,1135,70,27536
7366,436,46,26027
29978,2132,38,17060
27212,2511,78,16616
21012,922,87,1718
21455,3822,43,31569
16140,1624,67,8227
2155,2740,28,13206
14046,780,81,46513
1860,3894,39,13961
14495,4862,21,41064
19795,101,34,40790
5490,4237,72,48144
27421,2246,92,3434
685,4036,45,8245
11703,4779,17,41058
11736,2573,20,29523
17127,3741,42,17871
12722,843,50,14330
28023,393,30,42819
3537,2514,35,46718
23717,2744,3,6733
6659,3721,12,10264
18114,2917,26,29340
24632,3407,44,23534
6080,845,76,26489
6203,3112,86,27807
24071,1339,46,49702
167,4272,2,26633
18139,2937,97,11749
3833,252,73,42053
11458,4510,6,14957
16983,2308,46,23970
10603,2183,33,32107
10478,2519,18,45461
20601,4076,10,19283
7502,433,22,23338
27024,4209,13,9492
21792,1192,38,48928
3850,938,64,36658
8147,3096,43,44915
9777,2819,30,35750
2786,4718,87,41798
24896,743,29,9474
18966,4509,68,8543
10135,1445,33,18154
21089,2745,37,8017
11580,688,57,40021
15015,1577,82,27828
184,3737,49,19494
7105,2110,83,6062
10487,3018,14,32212
26056,4683,84,2922
25788,1166,27,43455
20074,529,98,46830
13762,2715,47,9639
4488,4581,40,20521
11613,1486,83,5785
11087,2996,12,37204
20310,1477,49,20753
27426,3163,80,23497
15320,3297,74,3480
16109,4710,19,32775
15397,610,87,2158
9476,2266,21,1532
18351,720,63,44880
5954,4948,96,22009
25982,2790,98,43568
15799,4387,69,15771
15560,531,28,40993
25947,3685,56,33737
9555,4387,8,36995
26228,3403,65,41546
22036,4270,84,22621
3935,2648,45,11417
17201,501,80,44369
12373,2126,74,29740
14284,2123,19,16682
4312,4245,93,29414
13281,2183,38,20403
27803,2102,23,7989
23326,2084,24,12753
27244,1141,74,11445
7679,4743,87,28461
27201,495,29,46160
6867,1159,62,27015
13990,3319,57,4448
5905,2092,42,42944
25310,1288,58,13897
26858,712,28,13960
27663,2250,50,17903
10627,225,79,41398
2734,4721,76,47301
52,1493,87,40271
9911,767,31,35203
16898,1965,21,32566
244,2274,64,4546
11922,2614,12,10375
11363,2087,69,31524
13719,3388,36,21922
15941,4806,39,37234
20586,3489,44,16102
28720,377,80,46062
13587,2314,18,33500
24294,4080,71,36724
28469,1735,92,5157
25142,2991,68,13784
28850,4185,30,14509
18347,895,7,27128
14420,2671,90,11962
12054,1384,3,10349
1804,1317,75,7860
28706,3748,29,43190
23228,2815,40,38451
22838,4102,33,39855
21947,2169,65,14348
1465,455,90,31673
12973,2975,82,43982
25050,2442,42,44519
20480,556,36,28188
3238,1084,26,17237
26870,1094,86,27116
27229,1076,82,2944
8587,175,5,40208
8764,4655,21,45143
12516,2408,32,44911
14955,765,63,12702
11199,4724,28,29422
9586,1213,29,6418
805,4296,1,18919
23646,16,6,9229
7253,3149,53,19485
6839,3238,77,6316
21749,3524,56,48852
16571,4636,67,2367
4606,1738,29,11624
8952,1861,55,25009
22002,120,22,15561
10409,2989,99,14745
1703,4291,28,13106
25860,2025,3,37465
24336,3039,45,6321
10898,1737,14,8299
22103,1827,100,15552
11942,3405,24,24614
8414,514,34,11495
26375,112,86,45561
8436,1100,84,30770
10375,600,2,2245
3853,4498,21,31336
9719,850,98,39488
27217,1624,9,20326
22698,1993,13,20354
356,4768,59,24532
22618,1275,31,10535
2624,1156,85,33978
1305,1979,31,20630
6711,1266,43,39947
15208,4999,32,2885
12734,2367,58,24502
8895,835,54,23880
8928,2516,18,31971
618,1895,72,12415
28237,2663,57,2283
25322,902,67,24055
3863,2593,37,34253
11431,3773,24,14113
23315,51,41,46088
9654,2217,63,25966
26324,3921,68,48384
18207,4703,60,36725
23978,2000,24,33212
2470,1771,8,28196
1706,711,97,7368
13545,1023,4,8340
24549,3063,35,45590
6978,3192,80,28815
22683,252,46,6193
11250,4862,1,36464
4735,3218,94,5249
26311,647,74,29458
4382,4149,57,49879
7113,71,50,46065
18230,402,43,11747
6740,3785,45,48183
17351,3680,54,20876
23904,1688,40,2021
15805,3842,18,1216
9922,2686,78,40674
24080,1702,92,21818
11387,2332,7,12868
22458,1005,100,15556
10432,357,32,15390
14302,810,33,39547
13913,522,81,48141
8170,1644,47,21123
6946,4149,3,18255
14238,2247,93,17200
23404,4581,45,9773
19264,68,99,29913
16371,1920,88,34835
27842,213,38,17432
16552,1251,85,47175
11815,1656,53,25691
7052,1639,84,20748
19858,763,96,3708
19559,1499,7,6105
2528,3061,12,9633
18416,997,14,14490
11512,1190,68,5689
5578,1866,92,15361
10808,630,35,28619
5291,3667,94,16219
25193,3354,27,46221
10744,4578,43,8955
28962,3802,98,42600
3808,1018,34,32447
1080,2087,54,24810
12774,3097,26,36223
2579,2221,91,6351
4382,4608,25,43150
18775,1871,96,19743
23187,912,5,41350
22450,4926,16,27416
10930,1186,75,12334
19586,1585,49,9667
6783,964,63,26854
29993,2125,75,39020
17677,3341,53,20911
11935,1525,61,28989
20511,1896,31,21859
18218,4111,33,24101
21418,1258,33,32895
5164,852,94,14877
28869,1368,42,2908
11686,1961,20,2650
26881,847,21,42069
8942,840,96,8576
20287,4770,42,34971
2840,4391,90,2461
16842,2988,55,25491
6009,1132,74,3506
6603,2099,24,3147
19661,1748,95,34358
17001,3356,16,40225
22762,3625,17,23607
6931,4977,43,34467
4313,4928,99,28087
28356,4462,20,29742
3485,1107,7,32979
27365,4604,84,45958
24826,1808,14,46789
27365,2929,83,12210
18992,1735,56,26818
28970,902,4,36949
28134,3025,45,8001
5344,1891,22,5666
23862,2080,22,35070
4813,3850,41,5632
9247,1889,12,39548
9722,2244,8,23769
10735,4676,48,14576
1579,1186,60,32027
12853,848,94,22207
18016,178,12,2349
258,1138,95,41236
24446,2129,89,29400
24420,4275,83,15988
1260,2071,14,37946
3851,2217,52,23368
21551,721,70,29159
9123,1078,52,4512
28784,1454,85,38239
27934,3391,10,25759
13893,2249,87,13344
28985,697,44,30453
16311,331,7,47356
26664,3914,44,49442
6716,4999,40,4674
23768,3900,94,2594
19158,765,12,34447
13994,58,94,46366
25891,1059,56,49498
23286,820,6,36212
6953,1707,63,11861
7739,4246,27,14930
11910,4668,88,45861
9590,449,77,13041
1728,3326,87,32340
13242,2141,50,44972
28063,1868,38,43060
23338,3612,93,48084
1433,1026,25,37603
23157,287,35,38320
28187,1680,13,27471
10354,21,50,25818
12541,3025,83,43191
2683,3312,61,39691
17339,3545,14,38001
28540,2341,25,11970
19949,4408,72,10554
16857,3573,15,13960
5771,578,18,7175
20736,4303,54,49853
2899,2365,85,8326
10320,4546,84,17468
16516,755,1,3904
12875,3187,81,41666
21417,1575,48,5538
28516,439,100,39765
25001,2917,13,15791
9964,4700,92,45203
21523,1857,23,33690
6138,3915,2,6597
9380,1970,75,30209
25134,2583,48,20270
9802,2370,81,24682
29213,793,98,38582
19315,3479,13,34072
13508,4956,42,37263
26326,1525,60,6362
24964,3920,82,20952
23151,4462,80,6290
7794,3012,11,5066
395,163,100,42627
25444,2171,72,49765
12434,1295,55,40966
860,3736,79,11026
23608,3363,14,22966
17212,4664,19,16942
29043,1864,48,31539
12873,649,67,45792
15307,1277,19,22025
7154,3480,53,30463
29763,3160,25,16320
12091,637,44,15052
17883,1018,8,48654
9214,642,3,19942
19043,4525,84,6735
8505,1159,62,33806
6020,1213,77,18047
5374,3336,36,46155
22042,1523,32,12982
14974,4784,72,44804
4936,2301,21,20862
978,4730,56,46583
22242,4332,68,21552
7600,4364,33,8814
16628,621,60,30706
7895,1698,94,20728
20711,1052,18,28570
15866,4417,15,17168
2420,420,44,24720
6849,2226,94,38419
6979,3033,84,13474
4445,2521,49,19491
25276,599,75,29351
23779,65,79,25871
20501,4479,78,48219
29738,983,30,49778
10045,4344,53,38523
18721,3517,26,48825
5231,231,15,7877
12004,3516,30,14085
19625,1963,77,7991
21679,628,68,23518
25789,2142,20,1889
23904,233,81,48118
25100,922,11,37005
24559,980,6,13253
29588,1892,48,30539
7540,1998,28,17132
13495,942,66,5461
1505,1820,31,2877
18547,2272,64,30680
6046,2053,12,6618
20301,2391,68,28580
4718,467,78,47095
14687,1105,6,18132
13521,16,42,23866
8591,2981,7,32077
12212,3148,41,5853
22947,2234,94,45099
18658,1404,53,2369
2500,370,57,41705
10371,2670,2,45478
10529,925,20,18541
12986,1056,6,29214
7756,2608,85,7917
8907,1006,35,14963
16493,2642,59,40112
10304,4618,38,21034
20109,1993,32,19475
12447,2442,5,16971
27977,1067,4,11807
16767,444,97,33175
883,4142,54,8259
7482,404,71,11483
4748,3810,66,21533
25191,331,41,42965
24974,724,57,12021
7666,225,26,8084
18705,3123,92,22482
18864,741,74,23713
12382,313,19,14373
23657,1959,86,11505
23566,2683,44,43131
20457,1953,76,5765
11674,3868,94,40242
27081,4243,25,1787
6712,3090,98,20351
10024,4292,3,16210
9147,628,12,33869
25575,2504,19,3148
2412,1006,98,36356
23727,1326,14,38921
8130,1363,6,6572
18804,958,21,38585
18883,3247,19,43863
18775,4621,92,30876
9083,541,13,43291
14405,865,88,5458
14823,4446,29,43055
23320,2481,36,38001
24343,156,25,39141
10660,1273,55,13802
27380,448,34,8717
23731,4211,38,8051
6349,1625,12,14620
801,3934,7,36922
16752,291,7,10194
26019,474,30,10539
24105,1433,80,2103
14512,2489,53,39490
27530,2433,37,47206
10010,1033,4,22734
26144,793,85,29678
17696,210,41,49749
9837,4963,49,21905
12243,2995,87,23310
17210,2090,85,11272
6947,3745,38,17540
8339,1201,35,28284
27931,1695,79,27988
14778,4752,21,26129
18701,2127,62,32737
5411,4903,7,19090
7036,795,83,40943
19506,4256,91,1502
22536,3672,45,35859
6141,3248,38,38285
27862,426,67,2370
15725,1191,9,7302
23128,3580,79,15895
26449,4967,15,23981
15685,4300,64,19035
27709,3421,91,44691
7444,3499,3,18028
25716,2549,78,4786
11194,1895,9,28735
5012,2752,5,42584
8892,4058,39,28346
8109,2047,42,11958
10176,2274,88,47126
14943,2860,2,33775
26040,3959,50,26701
6355,474,8,49836
6971,984,63,14185
21182,1970,72,12702
11891,14,73,14582
6017,3057,67,15256
589,2769,38,21391
5082,796,67,14924
20894,2329,66,13579
16127,3291,22,4187
9002,4413,76,17489
7642,2043,35,15821
22991,3024,22,19954
2196,4663,36,15431
27255,2645,64,28229
22925,4220,65,8400
19783,1544,26,34907
16566,2874,1,48373
23359,2271,48,21743
10653,3088,77,36452
10175,446,1,46136
2503,2427,36,16068
19024,2486,72,30772
20834,4272,66,33981
8780,2328,73,37865
16344,2528,1,1109
1162,3297,22,6759
23873,3939,54,38454
1910,4041,11,12921
925,639,14,48361
20065,792,36,36986
22718,3860,90,46055
1257,2301,14,17461
1739,935,92,22433
8473,2354,36,33156
11096,2351,97,40500
6046,512,44,38836
5499,3839,50,4724
8126,4532,2,24226
3308,2087,43,29363
18207,1446,34,41442
24499,3902,67,32617
3586,3565,28,11447
7181,2306,33,24640
1178,3583,28,13507
21062,4407,78,2266
22551,4027,69,37929
21386,1591,92,11089
19188,1434,4,1893
16632,3849,83,12666
16401,2474,16,21740
7579,364,14,41649
7332,1269,54,36292
13294,2915,14,33276
17906,2503,81,13234
12904,962,84,19625
3645,1042,40,40718
20702,2769,5,29004
16587,396,14,14996
16866,3404,86,26231
17928,1883,54,10989
27390,457,45,3042
19476,4676,82,7690
8335,2425,91,2228
18127,4514,21,1955
22744,1858,89,43414
4618,4768,48,25169
29375,3970,8,27460
25314,3107,94,21334
16064,3660,99,28608
10198,297,75,26214
1575,1480,19,35218
15891,1111,79,11294
4919,1544,93,34115
14533,2923,86,47728
18638,1019,84,40283
12996,2745,42,19779
26965,4773,82,12653
12533,3393,95,45224
8915,3551,78,19686
18035,3099,25,46907
25216,3990,70,5454
13940,356,31,1498
29077,3715,67,23885
5000,582,10,16042
10367,2971,97,3019
29805,282,27,48462
7988,562,29,37499
15814,1150,26,11978
12498,3115,25,46619
29648,4935,78,39545
9623,1739,9,4745
10016,1413,79,42254
9428,2050,72,14005
16838,3114,58,43493
11577,1711,8,10381
7326,4706,34,47420
6012,2184,96,25302
29764,483,22,30943
13501,3768,6,39308
28212,851,2,20485
27257,1089,47,31749
7560,4509,87,29939
1741,4348,4,45337
2538,4586,11,25953
14827,3850,61,8467
8614,1537,80,12788
3970,3622,1,3182
865,2133,56,21430
12969,3560,79,8760
20326,1424,9,3857
3346,2514,49,12436
5854,4223,56,29402
21985,1502,64,43962
24583,3844,66,30074
23374,2493,31,7834
28921,1025,83,24432
6558,2421,75,10066
20017,4721,72,13602
17490,1376,100,28728
20451,226,72,13222
3458,700,55,19511
18008,1555,32,16911
20160,3415,100,17835
21280,4657,7,2521
22301,4182,76,40450
15556,613,72,33364
13861,4706,6,25107
1132,603,86,46042
4736,2156,86,4172
22701,3474,65,9935
1031,1400,83,18326
9521,1023,86,29507
7404,2218,16,49329
17305,4825,84,12253
14035,337,8,46900
26830,3090,17,5444
29022,2519,5,1754
4592,4291,1,36961
7482,3253,72,10673
3280,2010,21,37595
18635,2627,15,6734
21003,3282,19,45779
5163,2207,7,23337
14465,2532,5,25001
2314,3251,61,46549
23427,4673,100,20979
20324,3835,84,17256
24497,1020,17,34880
6562,4419,53,21869
13683,3075,73,39234
25454,4961,81,37799
8761,4713,51,26803
21625,4198,2,5221
27698,1358,40,37321
13941,2085,58,39309
16187,1707,82,1182
19965,1986,16,41935
19784,1748,54,17031
6069,1941,44,23896
12425,2785,41,38426
9891,4540,70,23150
23043,663,13,42576
11875,1433,57,6455
19597,2884,100,25804
13998,250,43,44913
28928,3752,33,13145
25757,1942,50,49534
9574,506,17,28928
10731,3296,29,40710
2376,1939,41,11330
28880,344,23,1947
11767,908,3,39436
1208,4687,46,10416
7952,507,31,10984
14085,1446,38,14182
17575,1550,81,7278
12661,4190,46,8386
1680,1061,16,34020
9436,1176,8,28954
21993,1630,9,40497
19896,4319,26,25041
348,4129,27,31852
14187,685,51,17401
26444,4701,31,19633
9713,3303,87,47679
21164,1503,93,37041
15543,143,52,35598
8923,2043,98,42757
12756,564,62,26261
6952,2223,22,34087
397,1317,54,42144
11143,4523,7,15966
15584,3253,7,36063
29980,360,96,42475
568,4273,71,27497
7494,4940,83,15762
11059,4810,20,31215
10405,3413,39,20743
3532,3343,82,8180
6477,1579,93,46813
16515,3503,98,11209
7726,3714,64,9551
21195,2691,3,6962
16588,4845,57,3443
18733,2342,23,39158
22824,856,82,35987
22568,2959,14,42385
12958,2146,10,45816
5336,3101,28,3093
26233,1887,84,49421
7279,1793,39,3075
15702,4349,32,41375
24458,2780,16,15165
626,976,69,36370
21549,4886,54,31839
2074,4153,56,26325
27182,321,78,31943
26725,2853,16,36380
1632,965,36,4680
16162,3085,21,4091
15196,2319,3,28068
13367,1169,7,26578
25077,4824,44,40624
23428,4606,83,7983
13306,3476,90,25085
7295,1269,59,18972
20525,3118,39,49154
18414,4855,27,26515
7659,1874,28,44654
20120,3979,52,25601
14558,30,96,43659
7110,3317,43,41740
6956,1319,3,9820
11625,4404,99,11628
25210,595,30,8005
19610,526,73,42411
16710,535,97,24351
18312,4616,20,17891
14828,2191,59,25338
20556,2675,74,41493
1077,441,58,3511
10284,2506,82,16217
8498,2466,31,28121
17051,1517,89,28985
23818,4849,63,36623
1512,1045,9,36034
3232,1320,55,30475
9485,2198,72,19291
3407,2559,50,35926
9281,3138,50,32847
12635,2938,67,16934
4754,2700,61,9855
11895,3277,77,36563
27270,254,75,32958
26521,4616,69,31918
9056,3361,6,28255
14974,2809,41,3874
27332,1787,98,40388
19383,880,81,38640
1191,4041,88,37386
16742,2695,38,32898
94,587,43,34944
5695,3872,84,21770
29428,419,56,3400
19326,742,10,36005
5319,2677,46,14913
13895,1873,43,34088
3748,3212,93,10622
14298,2490,16,32800
16529,3164,44,42550
13839,2280,63,10877
23440,433,47,45167
23883,3386,40,45399
29653,114,82,32353
10913,2950,64,48830
24443,3871,32,49511
25836,2305,93,10852
22540,3230,9,17559
29280,1488,85,45083
14573,4239,84,13533
11807,3702,60,31475
8845,3910,79,44059
27615,2433,93,30823
17656,4956,14,20054
20930,2402,59,24472
13222,2171,70,40044
17462,3257,17,16500
16324,4355,59,28233
10820,843,78,14087
23353,885,81,16130
9843,1287,62,9897
5612,4603,61,23160
14927,4976,26,44301
1524,1824,5,3245
12150,3431,10,32708
28254,1369,61,39656
25469,901,81,25396
10576,2613,93,43549
18278,3612,78,6048
21645,365,90,6738
22698,2571,96,35654
8871,2391,56,18280
8996,2303,52,49512
6898,2824,70,26252
6178,3530,10,26351
2587,3265,44,23965
1417,4688,3,34122
7555,220,91,36533
17918,2992,81,27468
22846,1709,34,19866
2559,813,73,32533
2346,3448,25,32575
24994,2915,20,36188
7463,1052,67,44633
9557,698,86,48974
6587,2482,5,5957
23650,1658,67,9979
8556,4926,76,23811
11018,524,27,10957
5800,3628,97,9526
24072,2254,34,42185
5511,3662,49,27328
7698,704,80,9833
20165,4947,20,24970
6063,4129,39,4601
28923,1117,65,9900
1319,3999,97,49144
16440,4033,39,7355
22701,485,77,48164
20473,362,36,1798
1988,1023,77,31732
21040,1808,87,49710
20294,643,99,8006
20317,76,87,28098
17655,2584,12,39076
9556,4251,92,14660
2083,3372,68,44536
22855,2102,14,22608
17769,3004,62,15967
1922,676,92,35137
1197,4227,2,11038
12720,450,3,37486
6751,3658,91,18612
22078,2735,54,12121
18126,1643,2,33446
4005,906,39,31005
18954,2001,59,2428
13389,4005,23,7114
7697,2890,28,29268
6887,1769,34,27890
6383,3571,76,28553
16369,3998,42,8274
10844,153,38,4628
15417,4734,90,11868
12601,3019,18,21023
9251,4236,27,38158
204,160,7,21756
16291,2943,10,10580
6322,795,79,39797
2275,409,7,23896
26211,4944,85,30633
14375,2439,96,28017
10373,4211,81,5571
7351,108,6,44694
28297,3310,30,11298
6088,263,8,18566
5523,3304,75,25348
26667,1148,51,35698
17095,1968,92,3252
23904,3453,66,7421
17021,2512,14,18884
16150,3900,35,49729
26590,2249,56,49447
14924,566,65,5167
22645,1606,46,15125
12769,356,79,22550
15093,3741,17,15837
23128,171,96,14420
11295,352,39,43233
14896,3004,75,30895
25098,4500,91,16599
22354,1939,26,21450
19128,3989,75,47589
20698,3590,44,46087
11026,3784,37,36090
13971,2801,1,41726
5011,1366,35,25339
20645,563,67,6648
23541,1364,34,12454
4209,1461,50,10275
514,1161,23,14652
23090,3544,37,21990
4312,140,19,47205
21921,3609,85,7501
28228,3836,84,7284
19756,3078,15,17869
14217,1530,50,39175
22513,444,20,7171
2728,1298,50,24949
19851,1805,8,42543
25232,3659,21,4747
2325,1284,22,18909
24549,3394,71,7943
4803,982,65,12895
28117,3819,71,12393
14141,4360,80,22052
20395,2992,20,20883
24113,3423,42,30829
10285,3872,37,20361
26211,3650,88,12113
10285,4680,85,32265
29362,596,47,34103
1192,1630,88,20700
25125,2211,53,19501
1704,942,79,37310
23789,2585,15,46757
9416,3220,79,24052
11630,1713,39,6272
26331,1272,13,47209
22080,4199,23,34257
6932,4050,40,32230
19288,3255,84,45545
15816,2679,96,1603
1792,4792,51,18557
5018,2986,35,20201
18571,2056,85,19375
1877,2202,34,7868
19824,683,61,23817
1080,50,95,46635
3701,937,74,2880
1922,661,10,18917
14769,3940,22,8917
24221,4625,52,30428
28107,1765,13,46591
376,1355,89,29687
27406,4258,71,23360
8149,376,19,22360
6217,1462,30,7986
4413,2089,14,4789
946,2303,58,6738
11920,2145,61,37925
28600,2810,4,44710
5656,3229,56,39802
20375,170,79,2958
22758,669,58,9901
25654,2930,56,15778
13800,2521,6,45893
4515,744,16,7202
14883,2009,21,48833
28102,517,27,22697
7610,3720,25,23058
26219,2742,64,23395
4066,1486,28,35381
3217,3715,81,2177
20057,2699,82,38282
9471,1468,78,8287
10540,1765,78,37794
26244,2032,8,23992
23357,2701,22,22517
24291,2289,46,25459
4675,4282,75,17774
23980,4080,73,21960
28459,1524,59,9690
11013,2684,20,40108
21957,451,42,39505
13062,438,88,27185
16679,2183,92,27205
5893,2500,68,40660
21258,858,78,46746
10756,2292,31,12064
13042,3919,69,4738
27014,1545,57,44506
23880,4107,70,21014
76,1420,8,13050
19648,3667,96,5460
11486,3954,54,27900
23029,1343,33,48590
23496,4015,3,22052
23436,1819,20,10009
27901,4619,2,25008
6516,4521,11,16168
7677,329,82,28900
16786,1790,21,5202
15682,2644,38,32710
29676,3168,17,20776
24631,1618,76,28550
13508,2990,26,33652
29434,4437,59,18667
1756,873,2,3027
18188,4288,72,4448
20026,2134,27,41454
22718,3763,69,14417
13148,4365,47,18419
14939,1473,19,49573
14770,2388,57,37837
20491,3705,75,8950
1870,4925,99,11616
24259,4561,13,11592
23602,674,90,49024
23381,1146,87,42964
7638,2744,22,47846
12806,3065,65,45309
6017,778,99,36365
24543,274,5,34898
19816,2377,34,9714
17142,3660,97,41451
4609,485,48,43463
20155,510,84,25451
8595,4979,27,44166
15753,2087,66,10773
24666,2259,40,47915
9678,172,8,33296
20568,851,94,42663
7750,2982,99,18617
624,3668,66,38159
19787,138,28,37255
28408,2332,52,11736
26879,3503,80,17613
4857,4580,94,22825
18654,4259,32,49175
23089,3363,50,4111
18601,1919,72,46456
29905,4369,32,1588
3131,229,92,3731
7249,1368,18,30574
11024,4343,8,41437
6625,2038,22,23003
6398,3302,1,5630
15209,1914,72,1679
12365,2983,19,23892
7168,2682,50,38541
24695,2339,23,19151
7829,2609,14,35512
12079,1172,20,34741
25502,3014,17,26709
9406,159,18,11129
16423,452,79,28745
11793,4459,50,10374
14593,879,31,37190
16969,671,66,11958
17544,2849,79,10784
7653,3717,1,45069
17039,4119,83,9509
9689,4302,54,43395
4876,4521,23,30039
8337,1419,67,3030
19569,3986,3,24756
12588,1761,74,47048
11280,3271,96,17511
16275,423,69,7667
4255,2301,45,46000
28218,4982,94,8052
13743,931,54,42402
2232,3360,98,35675
26790,2800,20,40067
12241,3625,9,24734
15717,4579,13,42048
21425,4353,56,7514
20423,4959,36,14311
6064,1988,17,16476
10883,1368,22,48401
23044,856,92,48604
5832,2586,69,25002
10725,1981,25,8367
4004,1608,26,33688
28855,1327,64,35834
17158,2288,6,35121
22511,1553,6,37424
473,4286,57,16551
11543,1921,96,18815
11633,1918,27,40106
29000,3807,49,44794
9976,3237,72,10605
1079,1582,57,31255
20180,4986,82,30718
27361,2192,65,29105
26511,790,42,7229
16181,1232,63,10328
10895,995,94,33474
28483,2069,95,26644
3920,2735,6,31275
13444,2089,68,3217
19822,157,58,29040
7992,3312,20,33385
10279,4141,92,42902
4245,1390,97,36119
15388,1744,84,8115
1366,1078,98,21449
19520,887,95,29947
14390,47,82,12836
8678,580,48,13452
26995,760,77,41388
16137,3266,31,6582
25244,2930,65,32360
6073,1238,92,32961
26040,843,23,2262
2605,3739,45,17816
9700,2294,54,26568
2530,2264,62,44586
16694,372,5,20036
23717,1172,27,29868
7075,660,81,1234
10128,1571,14,24411
29120,553,47,21868
2983,1733,80,9411
28636,4985,55,31900
4297,995,95,4543
18312,2788,24,23370
15510,4568,4,2863
18117,4577,92,11491
24763,4988,34,4171
14465,401,24,4995
26561,509,96,26030
3406,4741,12,37614
13949,1574,95,45338
28857,4803,1,16218
14670,3487,73,15226
3965,3963,5,17625
26429,3427,26,14134
29207,172,70,34558
21523,3894,75,40490
6560,1744,51,17314
10183,4087,3,15085
26698,247,85,8445
4314,4258,3,40414
1596,4003,27,40259
9645,2047,28,25351
7324,120,42,31605
25249,1554,89,45976
11164,1887,21,44376
9829,4110,15,42074
28412,3143,16,40618
23328,108,45,31162
9354,2951,41,27570
27620,4982,21,30425
16905,943,2,30520
4365,4896,13,37528
4091,1226,39,27821
6329,3830,92,30260
1804,2240,8,30609
1434,1345,74,6072
3490,486,75,44382
26682,4231,25,39867
14064,1664,30,2874
24899,231,54,41977
7492,2375,47,15991
8655,2181,86,35628
29246,1666,100,8323
22783,4665,42,38059
13392,3099,68,6390
29228,1893,19,34006
9800,347,32,38482
18030,4427,81,29895
115,3233,96,32636
17594,2846,58,28844
25225,1827,93,1481
11938,1606,29,27618
19890,4652,61,10845
27048,4388,51,5819
20296,1417,68,29484
17020,3099,36,31276
9178,4763,70,15230
1837,3160,63,9411
17008,299,49,17455
12003,647,97,18162
9330,2431,68,42883
12060,1816,97,49836
1465,4347,24,36365
32,2206,96,1887
29805,4008,21,20090
21494,2240,21,36649
15983,1291,32,43325
19968,618,44,45080
11742,1069,24,31479
13644,4677,75,18517
27184,958,77,13417
1701,4578,86,47981
25584,1183,42,16858
25540,901,65,23773
15441,290,5,22954
27037,2044,75,12068
1945,1649,72,18013
15081,3035,100,22948
123,340,3,38275
13879,4245,69,28514
7806,2020,90,43061
1529,3338,82,10540
12922,658,46,20435
6367,2217,52,39207
16022,1038,88,35591
22910,746,82,26789
15088,461,50,13014
16837,3664,53,25149
24073,3034,66,3525
17451,4012,66,42024
8294,417,63,19726
16595,887,79,4916
15850,3924,98,48897
10502,9,95,24237
16492,4805,8,39047
8280,2938,21,41130
1137,3729,83,15465
1754,4657,90,13151
24094,3377,4,27996
20405,1707,19,26205
23777,1825,67,26499
4833,2418,65,30675
20017,752,8,24419
7167,3650,27,49988
9643,2916,74,30312
17024,4157,50,21791
29795,1005,2,27129
11804,1904,52,30060
13701,377,49,21627
18846,4262,12,48040
5195,2024,83,7467
4582,4364,82,13358
7798,4384,34,37552
16900,574,63,29932
19712,1778,63,35608
1774,1117,6,47120
7119,301,63,8626
20811,3153,88,21132
25592,3770,85,49531
8220,3821,39,47331
16295,2500,38,21605
19420,236,47,1141
4486,3988,2,45959
13821,4625,67,10471
23012,2145,60,11575
15911,4794,30,34740
26729,3573,26,15915
12953,486,30,25467
4328,643,7,9839
14574,2174,87,18355
22884,1450,30,12690
20867,1997,71,14717
17312,4897,67,9532
15750,4403,9,2288
9912,4330,40,49566
20916,2920,13,47624
11747,2478,48,44238
706,4230,4,7837
29347,20,1,5845
7485,2017,45,30739
13840,1442,73,9215
22162,1864,70,38352
15908,1365,39,30274
4510,2162,53,44638
10609,981,44,21358
930,1344,41,29426
19294,3665,56,9646
22720,2111,99,40307
20217,2834,46,15918
19766,262,83,42545
22928,2355,33,8716
17583,4810,67,48980
27670,468,83,29673
12519,4868,45,29915
8003,4644,45,16713
7761,4033,20,43710
23283,1180,6,12673
71,3617,50,45785
19763,3445,35,28068
22496,4889,39,7319
25323,3972,41,25567
26215,2034,90,10285
21424,3552,33,23665
22247,1700,21,29848
13494,4086,88,6717
9,3162,20,38107
22757,2456,27,29825
17679,1489,46,39179
24710,302,31,19037
8731,4504,48,22442
6815,2346,16,11231
26999,1169,44,32885
28631,1108,7,5518
19606,2314,14,9659
1136,1615,81,3062
8953,3164,37,48464
19607,4829,20,10433
12141,4364,47,12669
10874,752,4,3114
25064,477,70,14992
24702,2082,74,23166
8913,2694,90,47129
3258,2510,23,29101
26396,1004,91,37945
10171,4671,31,21838
28466,4687,72,48303
9216,1662,79,36947
25806,2808,70,47146
15641,961,7,11423
20452,2750,69,27602
12412,1321,85,12190
22936,1567,83,1347
4938,4683,75,19586
20502,2772,52,40816
28066,358,16,2561
19059,3315,87,7664
25704,3302,86,33969
20717,1101,34,12606
23384,410,16,27866
22739,4463,19,10110
6806,4543,32,15696
13321,754,20,41955
19378,4191,58,7762
26503,3423,37,14382
21392,1884,76,4992
24386,2983,93,43853
20594,3225,7,47102
19357,3140,85,24873
23634,168,66,27033
18201,1304,18,26952
14571,3359,26,38358
8733,2775,98,46080
22757,2940,73,10742
2944,2872,100,35964
21377,1168,48,22266
25223,2895,69,42525
24464,930,2,16511
21515,2571,42,19203
8446,3539,66,33609
27824,481,54,36936
10729,3860,81,4483
22417,292,58,19158
16015,1789,8,20454
3482,4709,38,12280
7673,2876,57,9150
20253,1130,92,33756
26110,601,15,36661
24301,62,81,32716
28306,4422,56,31560
6172,1302,57,43797
25912,1366,14,13783
24311,4753,73,31727
14060,3074,58,39359
13234,1741,83,2258
2850,4426,83,41008
16612,2072,89,40736
15720,4526,37,22553
9465,4632,78,26408
5263,4992,64,26465
19300,4123,68,30389
21481,3002,50,15499
15590,2865,39,8920
6771,897,6,31376
29438,748,71,37224
10830,2830,9,31505
11588,2948,69,27103
4962,87,86,12720
6951,2096,40,14755
15793,561,20,37343
29476,1660,77,21883
2904,2098,50,28819
11069,249,21,7963
28591,606,17,4714
17332,1862,97,29291
11519,1376,9,10036
21072,3305,42,9465
8580,3050,71,3171
14891,1744,13,26439
28609,220,69,1459
26067,1074,13,26329
19459,3065,27,22126
7146,606,32,10244
11026,1504,43,26144
14107,3139,88,9281
26765,4316,72,9389
7474,2166,47,43362
19414,4384,58,38503
24355,928,82,36286
28121,4469,71,20870
15596,1609,2,36008
20758,3027,80,22584
20045,9,30,36332
23065,4780,58,8822
21316,4288,18,44836
14485,2770,94,32852
29007,5,68,25388
12747,620,41,36190
11094,4466,2,20091
24625,3398,49,7252
9516,687,34,36714
18352,4926,10,5192
748,2018,83,17042
12219,36,46,37509
27251,3988,47,3320
6764,3098,73,10289
10559,3461,93,33073
24317,2890,32,3028
6189,3846,67,2434
18877,707,25,42426
22095,1264,33,13347
25613,1302,5,1554
22868,2757,77,17462
21537,886,85,14786
21717,3967,35,32680
16193,4701,22,45960
26509,3280,45,49241
12539,1713,31,28824
29486,1360,94,10133
7583,3502,90,10502
1846,3740,96,6640
25094,668,52,20779
1990,2248,52,27596
18521,170,47,15754
1218,4083,8,49796
18331,2960,41,29902
27463,824,61,45848
15400,332,22,18783
23871,2834,22,4777
26631,4907,52,45509
7270,3394,17,45465
24256,2902,27,16819
13393,4621,51,49702
5477,4140,38,48242
2584,4022,28,3900
28130,3507,49,46601
15059,2361,6,6422
5215,1438,78,2815
3787,3327,46,37368
16943,2450,40,20365
18210,4588,7,32409
16950,2883,60,34101
9777,689,95,42656
965,1679,20,9296
4931,2778,86,28455
13077,2518,60,17894
21836,917,24,32609
23508,3890,85,34392
15744,1449,81,23901
23309,936,29,14321
10994,2281,64,12003
14068,201,11,34518
13027,1669,59,8533
9424,465,48,8184
6973,4162,12,2494
29132,190,18,23333
17082,4593,5,48707
16823,3901,70,36653
9447,465,80,16354
9162,3337,11,24997
10075,3940,51,30319
26946,2827,5,8710
15446,2677,51,7386
3353,4978,46,37226
22718,1085,77,46760
28966,3467,2,29318
6908,1118,75,13138
18843,2300,20,36046
28683,4262,39,31448
22966,4526,89,46099
2686,1703,40,4020
27724,397,68,40089
17740,697,40,46341
14957,3757,77,3343
492,1860,79,46380
1083,4336,97,15219
12115,3905,49,36161
21244,1005,46,16974
16447,366,28,43491
28213,790,57,33390
15858,2380,8,19241
9506,746,48,2201
26001,4738,81,29789
27971,3845,57,41848
9682,3423,26,45954
14402,4825,63,1139
5699,3458,50,38667
10629,3190,98,9646
24154,4582,41,3352
859,3020,49,36170
1147,1212,76,42900
7021,3331,91,1483
354,4114,56,22596
25524,3357,20,48413
4127,2541,83,29713
18331,2728,31,42813
2238,4590,38,31809
5097,3928,29,43548
20566,4589,88,47607
6550,957,70,30120
22310,2982,67,39216
12915,4701,1,35365
26535,3264,40,20859
8041,382,97,19284
19969,3048,10,18433
10284,3288,37,7317
12957,2827,70,21291
1573,1977,62,44660
17114,4559,25,30759
18268,327,98,4854
16365,2772,91,2298
10457,1410,34,44315
5999,524,1,47254
28118,2403,25,7420
14211,1554,17,14536
18092,4352,65,25718
4118,3369,17,36900
13483,4230,99,27579
25255,854,69,42796
27528,4393,43,18624
21759,3274,87,30494
3119,4269,56,1316
20985,3164,77,30035
1987,2760,62,5027
20303,2345,79,23866
20617,3591,45,26446
8160,868,13,36942
27190,1878,15,16621
25054,3769,90,46466
28647,4272,39,40489
24953,282,13,5335
19455,1769,77,41466
7963,2634,52,9016
25616,344,41,19400
21107,975,53,32936
9292,1231,28,33482
14169,1914,44,29696
2222,2219,83,9626
6094,1078,68,39873
6978,3014,50,24717
27024,4616,56,7900
15910,4570,18,45094
23279,3350,94,45418
21880,769,46,32685
11704,1592,55,27209
25708,2636,39,17160
7829,3466,99,43187
11871,2359,10,18368
1907,3617,76,8239
14351,2456,78,44266
21320,3658,47,14882
18598,4950,93,35474
11128,4213,12,8090
5884,378,35,44545
25132,1614,63,33205
8845,2024,66,22300
5178,63,3,33970
29769,3530,49,25949
29095,2590,26,11718
20204,3274,10,14622
8193,4650,48,18656
11828,3214,40,2106
28019,3896,26,48263
2593,1419,55,39038
17681,453,8,1627
29961,1341,2,40228
2700,3001,1,30910
13635,1386,75,18074
15270,4632,62,23937
1513,251,47,3062
22383,3964,25,10798
6806,190,18,9158
22123,1493,60,2018
6081,3214,80,34197
15399,4411,11,14013
3670,2197,74,12709
14942,1815,11,43337
21245,1387,49,21596
14333,3151,31,24027
18950,4795,75,37113
24048,4525,70,22625
13668,4275,34,21805
28665,3928,73,42026
1304,894,6,42397
27229,3834,75,14045
3444,1558,42,41622
26101,4077,57,7818
7519,3229,46,20887
4405,2597,85,7989
24798,3380,9,43996
15790,4893,81,13315
1013,4452,94,5196
23959,4392,29,32416
29741,333,58,26657
21791,3945,41,8236
15457,463,39,15964
28424,2275,2,39080
6692,1973,5,24069
13756,2194,3,25974
27377,561,3,25660
29318,1023,92,42469
18180,393,82,25250
312,4,81,16294
8009,3898,18,33994
11037,3667,14,32705
21581,3185,65,37684
118,4558,86,49984
6390,516,89,19195
28071,873,53,49392
16642,4428,93,11799
22373,3745,59,44783
4510,4010,64,48304
19601,4153,99,14144
29885,3597,73,25889
1896,572,99,23452
9599,4362,42,2378
18005,699,81,8173
11596,2035,83,24717
5781,3643,45,20269
9226,4731,14,46875
20293,946,80,5871
1945,2141,19,14861
6258,2188,83,19018
6103,4401,75,16818
16644,3113,59,41216
7831,1899,83,34155
18780,2110,59,38806
18548,852,63,13324
29431,2571,32,42977
28919,4756,16,12104
5152,2912,46,49799
17326,2242,15,49924
9257,4218,6,31031
5,2219,77,28046
23921,3408,50,21736
4489,1724,30,3157
635,2326,46,5369
8063,144,59,43928
10591,2878,50,48415
5436,3137,6,13879
337,332,39,4831
25338,4835,41,21406
17732,1372,90,8130
23957,3370,14,41841
16792,3173,26,38711
20737,22,71,32110
17707,1527,53,13394
14670,4692,29,35646
7032,4795,25,20018
1677,1790,59,23128
21818,1680,71,16429
5425,2832,55,26563
14012,4069,52,37305
2269,4005,9,49648
17340,3405,98,31725
19566,564,27,5379
18261,208,84,6506
25830,621,28,30589
23743,3323,26,38055
1736,2332,94,14985
7193,4009,58,3942
22446,2696,8,2427
8784,937,20,33735
21501,1231,39,36395
10845,3986,84,18682
4308,1391,12,19911
17252,3459,19,6905
12946,4373,37,22917
16149,1981,97,15248
5502,3451,49,41036
3393,3225,89,20792
14963,729,1,44141
23078,2071,49,12673
23880,3355,39,28043
1318,3271,56,14137
13337,1736,9,22268
27151,2135,29,19089
10498,3412,95,9536
17201,3579,50,45829
5105,2551,99,48912
17383,711,64,30705
13613,337,9,45520
10316,942,53,49003
10164,3999,10,23103
6753,2572,18,42674
28379,2783,50,25472
16794,849,99,16072
4542,3002,30,23515
15461,4404,19,46841
15710,3037,58,44127
16715,3041,96,41075
14358,1469,95,48066
9205,1463,34,26751
8022,4771,18,4395
25677,3206,84,36864
26847,4823,48,48290
29116,3175,73,27763
10274,3886,99,40744
29294,981,42,46216
14304,1663,63,25202
17127,2329,55,40150
2760,3860,96,26457
27250,965,95,37851
28233,3922,12,28948
26519,3843,84,12048
13265,2836,64,13761
8606,4335,70,15186
25196,2155,9,41532
14407,2537,33,23286
1095,2570,91,31310
29384,804,8,22807
28737,4759,100,36276
28129,3855,46,40018
29309,611,93,45292
29338,2443,18,14503
4372,4925,87,23588
26278,890,50,43520
28258,567,32,43233
13561,3796,73,32276
10086,3998,23,7212
4269,1635,80,47242
12435,4144,82,38645
20058,4619,48,43048
22263,3581,29,7590
8892,1518,63,4427
6704,2964,95,26375
14804,2370,94,42609
11074,14,45,35281
8710,4137,87,33071
16938,4360,14,47539
20250,3818,81,14916
2957,155,6,16603
3988,3457,89,2980
12241,4331,96,5995
17611,3245,55,44084
17594,4948,76,10003
13037,3144,52,21517
5100,927,38,11668
6259,1220,100,32190
21561,2854,95,27480
24015,4796,24,43436
1380,663,48,2127
950,4521,42,9966
8404,1989,46,47925
24347,3550,67,29341
24741,691,78,32991
1218,1146,71,27017
10836,3536,30,8404
15608,4998,3,10351
18642,4819,14,30909
10810,2231,51,37576
19460,4421,37,29842
26245,4948,23,5005
17374,2464,77,8521
9990,3839,25,28662
18430,1754,64,16393
5774,2221,77,14218
2349,2261,13,27619
22087,4237,93,17197
20675,1363,10,17614
20850,4830,100,16752
10798,698,57,28572
7291,1372,54,48376
3113,3095,96,14202
16416,3187,21,7662
895,401,47,30721
4823,786,9,25490
13963,989,57,13560
6297,482,76,44226
27440,3508,36,8857
20766,3912,20,30338
13975,2898,16,38342
29248,1163,65,43442
22992,2058,96,12305
16058,2105,69,48916
12442,2185,44,25178
24953,3561,29,25579
21521,1475,100,20657
12762,3658,43,22468
25381,1872,7,1544
18173,202,21,32240
24408,4195,44,3836
9467,3064,35,22272
16806,1937,23,46569
10235,4214,95,15058
17044,3474,17,33204
1094,628,96,33877
5993,1183,20,35361
19715,3863,34,5651
22983,4873,23,41357
28203,2932,21,17216
12642,4999,52,36011
5689,3637,15,49641
14461,2173,98,19573
2066,2948,2,48372
19178,3092,58,26609
16691,1166,32,42523
386,3462,42,22639
23213,1159,95,40969
3636,1100,61,30685
17797,4565,15,10487
1599,1089,51,18496
16957,165,65,29271
29538,1266,57,15923
21304,3968,81,30223
16373,2807,68,13041
8868,408,52,39263
25212,4160,36,4017
28229,2069,67,47818
20770,1790,68,21671
29112,4326,65,17878
22985,424,80,48924
900,3729,1,2907
17073,2930,18,21660
16912,460,86,34576
26655,1527,9,1473
22427,27,29,5060
28620,646,53,42381
27603,2369,99,20763
13132,103,92,34230
22236,3770,64,32297
28410,1805,10,5453
23436,157,26,33191
23261,2700,98,21134
7372,2031,65,41432
414,1776,60,36615
26411,388,5,6217
4006,2356,50,47263
15557,3371,8,46114
10310,788,92,27410
18980,3591,61,11052
13026,1056,1,3963
28467,4624,40,32017
27769,803,16,1727
3301,4814,63,19682
16462,347,44,39022
5028,1683,95,14039
8847,2146,16,1137
13864,4983,45,12067
17184,4776,80,24986
11422,4959,86,9134
11446,4664,63,21675
19515,2317,44,20036
6516,2491,32,37455
16569,1294,57,9725
13843,986,21,11822
18256,1421,7,1362
4877,223,22,47389
2780,4973,4,16210
12400,3324,5,9386
6632,3973,73,46625
23951,3434,73,32035
19714,3372,64,26133
7048,1472,24,26096
20598,822,12,11018
23791,1279,64,17353
5097,4669,71,27960
23209,3699,44,31942
18387,1652,63,28695
22337,2740,5,37815
14930,1099,66,29370
1963,3376,81,42520
8146,3915,53,25251
22578,2637,60,5941
14800,1028,80,24477
10307,4853,25,47595
22516,538,78,16687
17728,1766,25,35887
11565,2473,56,12555
10494,2862,71,13891
14736,952,72,40532
6886,3624,19,18281
21724,2286,99,28761
19788,368,89,26336
13097,4094,89,42742
24688,4802,20,27921
17242,4418,33,31193
10992,1827,85,22272
23450,448,17,11039
9001,4952,36,10029
24566,2337,1,16051
2225,3592,39,48144
7599,2705,93,34331
26010,1334,49,42040
20995,444,31,44632
22464,3875,23,27929
24160,3023,51,33836
4419,1732,70,49495
29651,4858,58,21832
20145,4851,86,25432
8332,667,21,16373
10074,3443,81,45884
6634,2425,98,35599
10819,104,83,18219
23965,1197,91,49519
20746,270,33,8829
18032,498,63,9758
11937,3101,79,38986
20577,374,38,24021
28478,4127,44,15935
21459,718,86,30224
18379,1871,53,11844
19177,3791,47,33440
19286,2611,86,7251
2897,4465,47,19338
8473,1260,93,44480
14150,1301,45,6019
28565,3457,42,49820
10739,2229,67,7345
22350,3092,42,43291
27470,671,25,8726
6326,2835,34,42159
14001,4540,43,6656
25790,1217,13,41509
21244,4227,71,39067
9850,4527,8,18801
25232,475,22,28925
22326,1813,75,30939
23460,4864,88,16617
12032,3551,27,17587
4324,2731,23,24396
14751,1646,87,35959
12596,4815,90,35823
24981,3341,46,22396
6136,1436,24,13076
20166,2748,87,3142
19396,3155,57,10332
29590,4002,19,25998
2347,1487,22,46042
13581,1346,15,47778
27444,4977,87,46075
11876,4003,4,40944
12258,651,19,24666
20403,1042,53,38413
23416,622,62,48653
28744,683,47,17313
9494,3923,64,17542
20530,4190,24,5019
26696,2944,100,19680
17259,3631,14,42868
29119,4466,36,24367
227,310,21,20741
10180,3804,48,36797
9008,1717,24,37335
21065,4585,59,43412
7123,184,100,46586
21412,2162,32,1235
4560,2981,18,34449
26774,571,65,7584
11480,560,71,37149
20748,1495,68,41671
5690,1388,40,43541
17862,3884,17,5092
23820,1287,8,34588
16969,2209,11,5203
29195,1054,88,39809
25664,3708,43,40836
2591,3243,8,17872
15116,4575,32,33476
16151,3532,7,8499
12300,889,37,49745
2214,3718,88,44095
9258,2090,38,15427
27790,2858,77,9483
10601,134,84,12574
26240,329,11,22833
9135,1353,38,29088
6403,3919,16,3222
17331,4825,1,19901
6211,4464,52,33616
18955,1983,2,35781
29377,1013,89,1834
10733,1289,96,33140
13930,470,81,39379
15395,3132,79,36733
15076,3936,22,3554
3895,169,1,7077
29347,2316,73,5327
2781,2158,90,48883
4857,1207,71,49547
775,2236,87,49043
3859,1402,52,26330
9252,170,64,2226
11465,3859,1,42719
17199,381,50,20871
4981,2264,77,43251
8921,4298,65,6106
11819,524,57,35787
21571,2679,56,28530
20703,3724,86,31661
18942,4405,81,16027
16491,1139,56,7089
6108,4555,84,27819
27998,1306,89,1512
2431,2594,45,3914
13432,555,75,28443
26529,3554,85,24768
20151,4133,58,31789
3677,1904,89,43137
22153,3965,44,12314
16693,3288,1,2909
21224,107,2,22017
1512,4348,88,28269
22087,3392,76,18461
17279,1836,4,25743
4165,471,64,16848
25470,1995,87,17320
11255,2421,55,3985
23367,1668,25,38075
9503,3406,91,12927
502,1280,49,18126
21824,1777,20,12199
6104,4645,7,46318
8616,306,1,34696
1376,3465,28,42062
12740,1055,78,23579
5756,4178,14,49573
11860,636,48,48285
26811,3719,51,47711
3108,2781,98,13072
25222,1287,27,10652
12864,3518,44,21144
1375,1630,88,44547
28752,429,39,34363
316,4205,78,27220
369,3011,33,38140
21204,1883,91,38721
5124,2542,6,48272
19074,2933,60,17517
1795,619,34,9477
2425,183,14,15454
7185,3962,28,7317
20472,2295,73,35548
3538,3578,2,6110
13654,1900,31,16997
20557,2156,91,44739
22755,4957,26,35252
6613,2974,97,15998
16133,733,81,6391
27041,3016,6,34606
16315,3798,85,14242
23187,4960,16,1119
22535,76,98,28980
24106,4525,63,5134
19868,2948,49,5913
28564,4609,74,35025
16390,1454,53,16484
180,3173,22,8343
2606,4864,63,35512
8431,2901,82,37107
15274,3355,86,5766
15973,4806,25,46880
21514,2310,90,38463
17787,3320,8,14711
23212,959,7,19430
2074,47,16,6385
848,695,68,14434
8445,2246,62,47843
10668,2141,79,2462
16980,1490,4,1510
18529,2728,55,34158
13489,1392,39,5509
1616,783,37,16438
21254,3554,48,39704
14994,615,74,20630
5310,4873,53,6658
11829,2338,32,38321
6916,3345,73,28896
24283,1064,30,34408
8734,4578,15,9657
29,1177,14,45235
7366,4838,46,5453
23539,2720,37,22749
9014,3114,60,37841
7016,3461,44,28811
7427,1185,30,24750
23603,1872,48,7199
21126,3949,35,45334
9859,2433,13,26373
20496,2842,68,46372
7833,4334,81,37061
18956,927,19,17313
9799,4627,29,28981
11073,2086,6,46757
19854,1557,55,41413
28606,891,91,44192
22146,3920,14,9620
3101,307,93,38391
10997,3833,46,43308
2965,1872,30,14517
25063,3159,13,42653
2346,3851,58,19290
15124,343,66,8579
17428,3883,62,47362
15666,4985,48,47514
27419,3557,11,5518
6862,4152,24,4521
4210,4704,99,40044
24717,2367,60,12510
27916,2987,13,21446
9311,4913,32,12062
26191,3277,94,34684
2348,1846,24,13302
17768,4747,75,7239
25496,3170,36,36464
24792,2062,43,28755
19051,1026,80,22586
12489,4993,20,32869
13352,3968,19,12970
11668,623,43,29268
14193,3503,24,43457
6339,2486,49,37911
17077,3885,71,48097
9744,3592,39,43993
10422,3822,97,34518
3906,3619,87,6331
1085,1252,97,21369
12760,2218,80,2626
17692,3130,69,43327
12180,728,36,47349
11898,96,75,38256
5969,4760,26,43584
2314,2634,47,45392
19930,3982,16,17394
20310,4579,92,14748
7314,2440,80,39774
24471,2132,68,39562
10605,505,79,42321
21156,2807,1,40128
8262,2340,15,15236
5836,906,1,25931
7329,4135,25,15778
18956,1683,6,18441
11947,4274,62,9661
7688,3541,60,33666
15446,226,11,16390
1722,1164,47,4014
26570,3027,92,40542
2569,3438,83,4742
10042,4490,15,42610
29607,3394,67,11391
25928,1498,83,35485
17814,357,2,10677
1405,487,79,23599
2663,3096,56,15526
18458,1495,63,4152
17658,4894,35,36519
4963,2168,55,5817
1045,4082,61,13584
20288,1768,96,10109
29294,2779,56,7155
15499,1538,85,32585
5279,320,35,16316
9573,4082,35,9482
15158,4774,13,42871
9280,3312,59,43286
16702,404,91,32013
652,1342,52,10276
22081,1390,30,15019
17535,2493,41,45275
23637,4118,86,19874
21286,3479,67,39819
8531,1943,16,5385
15223,3612,83,9315
4791,4668,71,42827
18955,622,66,42747
85,3553,94,16518
17430,1319,78,45944
17247,163,75,3165
17977,925,23,10762
233,265,16,35789
14005,2684,7,32461
26034,2639,44,34228
24194,227,29,34925
13448,2194,20,24446
1825,502,85,48069
17426,2723,2,14011
29322,4693,3,9215
4826,1869,32,42159
11211,95,31,39147
14195,1422,83,22984
18799,3620,2,10916
27245,3330,100,2596
423,1491,92,32884
11640,3481,31,36711
18311,1893,89,22255
26594,3714,53,1154
26973,1387,60,49672
20008,3726,49,1515
21879,1525,67,5271
6802,1879,44,1230
611,4371,70,1158
687,2577,96,41932
13363,2267,58,36836
12365,37,22,3874
15048,3227,85,10475
27243,3885,42,33334
22543,732,43,34939
14863,1845,7,31842
17802,3189,84,10741
6892,2525,27,14878
21824,3358,94,1871
6734,2577,96,19191
6341,2136,12,44837
14059,146,63,47307
21075,346,58,11595
24378,4501,47,42464
12462,8,53,9284
1926,2175,90,4460
6095,4056,86,43662
10723,306,47,16913
20316,2954,87,3831
5012,2662,95,19172
25071,377,37,20615
29695,3406,37,48781
2085,4129,88,43615
27938,179,93,32065
11555,3929,92,38094
25885,1389,35,36391
18998,1109,54,1548
17555,3181,15,47499
25098,2384,69,43158
26121,1724,34,38736
27544,2841,5,20286
15148,2528,15,17710
24386,2165,46,23102
19799,3895,87,20438
13219,1658,29,32398
10530,1480,95,22185
15432,4184,31,4680
14778,472,24,38016
12915,4342,93,46499
540,2172,63,34234
18908,2043,46,15881
27047,2998,65,29845
20032,4722,73,24654
17193,3733,46,7231
26643,1082,13,2656
13702,1714,91,24835
12361,105,60,49889
11800,3834,34,32182
27796,1937,90,34785
16900,2617,99,9128
26329,4502,69,15668
5820,2330,28,32453
3507,2189,62,2242
8283,2822,3,5505
8541,1900,57,27459
20107,1104,1,3010
3816,3056,88,28093
11332,3236,88,20254
25856,3983,81,23683
29412,746,56,16710
6676,1759,81,26407
5791,4645,73,36098
15272,332,3,17747
8683,1226,5,40294
13210,320,83,15470
27912,2365,19,2783
279,487,78,7816
8814,3626,33,7101
23462,3999,14,3671
3050,2492,44,47952
7642,3343,85,25532
18692,1214,90,23280
13639,2895,79,31465
20455,1859,84,38702
9271,1201,52,28891
15798,2510,94,37910
2894,1249,70,31299
14632,1029,70,26389
15936,2958,19,20498
2935,123,90,22823
9175,99,2,48469
18140,3699,25,16255
19469,1344,1,7300
17648,4542,57,21441
28837,1573,65,23826
20607,3949,32,8610
27573,2646,68,19656
3337,1102,3,27642
17016,4130,23,28822
22833,4601,65,20079
23976,3220,13,7171
2684,911,91,37549
4220,2596,31,7894
4372,998,88,27692
6578,350,7,12211
11175,1645,84,24971
9273,2682,80,37161
27107,1022,28,27610
7510,2677,35,6360
29064,2210,79,45674
20033,669,78,40093
517,238,85,5578
17368,4883,64,45316
26594,4165,36,11841
26841,4329,37,20037
12074,3631,82,14940
11031,4555,74,20712
27148,2491,54,39670
7204,4037,63,27165
17559,3804,59,13750
23382,1011,16,35971
22752,4650,41,8075
19885,1926,19,48258
19304,4569,4,17290
20946,2156,68,11595
1365,8,59,7752
5244,4754,81,26619
13031,3696,16,27838
5189,4427,59,12869
2641,2314,77,39168
25287,2999,53,8463
13660,1274,97,18067
9841,4041,90,19455
12337,3090,47,19419
16843,3009,60,30682
26702,2094,1,31426
15168,4089,36,17360
15561,2166,82,12133
6777,275,27,37589
19413,3451,28,7636
19908,3200,81,24850
22876,1326,7,35935
22678,3597,50,36626
14874,2384,52,44597
19898,4289,92,15090
10337,1451,6,28647
13857,4352,11,31410
19400,3620,20,36180
4249,2632,55,19810
5937,2148,54,5780
8015,2193,29,2756
7875,4817,98,35616
3128,3586,16,13166
1737,2329,30,34252
28181,3276,73,12238
24164,413,2,14333
9906,3239,93,5709
14945,4401,16,15932
14854,4026,54,10660
16487,4163,26,2848
26845,4127,38,33497
15670,3380,61,27253
10716,4793,85,34242
28831,1371,43,24343
20913,4528,34,36400
13679,3444,54,21178
6681,599,74,27362
4576,1845,10,28302
1350,1402,41,29834
16405,3902,64,44231
25569,1297,12,46287
29448,1271,1,24653
16349,681,57,15915
25104,4005,45,37548
6644,4086,82,14712
11140,181,81,36651
9019,92,98,9257
15679,965,49,22416
2418,4545,31,37254
11123,2263,48,24501
22776,2944,60,44374
21227,1304,54,13331
15193,890,9,7410
28518,3959,96,47311
16349,565,39,13660
18155,1081,27,4298
16876,3763,31,41728
8279,1238,83,11782
19494,166,44,41107
18824,1018,70,46263
25226,2065,15,30734
1988,4050,25,27799
18274,176,52,24557
15655,2889,48,8705
6335,1813,25,16037
6181,1536,16,29076
25315,2696,56,43925
17478,4213,100,3542
2322,2912,77,49244
6334,1108,38,9135
15591,681,77,4623
15870,3925,19,40478
6102,581,91,9456
8715,1623,78,35442
25943,172,40,42502
22962,2139,94,29663
8229,101,31,16511
11481,4376,91,23422
17925,1632,51,31485
11352,2914,21,1788
26042,2722,44,22769
4744,2512,40,19836
28389,330,99,10365
14268,2103,36,31063
26920,242,46,27236
5140,3017,5,48055
7052,4980,81,26313
16938,881,50,5636
1420,199,16,11906
8862,2189,45,29892
4694,1561,8,27838
14740,3974,99,44089
6791,3860,25,38482
21231,1389,62,29365
26426,2793,85,37933
6208,900,94,38793
13376,1011,22,33896
1474,664,44,19715
21861,1222,71,29631
28931,3195,74,21067
12562,697,18,42078
12098,415,30,41330
18051,1566,73,26135
15890,4498,40,10844
2632,524,78,28329
9003,4352,71,24328
25803,3279,4,26105
17596,758,7,39503
3451,4408,65,16134
11612,1395,48,26460
13420,2663,30,7137
5295,179,64,49755
21341,533,50,2478
11127,2185,44,23672
4463,2685,85,22641
21413,1395,68,35439
12387,2282,23,38700
18578,3498,41,45528
8092,3958,83,44332
19384,4454,49,29410
1571,4114,58,7733
12492,1231,95,4825
11402,2771,45,43131
29751,964,80,37276
9285,2705,61,27544
9402,4327,60,42454
8123,4065,39,7088
21959,936,33,12314
11420,4476,12,27205
21026,1489,54,42984
20046,2565,21,31669
11113,600,25,3275
5663,4101,1,15668
18580,948,15,46656
23036,2294,79,37016
9883,288,88,3286
1817,4427,43,19362
4125,2043,39,26555
16282,1413,7,22963
13867,3875,73,4457
18179,3606,73,12018
12641,2128,23,36257
4320,4354,97,32617
26560,3305,9,27596
410,3651,45,41791
11484,3212,17,6377
29135,915,17,17677
13797,2426,99,2293
364,16,1,23472
20053,3311,25,24035
27354,2552,9,9796
9144,3865,61,27886
22188,787,49,9544
29928,3565,19,10390
5992,2451,98,23678
5191,2863,92,30675
17239,1469,96,9868
3339,2098,21,28123
14586,1502,45,31383
26756,165,71,24968
5300,496,33,26458
667,1967,39,25300
29626,2770,11,37317
21216,4933,48,43964
27561,1476,58,9886
20741,1581,64,46787
25192,3967,65,44232
27707,1275,49,13966
13516,2788,33,31954
4627,429,71,26441
7747,367,60,42670
16656,2148,18,4904
9660,4237,91,22419
12178,1641,58,22604
5106,288,15,34270
9421,4851,74,15826
6743,1355,64,42976
2535,4723,76,18407
17776,583,26,45428
11786,3355,4,30748
25810,365,45,32151
8887,373,2,8167
14495,4329,42,31741
21048,3194,67,10300
14798,392,30,45150
9260,4553,4,32983
3114,1131,17,8236
28713,2474,86,46489
17689,1518,32,23504
13430,3915,55,11344
7466,4796,23,25230
7645,782,89,30281
11669,4730,91,41307
3832,3892,17,8869
4934,714,29,8761
8620,4210,20,9628
13035,4336,68,1260
5639,1400,2,25242
20387,1219,76,43156
27568,1110,95,47041
25589,74,24,22964
7891,503,56,44204
28038,629,48,22205
27043,2084,44,14746
7614,3435,27,25505
17459,1073,90,43537
25376,1007,56,41207
20860,3578,64,23303
3388,2633,2,29696
12903,562,90,36996
8623,1686,86,32183
22014,2527,61,38105
3899,4254,17,39489
11147,946,62,33061
9510,1674,20,17091
24005,1600,96,27538
15535,3401,53,17390
4731,4993,30,31101
5963,3441,10,24035
4910,4527,11,29251
8356,1047,79,12558
10232,4379,41,18213
28698,548,29,8932
18532,141,5,38469
13407,3255,31,17869
16157,3293,4,1824
8006,4616,43,16304
18779,2539,97,15886
15768,4184,65,25527
17790,4090,35,26367
9594,1889,24,3672
19448,3101,78,38025
18376,4044,72,46735
29544,4716,57,10831
23019,2322,11,10530
4727,1911,25,21474
24590,526,54,5505
20949,3347,52,19193
6889,4488,16,45878
13674,2023,38,12603
6341,3849,79,43074
395,3527,73,38412
19184,4165,55,45370
7452,452,13,19222
3751,4700,60,12116
29744,1889,68,2077
20298,695,23,23980
20917,35,18,3639
1937,4164,71,8520
5761,287,32,22034
29640,395,12,32194
16342,2136,46,38692
9030,1265,24,12588
26792,1747,100,26995
28110,4,34,10617
875,3319,69,44505
20676,2828,42,4421
4031,1944,46,40829
22253,208,48,32388
27661,2824,33,3637
10585,3669,98,3911
5173,859,66,17663
19521,3861,10,29516
27443,3745,86,19533
5913,452,21,11654
14627,3252,1,25226
25014,2857,64,49320
26384,1713,11,21544
7706,3523,10,13426
5934,2512,70,17397
19370,3941,47,33960
18191,3125,42,11374
24648,403,51,28777
26716,1448,70,47660
14748,4031,23,28195
5886,4194,46,9250
29195,3187,53,33146
19655,4150,56,31760
1130,955,86,18444
14444,1951,81,13142
17290,3635,23,24880
8621,2655,86,8258
14722,966,79,43490
12201,808,83,41834
3334,1473,41,13826
265,4771,1,31235
17199,4967,37,48787
26451,2614,80,15359
15506,1810,34,15036
12994,3474,83,22213
5989,3179,45,32116
15792,4939,43,15582
3798,4553,35,26600
18405,2158,41,31944
14682,1067,7,20013
7673,1847,19,7657
8653,2251,90,46561
12958,1597,24,25844
15071,3766,85,12505
814,3812,10,10809
24831,4180,5,9591
7445,2809,66,12984
1614,1076,52,17466
20621,2776,34,2767
5517,132,54,8711
11579,3933,99,18970
16842,1116,76,18054
1516,3008,98,10653
22357,4599,78,45348
17471,4225,60,37587
2845,3595,90,27725
19568,594,10,31808
7610,2657,80,30205
5294,3268,35,49271
7878,739,67,46283
15697,2509,39,8406
18685,1366,39,25719
9758,3641,91,21679
22364,1979,8,20712
23777,4460,45,15431
12037,256,47,33041
759,533,28,25176
9054,1453,77,33115
15815,4831,87,24078
22095,1281,91,38571
26889,594,88,8488
27202,2093,25,32026
27299,553,20,28512
4333,1931,33,39082
558,3563,99,41474
22469,2004,57,43241
10748,2108,86,3634
3701,1124,33,30647
4834,4155,96,36879
17326,3055,34,20237
6110,3983,26,2717
2673,3865,18,17746
12141,4410,48,21952
19818,169,36,4966
23687,4005,36,47047
27371,3693,96,15766
24854,4206,50,45838
6773,430,19,2361
5031,2009,58,47066
22547,4169,12,15348
21879,2505,16,37203
26761,2239,22,40573
9508,202,34,33910
25913,1813,31,10601
17902,3942,69,34406
15650,934,72,42725
3322,3542,71,22188
28294,571,28,14142
6960,1048,15,12405
1337,624,17,7554
18312,2751,8,34629
16610,3833,97,29398
21416,444,78,24620
10019,712,68,47860
12626,1592,78,5938
22258,558,21,30531
7630,3559,78,17797
5547,2422,6,42356
26291,1506,13,49777
11715,3772,36,25993
1600,4160,68,40997
271,2098,97,9723
14255,2349,97,13339
26853,4659,99,44355
6243,2097,76,25285
22950,2732,74,43925
16348,4028,7,43147
29414,619,81,2735
13726,367,7,28931
28062,535,57,48153
17729,3819,91,26315
19354,2243,74,17224
29300,2811,11,28859
15298,4962,36,23289
27538,538,68,3208
352,44,42,45590
6680,601,91,43770
6684,451,43,2291
24016,4,77,28363
2015,863,21,15132
549,183,46,49246
27295,1354,98,27109
6147,3437,36,15242
19768,538,28,21614
20290,2239,73,47937
8542,1212,98,43141
28628,2117,81,44007
24906,2475,6,46700
11188,1328,73,6273
1072,2272,52,20521
1353,1908,51,25225
21472,719,67,44226
12799,4118,55,14670
19508,2555,55,45075
20763,4329,31,47303
17061,4227,46,32116
5624,1950,56,38649
21,4863,27,16098
2024,441,58,13227
18062,2550,77,16552
13424,2568,82,22417
18476,4620,56,18869
19902,1504,21,21554
25572,3601,40,26465
9917,1743,53,40025
29148,525,89,1165
17767,2007,31,44032
14401,1142,30,40434
24594,624,17,23279
14893,1186,13,28876
23772,387,61,4707
25063,2845,28,3517
15631,2851,53,23161
15692,2147,8,23797
8184,4308,8,49239
150,127,41,12819
9809,4380,13,28070
4587,4379,6,15517
1635,3430,3,44417
24561,1595,27,16642
14346,837,89,44268
5533,281,62,24475
12579,1539,87,16775
4951,334,40,48528
8685,797,91,12865
13600,3496,89,15277
8534,2213,1,23107
23508,2439,59,24583
16444,1880,27,41629
11845,2168,36,39228
2829,2311,88,25533
15799,976,11,42849
15136,4743,76,13534
15271,4088,58,10277
21241,1770,73,34333
18057,4155,64,39395
6746,4804,6,32261
26896,71,2,49067
26113,3580,11,17710
22988,754,72,41540
6913,3315,26,28139
7582,1906,49,14227
27275,2446,73,14888
1853,4532,83,37897
21450,245,74,48648
14824,1933,28,29764
25221,3654,99,14212
14549,1068,55,24798
4959,852,21,32841
29371,4977,80,47547
10980,4984,98,38776
1760,4122,27,45638
4023,248,74,48875
14423,4880,43,2956
11255,2788,86,28381
17903,820,23,34162
16098,2105,87,2665
13283,2083,26,6550
19741,3617,55,16598
906,530,27,18825
6806,2213,84,17509
21026,4091,91,1409
17768,3384,89,29127
13499,3279,67,19527
26922,1378,38,3475
5318,1088,39,3810
23043,74,37,29128
14630,1201,2,10625
24796,2126,4,23731
5757,488,20,27966
6548,3542,8,8490
18752,336,87,2119
10409,2738,10,46539
16903,700,53,36019
27997,3977,42,9113
21239,2662,62,5903
8106,3655,69,25407
7147,3240,69,46294
28827,3699,46,15985
14011,1954,1,7936
19312,1263,68,2818
5303,3669,79,7234
3111,228,28,17204
23329,2588,74,21839
29366,4308,52,13960
22815,2117,74,36396
14255,3135,15,32391
23220,2107,9,25164
4039,4796,15,25493
18,4030,88,1002
1922,1794,25,20715
22369,1488,22,17874
7665,3687,38,14773
2660,314,38,23161
22377,2166,7,10508
12781,4664,18,31843
9024,4156,11,4315
3400,4843,68,22220
21127,3476,85,5895
17047,4911,18,20155
8175,1499,50,47133
10672,3565,79,33466
13994,3960,76,49806
4966,1033,21,32533
23914,2380,8,24769
16984,533,48,10780
22385,3511,17,9530
12054,3802,32,18727
29874,2485,14,27560
28456,3953,61,9273
4030,3480,46,48244
19190,2633,82,29925
14858,4180,21,44321
27667,562,39,22409
21675,2731,15,18372
12298,733,98,40954
10119,902,28,47414
25633,3754,64,30260
29368,844,24,19481
11817,3881,19,43607
17461,4631,13,15392
7792,3028,32,43644
11069,1921,92,39336
28720,4453,17,23761
26472,2701,19,11546
2524,4587,66,11596
18463,1721,75,29743
17800,2338,29,18800
21880,830,98,20536
6589,1967,28,8421
29458,272,51,43051
1368,4049,10,46890
18874,4481,30,33001
25123,4876,74,46631
11862,3620,97,32210
28007,1808,63,10104
8516,1845,57,3122
3663,2867,10,21849
24994,2116,77,44608
19347,4301,23,3661
13157,1217,37,4712
25975,555,68,35100
8805,2846,64,46196
13967,1982,54,39433
26879,1401,10,2312
8204,2402,23,32631
2102,3331,41,34208
9757,2805,44,47260
16865,906,62,35178
16283,2655,58,4230
13842,3370,89,48983
16906,3697,69,5119
13606,2235,61,40366
25751,1771,65,39424
17404,3366,12,24955
10936,2570,17,33054
10362,386,18,14954
20394,2721,52,16836
18050,4552,80,49990
21666,4054,69,18390
25175,3783,70,20940
9739,2890,45,35127
1170,2912,80,28849
11149,2266,56,39527
19798,1704,98,34240
15468,923,78,33855
29272,427,14,16250
26087,3903,24,26935
16233,968,53,18361
18204,1465,38,11696
5294,923,47,41835
2123,3606,4,25027
5623,1269,56,24969
17929,1471,98,48487
20732,4926,82,45576
12722,2999,89,38666
19080,3684,39,33919
8031,2983,99,45954
16681,435,24,19169
26874,4096,72,9631
7046,3670,39,23985
13999,644,89,23005
15048,1116,69,3791
6842,901,78,3816
14406,3040,81,25216
26190,591,16,44918
35,3997,59,37102
3431,3445,35,42375
751,3048,90,31189
26982,605,8,19941
9821,4029,18,13145
5533,4138,50,41245
18627,4577,94,22135
5607,2484,50,15619
6460,3549,26,41580
10821,359,4,4172
16440,4124,71,13792
4747,3656,25,39770
29861,4004,94,18945
23118,4001,81,28955
9488,471,28,10389
9593,4738,94,29590
26248,3712,11,36014
4697,3323,79,8586
23510,2862,99,12185
18314,1237,83,28747
5224,3433,78,39586
17086,1603,73,32615
15508,858,73,41912
6901,454,31,1123
3055,3095,70,41236
29302,792,87,20538
17073,2060,74,33090
11023,4520,27,17213
6558,3948,67,34149
20713,1236,64,25000
18759,935,92,27018
5004,3677,43,2278
7058,2873,10,36760
17271,1037,83,43807
16095,1064,100,45314
2786,3906,80,15914
13160,3220,5,46351
14671,3888,76,30193
4906,564,90,7956
5926,3238,52,40657
18038,3468,66,14669
5855,857,96,47937
813,4058,80,2896
13938,1532,44,17131
4988,2407,54,7851
21876,4225,68,15767
6276,4897,95,1581
12378,2074,63,16952
8599,905,18,23455
21685,2597,24,42358
6390,4355,67,29534
19841,1903,7,46711
1970,4562,49,9926
19782,1072,45,49342
9200,991,56,37999
26118,2918,71,30743
13309,2210,18,40567
18802,3023,41,16971
24348,1347,68,43910
15478,4636,33,14211
4908,1166,9,16938
23598,2953,26,18224
20304,1896,28,39931
5176,3298,47,6816
454,4939,83,25018
12322,3983,79,12518
28517,2215,89,14208
29040,1618,35,44401
27626,2668,18,39285
17872,4384,43,22418
3970,2252,31,42316
9135,1716,75,7827
26314,308,48,2641
14664,185,33,45800
13347,4080,69,9925
27194,2126,19,24200
3304,347,52,40942
4907,3578,81,2074
1875,3354,48,46697
8147,2549,7,21504
18930,3260,1,19235
25373,501,54,11918
8465,4731,57,38797
16219,4174,1,41583
5742,1702,24,28078
4704,270,42,2132
28677,3517,1,3702
7872,3374,62,1585
6327,3673,52,13199
23206,78,86,37048
1970,3047,82,34919
3647,3156,84,21025
23883,2327,98,32310
29197,564,100,47144
7148,713,51,49364
14257,3880,89,32212
26362,1670,18,30343
26099,3879,84,45818
19411,1820,43,45731
18877,110,98,9908
24114,3979,13,7964
14821,2011,98,3138
10711,744,72,9609
18513,1831,100,23902
11117,3028,42,25383
7406,682,63,16329
14058,2740,74,11080
1443,3021,62,1121
10036,3438,83,6607
15110,4881,79,8059
1325,1850,72,41355
10472,4537,86,47808
28591,782,55,6846
16219,3732,13,39525
29829,4658,37,44042
1533,1017,74,17189
7107,4301,34,31599
375,3623,13,42650
11197,4750,82,9412
29709,930,9,6720
16304,337,67,6960
19594,4219,36,17719
19780,4512,19,48983
17886,4902,14,46437
6383,1319,45,45542
21700,4116,6,8499
6347,4659,85,43065
25477,1135,29,36786
16743,2673,6,16035
17697,3915,94,2339
21734,3458,69,18940
6499,2024,70,15285
15461,3580,12,7167
19640,738,31,37211
16324,1715,88,6757
12577,1343,97,3851
12706,745,82,4679
5508,111,78,43152
9840,1987,43,40662
4456,1084,97,18085
27491,1690,99,20387
14383,4389,93,3329
5579,3889,78,48340
26233,1736,12,17653
26595,3331,68,21108
6030,835,27,6119
25347,4142,21,23422
9958,2052,32,43454
344,4702,42,31422
19506,2876,10,3381
14556,1877,11,8660
10038,3701,40,49426
22805,1506,39,16342
13703,1959,57,25188
699,2253,80,3158
8182,455,42,44538
22836,2224,18,21923
14237,2611,14,25917
21343,3458,59,35319
27806,2107,10,42740
8990,2888,100,1730
21452,4434,4,40819
11120,4471,36,17235
25404,1894,52,13350
14433,3999,93,19592
18762,2354,73,38474
5892,4124,33,26421
3768,803,39,5500
29915,2298,26,35165
6182,3451,70,33074
27559,2460,45,5192
158,1300,92,15208
40,2795,87,37722
8613,1794,78,48775
526,1643,30,26968
16274,2322,16,31570
11669,528,40,9761
26462,3040,58,34843
13877,3294,9,4757
20485,1560,92,40554
27216,3364,29,33589
9973,3717,49,49367
16306,1457,94,23233
11631,3598,9,46873
939,1672,88,47012
11079,1594,55,27861
7862,2829,24,12918
13806,3617,65,25271
10230,4545,21,17411
22023,4266,11,48573
11740,4467,73,44378
16467,1632,23,41606
10720,641,67,29343
17912,4328,28,33577
25300,1866,54,18447
4109,1176,54,5449
20314,1885,27,11308
7443,2194,28,4846
14430,3662,28,31735
21498,3582,79,4792
9360,4455,82,15637
19670,4571,66,16951
24060,1482,25,32137
3158,2573,74,43940
5327,946,15,32862
29321,203,26,6658
14830,4538,20,45638
18008,4250,36,49982
8034,4099,26,21769
28049,4312,68,28362
4908,856,9,44656
15532,1673,45,42761
23544,301,19,21177
22898,2221,41,21596
10964,4976,91,44779
5185,2810,76,4373
25336,1692,64,21717
24443,1474,51,33929
21891,3164,81,48402
19597,4276,5,42521
23559,2015,37,11162
29518,4208,50,44318
1217,3029,9,45725
20112,1977,11,14604
5640,2933,23,1464
27796,3138,29,3592
4222,3789,81,23177
11785,4653,95,47545
21310,2252,97,4254
25053,3463,2,34882
28783,2471,97,10075
24588,3745,81,22328
9085,4795,4,48551
12725,1953,89,9734
7729,1706,80,37136
28302,3909,42,35830
2354,3188,66,6292
7985,2808,84,30184
21127,1932,49,19150
27416,4746,13,48278
6676,2901,90,25890
26166,4360,10,30516
1099,3643,6,9999
7301,2291,61,33046
19031,4204,53,17691
22102,4957,71,28230
7795,271,74,27506
5155,3643,23,2109
24791,3680,70,31574
28521,4774,35,34239
16605,4,78,7925
29092,1983,60,3651
26531,1761,23,5206
26684,3822,85,35241
27129,732,87,30347
28868,1206,93,19513
893,1560,58,6488
29299,897,84,43663
20053,1894,67,42254
16692,1374,48,35944
2258,1779,5,42882
10602,2141,72,16132
10656,525,58,46720
15093,3176,94,32050
22418,3168,20,30965
7902,4507,49,35438
26299,3968,40,7087
20668,736,61,34140
15671,3305,15,30255
4055,4116,78,38860
26145,4297,83,42289
8670,1989,52,20241
2973,4269,47,4977
21084,3614,71,29842
22015,4178,67,32204
15604,3263,12,46935
29766,959,37,37308
6930,885,90,19139
3964,3138,71,31704
26562,2030,54,20629
28349,102,44,12117
2787,3791,18,27341
2531,423,81,33132
4114,3755,88,27762
3180,2030,65,31874
25756,78,98,8622
1769,4494,62,35724
14966,4690,80,8104
1320,2406,93,46365
15254,3313,8,40040
20244,2111,71,8303
1531,1485,69,36913
9448,3323,8,32715
7311,2141,62,13533
3143,2652,9,33054
6740,1654,100,39855
27840,1297,68,49590
9627,3221,61,34254
29775,1187,51,8581
21296,3861,63,36098
20887,3634,63,45636
4204,1292,96,7096
17881,4661,67,32041
1645,4340,29,29108
5466,296,60,27657
28995,1735,16,28214
15582,231,71,45824
25587,4695,80,3420
27216,3361,60,11759
3945,1946,45,25742
26449,1219,61,31275
8316,2263,69,14169
22120,2837,28,3577
28266,2804,55,36256
4366,1183,67,1999
16281,3203,2,32321
15143,1753,94,22264
8564,1396,33,14168
8868,3879,74,21268
14351,4944,31,11387
13764,2784,51,6888
24179,3772,48,39611
26550,4471,100,13368
12626,1737,52,38660
16896,609,23,3706
14591,368,16,18591
9291,2730,87,26078
4352,4369,95,41380
5263,1902,69,27294
7738,1611,28,5815
24859,2156,20,27835
24166,784,9,31555
29499,193,72,6658
18760,3762,37,28867
4844,1408,99,21353
1801,4716,32,44760
21310,1383,12,10440
29053,2518,59,41235
27285,331,29,44062
7608,4483,15,27673
29711,2375,76,38162
14998,3974,50,36548
7183,4855,27,41103
7965,867,87,35198
17885,1505,18,45024
15149,200,47,48305
20399,2296,10,43085
28682,4024,5,26498
23116,4368,38,38773
1186,2937,61,9934
15312,3560,86,4110
9647,3883,66,7498
23053,2297,3,20224
1761,4178,86,2670
19152,4389,9,25536
28101,2928,35,20748
8268,2984,73,10965
8526,3361,13,3536
7253,4690,40,35070
7128,346,37,7162
24325,3817,63,42164
8348,634,52,44408
14401,2673,12,37782
11165,1879,16,29744
25027,1325,94,3997
3491,3707,51,26740
26067,4940,26,41426
16276,3634,87,23954
9822,2303,41,34401
4005,2699,12,37872
24239,4882,85,11439
21060,3309,40,13075
10777,4436,100,5387
15093,4022,17,29021
23135,3598,54,4968
13196,4520,13,4484
7086,3746,76,42121
3110,1026,100,23081
17984,4822,23,18580
25036,417,36,48534
2428,2535,10,41828
25956,4191,69,27609
16805,2155,17,43039
16181,1469,59,40699
19843,3041,63,39123
6417,1074,42,43549
11796,2345,70,39212
17758,4932,49,13421
27208,805,96,2787
23889,2418,10,15435
10108,2292,45,3390
24897,4554,69,8051
8085,2427,23,39551
22446,4604,6,36122
26308,1744,84,13979
22627,3158,87,2071
4080,3799,73,35875
20907,3216,36,21756
19054,2246,23,4535
28917,1901,20,46778
28297,2067,58,16515
4297,1865,22,14812
11726,1935,10,47567
4969,2825,46,23898
19068,1641,18,27659
6145,4076,45,49043
24412,2497,87,43343
23783,4563,35,10712
6263,1343,23,47442
8862,464,53,5245
28770,2209,55,4414
9437,73,83,43715
1650,1905,45,7166
2137,3516,3,6714
26784,1617,91,25977
6968,606,2,19406
12813,684,35,49149
27800,1558,46,36179
27249,4890,97,3127
4511,740,78,8958
8097,3340,23,16852
19258,727,24,43735
21300,726,84,19466
1921,1213,55,10573
22560,3802,60,25234
27014,760,60,23475
9803,2429,76,2853
2616,3135,66,20205
134,4401,10,10442
22480,2232,61,2531
18182,2572,69,46192
24298,658,52,29018
11056,3387,2,26300
17447,4723,9,31584
13723,3177,58,7470
4503,1969,10,25109
10431,649,2,13778
11721,2341,32,30096
2310,3549,34,7547
10945,1636,7,13241
8752,2558,88,3945
29918,4737,81,36220
11247,311,23,29369
11137,1628,32,15048
20544,1341,18,28399
22315,4463,45,20539
27986,1501,2,31694
29665,3993,79,40146
7444,4663,38,20093
16058,2833,35,21395
21769,2000,65,28763
8970,2131,100,42881
22721,1010,12,28355
8487,1740,88,24474
4976,4026,75,24383
7330,1961,51,23240
1354,3532,58,39126
2170,559,70,35873
19586,4578,99,20322
22499,2517,25,19465
25835,4481,69,37623
17898,1233,72,14278
13726,4618,77,31914
17612,1663,58,31793
8387,1716,61,12343
21849,1880,19,22417
8954,4886,25,38798
9421,4506,90,17254
16529,2020,10,24945
28652,958,17,43011
6354,318,80,3200
5147,399,17,23827
16168,4716,87,39380
1252,779,82,5290
8874,3165,23,21530
22508,2879,76,29543
8648,4425,55,23262
18891,1536,41,4746
27268,2485,98,25941
12101,1197,6,12923
8732,676,45,22408
11851,2305,58,36156
26643,3358,45,1333
23398,3173,1,29912
25708,4437,7,40473
8691,3243,57,5305
29358,3597,31,25560
15695,3075,54,14433
9831,4775,22,14324
5703,3466,36,1798
27940,2591,65,8040
1984,2759,11,12928
29105,1661,30,17926
11246,3616,43,23911
5058,2358,91,36225
7366,3451,4,26380
20645,464,58,16765
12163,2826,81,46564
5717,3580,59,39641
18979,2570,16,4289
3433,334,31,7912
28581,974,32,11461
27458,4735,89,32989
4877,4996,88,47864
15315,880,56,9504
3718,705,34,4853
13630,320,32,38857
13262,3311,47,35341
6464,308,73,38811
28995,2035,65,16060
4030,3550,72,34559
19506,2469,29,44803
545,2341,37,12148
19514,1460,99,33241
10151,4656,14,48731
2855,1815,45,23771
13045,4188,47,2908
356,192,46,38324
29764,4024,13,5965
6995,652,34,18683
9967,3466,27,13069
3166,3939,71,20664
411,1803,96,40611
21561,2666,34,11296
16025,1921,36,44385
28128,3095,1,36154
1093,2869,8,6220
10845,355,43,33838
12860,1580,38,26153
26860,3857,26,18295
23707,1028,2,38842
3956,1146,10,11041
3957,2230,53,8831
24255,1658,21,12657
16046,1440,54,13093
7440,2345,39,46825
9546,2422,3,23692
26846,4016,5,37738
11487,3377,29,26662
16899,2450,78,33863
27376,3508,73,4952
20619,2422,86,5588
20648,993,88,33887
11541,2732,87,44053
18804,1234,31,35656
8224,4007,32,24503
15945,368,91,14668
28077,323,50,34341
25760,2657,26,22528
18749,4428,97,36945
14087,105,42,22282
16160,961,83,37741
21856,1405,76,25488
11114,584,4,42932
23566,1547,74,31246
22482,1116,72,33788
17083,51,25,28211
17775,1805,45,2738
26590,1746,10,19671
26742,3927,92,21469
1102,4891,36,43697
10930,2000,62,1262
6922,1875,43,28681
4287,2100,46,9706
9346,4046,94,33105
18935,3384,64,23068
19690,2728,21,9643
197,1005,25,20226
25748,1385,99,26168
7097,2185,15,26358
11254,2832,31,10099
7623,1988,63,33103
27252,22,75,48288
11260,3140,81,22087
13278,619,10,27665
27200,1152,37,34595
133,1133,95,24406
6943,1067,49,16908
26954,24,59,18903
24337,2178,61,29225
10893,4710,21,33972
24381,2076,89,45809
22194,1207,29,44053
25313,2121,46,27578
18293,2677,58,36123
26162,4107,53,43396
11679,3306,45,3504
29727,2364,88,22035
20929,3350,70,20499
17764,658,16,34702
24176,1184,77,9854
44,2722,71,18720
20608,839,55,9324
3906,389,76,35164
13041,1655,17,23416
8229,4238,11,11896
16112,1966,95,30337
7264,3627,85,21577
8277,399,39,38384
18781,3208,75,23228
17066,3831,54,35659
272,4525,70,6794
21513,60,36,9435
16157,2936,79,46502
6191,4095,98,42990
21119,2150,100,7471
21183,3,42,33263
12564,1763,72,25665
7149,3519,76,15382
19430,4388,32,8916
1743,2049,81,35292
8125,4149,50,11470
3484,3194,21,3725
24181,4958,10,4890
12346,3534,97,10009
17802,4971,11,27196
8195,403,65,18371
4978,904,24,38676
14938,3149,42,32910
13314,3342,11,6577
20065,4787,59,10894
24976,4216,36,44341
20852,4789,28,24356
1599,1426,84,37272
2822,1975,46,35987
14629,4951,24,4804
15655,4723,7,34614
16274,2552,35,23233
24312,4225,83,18754
16137,1431,54,41694
1311,1440,17,42765
4109,3174,9,23141
5354,412,74,13321
8701,2890,82,11998
3380,4782,70,13058
27723,2883,33,30294
15181,3734,35,6701
22152,2533,50,3081
18647,4287,85,12239
11263,3192,16,47086
6021,4395,36,37061
27013,2437,33,32669
16640,4444,30,34745
24802,3890,46,2990
29426,4373,57,44106
7553,3144,8,34451
27967,384,60,30102
9126,2275,62,33778
16503,281,82,47039
7385,4924,74,37950
10476,1637,74,48966
5887,3530,51,33159
6133,3694,78,39775
2691,1300,25,25519
5925,3060,71,15931
10941,3303,24,20836
21954,403,71,41596
4376,2519,20,7470
24145,2463,59,23563
462,814,59,32784
26143,3521,88,41926
9218,4108,47,48016
14550,4740,43,27867
25466,1118,1,25746
8492,3974,99,42903
22425,4316,9,4286
12366,3228,44,9595
1851,2251,76,37229
5020,580,23,9175
27862,1094,29,43248
21091,2486,55,41331
9764,971,49,35161
20228,1740,49,37370
20477,871,49,35961
4078,1707,62,3065
9927,361,21,5916
23047,899,85,31074
1784,2599,88,46955
8480,835,78,45869
23820,3757,4,42343
8619,4318,11,29939
26625,434,100,18764
25971,2579,97,24270
11816,36,48,18563
6117,2005,78,5413
486,244,22,38754
5029,875,45,3407
28559,1668,90,8317
15134,328,31,24674
22454,4929,29,8464
4735,2422,7,47707
19478,4814,71,14151
13047,2826,46,4046
6956,346,76,29972
28006,229,14,28875
13548,384,20,11670
10933,4488,98,11208
4392,1306,30,41537
16051,544,10,48931
15716,2306,82,36276
23825,2650,81,6025
27876,604,93,6711
15917,2841,68,32567
7894,519,71,35545
7871,2630,29,35296
24654,2009,96,46877
2470,4055,35,46197
6424,1054,62,36872
25635,1620,60,14199
24219,553,78,45097
21622,3621,39,40699
27425,3695,8,7714
6887,3123,77,38925
7018,3959,93,41823
3214,877,78,30047
27217,475,3,20683
28418,3777,31,1441
2441,3077,20,30080
10536,2036,92,13454
26281,3795,53,45204
16673,4248,63,47383
781,4702,92,3072
9222,4910,9,11881
12560,1974,65,15499
1817,3324,1,15153
16202,1335,55,3685
28434,3360,93,2139
23957,1541,26,42203
5733,666,54,42349
19250,449,22,30443
27781,1216,19,26325
7356,2507,86,27278
23386,3029,74,26874
19642,311,21,43445
9596,4560,95,25006
6373,589,57,49264
9589,1672,21,24045
28337,3387,55,6213
24341,3547,76,7070
2154,3013,14,12380
1525,867,92,25858
18367,2646,49,45491
1255,1122,76,24768
5016,2909,66,36094
29653,3587,41,28529
29898,4824,62,39845
4168,1300,11,24099
13703,1677,6,19559
19229,326,44,6167
19299,4071,11,9666
25208,3300,68,45600
7067,4032,63,43642
778,474,48,19234
21702,729,48,19237
28907,3980,47,16881
25840,2826,73,7580
21447,2786,61,19452
26742,3196,72,22267
6655,2986,5,43000
12562,2699,93,30249
18537,19,19,13187
16247,638,87,29054
18037,1793,87,48859
1675,702,27,19915
17245,3259,42,15910
8839,1526,56,34441
7783,1432,28,8375
5140,323,28,41121
2263,1712,58,23975
25838,3046,31,9099
15148,4056,7,31185
463,2759,74,12309
24009,2285,48,37395
7810,1495,61,32344
24431,373,66,13864
10860,2508,92,27207
16475,2508,23,41729
7569,4225,84,19339
26189,1690,34,22924
11606,4804,97,12708
21192,1646,40,12146
27887,4486,62,39900
9747,4754,91,26447
7492,2009,48,12365
20208,3245,88,24490
14339,3971,45,23308
21858,2006,38,16370
24776,4412,28,25315
13043,1852,84,45318
12918,4928,24,33858
13893,4458,9,40375
14781,3413,87,43982
17356,2722,85,42043
1076,1508,36,39233
19376,259,78,16985
16013,4467,68,5624
14493,1124,41,15609
24854,342,81,13582
19522,20,55,42224
11448,1897,91,49966
25248,2041,45,1734
25483,3721,94,32885
12664,803,21,42283
29411,4665,83,40373
16055,1378,40,46545
27195,2525,92,2535
14786,3656,48,3362
16244,3098,50,21037
22950,3520,2,34109
1662,1941,65,44627
5104,1764,32,15290
22528,4540,27,47820
21907,2481,77,43117
20451,420,63,42164
7489,1080,15,32691
18983,984,12,2363
15505,1387,76,2379
3284,455,87,44365
29900,3241,59,47427
7913,1786,33,22877
6733,4032,29,39085
12956,3344,16,31073
18320,4335,76,36247
9805,1189,63,43850
19607,1764,65,16879
24120,583,92,6973
19686,101,13,46715
28326,4449,95,5385
3859,1111,69,2447
20377,940,77,24151
100,1641,88,3650
9018,1300,98,48239
17441,2273,46,44937
2206,4888,58,31342
26957,1675,4,17669
16738,2820,20,18450
8079,3542,36,42680
9351,3845,13,3636
20401,4857,89,25824
10126,3547,71,32813
10264,4832,57,36385
19527,4134,42,18040
2173,4776,40,25496
2120,1811,20,18448
3591,2148,34,41919
27353,2513,82,13943
9517,2098,63,21385
19341,1641,64,2531
22812,1225,2,25915
24121,2559,2,9127
2571,2572,41,31145
24504,725,74,4090
938,1180,18,12058
14729,1612,88,33330
19677,848,64,43189
5599,1789,48,9472
13718,723,56,49126
5793,1332,18,29792
7415,774,77,30487
24386,302,23,23679
26443,2469,10,18056
12187,956,68,24913
27136,2537,95,23929
18145,4090,25,18352
12586,2694,38,6957
7104,4689,53,17007
26380,1279,78,49536
10291,1035,49,34252
18505,3020,18,38978
19065,1574,7,33387
20140,612,54,17532
22477,1886,14,42897
9301,1878,60,35517
25960,2927,37,5176
25967,4618,20,20335
19025,3349,16,17953
29642,1625,65,37696
17690,1925,82,29477
24048,2387,17,18315
770,1815,43,46189
25342,1172,100,3473
16063,2396,49,15779
4590,1006,64,28027
20963,3673,66,43371
29368,2513,73,36489
9577,2227,68,16244
4485,884,48,48155
21544,3795,46,14379
11729,4578,23,48585
23270,2942,69,40292
22662,4918,63,1811
19057,4362,50,2813
2467,4838,51,46827
13638,3441,14,44329
5199,2319,70,47745
1076,3032,82,44926
18106,4631,27,46112
18640,3709,67,49305
20343,3498,97,24830
13013,2719,35,45433
16329,4722,63,46818
14932,1386,8,41846
4027,1992,50,13571
11323,2850,37,37178
24191,2747,56,3554
8386,3325,98,47600
22856,3596,38,18200
7239,2253,45,42727
12813,2965,84,13784
10448,2436,73,9653
28149,601,27,41941
11060,3954,80,8452
6727,4752,91,7797
28012,1476,58,39893
7758,41,73,9059
18273,3770,43,4454
12954,2044,8,40904
21036,1709,51,7894
28213,3410,55,4059
11973,3672,80,2728
19439,593,96,27870
3810,2792,9,40661
14736,3179,62,18403
16231,4535,35,2795
9927,1902,74,41710
27440,4389,32,23216
18645,2038,55,8487
26258,44,85,28055
18943,2264,8,43828
28963,1112,6,23939
607,3037,89,49386
16558,3369,86,40217
28342,1110,31,48360
21675,3613,89,2845
18988,3468,27,32612
11292,481,26,43755
26920,2301,22,44108
28954,3867,28,42537
27321,1057,16,33299
19955,279,69,6767
20666,3653,93,37437
21560,2920,30,24395
24764,1810,88,11067
1559,170,51,19544
9571,3684,75,25668
28696,4448,61,12558
2076,4969,53,44616
14546,1389,79,48712
17307,2451,48,30782
4434,1431,67,12871
11327,4746,90,7149
16816,4521,9,5114
12857,3867,99,10367
15197,3574,3,42745
2161,321,76,12867
15356,874,96,5579
5569,3353,9,20016
5755,2304,15,2431
18031,2235,9,34185
22439,1127,44,6417
17482,2690,68,19659
3475,561,52,17456
2239,481,19,8588
5715,2941,22,18766
13886,725,52,47957
26430,2288,27,43437
7440,2121,77,14043
16005,3172,87,34778
2188,4426,10,26001
16701,3899,19,7672
11546,1115,100,14613
19306,4708,21,18922
26233,1080,6,28090
22337,19,29,6819
23423,2566,56,24610
16565,1567,93,42386
15665,4241,53,28707
9613,3816,24,48377
5401,1362,31,15490
10143,3335,99,22733
10063,4008,69,46112
7842,2886,55,43052
9812,3260,54,31744
21578,3987,96,39126
11082,4517,80,26183
22207,4902,33,26666
3489,1222,15,21349
18426,1791,86,12670
11499,1688,37,12342
1670,1049,42,18078
2388,1413,75,7748
20318,3720,92,17484
8847,2143,67,11552
27402,21,38,9849
27379,3406,44,15744
8393,1351,4,1323
28474,1882,83,44989
18788,4804,83,40958
28531,2164,9,3275
18499,2102,27,20082
16891,1347,96,41402
1730,4306,44,7410
629,2269,81,2752
311,3799,29,1535
23750,1041,100,46001
12150,3086,66,37710
2001,974,19,10273
19391,51,62,38918
28478,1806,7,13151
1151,4540,92,35655
18838,3333,36,4458
7376,2263,34,12746
23074,2760,43,32373
14807,3962,79,2289
4158,1324,98,46439
21799,1078,78,6992
17824,4767,38,11863
22139,3695,9,41756
27913,3697,46,13948
24087,3468,46,33303
3061,3845,20,1494
13120,4070,19,5743
12926,4124,19,39296
13185,700,41,9478
26844,3026,19,6928
28660,634,80,24507
868,226,99,41076
24984,1332,12,4548
2728,904,93,21405
23054,3846,5,12322
8404,668,25,16675
18148,3101,59,26254
19115,2834,19,49629
22503,350,35,16518
17021,88,77,32684
9525,3479,54,7287
14774,1653,98,13349
2839,4762,27,12372
4886,4939,50,11533
20570,967,78,21870
5096,2357,20,31977
19097,2829,55,11056
9882,3471,28,9288
3752,2105,48,42476
11222,1261,34,9455
21540,2440,36,13797
9928,317,81,32390
18679,4280,36,28478
17115,349,19,5720
22820,4373,85,10687
12621,203,15,26847
8526,4314,99,22858
27671,1279,47,31709
28674,3164,30,31142
13242,4799,50,20604
18837,4068,5,32614
15911,606,81,23755
220,1022,64,36263
1784,2906,6,1902
2439,4190,84,12420
27109,1404,91,11707
3690,1314,1,45516
27970,4629,33,5124
3979,3288,14,28638
7597,2284,64,14391
13377,759,6,17666
21116,1697,93,18466
8026,1766,23,16896
13375,2626,74,27151
27055,1218,34,15116
3188,634,7,3519
9554,3813,64,40246
28374,1029,61,18132
25790,4828,66,45285
3590,1586,46,41682
28940,4878,76,39405
24825,4104,28,20365
14147,1132,33,44735
8237,3252,42,37129
26472,218,49,45695
6013,1911,63,6637
28929,2303,58,43136
28512,3510,85,13883
19878,4806,8,1316
7754,1321,37,42891
25152,4356,70,43863
26260,3211,53,31338
14906,2936,87,40192
5420,144,24,18891
18020,3133,28,29739
29634,4665,34,31057
17857,123,27,38821
1881,1357,17,18149
25406,1650,24,5911
10264,1121,35,35772
23804,1116,69,20156
16483,1834,68,6500
26349,1240,28,32756
28654,728,91,19400
1985,2548,7,31495
23957,741,47,13409
948,417,85,13137
18049,156,36,20368
27321,1989,50,32614
19486,713,2,13678
29355,4536,63,39557
22784,3170,65,13612
3347,3797,74,17834
25592,1683,8,23767
16188,3709,93,49035
7378,4242,47,2779
3882,2856,99,4383
13472,171,37,39955
28582,4886,68,7654
21816,476,56,4964
2466,4145,83,10652
15987,4905,49,10818
18670,2274,69,30898
6481,3298,78,12526
29521,4723,4,8718
11536,2922,3,49548
25337,2751,10,7220
19682,4486,66,35214
26149,4610,81,30767
8767,1638,57,37192
13690,337,35,31039
25061,4098,43,42572
19491,4029,6,5755
26179,1747,36,29527
21337,3200,75,17540
12322,3766,96,7916
5852,3939,34,24305
26637,2089,49,15280
2477,708,43,46348
3354,3912,18,7756
28766,4201,28,17812
22492,2555,17,12663
22942,2779,76,3962
28977,876,94,49732
8033,4047,42,43940
13479,3779,6,15882
5783,4956,55,48857
14543,109,98,16871
22934,4286,85,11065
28412,25,22,34215
11877,1905,86,42036
25918,4768,53,15079
24343,659,14,12387
15678,932,76,38274
1234,2050,41,35501
25200,1589,24,4200
18866,1171,89,32689
10336,2884,46,14530
25783,3547,34,27966
5880,4759,60,38218
21493,280,66,13742
649,2838,28,15663
7006,4894,90,20875
10242,1340,4,28430
703,4950,100,7367
29591,1128,79,5346
1119,134,8,29805
27329,3239,85,20055
13722,4092,9,38775
23003,3467,40,2218
6653,4734,90,5821
15201,4215,24,18018
2420,4044,51,27202
13981,1816,23,44846
7020,169,65,7641
18619,2878,50,41370
8343,2949,37,38080
26797,878,90,16421
16097,207,14,18741
23441,1785,87,45762
14318,2489,28,39984
5719,1923,42,7286
18220,4695,68,26198
12075,3280,52,5030
17626,4469,52,36488
18691,2458,33,12806
13126,3576,68,20709
14103,3318,97,23733
25071,2956,11,3258
19985,1940,29,28593
7138,3843,38,12134
23002,1498,89,38427
19717,547,86,16304
28482,2817,90,6582
15287,4367,29,27095
25029,3433,95,48162
364,2725,12,19039
29992,1450,13,45350
19299,1889,35,24851
23452,4385,27,34281
5102,624,55,42007
20431,2578,71,1049
7538,3533,48,41515
20954,4094,29,33706
11503,3955,18,19898
5434,364,28,22571
7825,486,39,10916
25914,3223,30,8283
693,1089,26,37752
23160,4548,68,6549
10844,20,58,7967
25222,1726,9,49551
14395,3033,74,35386
2629,4229,99,43071
7539,4895,70,46200
4932,2946,9,27796
20601,2562,98,46780
26974,4607,88,1669
6142,1131,14,3205
17650,673,98,41262
6631,1218,20,3749
20891,3781,83,41893
2598,2882,22,3535
13077,1332,87,10350
16420,152,99,9777
19385,3962,61,26191
20799,2921,24,16319
14391,1123,49,1210
24109,2777,33,40277
7706,3770,25,43194
24789,627,24,17030
313,329,90,19668
21471,2038,5,16929
20235,3809,11,19797
24886,1766,25,16853
19900,2517,51,35608
14999,540,41,3475
23377,2488,79,49531
29658,606,46,12837
18079,535,8,16649
22436,1226,64,13706
23246,229,15,16719
16654,950,1,24650
2921,2769,1,6581
2467,3217,63,47794
4836,4575,2,29411
28673,2948,67,2564
1043,1408,86,39446
6775,1109,52,28417
11990,1763,34,2483
1240,4075,91,26949
13252,4962,96,40855
21501,2596,86,49766
16099,4391,43,34547
11074,262,27,16720
2998,2180,56,15354
13169,1596,83,6128
10455,2558,6,25356
3488,3753,8,44639
23964,2041,24,15006
5280,2850,94,35680
23444,743,17,6490
29211,469,19,29498
24682,3663,3,23857
17957,3576,79,22010
345,1201,18,16941
29887,4392,62,22061
11688,3878,51,39028
20768,126,19,10168
29067,344,68,31125
18282,959,98,43455
17171,249,41,28041
8621,801,43,35653
5238,1946,82,34966
16638,4164,99,46589
27264,4033,89,4139
11474,685,14,15605
19847,1486,60,38426
7588,3425,72,41173
17221,1355,69,16530
19084,4751,11,3761
11005,1133,45,11606
16214,1290,96,22573
19863,3267,81,33921
24396,3084,81,7160
10692,2425,100,41620
7937,4803,1,42755
4543,1153,21,28763
1600,2019,20,11187
3883,3463,86,3753
18965,3402,20,11935
25395,467,69,42721
5519,954,7,32219
5676,3659,37,49454
4339,2271,12,24153
16396,1506,15,21929
14128,1087,61,37519
2875,2946,67,2529
1016,1259,90,1225
21224,3617,49,34045
2227,2808,43,4162
6287,4674,54,2589
25513,3083,7,13656
27269,2593,89,22707
13568,1299,36,47725
186,607,60,39085
2673,4530,98,9048
27260,2069,42,22062
8468,4294,30,33182
23049,3214,59,46374
6955,3091,57,29324
27805,3777,19,6220
15652,2232,75,10738
16406,4602,48,42755
23979,2640,50,22622
13034,30,59,38159
23199,820,11,13662
18061,3697,35,40219
21795,2766,47,19298
28579,4514,20,2764
24113,2465,55,47972
19771,3466,8,35639
10362,268,78,4778
10481,1593,57,17917
3820,2328,62,29876
24665,3865,41,5363
17757,2213,87,25306
1788,3218,20,32465
1738,1162,33,20820
6099,2253,75,29148
4858,4584,2,47109
13970,1800,66,12172
24724,3875,50,27799
10262,4542,8,36704
11700,357,59,20336
15849,2778,2,44145
25479,3078,76,45667
23045,3964,6,25570
6728,1466,34,23725
3721,3257,66,14879
29859,610,74,6753
14999,1480,8,23421
19147,4173,31,45312
1887,4933,71,36820
12345,2810,17,44196
18892,3218,99,9785
228,3463,36,40216
5565,3458,76,43198
19475,1627,65,4056
6710,4348,1,34628
17504,2606,33,42799
16180,1554,22,7486
16940,407,9,41374
5646,145,65,27280
17443,2526,39,41527
23804,4559,30,37283
6667,1008,21,44740
5188,2236,58,7016
27365,1516,63,7478
15179,3328,36,32863
9079,1585,81,33491
17020,3040,13,4397
14119,1998,19,27008
8812,345,72,12143
1158,1922,12,5207
14517,1623,8,26809
25214,1134,21,31383
3983,1937,14,30249
9096,4822,14,46417
16437,1290,65,27947
11661,2727,89,29081
22244,2621,42,32587
4345,2749,72,12241
3846,4744,6,19118
25688,4952,5,19956
3590,3047,55,9949
3856,4911,100,22566
13422,2120,83,27168
7299,2955,14,41378
11323,1888,20,45181
19722,4567,77,1875
14795,4711,36,18880
19854,3970,58,45237
28608,2402,40,45786
13161,2215,17,41368
22006,2448,85,15958
24966,1118,78,5059
634,4068,38,40505
13010,622,52,46939
16863,1726,65,8165
4764,1787,90,36563
24968,2376,17,47884
1218,2795,23,27038
11659,3931,93,30708
4709,1666,36,28315
21553,1645,3,39169
5080,3716,65,31672
20410,3436,28,17493
11893,4109,75,7643
2498,3828,44,3549
13634,165,17,20087
7232,841,7,35193
13388,106,10,1371
4075,821,25,15995
25979,4591,71,40934
27583,4751,100,24226
1497,2876,74,19836
29579,1686,1,7249
26074,392,57,38727
15593,3024,12,37011
7886,4043,80,20911
13836,3179,89,44717
12690,522,57,16740
14836,2560,79,14765
22519,3397,25,21408
15210,1009,41,46448
12652,1936,48,49555
14296,1075,33,11578
21151,4170,41,44789
28751,678,89,32510
29759,853,43,38970
17101,4002,11,41304
14934,2618,66,49166
16922,4009,6,29510
23952,3338,7,37008
18681,2330,9,14747
20509,4060,54,33387
26493,3132,12,7111
12800,723,11,27726
6063,902,78,11404
27893,2286,58,44976
17735,1788,83,35242
24483,1289,33,47575
20568,1613,20,30539
10801,3753,60,17119
27879,2210,34,46212
1573,298,54,34755
474,3521,63,40513
1360,1616,9,11442
924,1842,79,28163
9487,1390,68,21470
28069,270,57,28648
1911,2112,6,16735
23599,3084,12,49870
10215,2634,44,34901
24315,3418,18,43155
12032,2022,25,16069
24720,565,84,10688
8772,2250,66,16472
4334,1925,60,23334
16259,2511,72,27207
11285,2071,87,34368
3092,4250,2,30496
12911,794,82,24576
9262,1395,27,11452
5637,765,16,11541
15011,3895,74,14795
17193,3537,49,28504
1092,1715,87,29052
19002,165,14,8509
3454,1147,23,7047
15808,921,78,36352
8937,3700,80,39352
18844,3348,73,10184
18699,1987,53,38686
25767,3810,52,2202
27741,1019,68,11286
26971,1755,96,46548
13299,4148,91,35200
10291,4503,32,37392
24496,3945,34,23698
24510,2205,83,17039
11726,3729,97,47944
29515,595,7,31662
17865,3129,8,23700
9928,3661,85,33961
29239,3719,15,16626
18715,2680,51,3455
3647,4360,68,13970
2644,431,38,7617
4788,2916,72,31912
18679,1058,14,38636
8426,790,24,17107
8756,5000,38,34029
21628,2131,37,39544
12351,2853,1,8589
8620,893,42,29684
25152,224,35,6810
9005,2166,51,35418
7232,2293,33,38988
25243,1647,61,37716
4120,3863,72,34835
19852,3202,41,34474
12178,3550,44,47724
15187,1259,4,12465
640,1433,80,38518
29777,3768,28,1273
12786,3355,21,37767
4616,2524,66,11908
20913,836,52,22046
17731,312,75,12356
13399,22,78,45599
29514,131,27,27269
21303,3685,1,7784
10606,1051,56,17588
28433,991,55,14803
16975,517,51,15665
24863,4969,2,46928
28866,3547,54,1391
8992,4082,53,25592
13228,3490,64,35164
15905,2300,68,10773
5014,2319,8,12537
16986,4669,91,31433
20047,861,5,15819
5583,1188,78,23209
25471,1938,82,12309
29017,159,70,20174
6150,2638,17,30514
5098,1189,51,11296
19086,2627,86,37950
28633,3763,57,30973
18245,1821,64,9639
12098,3184,10,45820
23793,1570,43,27343
13929,3504,58,43743
1624,1666,87,19396
6455,2707,23,31148
2138,528,66,5522
1232,1358,19,17767
29657,2120,56,49089
508,2527,15,6579
1003,2574,15,35849
26300,2801,83,47989
17934,450,97,16141
20135,3503,99,12168
4542,4940,61,15934
1986,3849,73,18114
10818,3808,44,31507
13134,3746,67,47416
10034,2675,13,31254
27933,4351,61,11408
29711,973,36,24137
28484,107,65,41523
14069,2827,83,31772
118,2324,87,28576
5393,431,57,20153
20356,1743,46,41517
14205,382,97,6704
17150,1652,37,49957
14879,3046,89,5293
26072,509,24,33312
24539,2439,15,28535
29060,1361,23,7260
16488,638,6,48419
18692,2106,87,17457
15845,3738,45,49659
2888,1315,5,23068
23062,2407,86,13104
2898,1279,31,38524
11891,2564,59,24673
20904,4323,83,33402
4478,2201,89,49958
17741,3081,59,12094
3424,440,19,6988
3974,2199,17,32317
5502,4475,69,32452
19406,1574,100,47428
21357,901,12,17588
8452,4169,76,21666
25255,2498,81,38608
12810,852,13,22215
7144,3591,32,10273
4931,2209,74,27170
8874,3575,8,33922
29064,4352,26,39972
18498,61,1,3133
1510,500,14,48425
27917,3105,93,31766
25007,4255,45,12791
18846,402,31,5727
6974,4167,75,28133
21801,2580,15,2874
28115,3960,63,31127
24240,2625,25,6028
10211,673,79,45783
1844,3201,27,42312
25802,3884,51,18400
2455,1873,95,10070
7459,3158,30,14258
12248,2343,32,44647
22134,3363,42,37029
2406,3730,95,26155
12376,4607,77,43437
28328,2770,93,26204
12182,1117,95,10372
9375,38,79,2048
9620,4170,23,2524
28054,2212,98,26262
10602,1310,41,18913
23454,4964,93,3879
21362,3406,17,31885
15646,4530,3,47630
14327,3789,1,12604
10390,1878,57,1015
17238,1664,99,12820
14942,1364,94,45587
27487,37,42,48701
28858,4457,91,6525
15601,2262,8,3673
23131,3353,40,1468
27434,3288,44,17145
17208,1243,41,13699
4049,3186,42,19513
11719,4589,20,6512
7441,2648,16,35363
29039,558,7,49431
17574,4098,54,31065
13058,2001,33,41370
5155,3260,84,46410
11964,318,60,14351
17728,4391,15,19405
20822,3414,79,26283
27572,309,55,24543
7369,2558,1,49089
4046,351,64,32182
2477,2918,6,42090
18160,3945,77,36437
14772,4685,82,14963
5340,2144,85,17974
26592,3928,55,38874
8714,647,51,5715
29740,3274,73,16571
3337,357,7,9130
15613,179,14,6153
27189,1013,90,38193
13484,2270,7,38585
15175,3833,11,42261
7927,171,99,15236
22995,3526,95,26693
16542,4573,33,40149
8107,2467,67,44707
24240,3445,44,35177
29500,797,11,45545
7387,4424,22,8148
4164,351,100,23515
15912,1044,13,43985
15917,2277,76,8603
23843,1563,23,7802
4255,2093,25,44573
25429,1928,64,3212
2983,12,71,47010
25453,1489,70,23347
9112,3440,4,29149
2241,4512,89,5791
23721,2560,75,15795
29034,2754,1,30752
12304,720,21,42091
29546,1548,13,28297
29723,1132,30,35434
23655,4718,76,8292
16859,2177,90,24129
20842,1973,61,16732
2170,742,41,39965
11429,991,72,46351
15118,1107,44,3078
16574,3424,84,18520
26382,1806,62,24407
28904,1164,21,33560
11237,3861,64,39918
12931,2514,81,48794
21413,2934,29,45867
26091,1898,33,39830
15654,611,13,14183
15979,2394,28,48729
26971,3886,3,28811
14394,1662,45,11532
13940,3261,38,25282
1124,4282,76,49728
26353,1432,14,46011
7502,4024,7,7068
16086,4680,73,22231
8310,4801,4,37732
10869,1111,21,39185
14295,4050,98,18970
18631,680,87,23431
26763,1564,67,16763
3188,3434,42,1232
11590,2125,82,13055
18414,4977,25,8824
22970,647,53,6478
14471,4740,10,41258
20341,4458,29,4052
12559,1264,14,42793
23974,1326,42,4167
28854,820,73,42194
389,4053,5,35072
10165,3838,100,29199
20688,2286,5,18078
16529,864,20,11194
21978,1768,70,26386
2341,1479,81,10530
3460,1395,76,28837
23322,4171,14,5164
27920,4022,30,25982
29402,4121,79,18411
18938,341,96,21410
5601,4556,86,3516
29654,806,66,26092
15273,1976,95,48327
11580,3548,88,15817
25,259,43,3353
15298,3227,79,43760
2283,216,89,17059
22486,4099,56,27904
21742,1444,47,29898
23207,3623,44,43034
15920,3814,14,13096
21865,444,73,31581
24957,2022,88,46962
27686,52,3,2830
11609,3141,48,40615
3702,3983,20,2015
18297,4769,57,17677
24706,1583,89,44613
27572,1259,87,44366
6015,1123,72,28979
17143,3053,99,4091
26106,4259,28,45429
28351,3460,91,6975
27457,462,94,17898
10914,2744,52,27313
16299,1253,79,27821
3508,395,55,22727
13445,3579,64,32370
5590,1901,18,4969
8904,4861,50,27587
17148,439,4,14701
9300,4468,32,42255
11892,2038,17,21916
15682,2146,47,35688
2628,3815,45,7298
479,1903,51,15549
15084,4933,64,18219
13124,3046,30,17387
29563,1210,78,15759
22942,1221,13,8618
9206,2891,40,28945
15202,3781,51,16902
1504,4714,22,38397
19285,2676,89,13692
25858,2923,95,4909
14647,1535,59,2272
21989,3633,42,25906
3789,1834,28,20185
7338,3084,73,42877
12128,4366,40,9890
15209,1108,80,21553
1358,1043,9,44220
4910,8,12,43714
23831,3464,3,16368
18568,3080,33,22053
1926,2240,90,32776
10713,160,7,7883
894,80,54,17038
4541,2448,56,47039
20758,2044,10,9170
18066,4972,22,31402
26707,2280,13,8585
7889,4014,51,33004
28752,878,60,2521
11924,1242,18,36530
10854,1105,81,4531
6136,4478,63,31947
5745,4224,67,6665
25803,873,17,10816
13532,3572,81,5123
17966,4113,58,26402
10414,2664,63,29100
25309,4491,99,5128
21637,913,62,24304
15778,2207,5,31386
10644,165,83,36175
11473,3178,29,10401
13692,2564,92,24554
4880,3348,79,43871
2476,3399,78,12871
13442,3618,88,10671
5857,3204,52,8049
8515,4618,59,23352
13185,218,60,39081
18541,4762,90,18651
7670,2036,83,17543
9702,3386,29,13790
22764,3565,88,6556
14239,2388,72,21170
13123,3585,10,4400
6815,3646,33,6003
21159,3713,39,18824
10880,3802,2,44582
29831,1819,97,25316
15725,3475,72,45946
3591,347,95,40316
19600,4318,48,28810
19491,3719,20,35309
27121,2271,96,8240
2878,1332,13,8712
29959,4200,59,33471
11100,1094,33,28878
13821,3579,30,12375
664,803,2,6934
939,1375,53,41840
14943,355,33,27100
14440,2066,21,14994
27161,3288,96,5397
29666,500,20,21761
5494,3883,58,16235
1920,2038,76,24332
26906,2790,24,38465
21543,1431,53,44189
21674,2728,36,32155
2807,408,86,31902
29340,4496,53,22104
2279,3626,88,42381
18029,4766,45,10452
26038,1688,72,34819
8242,2318,3,8254
16156,2373,56,5865
17540,2255,68,39120
23158,757,72,28038
26794,4245,84,42853
19762,3487,96,13914
5624,4164,19,26107
13907,1261,75,8165
4187,1897,19,24932
13463,3764,99,16837
4852,2055,45,40339
21465,4402,95,30637
24729,1063,100,14372
22124,82,22,29743
22394,3823,99,38374
19565,4877,24,7694
11743,4964,12,48465
28072,550,52,44539
23098,4531,17,1280
16373,3457,38,7021
15814,805,98,3082
15710,2100,2,13823
8545,1001,48,45856
11105,2301,36,35988
24225,2399,26,14015
18934,3308,66,43564
20735,2531,68,13360
9812,4512,80,46477
2119,915,37,26174
17293,579,39,28445
11516,2152,36,35524
28682,1542,17,2388
18284,4000,1,10003
17840,2070,28,30561
15656,4505,98,18392
2860,2787,95,32083
10856,1862,46,3167
13440,3565,49,29556
3508,62,84,20454
25579,2063,17,28925
11741,4486,8,27898
16204,3596,55,21153
15937,2827,98,41687
14710,3607,68,16628
16208,1328,100,18918
5581,4762,41,7848
24185,4318,17,10726
4535,1709,6,30536
1188,1685,5,45141
24026,2615,53,3377
4506,94,10,42538
15627,4046,89,19757
9563,2298,63,15691
9675,2263,63,22069
8586,3826,27,26801
10734,4549,50,18697
23668,2895,27,21942
1203,3209,16,37192
29291,3030,86,40161
16013,64,53,15363
332,3171,18,17046
17417,433,19,44094
23359,2888,39,15466
864,1843,19,20009
20227,1374,73,46300
15015,871,43,5194
10773,4023,29,33475
6773,322,47,4217
3960,732,24,46845
16568,1465,82,2712
5070,3278,47,28126
17659,3435,80,6223
16286,1472,64,6032
19245,3232,92,27889
8958,4117,55,28425
22882,2334,36,29913
5807,3357,41,26007
6718,3252,14,15373
28313,4632,26,10714
17167,1715,3,6679
18509,2161,87,41180
25017,172,41,6405
15874,4799,30,19194
23108,4575,9,6104
29866,2698,17,46375
5875,3295,74,32550
15887,2856,80,41939
18493,375,37,32407
6088,4488,89,10406
7562,2841,15,41673
23448,866,97,11097
28394,3953,25,47157
21645,3940,3,48035
4050,1186,100,5029
15698,1483,47,34882
10902,2273,83,42687
1574,1080,7,18234
23351,739,93,11698
399,1285,61,35851
5351,3351,82,7827
21291,2894,82,17698
26055,3355,45,17742
10338,2137,91,29757
25670,1516,53,32769
20676,4476,11,1693
23040,3112,31,34272
2496,4122,62,8339
5865,4655,97,7593
27560,758,88,26647
17064,1720,41,3367
29810,3848,90,33510
23170,3666,4,28508
13280,280,24,34227
612,2528,98,6542
24994,4194,53,23264
25582,1305,99,29597
22957,2822,64,34531
16160,903,63,42077
5766,4005,90,22791
7043,1149,12,23336
1911,3361,57,21957
23838,898,59,10629
26158,1393,33,44020
6989,3481,26,36301
19144,2017,45,2113
26387,4801,85,12550
28049,1878,79,44265
11866,866,94,49881
7264,1387,97,4215
13218,1599,30,28242
8391,1567,86,25067
18530,2063,16,25975
2663,4848,7,2566
19733,4865,100,16775
9936,280,44,48555
25183,3808,25,47359
89,4386,23,43727
2853,3207,72,14071
28901,4148,76,15393
7345,2208,90,17854
24587,839,70,21535
10593,1854,7,4598
3276,3494,91,21666
29598,3773,81,33895
29322,3103,14,17548
16250,446,83,48836
28105,2064,5,22495
3191,1166,75,28333
29499,4040,53,32426
3943,1622,20,38869
22147,2360,21,38612
6433,562,15,7510
24546,1902,3,40845
29072,1474,97,40790
5171,2184,79,1714
10382,2830,31,8835
30,3860,35,21102
10027,320,29,10693
25870,1386,29,48380
26659,3183,46,42080
17141,3901,12,28385
20875,2136,41,2544
27851,4517,39,5186
25429,3128,11,38099
11722,3362,5,26511
7965,2997,95,10865
23787,2381,38,42591
13917,2941,55,27695
28154,1018,25,48916
21757,4745,93,8971
2127,4330,32,1025
12716,284,10,35774
22148,2533,80,45597
3246,4855,44,23040
3134,3990,54,29257
4545,4380,16,1750
10272,1489,40,33647
22059,4675,92,26624
10212,2114,96,40408
18299,2361,70,4230
160,334,75,25946
10643,1890,41,6938
28153,1193,6,15688
29,1831,41,16908
8297,628,87,30942
18370,3140,83,1491
18818,4872,97,22805
2969,3931,54,8027
9803,2863,4,12964
24560,1208,50,10576
4711,4279,63,8582
27885,3426,28,47543
10175,2693,59,19822
6755,2873,91,38519
14778,250,31,42223
27030,1217,13,48624
11764,889,60,35402
10518,763,55,44319
8360,3105,71,23303
341,1062,67,35207
1879,2916,6,24698
3894,1182,78,41321
24970,4262,19,24801
20184,4492,6,24511
24279,4351,45,4061
6827,4478,74,46362
22659,4217,78,36807
4640,3733,3,34928
20594,4628,27,6148
2755,3760,75,1994
3246,1145,7,48108
26928,1773,75,39463
23571,323,80,26806
19719,2222,88,33659
14365,1032,28,7724
4075,4695,76,9514
16771,4816,54,47163
12350,857,76,12863
1233,4129,35,17203
6273,4819,68,19719
2752,1012,55,24450
12745,681,89,42188
25952,2206,55,7435
5681,2242,42,45790
21881,2714,52,40189
29486,711,89,29613
29044,1334,44,49559
10757,3858,15,11562
8662,4040,69,29724
6008,933,17,26474
22329,2108,53,34495
234,4165,47,17313
11427,66,4,27163
27890,3373,10,27067
13183,4890,80,34610
9035,3698,42,10869
19317,4697,32,39550
9472,2290,50,34601
10525,3456,20,14750
28073,2601,42,8471
18049,680,100,38895
20322,4254,84,22456
7469,1088,90,47510
15793,1123,38,2037
3439,3544,95,46159
10849,4821,54,10140
13599,2870,41,28155
24023,3461,61,25461
14837,2692,95,21014
16616,1918,87,35271
3215,4849,42,41427
23652,1652,76,14213
13815,3348,59,49657
441,2781,27,15883
18044,701,74,4007
29885,712,75,34131
19920,4587,49,5698
1558,1365,84,21185
27471,54,39,9486
6102,1286,44,40070
18221,3103,65,32253
8016,670,22,3222
8120,3022,95,14488
21242,4268,52,41201
29244,2233,48,38599
28030,4120,53,36302
15888,3225,72,42109
29758,929,74,48310
28826,2595,11,25527
12110,248,36,5968
15814,3315,97,5054
23260,3722,36,12207
15778,4817,25,7083
22678,2483,84,10274
12762,2209,23,14747
3475,4936,14,13858
11784,1449,77,9261
26428,4147,87,19611
29641,200,7,19807
13922,1088,85,38670
18967,4785,57,46442
12301,3053,89,11414
25036,4490,92,13656
24796,421,28,42489
26911,3260,25,18321
17022,1417,36,30182
2945,4070,30,23953
12225,2689,80,44698
7882,567,97,40319
19805,3556,62,28606
34,3814,20,49081
11946,2162,33,36523
12059,3278,25,13207
15508,2900,92,16366
2506,4469,22,23841
28250,2166,46,27768
11182,3892,99,39258
20934,4286,37,36519
1298,1217,47,40449
7890,1205,57,11078
17933,4160,24,19471
3244,4179,46,2804
9295,2894,38,46578
11951,2902,34,28016
9098,2386,20,11348
17871,2442,61,34646
21537,3698,76,33965
320,134,22,37433
28537,3177,36,44326
555,2274,1,15958
21998,1676,38,3289
25524,953,72,31840
10688,4429,74,6416
15471,4581,12,20760
10371,4897,35,30910
23167,1301,48,30088
20786,3070,85,5019
16811,4874,59,36679
20285,342,42,49440
6904,967,33,24443
260,922,55,45235
17150,1040,11,12840
28987,1212,74,10094
4833,3708,3,48675
16673,3650,69,35547
7522,2401,30,33491
10338,2462,52,40997
10039,3268,12,48673
286,519,48,43262
6733,1003,12,20698
15791,2848,6,34175
28366,845,36,37126
1149,4452,94,48386
21288,2342,26,15632
28756,2550,90,46226
4086,4114,69,21806
19229,4551,56,32750
2808,1465,7,20245
7519,1115,8,39980
25753,2800,71,22352
2206,2824,14,34662
28060,4816,89,46044
12532,725,47,41798
387,1300,29,41919
25941,1314,35,41579
19528,3780,6,32343
18012,1777,37,6611
17580,4161,43,42403
17365,2080,27,23877
7255,4782,73,2737
24741,2667,81,38828
29905,2526,1,41661
21029,1058,13,44132
20878,2751,84,24604
17589,429,100,17503
29474,4632,55,18490
29447,4746,57,49273
24471,946,4,40449
9115,182,22,40838
19815,4982,82,28113
25618,876,70,14699
12324,100,22,7740
14295,1877,61,24147
19324,4649,3,11293
11030,3468,89,28849
8708,1037,35,24395
15736,3920,82,39128
23533,3940,87,24025
24931,930,32,29656
23201,3524,4,5269
4966,117,91,12402
13589,652,80,35034
26971,1351,7,29007
20699,4420,97,33004
13971,661,34,15373
16034,1241,89,18671
9583,3611,33,5766
23822,4618,25,38554
151,4801,79,34683
7797,2000,70,29936
6378,4116,14,49085
28937,116,30,40744
25280,3171,47,48994
9522,4611,83,25909
21484,1752,81,36549
28641,793,7,36194
11771,4967,9,48798
7942,37,80,22655
28222,2724,17,34853
12487,2293,95,14452
25484,4433,85,10005
10341,2089,76,5885
11698,3440,27,10654
24391,695,12,15815
5543,665,18,14172
29877,2802,32,8992
15817,3595,62,42000
8386,2584,27,5258
15522,3504,98,40192
4515,752,30,21296
26700,1888,90,12592
962,2579,72,2131
23881,3608,86,10507
5845,571,54,22338
4882,2843,5,3139
22549,3817,14,30294
735,2286,7,17215
22974,4587,81,28186
13189,4150,63,38557
19878,3177,50,2040
22325,3055,63,30433
21547,865,84,30081
13329,4062,70,18193
27905,3564,16,18126
22646,400,39,21679
18465,4450,44,21214
7516,3109,28,37647
19403,1638,84,49011
22883,720,49,36397
15006,1282,51,26650
7297,3936,34,30609
6020,1003,91,39812
27834,1685,97,18155
10115,2165,52,30996
23011,2540,78,7204
2511,1493,27,3284
9618,513,44,15633
19724,3010,75,32639
22411,4631,13,20347
24536,1921,74,39541
14388,1696,56,40868
16025,1539,78,19238
29395,2960,21,19619
16944,4898,72,36886
11701,4219,48,47449
28531,2385,39,5422
11238,4672,52,12415
9451,4768,75,44179
28001,1353,70,2604
5763,1028,35,17374
9720,502,7,18334
6581,238,97,47914
3542,325,99,23388
28962,4968,22,39060
23412,839,51,46570
10501,3206,56,30544
8253,2353,80,37937
24477,1,21,49031
19305,4191,55,35417
12816,3395,53,43559
7814,2707,63,25622
20168,1587,26,8567
8666,1764,70,34834
23926,1728,97,6863
12168,1252,31,16681
16716,1534,81,2266
4106,1451,17,37785
22658,229,43,13072
16614,1304,26,11489
21345,1058,100,32133
26570,1470,1,16428
23241,850,59,12385
17498,4440,10,44895
21337,4809,88,35786
5527,3207,52,47196
1354,2835,1,46243
17387,1126,94,2581
15396,2177,16,44404
18968,3526,39,42981
11576,2473,65,17035
10108,639,77,14233
6718,3891,31,17780
3249,3044,87,15796
26126,4024,69,17012
22667,38,59,37773
11092,4294,86,2060
14696,2867,36,26709
18085,4850,20,10615
265,341,26,38503
22846,3332,47,40809
15908,4475,99,28317
20821,993,58,9291
21893,1033,86,11127
7799,3256,35,18445
7197,980,44,45494
21400,3820,65,15559
21542,2325,48,33039
14701,4548,74,24008
13229,3476,93,36251
6454,4407,90,17815
3095,3864,22,34529
1210,831,94,39309
25431,2774,81,49596
23279,227,58,17009
18873,3572,57,20914
29840,3918,79,22406
6125,4174,98,2243
9209,2242,39,25544
14746,3127,40,31978
7797,3760,12,21654
12496,117,94,8600
19912,484,48,33369
4106,2710,41,2119
7510,2777,25,14634
11296,2165,85,48918
24363,1985,72,8739
1997,2399,93,44701
11757,1510,72,49397
4197,1807,63,32540
24989,4997,32,27297
24248,2575,68,11521
29773,4996,53,21848
25170,4713,54,12413
8848,4059,84,39289
8485,3766,13,29402
420,3373,45,7963
3203,2569,86,28851
8316,582,19,29103
4657,2856,96,35129
6179,1771,60,13788
26607,1852,63,20339
2229,3834,6,10653
29281,1147,71,47272
6237,2295,72,36683
19562,4311,23,47066
24672,4950,58,1299
4630,3631,90,9671
26880,686,31,24051
25637,3777,56,11548
19964,782,57,21050
3000,4322,98,47171
6115,3187,44,1172
6322,467,48,41050
8406,4349,15,11050
10460,4576,74,43562
17470,1074,28,20544
23002,1688,85,17869
24720,4911,20,49760
29342,2388,57,3031
9768,4893,60,22114
28950,608,89,33249
13035,4964,35,39716
2905,2986,37,38080
4702,4725,15,20827
1193,3090,64,21196
3511,4658,56,37054
21407,4356,55,46852
28710,908,68,44557
14344,375,72,20864
190,2307,21,46464
10744,2192,43,4229
22842,1861,19,37199
28774,1369,95,16162
24188,3946,56,12950
18459,3599,33,26557
27320,3862,48,33185
7438,1297,60,12449
20199,2695,19,13111
641,929,15,15982
28636,2216,1,35347
23717,381,5,25713
13323,4898,2,43519
29751,768,68,32464
19356,1033,38,27717
2848,3800,41,44743
14957,3439,5,22692
22700,989,57,49433
2908,4726,58,33712
17779,4989,19,3816
631,2347,73,49167
20354,2737,75,18439
21710,949,44,14994
10746,3950,12,39985
18632,4058,3,33353
13741,22,54,34257
4615,2653,88,8740
19971,3236,82,4278
25103,1211,32,30205
23503,1104,29,24134
20091,161,76,4122
24657,738,12,25670
17520,1904,86,16138
25405,515,16,46290
29421,910,78,26465
2283,793,50,24719
19714,4718,18,31767
975,1182,42,39055
3280,3215,24,17296
11641,4105,97,44121
1056,975,66,36839
5442,2738,70,13958
5992,804,67,26185
17111,4679,46,8687
14435,3945,55,48916
21042,1895,61,48937
23015,302,21,44903
4745,3332,34,17536
29108,3532,95,36230
25840,500,43,25295
3215,1792,76,29813
1733,2329,77,46898
18176,1860,99,31340
24462,2155,81,7528
4537,214,67,5019
15146,996,32,49100
7907,1789,85,6792
18329,152,72,27884
15889,1989,17,37356
18071,3930,49,43917
19165,3984,76,4217
5290,3640,32,33765
24047,2262,39,49349
4930,743,5,36411
27867,3487,30,38099
16522,98,12,41894
20632,3383,48,17227
9706,900,20,4609
24777,4379,71,27160
14807,1612,22,33640
2157,1298,15,36551
23460,4930,55,19150
24506,1085,97,7830
4397,14,46,33216
10873,1566,2,6295
22864,1567,73,33986
25087,3121,42,5537
16841,1151,72,46931
5310,3765,67,16825
16831,4161,44,7357
20683,809,53,26481
26810,2135,10,49507
27066,2531,30,5197
22117,1610,21,49145
19836,2820,46,3413
2237,902,95,11490
5846,1192,86,20229
17302,4303,15,11826
7878,4411,87,41995
21548,1549,57,13715
8704,1025,8,43064
23727,1427,10,13140
21418,617,22,12705
28368,4370,15,9254
28519,2913,93,45767
17197,25,13,4629
13419,3798,51,49211
19243,2666,93,30556
29138,3268,41,45722
19059,189,83,33441
23387,2164,31,5387
1376,3497,3,42069
7466,1876,87,42049
21806,934,19,43514
4336,4857,6,46254
17560,653,8,43820
12996,3725,88,35612
17849,2688,8,31130
11737,4460,63,42102
2660,343,20,26553
11377,681,57,2712
28104,4789,8,46752
23187,2601,10,49621
11376,2091,29,24539
13814,3765,92,30779
27796,4382,29,8048
13931,1037,11,41250
15359,4705,82,7562
3397,132,46,16774
4604,1669,72,44366
14006,1648,76,35833
11886,4674,4,7860
6091,2516,1,15304
6418,4797,23,49376
27491,4258,36,31111
18124,3006,86,24422
27969,428,7,47804
23560,1826,1,24844
4852,3320,73,1527
16447,2090,16,36517
9772,3889,74,37592
7868,219,56,44466
13971,3954,35,48804
13507,3901,57,4766
27820,4064,86,35387
12841,1650,97,40188
5152,3295,9,36471
5925,686,27,21947
10020,3370,5,31586
16977,751,48,35225
28138,4850,31,41607
28378,504,32,2948
5672,548,23,37762
27909,3056,100,32801
24754,1580,51,15861
11250,256,6,44713
28665,3112,45,40595
2138,3403,13,17548
16806,560,94,2780
5640,2559,40,44204
1066,4626,24,8059
9380,4433,38,29825
19336,473,88,45160
287,1553,16,23096
15207,684,13,32743
13319,2961,76,9559
2099,3161,43,32625
18071,3883,60,29979
13658,3068,4,13880
18056,3974,17,6588
7299,288,56,38845
2141,4478,47,42986
13964,632,65,5165
21026,4447,67,14767
4061,333,40,37987
28791,7,91,31940
10388,1339,5,48051
11144,1820,74,6254
889,312,74,34862
3527,932,12,40871
3352,2665,36,10711
27819,947,65,22448
1780,4054,99,43329
2194,2193,1,17009
22092,4918,68,7169
13330,707,80,31238
27197,3146,88,23820
29247,3107,35,34049
6030,3220,25,33240
14306,1381,69,15478
16064,4086,84,17866
18995,3510,87,26380
26255,4019,33,38508
11745,1316,22,26797
8541,4570,95,39725
3628,4780,74,28002
10409,4168,84,8076
12784,4970,43,34942
9885,3609,49,29683
9721,3497,11,1632
3435,4749,76,49462
3901,3904,2,20281
15323,2100,43,8527
5348,3812,81,22718
4281,2348,56,22127
21364,3470,83,44861
20767,2477,93,37796
24934,1386,94,27901
23093,4700,88,41898
6202,3757,69,23746
13564,2862,82,11219
60,1862,43,46172
12707,2648,77,47189
3357,367,32,28889
25008,4624,85,39778
26197,2176,2,4406
13811,4732,64,48030
1515,1276,98,40350
26077,1451,76,23247
1606,1240,24,19494
27886,365,16,21903
1061,3191,25,24200
2024,3955,43,30561
10434,4573,4,21817
27971,3050,96,36231
8100,1691,28,18552
14106,726,83,41940
4590,2267,17,30094
7024,2884,6,6767
22471,353,20,19355
16217,4871,58,22161
18464,3510,40,10933
7117,2790,15,41430
13554,3621,47,40324
18516,4919,100,3530
26190,1851,77,18905
28273,4637,96,29681
22918,3744,65,15556
7462,4567,3,21813
22897,3123,51,5675
5613,2224,23,17064
20364,4804,85,4312
7732,3687,19,11009
4068,843,61,29044
2830,2218,65,47924
21652,2847,1,31438
15525,4807,6,46071
18261,3397,88,38057
25061,2392,95,20119
1609,3052,22,19988
21655,4490,59,4026
7985,3923,30,41136
17548,1181,73,30872
28956,821,24,48314
11058,1069,66,49461
16551,3207,53,16191
20269,1733,77,31494
13745,884,55,14036
25758,3216,6,1312
25428,1887,2,44942
8057,2933,59,3850
3643,4494,60,17828
17915,2422,70,28764
1496,4222,88,48429
3596,1544,25,1851
27364,337,63,23955
11490,2613,66,6583
27459,3060,38,21723
20252,1195,16,42157
8986,2223,68,44492
16634,3375,53,9472
3267,2672,96,17025
2414,3633,69,2594
3035,3245,97,20873
4444,1168,96,11960
12232,2018,51,24456
26479,3220,24,17121
621,3745,70,20609
13119,1447,28,42045
18903,1381,75,40045
1303,1321,73,38228
23246,2615,49,1122
1530,2563,19,18255
6510,4307,59,20398
27128,4374,5,42597
21014,3803,16,5334
8367,1593,28,28153
9994,869,83,30021
8598,3993,36,42359
21383,3562,71,25368
29236,4350,68,38688
13682,2740,57,31456
28429,924,52,19263
19302,4242,23,48345
14733,1537,93,12149
9349,3069,51,9374
29768,4595,28,20247
10761,1627,27,30571
3660,1033,80,47062
10614,4454,62,47690
25452,599,1,36801
10855,2116,89,17632
14324,1863,56,10423
13392,1281,15,1397
4490,1011,45,26667
356,3408,97,14177
4491,2084,28,19961
24752,4273,2,11663
6712,332,24,9162
8639,2946,59,17359
17072,1138,12,49890
1521,4810,52,34626
22857,4317,75,24914
17621,2512,61,48261
4052,4167,41,12292
22609,4610,37,48830
16489,4141,3,36715
11228,3147,56,48793
26516,919,44,45500
25835,2007,77,41185
19844,2449,44,39788
14547,1049,82,23137
18804,1118,50,9428
16011,2563,87,37071
8583,360,36,46797
23131,1788,50,9850
23742,2554,74,40044
3930,3081,1,19145
21734,2358,50,39816
15031,97,60,9077
16611,3096,10,46126
1308,4141,40,17700
25484,492,86,29009
15027,1696,86,37713
9973,3828,28,27724
27441,115,73,31470
26693,3252,19,42640
15096,4516,44,49575
24736,2075,12,35062
25114,1723,30,45668
3341,4450,9,28738
2462,1776,93,44909
22011,2908,7,12459
10070,846,31,31701
298,1576,54,17436
13652,1378,12,28349
7849,3702,60,9891
24158,3956,93,36352
2028,2962,100,19950
2957,1944,6,32930
5687,1556,85,17916
23672,194,46,17707
6840,3047,22,29621
10035,3339,6,19940
8319,643,52,11398
20243,2580,25,24055
5741,123,98,6277
24360,214,34,13955
27784,4906,57,28589
3661,591,67,10195
7608,4614,47,7973
24991,798,51,10938
9149,3117,33,29882
9621,553,24,38710
17959,1257,96,17283
18256,1598,92,31573
26368,2411,16,32095
28786,2644,55,18770
27998,3329,85,1351
10400,3313,61,14717
25658,343,46,35228
18213,4032,16,40973
7615,368,69,9819
22692,557,84,24384
307,4307,41,16687
15542,1720,32,35630
25997,663,31,28313
23449,1028,58,10699
18064,3623,15,10893
6864,3888,55,36437
20214,2309,75,33135
23282,3186,34,41557
27117,4550,23,36479
9338,294,3,24418
11502,4702,36,30603
5056,4481,11,22938
21156,4664,57,29169
22566,1269,84,14524
26959,684,83,33504
19798,3956,47,25090
12106,4767,58,25005
15776,2695,7,36768
16626,1789,15,42459
741,3238,8,43667
7058,2836,12,26702
21734,3504,71,19768
11838,863,14,18660
784,257,69,2351
10598,966,57,10139
22319,1659,48,30331
6724,4088,94,17653
16810,134,82,7368
9455,762,33,49637
3794,3474,75,14090
15683,2561,61,21002
12140,4819,74,45514
8718,4548,34,4039
17951,3167,58,29856
10496,1667,99,11164
26740,2813,10,3970
7637,1993,71,40075
5076,4170,55,45114
8445,1258,1,44482
20814,2000,21,30349
1875,1881,23,26882
9500,3387,69,22900
20427,4299,56,27182
29290,661,90,8538
23448,3098,15,31372
19126,240,91,23568
6306,2452,72,43965
19868,3942,27,33243
6369,681,90,27248
26511,1731,98,47147
1152,4904,52,47881
2408,2128,1,13654
20826,402,70,26206
1042,3157,58,30049
23368,717,31,43823
2676,217,26,4299
26553,14,12,33606
15821,3404,73,46892
18863,3768,29,49697
10143,2836,92,3427
29708,1876,44,48723
5984,2094,86,25234
2468,1363,19,17480
11018,1795,70,29630
18349,2883,93,16218
20357,508,22,37256
22471,2143,56,25997
8620,3777,62,8003
25086,1141,47,13951
24359,284,11,40777
13641,3062,13,47105
29252,747,22,15782
20546,3923,25,23116
18681,1128,24,13376
11586,3143,15,13583
9764,2190,3,8162
16401,788,52,8724
26418,1595,71,1205
1402,3487,8,37771
13422,3887,65,34016
12459,4861,13,20587
26334,1726,19,43448
9246,4379,35,48764
28302,2090,49,5370
20797,3141,17,37909
11166,252,20,18090
15395,2723,21,43748
11449,463,40,28364
7615,3423,79,27116
14987,3985,42,19887
20066,3040,91,23731
17212,2275,93,23938
1493,1121,57,9224
25007,2929,63,13683
21890,3473,90,10314
9131,3371,4,31945
19026,4990,28,35227
14049,2329,96,46968
2680,3659,96,17294
10952,4374,72,19528
15617,2104,57,47124
992,1585,92,19220
13441,3877,41,7639
10741,3096,2,40692
21649,3802,12,45997
14074,3599,50,10060
20884,1515,8,8975
5933,668,78,20307
24319,2453,3,48972
29095,2841,15,42930
12388,1024,35,39858
16259,1009,27,33615
17932,304,67,21399
18328,1110,24,30296
23707,3845,84,30490
9905,381,87,11618
23330,4352,9,1257
20906,3,25,19712
28450,3859,36,26158
2227,1441,12,25986
3846,391,98,47502
263,4883,28,31997
4362,3024,79,29061
9528,2948,79,26105
8838,906,15,39212
7314,80,13,46398
28278,4292,36,31042
23571,4594,52,39070
20051,2074,70,27335
3949,4815,49,12608
5773,2164,3,46727
5823,766,2,21205
16972,1025,65,33019
17152,2247,53,10175
12967,335,98,35779
5320,1493,35,19121
23492,4005,32,19212
23712,3259,4,34613
2603,937,10,22888
6594,3932,82,44471
25435,4359,72,1793
3453,654,97,10905
6438,1902,76,28329
25230,19,24,6400
14296,2831,49,5425
23376,1846,35,37989
15515,76,26,8822
8950,1837,100,33705
20940,2970,53,47468
10644,3417,66,16027
662,485,38,23659
12206,725,8,1499
6809,136,90,7560
790,3949,1,38258
20024,1414,69,42445
9979,4284,54,42431
15447,4718,90,41750
29158,2885,7,34727
6628,559,42,21487
6396,4166,27,22673
25224,1776,60,20741
9208,1078,43,17828
2324,343,88,41375
9911,3262,37,27979
5528,3421,18,46819
15681,978,29,9130
27383,3307,36,1883
26521,1373,33,29965
9124,3326,67,12066
5945,2622,26,23501
25684,4325,88,4059
15773,1751,47,19011
26345,4977,1,26137
11726,3413,97,38520
15378,4963,6,24364
23536,1827,14,42136
11593,2131,89,31675
19653,2332,64,23258
4460,2582,80,7919
16758,995,34,32046
18310,67,60,39334
15589,4096,79,42679
25617,3349,64,24910
27043,4374,93,49892
2049,2259,51,31933
3602,4297,96,35632
17754,868,41,36319
16900,2328,2,20917
6953,3521,45,6723
18626,2223,26,28901
969,2462,63,47389
20018,1137,47,49517
13719,4297,62,32129
11925,4509,63,1437
9620,2609,23,38373
11986,3130,74,47747
13166,2296,80,22273
2570,699,81,26673
23411,3438,15,45425
27588,409,5,47728
9501,1041,83,39132
3344,3279,93,28695
13290,141,15,29217
13075,4036,87,45905
23087,901,74,9551
24165,3029,8,21894
9272,3413,55,4189
2163,4976,3,29261
26104,1033,36,3808
2494,4196,89,42767
19327,4701,44,25736
27084,4154,60,6744
1830,3532,69,29225
21834,491,72,42730
9115,3614,43,30616
2905,3972,2,34484
16844,4907,44,11363
28803,1179,77,14132
14224,4408,83,2358
22587,790,59,37053
9924,4776,32,43397
2405,2135,40,3551
10963,4256,90,43031
15760,2535,45,3713
13707,4434,4,37210
15346,3376,19,12813
27492,4460,97,33034
26054,2502,61,13161
28832,4143,53,27014
7893,198,68,11484
23930,4251,56,43691
18193,2149,76,15623
9004,2827,97,21439
16757,4620,96,29978
8632,39,82,5033
22257,4519,88,42893
18479,2737,29,46728
19115,845,71,47226
17658,2039,91,40735
29456,1583,24,12156
12984,4026,28,20961
19042,3708,6,45141
23056,652,67,48446
24637,3491,49,1822
22443,445,38,22221
28045,1035,1,39749
4913,4992,24,1780
28024,4707,83,19730
13252,1689,10,18059
7572,884,27,11631
6214,827,50,31782
19133,1222,37,20556
14133,136,16,27629
23574,1800,51,17441
2485,125,50,38529
25309,3998,90,39353
6063,2841,34,11458
10526,2536,91,34335
17355,1129,58,10212
8119,328,2,12500
23080,2312,86,37332
5716,686,69,20154
22661,1299,67,46872
26840,722,85,32952
1518,3571,92,25167
8348,4848,26,47433
23436,658,82,23945
6011,1213,45,17444
10493,4278,73,29755
5635,673,22,5979
10339,2467,48,34452
704,1352,85,2452
16576,404,52,29980
4892,1515,75,15708
923,3897,57,28038
20330,3121,73,30324
19028,1467,14,5517
21852,4736,25,20320
17309,1198,71,41925
25359,1518,15,27242
8293,2894,40,37672
4821,408,70,45129
29729,1793,31,24260
20627,3537,35,1787
4855,2745,59,14323
11226,2342,31,47470
9554,4201,35,29671
2328,98,83,31357
29200,477,45,38655
27099,1832,26,7540
9481,1496,41,18838
1928,2621,62,47351
9332,2920,77,41160
24218,1606,90,47467
7477,4621,30,2292
16639,2854,74,8500
9894,100,38,4691
1093,2437,8,27821
12331,1893,9,22228
27613,3312,35,41453
27179,3333,32,17418
19559,4121,88,33392
15972,4848,13,23820
15255,3146,23,4562
11157,1189,88,20984
23707,3472,2,1756
16469,853,17,10990
18463,960,37,33788
4923,4858,40,8287
5852,3829,84,45964
5890,4149,85,8588
6888,772,85,30438
23924,4401,14,26493
1855,2856,10,31127
28724,2763,40,47465
6777,1806,63,39022
11570,3653,63,4146
20594,3190,81,6190
26949,1584,36,31536
3792,3277,6,28696
21421,1915,47,10993
27334,1868,24,13924
14966,2784,94,39760
28366,1569,100,13766
24050,2471,75,20243
19543,1099,86,38659
782,625,51,34372
22949,1513,6,12153
2495,911,99,39849
19843,2216,40,1905
4869,995,93,27812
1006,3420,76,20661
29196,4832,82,44863
12233,2478,37,8635
2840,2596,98,42095
20111,1457,5,47759
18251,969,51,18547
28007,3767,55,28948
19638,2644,36,21901
14076,3020,70,8753
25816,3130,87,34667
22323,2747,7,48109
24015,2608,91,16981
3396,2393,99,5321
13862,963,64,22881
21300,3201,62,11207
29982,3388,16,16004
15361,2892,92,37374
5923,2819,99,29360
12500,562,52,17709
4375,560,71,34252
10818,4765,36,2038
29750,1158,82,23845
14814,1324,1,32942
16172,1273,79,25292
885,2767,64,6911
25022,4728,2,22772
23804,1822,49,23250
10781,3588,2,23000
19239,2478,21,46537
16282,3951,10,28105
19457,448,60,15034
9328,2354,75,11572
11534,158,51,42069
582,3675,58,14229
14703,499,65,18897
27394,279,2,2637
29277,4755,31,5998
2592,3605,58,23108
23785,260,51,39500
24683,3101,61,46771
6062,1508,22,37121
21605,2506,4,31530
24399,3801,97,31410
18576,4567,22,20898
14600,629,49,16596
27454,1318,74,32516
14556,52,78,44190
21202,911,61,7449
13111,2364,32,41866
19304,4059,66,32979
26895,3882,99,12745
9171,1129,79,36453
13812,2471,53,29821
5257,2828,14,29370
1894,995,2,18018
24704,2892,42,40181
18646,2608,28,26812
7084,732,69,23611
9927,3056,23,37346
4442,3890,87,5510
21221,771,2,39870
982,3183,81,45525
18597,1173,61,19306
13774,577,62,42814
11317,2301,32,32689
15590,4573,37,49321
26598,1091,95,46682
4150,1562,38,33994
7696,673,96,30603
18725,253,51,46566
4948,466,70,25373
28741,4727,90,45599
19846,948,20,23575
19037,4233,54,23211
14810,4164,12,38444
21731,431,12,8557
29849,4484,75,48421
7055,2110,78,11968
27979,484,74,10269
11341,4431,95,40742
27001,2843,64,48032
29686,4198,84,16273
5426,1454,84,19844
19657,1960,52,26758
3203,2370,39,8053
10006,2135,27,14595
19523,3394,67,46122
4607,1344,38,16076
27075,1498,60,12638
1878,742,21,38490
26906,4907,63,10969
27414,2907,51,9435
4414,2866,43,33488
25462,2842,21,3609
29846,2517,74,44358
19139,991,16,24209
25794,4218,47,33616
7702,1472,64,4954
11138,293,61,45671
29706,3734,80,4909
29569,1708,49,1710
15143,2362,24,15679
29960,214,31,12022
20995,2963,57,40339
27052,3259,65,38471
7285,2019,7,36209
2189,3718,41,15122
8497,4598,29,15905
28656,2172,69,33196
646,963,9,5989
22988,3714,49,36952
9387,4450,2,39104
4050,2078,53,31411
29844,1345,3,8203
18526,4849,30,35850
25854,725,82,30204
18665,3981,26,8990
14397,2721,1,38205
25946,3202,64,24173
16199,223,98,40416
23995,4195,90,31920
16240,4063,90,28445
28260,4386,92,47349
29426,2885,87,47431
5839,2514,7,48943
17900,457,4,20430
19073,4595,43,9738
14132,4982,20,21039
18426,90,98,10342
22331,2885,86,36717
5568,2065,28,10039
23416,1229,97,43070
28152,3519,78,21702
25159,4436,78,19511
28118,3801,62,31178
29800,2886,11,46623
13799,4488,95,19199
5564,1580,53,7592
3920,2853,30,20571
22217,4224,50,3513
3620,3670,10,38030
11247,1885,75,15544
9480,4471,50,21555
23062,842,80,41565
10653,3191,50,49915
29194,162,21,39414
13656,1807,9,17888
8057,2887,88,24740
23633,2707,36,25023
9784,2366,51,20960
9767,1906,34,17085
19334,1127,73,34986
2383,1106,43,42179
28736,2899,64,16922
22514,4684,99,17199
8495,1387,14,8917
8730,1364,84,2720
12281,1011,17,24701
6837,799,13,5844
23881,247,95,18011
29848,2151,95,22866
25605,3583,44,45353
11999,1936,88,42344
16757,3069,81,9633
17194,2009,2,43097
10923,1358,9,21553
14126,1149,92,33513
510,2741,24,8265
16468,1371,69,34779
28522,1681,81,31286
18632,3118,96,29484
20496,1075,10,42488
16646,256,51,5055
8947,826,15,22339
14393,1547,93,16727
22056,155,22,12137
13717,1166,69,28488
6948,23,57,25765
25097,3763,99,13359
10731,4072,40,48621
25324,3358,59,5792
13547,3110,44,1944
20031,3877,54,8845
23696,3073,39,3514
566,2175,48,2683
17920,944,19,24782
8519,1300,6,31143
19635,3678,99,5252
20774,3958,65,32994
10085,2201,91,15586
20323,3953,91,29237
1143,2640,14,26800
15321,3518,54,44675
5033,1332,98,22439
6756,165,95,21644
3449,3075,54,43686
20760,4204,100,44217
13813,4021,43,1010
9925,3601,75,23040
243,4593,94,7439
19632,116,17,21080
15368,1547,53,26196
13092,383,30,5954
12733,2321,39,14996
58,3629,59,49004
12011,4017,95,47343
5796,3220,74,4725
24050,834,47,1212
4546,2270,64,5594
21448,1843,89,47320
13152,2591,48,2894
1140,3813,40,43488
17631,2523,60,30875
28156,4442,63,35699
12357,3721,39,18604
4108,3766,36,47292
25459,366,85,40086
18715,3671,9,11896
2610,1664,80,43452
1422,95,84,31051
8957,4129,14,23100
16137,4748,78,46238
16546,3919,89,7811
15451,62,43,12050
18945,4910,45,15562
9031,1289,91,21652
8356,2786,36,7565
22651,149,64,35619
15781,4935,76,16017
949,2262,3,1541
16744,800,70,32944
2794,2835,17,44508
12043,4033,13,14808
332,2250,24,14327
18852,2327,78,5745
22898,187,64,11844
19896,3974,24,19315
22481,3882,28,47165
1402,418,76,48508
27607,2930,66,14961
15104,4569,53,34581
24892,2709,89,37544
14504,2813,59,48632
24216,2870,84,11718
12237,487,84,7091
25747,4464,56,46528
9966,3679,71,21492
15676,1374,18,37003
27612,3730,69,8296
23007,2047,22,44705
26075,1628,85,12034
23165,3204,73,49808
16208,2493,50,34311
19411,1752,56,3199
4110,3302,3,28194
29482,3007,5,42545
10480,471,43,30853
6232,3695,10,21735
28955,2791,22,26186
4304,3557,27,22621
10395,340,63,27642
14607,2168,60,16763
13424,1583,31,3533
19810,4219,97,16601
21781,2913,25,26671
7904,3882,19,31104
17924,3400,20,12555
7999,2053,75,10048
28311,3771,77,13015
17805,1793,38,25346
8265,3607,87,8249
10584,2796,97,26013
7105,435,34,41109
12939,4559,23,11151
25847,476,99,10509
16590,3840,91,2147
23365,3941,33,30248
7998,672,63,45473
6246,2781,12,12313
5048,4760,82,20550
16567,4195,89,38645
22130,793,54,45350
13502,2010,66,35002
27230,4087,7,27338
5752,1291,38,39323
897,4424,70,11031
13841,2612,62,38010
29649,4613,15,14185
29345,1483,82,11279
11027,14,66,15435
20105,4417,34,14940
27209,1843,33,45431
10751,2289,28,40935
6161,1519,45,19008
6325,3779,33,42340
27099,4738,64,32909
13390,4754,5,17538
18983,131,97,35176
15014,2016,35,2099
23042,4221,53,17382
23765,3169,42,42711
27910,685,15,22725
19604,4703,81,5565
18151,4962,2,7355
6678,4218,87,24831
29346,3478,51,5403
1115,3000,69,2426
4709,4760,6,31121
114,3246,59,28291
10723,277,29,48636
8936,1844,81,22911
15995,47,19,39819
19675,886,63,17744
5729,3587,45,29324
643,267,1,36711
15090,2950,13,10215
4195,4550,6,34952
29788,2683,85,11622
13523,2596,88,48018
18592,3315,35,46327
13367,3070,8,3478
2702,4446,75,2735
3151,3360,36,12362
16798,4487,56,48086
7172,4095,90,3743
2234,95,11,5152
16324,400,15,33032
20584,2429,69,3007
23888,2803,60,29496
27134,1909,92,45063
11783,1694,93,42602
18815,2889,31,16650
17795,414,45,47548
1338,1322,34,35619
17651,3223,40,8547
2522,2957,33,14992
24105,2774,99,8875
16917,4742,99,22800
15211,1239,52,19984
2319,2887,35,35392
18771,3928,5,17636
6607,3629,18,28691
14463,1285,44,22837
5774,2275,59,36995
21934,2598,18,42466
27409,4234,54,16337
18277,4233,55,39255
26267,3719,85,42081
15594,2539,75,9240
25374,2448,92,28670
4349,1778,40,26996
1530,3365,18,35959
28311,4994,38,49567
24609,4970,81,13541
4499,3694,68,44478
26707,3541,94,45523
26052,417,8,40051
19663,2112,93,5058
26926,1666,80,40582
13788,3011,14,19255
8202,4921,96,19758
11124,3775,36,28325
24437,3245,73,14804
16347,4908,59,7281
15457,3536,62,11615
25958,1614,35,25608
11564,2251,69,41702
16921,2992,74,40470
29720,338,85,31274
28596,4454,81,39116
20250,2460,32,22077
14309,2572,13,7153
22458,1640,19,10507
467,1407,46,33317
29417,3591,28,16717
4529,3494,94,21488
11719,1098,38,49653
3543,918,90,25288
10964,3509,77,4657
3282,2010,68,12932
7103,1282,54,41627
29887,1642,79,15841
4442,3207,99,49348
14274,1269,40,26442
11763,2165,46,22108
28529,4561,27,29696
13538,1983,70,18958
28074,4090,24,35842
395,898,67,17371
3650,727,61,46474
1728,1093,61,38766
1328,2079,99,44140
8484,3435,79,40779
14922,2882,22,7504
27841,1132,96,19931
10604,1697,10,36030
28723,2635,74,19440
22774,2082,72,23450
7911,3668,91,39045
3244,4685,100,22545
18178,3315,23,36938
11456,646,15,12174
1351,772,74,20787
9080,2926,37,2216
27554,2707,83,18173
9668,905,20,48516
14073,4737,74,15417
15930,652,7,18220
17550,560,79,43342
22052,3758,84,6891
11059,3534,70,22712
9496,3733,7,34179
11964,1742,73,43130
17685,2732,18,30479
611,4791,47,30435
27281,1509,35,43680
19225,4183,92,23730
23098,2259,87,41339
28835,2964,10,4571
4198,1395,49,41308
20551,791,66,13792
21758,4593,61,5288
10617,1542,10,45118
12999,1974,91,41328
13389,277,44,43018
8694,3982,47,17523
14858,263,83,2373
5897,4202,17,47964
4874,3108,11,43159
25976,4717,22,44122
20035,3763,64,28923
8577,2688,99,32475
28537,4472,80,14334
9538,4343,62,3385
27297,630,38,36138
7617,1780,77,23365
9938,3715,20,6221
9751,3055,62,8922
608,532,66,27808
24748,4226,25,39856
7295,1694,40,33150
10290,4649,77,35476
18331,3018,43,3748
9007,3217,8,1582
17061,3119,37,39734
19716,4335,65,33816
8204,4991,90,31790
18830,4446,47,46851
29465,3228,48,27465
26746,2232,40,41246
26890,829,77,12669
17181,4810,12,23491
14082,36,82,15929
18508,2158,7,34229
13212,4565,72,15085
7340,441,30,7114
22251,3383,84,49295
336,1821,75,18327
1853,3003,79,38422
7392,2233,98,4069
780,3262,58,33040
12088,2736,2,10576
17829,2371,79,14291
5851,4657,15,22217
16162,4643,3,26317
2321,1210,100,19665
23120,82,90,1769
18712,1954,22,14434
24396,3000,95,23215
12753,4814,2,28262
10330,4464,30,23176
11728,2853,87,13484
10761,2379,57,41655
24585,305,77,27849
2059,2497,100,31145
4537,3158,74,47724
13390,607,35,32232
26555,4541,20,47660
29375,1328,37,17119
7859,4872,14,6068
22750,1498,81,5750
11071,3474,63,34509
16557,4139,54,41554
4424,334,82,37794
22367,735,5,43325
807,2164,99,16398
12722,1244,60,48147
16284,1487,46,6643
10827,4961,92,17777
14393,3185,81,2943
4814,4784,76,33620
29120,2693,19,33193
2705,4782,15,40304
13127,3171,50,12797
21615,4018,96,32178
23651,2805,79,40548
29895,341,54,49198
25780,1983,90,30787
15655,847,53,47422
2173,3025,34,49181
21373,536,95,30269
5398,3404,93,27743
5672,1255,89,6036
27706,975,37,44324
27637,3194,58,29753
13246,4984,60,37658
9116,2742,53,25678
12819,743,76,11601
6530,2717,3,44011
21908,2103,65,18003
23482,3455,49,47743
24395,4131,92,49104
16617,462,16,11458
26692,606,98,31574
15355,244,27,8335
1232,2908,25,3615
6054,3868,65,22913
22749,455,99,3735
21969,1017,55,35579
15650,236,65,2324
17155,4569,37,9585
29241,1526,93,11729
23347,2919,77,3925
9414,3885,67,28482
3583,4772,63,3800
10586,4146,8,34575
6177,2746,57,36079
10158,3092,89,19169
1947,3998,10,15520
10645,1581,66,49649
27675,1342,86,3277
16649,4194,33,41003
13112,2766,22,10748
2447,2445,35,41750
6630,1185,90,13947
12422,680,64,27512
24934,4205,22,18212
1494,3669,61,44490
18833,1475,64,30548
27796,180,1,11852
14305,1185,85,6236
7484,4047,43,13895
25238,2812,78,49475
9076,3632,17,25187
27553,3273,91,14662
17896,1524,2,9365
10021,4443,12,21808
13686,3684,44,14818
25611,984,26,1961
11043,3326,48,35377
5291,2469,38,21282
16071,3725,77,32370
1644,984,66,40294
29649,2666,84,20383
13623,504,72,22520
28433,1392,73,24179
23583,1658,90,46005
22967,1779,79,6111
29541,4604,1,34893
11000,2808,49,12876
27114,3121,86,21010
11452,384,52,42690
9381,2806,17,41827
1313,3098,19,39476
28891,3346,4,23921
10790,3054,33,24959
15802,2303,37,11562
19353,1112,93,15290
15236,391,44,14217
10039,2693,55,22789
13223,459,1,44701
8783,87,84,38843
18154,3445,84,32841
12567,2179,35,14592
497,2865,24,28821
4605,1375,70,2806
12728,2612,57,40430
20573,4268,71,26301
3516,4481,25,31407
15671,1725,20,1706
8574,131,62,44321
8221,99,84,47996
26880,4269,50,41180
27266,1451,12,19489
14407,3867,34,33656
21559,1394,8,8877
28516,4954,33,46736
25847,815,35,36799
2949,1928,18,38639
16320,3831,95,4030
24015,3664,13,39527
3380,2768,42,40724
22746,810,39,2773
23283,2358,92,32018
26465,2065,31,6425
22371,494,93,24594
13961,4048,57,17599
2396,2041,16,8076
4159,2031,76,32370
16452,1723,85,18813
27558,1802,20,10942
5568,2956,13,13848
22020,4720,12,22452
21242,2584,57,6069
26906,1536,53,25267
28381,3067,48,33800
23393,2504,23,42553
14703,3880,70,33689
23996,1710,71,47670
29667,1733,87,8648
25628,2978,39,34701
3486,820,40,26206
10303,2411,32,1743
4217,4845,38,7076
23668,2773,25,34285
22291,3867,35,33513
9868,525,60,11090
20849,4645,53,21012
29739,4441,9,30475
21760,4596,43,11594
19924,2463,54,39588
464,3897,37,48327
536,1515,74,34214
22246,4781,50,11812
24401,3824,35,49223
8205,4866,79,45426
25488,4773,37,30306
20312,4569,27,21405
23222,1583,7,33167
15373,879,2,23599
17933,4217,61,7508
26414,3571,97,48087
19052,4274,64,32476
9651,2587,1,4679
18348,228,15,26869
14517,820,42,36171
18002,2409,14,16400
17546,1517,71,43814
4114,4160,23,15479
29530,1896,51,27044
9700,4097,77,8372
6155,3183,11,42385
9811,3431,93,15094
11114,2836,73,25451
25171,2446,84,35427
24616,151,61,34511
15615,2401,12,10133
18303,3105,15,21482
16636,4496,43,12287
27700,1331,5,16732
27079,4022,2,41279
9004,840,82,46273
15225,1487,26,9388
1077,4924,27,46343
24299,92,1,34411
29091,2336,74,25586
8908,19,34,10118
29413,3248,40,49023
22495,778,6,13297
20039,3910,55,8642
10196,1182,30,27635
28273,2615,81,24762
20177,2463,41,20339
19147,1105,59,17709
27601,948,69,10252
5423,3038,11,3019
29360,213,32,8835
26378,330,45,49348
12562,1130,76,27912
10495,1231,18,34086
22392,433,65,45787
11858,4153,25,5844
26685,3136,19,13770
18708,1336,92,46574
2759,3334,8,45453
22654,1434,42,13363
20927,4448,31,17297
17223,3492,39,3419
20274,1597,60,1365
24075,3121,62,38845
17910,1894,58,33118
1023,2746,29,5570
25033,1807,21,48558
5585,267,73,10403
28306,3673,58,36469
5235,969,13,25073
2586,730,51,8332
13551,4957,59,31364
20779,4434,38,28929
24609,869,20,31671
26337,428,12,41488
25212,1994,70,20425
12159,2020,5,32298
6301,1242,1,13990
2366,4943,11,5398
14998,4960,52,13845
17144,1816,37,26321
5008,2614,53,37384
26921,4392,6,23361
29537,1388,29,29389
7144,1307,30,42657
28918,4504,16,37854
9115,4682,74,7866
29918,1566,32,40362
2176,4230,47,24026
17688,3424,63,41423
115,2901,65,2247
22266,1293,30,10492
4190,1770,20,10323
8212,4928,41,8837
11587,3286,55,18929
11958,4851,1,5391
28653,4389,85,42170
15594,4493,21,3540
9267,3226,6,47157
27982,3012,20,2655
18419,278,29,20760
26339,4447,1,41934
21823,2087,66,18479
607,1562,36,14087
13741,2817,42,3135
3624,1909,83,6774
12361,995,55,14164
26494,1905,47,34294
11091,4491,3,2567
25007,3866,88,3416
29030,1509,17,48584
1873,173,27,28036
18118,2644,14,13564
21639,2564,4,22600
8380,3164,61,4390
13026,2778,86,10209
26719,3069,22,40205
8699,3095,57,22632
7461,3380,81,46356
5548,4872,67,3477
439,3612,82,20420
2837,2605,29,46957
7772,2976,65,43658
7512,3742,8,20997
16358,1141,44,20447
11644,1584,46,40568
7447,3750,39,36745
25003,1266,12,26357
25103,4743,11,2073
9293,1964,69,20408
23165,4888,55,6598
7787,2241,7,13323
4815,3579,99,29037
24404,4710,48,14354
2244,3773,62,30239
19643,3040,44,39965
13692,2406,98,38427
8661,3149,58,31194
8805,4096,50,13572
21761,1305,58,26347
23979,3766,83,27125
19130,166,60,43402
27014,447,64,14374
1939,4775,32,8914
27230,2501,80,1565
17329,398,36,38938
20614,3984,52,24465
16513,3380,58,45929
11214,2151,48,3269
4729,4029,30,14235
4274,695,26,24497
13137,3259,9,47203
22810,3353,67,17200
18365,1385,17,6097
1945,4487,58,9856
13910,1543,32,12738
22555,1493,91,10841
2182,1332,40,43848
3139,4252,88,9845
16905,2691,69,15584
2171,3192,66,17458
20917,2717,71,39233
17446,4182,21,45753
28830,133,48,22559
16254,2420,15,32769
13642,4916,93,41689
15064,3682,56,34368
5692,3651,46,33992
12405,84,4,38440
12995,1493,87,36625
20152,1645,95,34398
19201,280,59,11627
26056,1435,55,49117
14305,1555,47,6393
27313,4301,72,17133
3142,504,77,16124
27275,4874,52,21147
29126,3054,51,6504
13390,755,62,40870
17852,2413,91,14407
18772,1398,16,45396
8879,3707,71,43152
14173,4470,44,27919
14744,3152,45,17141
26493,303,92,20130
26089,3742,98,37667
25525,1648,8,26425
23434,4503,98,39094
22843,2037,58,3849
20312,1083,24,42750
19612,31,53,21609
22675,3467,19,8444
19092,1444,62,6483
17658,3724,67,45279
2704,2413,40,43555
14872,4290,73,9177
14946,4153,12,41762
24693,2822,78,37632
28081,1247,9,7639
25419,4980,95,49778
12520,2180,10,6102
5448,2533,46,27906
19114,3940,25,16216
18898,1681,38,18773
641,1050,69,36982
14210,507,8,45018
15707,1298,56,29413
5587,4374,96,24631
16919,4819,23,14712
15345,4463,2,30813
25878,2859,40,26003
26297,1649,38,12405
12033,3726,8,20602
1708,4530,97,18063
21609,4908,19,33133
24780,36,66,33685
11363,3371,12,22601
27764,2493,28,23937
9374,2330,30,47057
5182,4179,64,6733
20909,1153,42,14682
24588,4448,3,15312
26826,878,53,47236
16500,1662,75,14856
15749,1760,55,4006
4380,4321,80,27288
23270,3025,75,10889
25912,1821,6,17917
2701,1338,82,48371
15648,2209,49,47076
27038,1688,3,48506
27766,2398,99,16442
24183,3870,68,44798
13244,2647,48,34508
21044,2928,43,43567
16985,3418,55,43449
12059,3350,31,13462
19245,3345,100,44579
8542,4170,77,14533
3091,4794,89,43964
11436,2410,30,45393
6224,4241,85,8927
24673,150,6,10985
15568,1245,22,10665
23593,836,39,29472
27088,4231,24,3341
29893,2484,71,28111
14993,1052,63,41631
14425,927,97,42651
15238,2357,75,30647
22513,1465,32,15631
9598,3768,33,35729
15625,945,45,37744
22697,3296,92,39422
10689,4611,10,22869
1283,4154,78,43189
29478,648,48,6744
890,1980,33,8018
27213,1738,47,30932
2186,25,24,24447
25860,2204,7,22763
10347,11,10,41928
13113,3690,92,41335
15659,2621,8,33372
27633,901,62,48063
26732,907,69,48098
5391,3477,24,30111
22642,4490,97,30994
10008,2884,48,38282
18841,4670,80,6627
25701,4590,93,16337
25541,2660,91,38502
10122,4104,89,44507
6039,2839,32,18346
6721,4864,62,45789
5983,3074,43,11049
28588,279,46,46380
28341,1621,32,41732
3898,3313,7,28130
18503,2759,17,29811
15201,4398,36,19573
24288,2692,86,2562
21190,1366,86,29830
28048,2142,36,11813
11091,3006,46,33150
12808,1181,83,36685
20012,547,10,48385
18992,1479,90,48153
28871,4899,1,27703
21892,2287,49,14576
15225,3704,87,26913
10148,345,86,11730
15071,4959,13,28686
25132,4433,33,38464
6942,110,72,19786
6655,112,74,6432
14728,2718,4,35155
25944,150,73,8814
28354,4494,58,46940
11956,1991,77,5002
23488,1987,5,47842
20247,3226,81,32918
8877,2346,14,27189
19635,4039,71,38750
1730,3133,37,33743
19539,2656,20,16532
26129,4191,17,19149
4624,2283,95,49291
20513,3392,43,18548
5628,3398,28,12635
19282,4519,78,30688
2729,4317,18,37267
8210,4934,62,10163
23485,25,86,16767
9068,2051,53,38298
17147,274,53,45555
3563,1071,59,19970
9683,1058,92,48751
25646,565,17,16776
25373,1320,94,24891
23353,1469,57,4081
20226,2646,92,6905
7495,455,23,41536
13326,1357,60,41009
11509,91,88,17869
5295,2924,89,46178
16039,262,82,44313
21566,4501,71,18645
15762,1989,51,42887
21470,742,80,4011
16325,3733,71,17064
2921,2388,19,34385
8819,4147,100,6509
3764,3010,31,49132
26969,3516,74,36292
22867,3040,34,20690
208,1045,35,20539
21547,2834,15,13650
25110,4663,73,6634
29474,2317,84,24413
26800,2424,79,6404
18861,2705,4,17891
22926,4835,10,24496
1400,4521,14,31039
19160,1664,4,48147
1092,1408,100,45702
9489,4842,67,46455
1873,2339,40,2199
1411,3147,10,6258
29118,3448,13,20896
21298,3245,72,6870
1994,762,41,7783
24600,1838,91,16630
24822,2305,25,37656
11665,3616,87,42985
3576,550,61,22774
20366,2358,77,7461
11388,1732,25,9527
8991,897,12,3124
16579,4537,62,35732
6441,2817,95,23978
19727,4271,59,24402
10488,152,31,23494
3298,2171,7,48310
26230,3407,18,46298
21890,2733,95,3764
28078,1298,42,48860
14243,559,7,22252
10020,100,91,17100
4972,1975,68,13888
29781,4278,94,31664
17243,2245,10,13960
11128,3007,23,29631
15206,2830,39,42199
1853,4413,72,42732
15959,2934,68,36265
22130,3366,15,30747
21349,4224,98,12993
26033,2552,95,42718
5458,2544,27,17058
19505,486,3,31817
7528,2212,60,7443
21319,4362,36,19920
17575,1458,49,22027
25972,2062,71,8774
2369,4682,27,11900
28907,3900,9,9007
18352,4030,63,39016
15705,3451,31,18404
5633,2079,54,44208
16634,674,64,44525
8164,195,33,12570
13145,693,45,41497
9801,4082,86,47362
18514,1894,15,13645
408,1358,89,19240
9835,3798,93,25891
24185,1977,55,6568
23039,1559,36,15239
19904,2426,19,29395
14971,2546,72,40235
28975,2562,22,12789
28705,3854,8,41854
11698,2502,58,10426
25005,1993,3,37931
8589,1929,97,31585
24662,2919,93,10352
6800,3608,47,26792
18718,448,1,33699
23828,3149,94,34574
9287,2821,47,4272
5758,956,3,36142
17571,3074,59,20050
13197,3592,54,2939
3688,136,83,5009
17848,352,23,37407
14688,4385,30,12236
9574,1576,44,40723
21836,573,80,14926
13272,4989,97,36134
18736,2707,6,6620
12453,4681,63,46081
28703,967,25,46458
29988,123,44,2010
27398,2278,24,36563
9048,4426,78,28801
16546,1281,37,21698
1298,693,51,12671
23958,2127,92,40838
28572,4318,21,21510
22144,2007,1,24999
11152,3973,70,26182
14394,2133,84,49934
2650,4999,90,46127
27259,3439,65,22951
4834,315,9,29065
22520,1352,83,23124
26837,4551,6,41816
8938,4687,31,42304
20696,2789,14,28594
197,3177,19,34730
15598,728,40,35124
4551,875,12,22774
28798,717,99,44407
28343,3168,99,32310
4386,3377,83,14755
19672,2815,2,9584
22799,2405,54,31794
21220,2624,41,7503
9208,2422,25,43198
18949,640,13,14599
9230,4212,39,6878
19664,1010,85,1614
1552,904,59,17858
1455,3523,66,48031
6115,4848,82,9713
10143,2148,70,41919
15648,633,35,14457
18203,1611,35,47899
4599,3499,8,22423
18456,2882,92,11255
23743,876,58,14253
7149,3832,61,37612
6737,4091,31,6333
5485,3973,89,42872
10984,2740,68,22863
28727,588,98,13681
27092,385,92,8034
10317,2771,17,33706
23341,1052,37,20722
23119,1645,94,6464
5143,766,54,43741
19419,2504,21,20569
24524,541,77,19443
9461,3609,55,24412
12469,151,87,14287
22826,610,51,48175
27348,3802,76,38111
20555,1994,14,10708
25213,3145,94,13586
6037,3754,3,22867
25104,1234,83,6898
22727,126,78,25221
22500,4881,25,19971
24716,2994,99,4579
13726,4686,4,20396
13507,636,50,9032
15286,4458,38,34061
491,1061,78,3315
13952,1446,27,20861
2589,4243,25,46289
29513,3816,13,41191
29304,2339,98,39946
27392,4956,34,20190
5921,3730,53,21521
12134,3232,72,27841
15026,4358,11,1613
25619,45,59,41389
3023,1307,7,11318
12952,2779,48,47098
23252,350,13,2554
28714,3054,31,43931
1998,3073,1,19874
11838,891,4,33205
13626,3856,99,24853
7695,2157,9,23691
24480,2252,73,26239
8335,3227,76,26948
27858,4308,12,49823
6714,263,67,44782
26658,2530,15,33653
5319,4609,94,9588
6583,1475,40,41346
18846,3977,45,24795
22716,4584,57,30908
22327,946,45,9564
21143,2440,74,19821
18008,3069,80,30717
12770,4984,97,12632
7755,3152,47,40271
10602,1888,77,26605
9971,3793,99,8535
5722,3280,74,21216
28469,431,33,18236
14019,2081,6,38436
15194,1530,35,45962
28844,4286,17,35262
1132,3424,90,27277
22138,4454,13,18006
2279,3230,27,22273
3955,1042,2,27860
10946,2757,91,8109
28211,3293,72,36176
7406,2038,65,27747
10536,3896,90,44343
19683,333,39,33699
14351,3144,85,41488
3589,3004,56,42055
20632,3480,65,3615
598,3326,61,37959
7572,2304,25,25496
22246,4090,45,6992
28033,4759,96,20815
16083,2784,9,38909
5998,2347,96,43988
10306,3415,45,27361
6073,4677,20,38720
15536,2845,64,26041
13894,2566,75,13201
17861,1449,20,36306
2682,4635,6,4559
16983,4934,43,16091
8002,4314,30,12193
6917,2535,39,18315
2674,916,47,15711
180,1930,20,32063
6113,4685,24,8169
5055,2896,42,12096
14575,2229,82,46772
25385,3768,36,9510
15891,2748,82,17633
20585,1181,48,42842
207,1414,91,25864
582,2265,36,43436
25105,4304,67,35574
20219,4757,27,3021
10723,1197,38,43486
20207,2276,27,2058
26846,1907,75,49352
2954,3436,18,17623
2083,3797,81,45308
13570,3864,77,5522
5225,467,85,3162
5698,4704,52,28756
13416,4680,65,14430
7171,403,88,14267
4141,4318,95,26838
27407,3429,89,42921
21660,1412,52,49312
254,607,69,21410
26581,269,97,20739
14432,3837,71,25033
6458,788,15,19684
20381,3048,84,15523
15594,1668,71,4127
13087,1090,34,33051
1057,3130,56,23664
12345,4896,58,17547
15757,137,62,43109
6214,3405,49,9125
13602,4554,94,17046
29980,1735,90,6509
1013,2670,11,5637
4398,3692,81,17162
8601,3890,54,21680
27673,511,92,5242
20641,1433,77,10219
22149,3325,64,1847
5668,3957,78,33026
931,2597,30,8222
23855,3613,2,44861
15011,2803,3,43784
11419,239,98,33917
11230,19,36,47992
17972,1524,47,6168
17082,4552,1,40600
10581,1895,87,8080
12182,1987,18,44158
26540,461,78,17674
28341,4198,62,46470
2656,1242,21,9778
24615,1598,43,14462
18404,2365,29,1188
28845,4580,48,39542
2891,205,69,40401
1678,4254,29,25113
1015,179,80,45196
29410,2868,70,42584
28236,486,24,9729
9792,4632,93,9994
2506,4321,33,46083
10073,1271,51,11588
22467,2915,31,11356
9576,4735,60,19916
18975,363,47,46052
6650,456,17,15840
18032,3513,22,7639
13982,2825,77,49373
19622,3969,16,27417
27428,2182,38,46536
23534,792,66,33721
24687,1165,12,49931
4200,2971,70,2193
12229,2235,8,5777
29417,1048,62,37416
20636,772,29,48447
21063,693,31,19334
20344,1397,26,49442
1992,4068,80,8990
6716,3027,69,36275
14825,182,15,20963
10278,2708,37,32935
885,1853,8,1509
7840,3329,94,36255
607,376,39,37509
19811,4385,50,49046
29127,1226,48,19133
18697,1718,97,9960
17237,3074,97,46202
20910,3313,41,4724
1996,264,19,17591
23962,3349,98,23180
25620,1700,50,26504
27609,1437,70,32170
3922,4054,31,31443
26157,797,1,14074
12951,4002,19,10260
15657,366,14,28120
28427,256,32,38574
26492,3268,39,19151
29828,4332,83,22646
15324,1446,44,47303
27446,521,52,43888
2924,444,69,19124
13082,2942,84,2397
954,2620,49,22362
22874,4789,84,3422
27529,2072,37,44764
21035,4316,45,29018
14791,4337,82,17642
25169,4026,96,23579
3377,878,57,43035
4871,2614,79,48063
7804,1444,5,48978
12388,3573,5,11559
25429,1635,76,1537
9683,4358,2,48164
961,3557,39,49730
20017,2632,5,34918
20930,3434,60,31749
13495,4255,20,15723
28366,1804,61,38229
15148,4702,3,47954
22586,1329,72,7032
21083,4323,84,45713
14523,2395,41,48398
3732,1041,92,35283
22295,3495,10,41087
3177,2484,17,19041
19241,1598,51,16082
4726,3160,68,19366
23549,4780,98,13673
25266,1049,87,14426
20094,4840,3,30507
28489,1536,70,41897
14650,465,79,6510
8723,4806,99,43233
12366,1790,81,39783
2700,1512,24,20352
80,121,93,47947
28800,1234,25,34277
6423,469,90,6479
11213,2012,93,36699
9546,3256,54,13273
13380,3145,100,14425
18667,4856,3,30188
23731,1547,79,6163
14748,4045,69,40631
9687,258,3,36842
7058,452,76,8581
12126,4496,57,32809
25399,213,51,48555
13940,4327,11,12443
6065,1006,43,39245
16009,3361,9,42622
7972,522,75,43667
7890,3412,41,21224
4540,3656,69,5076
6656,4401,3,47904
16727,611,13,40645
24667,4755,50,24398
7873,4591,55,19674
3628,3936,15,25363
12559,4453,37,17413
9107,2644,41,38551
29573,3606,73,42522
7247,1335,52,41047
27094,4684,81,31085
28778,3326,28,47104
24896,639,47,7704
19422,1734,92,29166
8417,395,67,8772
22879,3024,20,37385
4307,2681,27,28593
1750,3478,92,16205
19454,983,91,18869
16152,2799,85,27870
26238,2657,90,29655
4242,2413,67,2523
25120,138,76,13231
7847,831,35,43114
29650,2325,69,48716
9804,4115,84,17412
5283,2619,76,27753
54,577,11,49009
25386,2624,34,7566
15670,2662,49,38617
13906,1519,33,40121
18219,4603,10,35853
3500,716,23,30155
7969,720,99,5163
1023,1375,27,7859
19822,1211,93,44962
14233,4742,99,40569
27303,1893,2,47589
6027,1787,65,35041
18569,1850,89,49153
539,1575,74,21988
11493,3623,13,7450
27851,3149,62,16826
23387,4638,60,25626
577,617,64,32883
11198,1757,94,15444
14692,4877,23,34891
2118,576,48,1341
25357,2551,34,48273
17640,3521,12,7673
13001,42,22,44733
19425,2084,73,39434
5429,4305,29,38451
22182,1505,9,38699
5393,1252,1,41476
2583,1135,23,47774
155,4777,84,32121
18638,3501,25,37985
4731,4799,38,15366
22409,3604,43,43694
13519,3589,88,35619
7181,3254,61,39497
2736,4393,48,16593
15253,1360,91,41107
1872,2562,46,47742
13792,3550,23,4992
210,3111,65,24705
11647,145,46,49267
1393,3129,97,29559
23046,3356,56,11028
17554,233,6,43476
25104,3285,30,37170
20684,13,5,12516
16521,1578,65,32242
19774,3194,30,34272
20526,2972,94,15858
20167,1833,1,35863
2320,4446,46,16489
1127,2385,98,24679
3612,3687,83,46651
18978,4366,46,1762
29570,159,13,3626
19326,952,4,49288
9956,2514,23,18148
14644,1647,35,37126
27731,1186,65,46119
20350,3517,34,49672
3470,4494,83,31977
13243,657,75,31086
6439,3786,79,25734
18091,979,12,36508
13396,3308,10,31367
6687,690,85,6374
21536,4607,14,40142
9255,1720,31,8619
23339,58,4,38680
26167,1436,18,23202
20407,240,88,33601
3631,3721,94,43609
23557,2448,7,3945
6741,3068,86,38215
20368,1765,6,6786
15500,4305,76,39695
1602,2318,9,49302
13420,2118,53,41459
7103,4223,12,27765
27818,3251,31,32447
12097,4923,90,4507
19703,3392,19,37387
22335,4545,35,26852
27948,1762,5,22455
27042,2882,2,39826
23480,3609,76,3858
4492,2995,20,15613
15365,3332,59,2217
24079,404,36,18297
16736,3688,50,3414
9785,209,61,22769
21935,1891,37,6658
29032,2774,41,34525
14883,2194,97,21790
1116,959,12,1320
3116,1050,69,5529
2214,2560,14,45127
5959,4890,65,13636
17808,3614,81,9349
1425,4478,91,1980
25713,1589,6,10649
23880,3967,17,12297
617,259,52,46169
15901,3628,90,25035
7298,1814,94,32579
9297,3436,51,27756
16200,2516,35,14507
8202,2522,18,44191
21226,3719,71,35544
19958,1338,45,32989
17380,905,88,29051
8792,3018,28,12065
10931,86,85,20166
13871,4202,69,41878
27794,3852,26,12658
4234,1,14,1009
12576,1892,58,5379
22117,2838,91,46350
19007,2085,1,30979
13474,1098,92,32226
13758,3754,54,39976
25163,452,25,21493
2107,3875,56,17082
17012,1711,52,23527
12564,3989,97,24961
9726,3477,100,30281
27493,3552,34,19716
20856,2667,54,24653
14072,3493,10,17027
6583,3036,41,22425
18314,2730,97,8400
29403,2698,28,27970
27340,2448,7,43626
25390,2018,88,43476
27203,4660,99,17995
26411,440,72,3580
1465,4455,56,10068
4158,3993,85,42985
25539,590,82,29831
4086,1072,43,16943
5924,3755,41,49372
2309,2177,45,47811
22978,111,48,42770
4871,1695,42,29500
27285,2793,33,2963
22986,3571,67,46867
2622,4245,27,31837
23259,4165,84,49988
23192,3087,29,32715
20837,3999,69,21214
24209,3383,86,41115
19692,385,61,34827
16197,379,56,15651
9559,128,26,34956
5422,4353,61,23313
15995,1618,62,1339
26205,2561,37,4157
23677,226,69,22163
274,2985,93,25462
23337,4057,88,6906
5302,4574,81,22597
14928,4240,78,20777
4962,3936,50,14118
8162,472,66,17340
24715,3978,49,32241
314,3947,83,22983
19615,2006,63,18786
9623,1792,51,14022
19284,2194,43,30257
17602,200,97,13751
18877,4667,78,21231
12993,3010,92,29573
25957,1934,45,28456
17394,715,96,4807
9794,2418,32,36814
17446,2938,31,39316
1441,1245,52,28151
15158,1837,64,15657
2755,1953,55,49467
10857,2476,2,16454
19019,3358,59,37796
2415,1312,38,11343
119,1726,66,19790
21950,3209,64,30870
19840,676,71,43660
8907,845,41,43370
29420,1311,86,40661
8426,1449,14,7595
16907,1308,26,44037
22944,1767,35,1130
4704,1454,48,20124
22880,1278,55,43170
24622,48,20,26494
2505,4986,24,24608
2268,806,91,1601
23371,3613,27,42675
4760,3539,26,13542
11271,1822,81,46650
25165,3774,47,17359
28371,2996,97,18113
22848,4225,13,6872
8246,4406,51,41573
28302,3414,24,41076
16529,4846,4,13125
17599,2024,94,35962
4993,2323,42,30462
10274,1019,29,48949
781,2831,100,35422
28334,2355,18,13986
26526,4499,71,4713
20330,1261,91,26134
5675,1739,63,46749
12094,911,94,25704
28551,472,95,26447
12314,758,64,42778
29830,2572,74,11865
2886,1826,28,16745
4439,1504,42,16641
14749,465,81,14831
28040,729,7,23429
24283,4731,64,29951
5818,4442,17,33667
17603,358,53,8981
16979,2728,89,1289
18712,2208,59,37636
15140,1993,26,48436
5036,1562,9,24041
12112,952,98,34200
512,3309,58,24361
14602,4422,85,33866
14499,2617,86,8073
9812,2935,83,45531
17641,515,100,34151
2417,3146,16,45556
5530,650,24,2659
6568,2786,59,35073
6642,2753,50,20436
16144,2329,88,38597
13253,2669,80,1232
10410,3215,60,43944
5985,3180,90,29145
6786,3264,11,19061
22804,3094,73,4217
5947,2808,72,47719
14677,988,73,49150
9640,924,65,8767
15528,438,76,27684
12874,1249,16,14726
7482,2086,81,18129
18537,91,62,15986
19878,3276,63,39730
6596,2557,97,34309
13533,1344,87,15021
10016,3965,82,19130
8194,2628,58,27004
12767,3777,27,21723
12067,4464,70,47818
2107,4308,43,30258
14992,268,15,26462
21473,664,98,48696
13981,4577,3,13486
13899,3492,57,10415
23472,1948,50,26779
20655,869,88,48128
13547,471,68,46555
10653,4062,63,30286
3768,247,23,44755
22276,3457,78,24127
29907,1455,90,10494
23622,1943,2,36404
6476,819,64,38735
11320,3136,76,46061
28876,1992,80,5301
17067,2895,59,27716
5126,3566,69,38762
29591,3928,97,12543
3998,1305,66,11835
13085,2356,37,15534
23670,2117,7,7649
18113,380,17,47925
12735,4742,12,18213
26095,1389,36,18701
20467,1023,69,27783
7040,62,16,21531
8047,2452,15,24896
3525,2407,54,14735
9988,1428,55,46579
6955,1807,42,6289
14286,3766,76,44742
29121,2299,71,40971
23575,2108,42,29342
21061,326,27,48672
13736,3422,39,4150
22880,2799,82,4424
18168,822,25,24042
13671,1589,86,19302
16418,1984,22,32611
25423,4464,9,30994
2227,3927,94,5825
27000,1282,12,3140
1639,4634,29,16730
29750,1580,85,49215
5674,2628,29,17541
713,4325,61,36106
21050,2086,28,45530
18500,3379,78,27924
29852,4166,47,9674
17162,3493,92,23850
10927,1426,83,1015
17998,1852,84,28818
1117,4858,62,13047
22528,4876,52,1178
1331,3264,36,16855
17905,3028,83,1656
17627,1837,61,22364
16534,2721,88,8662
14498,4049,2,39138
5540,3188,87,18929
2874,2376,10,42807
455,1127,40,42453
24682,2717,88,46791
24579,4630,54,42694
17660,2454,16,32367
20228,4359,32,38168
5707,3306,8,8183
25192,1743,42,32568
18439,3899,80,25492
15351,3838,60,36090
1545,473,64,23448
7952,4854,7,47752
11572,37,76,5713
18013,3540,86,35629
23406,3852,73,20455
21033,820,65,22059
17907,2199,50,15378
25389,3863,87,23197
8896,407,13,29691
28444,196,90,13125
20560,649,84,43574
1498,2358,99,33899
24072,3244,82,49706
11857,157,87,33671
14219,145,91,34720
6566,4571,91,18010
9037,2513,97,37975
15053,1710,51,8780
5599,326,33,29343
6183,2401,4,16674
10167,4679,96,39851
1312,3244,38,22270
2906,791,4,3209
16135,3186,18,46254
20802,4251,60,43855
11268,1475,60,37851
23041,4739,24,22131
24660,4562,8,22927
9362,3941,32,24584
18850,3198,12,37785
22787,76,3,16417
472,248,92,16949
17492,2743,64,28727
29475,2044,29,33285
10212,3680,80,33117
3347,1189,39,22864
19613,3013,44,38765
26201,3759,30,32378
2209,2873,8,16570
19937,1260,68,7451
21735,2401,6,10228
16792,4932,5,6589
12466,3264,37,45288
5179,1056,95,16212
13083,4496,54,33759
7508,1783,30,17406
1054,642,31,11745
26445,355,75,4497
22729,980,75,11651
12807,1436,9,17116
9643,2704,83,37036
28636,4611,86,12882
12989,3338,43,27588
9505,769,100,31331
11719,3051,58,26719
15714,162,25,27024
1441,509,35,45792
29241,1186,50,30188
25691,711,66,41621
20461,2027,21,34739
22719,3175,59,16744
11949,3688,59,5901
10610,1520,17,29474
24065,100,48,5833
23680,3927,51,49008
16250,3621,79,49750
20051,1558,19,30639
23218,4655,55,33625
21083,3549,14,44066
7934,3328,32,16838
4238,812,94,3340
10045,3684,31,25144
11464,4852,4,22168
18600,3103,12,38264
1776,441,55,10408
9615,3729,10,36062
21301,4314,71,7023
5755,124,36,4491
9212,3083,67,26428
10963,3517,35,11729
22439,3193,14,41668
10890,2206,43,31824
13042,709,65,48308
27673,2182,64,41044
13889,3679,47,5907
5894,223,98,20686
2471,3098,62,19753
15265,2220,2,11062
27971,2805,29,48598
16282,4662,93,23663
27830,4015,54,20728
14861,2998,76,32607
298,2497,1,15907
5363,1578,4,15305
22696,2503,30,8099
4619,4463,14,29953
4500,2997,85,5080
721,3522,28,25617
18878,291,45,19800
16268,2720,83,40606
20414,564,88,29854
14832,1106,72,1829
2569,1078,27,31700
14403,3658,34,30479
21193,4344,64,24214
12079,4657,68,26368
17945,1347,54,49426
29403,1360,86,6051
11020,207,3,15765
24315,1187,94,19702
29375,2226,19,37396
27440,3092,18,13314
15225,2482,13,30160
27853,3851,24,47176
15803,416,100,23975
1017,2062,42,19788
6041,1282,2,49585
8092,1818,30,42736
28613,132,53,23706
15750,3453,87,33021
29621,2346,17,12152
8995,1108,83,1685
5511,2793,66,47863
19518,4093,5,40938
12609,1000,47,28289
24792,1289,21,10785
11673,743,46,46151
462,4864,50,39578
27701,4067,62,25006
8386,4299,76,19344
23457,1407,51,9911
1542,3093,22,7569
14676,2185,70,31545
7178,4195,64,13420
8498,1028,48,36813
2951,1445,59,16701
19214,4308,4,40654
27548,2470,18,49863
26035,2555,100,48370
17692,1662,93,31637
13720,3247,64,16768
19852,2426,49,36430
13554,2258,15,35455
14484,899,58,39972
13588,4248,19,16948
20138,2904,44,32177
6248,3531,85,38937
23117,684,21,18332
26017,1407,86,29786
10169,3332,37,31157
18406,4202,31,41494
3899,4837,92,32536
9246,3665,94,10263
26433,4282,36,35567
15820,926,94,4211
12410,4710,36,9857
5224,4515,82,19789
5446,2550,66,14500
7391,2366,35,31406
15317,446,31,28982
3013,2005,4,41392
6262,2861,13,38669
27843,907,21,32905
13383,3030,15,32312
15775,4331,57,6612
14679,1173,13,31295
24029,2958,38,2533
11670,3960,70,33106
21738,2637,19,21898
10025,4085,21,24291
25933,1990,97,36020
28814,962,83,7910
11561,104,82,30655
13172,2700,64,39965
10485,3522,18,32123
26236,1849,68,1451
16144,1094,2,25924
21729,3118,33,32260
10225,663,20,41440
3371,4511,49,33712
26983,64,40,17982
29702,3172,16,48265
9837,254,51,42789
6084,76,13,47131
21705,590,18,45600
7214,2678,76,33966
5973,1993,1,4308
27045,1841,46,20589
14570,60,42,33804
26922,1065,26,33026
14958,1223,27,24527
24185,2951,71,49455
23711,1915,40,2231
26823,2683,62,45164
10887,1830,100,30335
3539,4119,83,31174
11087,4530,40,38902
4974,4670,48,38155
15989,957,78,30438
12493,2588,33,2091
18171,2363,63,3573
17314,3835,62,45868
2048,2438,99,38118
27947,2185,67,18349
17776,1164,98,5261
16068,3560,53,41593
23474,2275,73,19600
29605,2446,67,6833
11651,3945,81,42898
8190,3042,25,21212
24393,4159,15,8986
27690,3521,46,29155
21911,2767,58,37725
26913,3819,68,31986
10641,4541,10,19616
19991,2411,75,4723
23491,2171,12,18923
20586,912,4,2698
21974,3128,37,17893
27160,2529,51,9772
26700,1488,59,32706
17677,2481,96,5523
21405,3522,28,40165
8877,4971,35,22433
3255,3393,21,11090
29453,2244,51,43940
3079,3523,49,19471
10538,1252,81,1039
18319,2538,46,2675
19198,2841,69,39724
26193,1689,58,13418
29669,429,20,48145
3177,1208,65,22379
9705,2250,45,31455
2522,4932,1,37500
8852,1250,66,28731
11740,3644,17,4923
144,1789,52,28521
23678,3083,92,42063
29088,2513,23,40697
15182,1725,71,30781
28574,1695,51,8143
29874,1783,62,8979
27995,159,41,15683
28785,3997,48,16623
8345,4468,60,32566
18193,57,64,7896
2051,1185,62,29004
10027,1791,8,5264
28460,2851,18,44133
18233,4079,82,1424
14945,3618,47,36201
15253,4008,56,47803
16031,4168,11,5336
807,3625,99,19015
12980,1630,63,19288
29837,2588,94,14664
4517,3825,33,8153
6163,1562,3,21932
27938,3645,87,45318
20802,4788,1,47954
19622,3608,65,17575
6860,1107,97,45217
5609,3605,73,15498
18445,1797,91,35907
2035,610,46,25032
25303,696,74,22162
1278,3455,95,26133
14111,251,24,9546
1,4604,98,42423
6445,1481,34,3933
20958,3302,22,15015
23997,2044,91,9863
24523,3772,64,46380
5800,2228,22,3718
2785,3610,10,10975
28326,2095,90,7050
15727,2103,59,41823
12652,3375,3,34100
9287,3132,72,16490
18778,2570,10,48471
17244,1352,28,19154
15001,685,64,29944
13418,630,27,25511
22960,1457,96,4344
23230,3508,35,43801
10298,2047,37,34807
15919,3103,59,39523
14699,520,68,45662
12014,900,68,25635
23157,3957,82,34876
27870,232,59,49380
8987,1111,9,21910
3080,2840,30,11679
16842,2177,57,17921
24050,885,24,46106
18281,482,51,33082
22577,10,96,34828
4382,4172,48,19825
11473,1825,30,5469
15525,2199,7,4266
25546,3584,49,1678
9207,1354,69,45283
8136,1248,46,39188
29179,1776,72,20936
13862,243,42,14360
18021,3057,66,36035
14429,4137,63,45426
14052,3933,89,43244
5534,56,55,7297
22153,3677,22,18073
22598,1087,41,12733
23851,2285,32,7054
26523,1668,16,2617
3570,1872,54,46964
2232,1192,25,16480
136,2959,42,41413
21728,375,65,15884
14367,281,8,24943
15866,415,21,17296
29133,2914,84,19813
35,688,11,9698
4273,3425,84,40921
26891,2104,81,23335
15103,3057,79,22240
574,390,66,41696
16564,2857,14,36687
8565,4832,29,30053
9913,3734,18,36653
16387,2204,38,30133
8416,3085,87,28481
6769,4382,75,19537
2496,37,4,21292
4415,2250,66,12042
16129,2879,64,36745
5670,4869,79,21320
11958,3379,3,45481
17209,2543,39,37724
3040,4217,93,23567
2136,4356,70,38751
24400,652,100,10234
9477,2231,16,32195
21586,2473,53,2002
15206,3571,94,13842
11880,1971,100,42148
12253,4878,43,21517
13683,2346,71,39203
23470,3762,6,39425
10124,4877,76,7071
17764,3261,17,18350
12641,507,69,7113
21809,4329,36,23018
20739,3395,1,28356
22629,748,22,17751
9094,486,1,12903
27113,4278,96,49873
27524,2206,82,3341
20783,488,15,30685
25651,4552,29,42780
17283,4411,32,45623
3878,1311,29,16861
18598,2335,55,32424
29626,3102,33,4934
19786,3305,100,2682
2217,793,41,17837
23181,1583,81,42868
23168,3638,59,2665
16826,970,16,29162
8286,3438,88,47063
2270,3320,8,44916
21928,4306,36,26496
17333,4848,28,47017
14355,135,18,24059
10369,3805,35,29278
2793,3855,58,20984
16174,1387,83,5276
15727,2392,98,9275
19868,4120,18,2305
12258,3283,91,46791
26605,3793,93,35264
22874,4828,56,22967
26999,1950,40,17034
18403,1615,53,22506
12178,984,12,18551
4937,388,54,2603
20189,4919,58,46065
22371,4055,26,26675
3204,2653,63,4286
16510,1211,2,46891
8517,186,3,9200
20674,3240,72,38808
2727,4221,37,3200
11178,1040,97,47698
27322,82,1,41451
29844,2635,3,48500
29206,2648,15,46258
22463,1767,71,7661
21183,2605,19,35921
18791,1158,15,7434
7082,527,66,46620
25997,3886,23,31647
21700,720,69,39354
24393,1192,18,38650
1104,1438,54,49167
28999,2465,84,33529
10299,300,85,19745
27171,2806,1,4061
6071,4212,50,6107
19624,3970,92,37923
8936,4107,39,43588
17845,3820,79,31858
20781,806,51,40682
3215,4760,12,36723
5154,1432,35,39482
11294,3716,68,36778
19423,3296,36,13746
14163,2780,84,37448
4512,1062,56,12889
11454,1131,72,3018
11506,561,46,33274
21687,3555,6,23103
23416,3731,42,5311
10163,1572,97,46654
15711,1839,85,31575
15636,735,72,23322
14906,143,8,23744
12562,4020,52,23998
4240,3589,94,8822
20848,4284,63,11171
9105,1035,16,15815
24657,4075,76,37579
14573,4700,11,23899
26052,1499,89,7108
8942,2529,55,13468
19920,4326,26,37573
15350,722,79,24520
2800,1032,45,34905
12144,2275,34,28612
17623,3923,56,11264
22141,3365,70,21771
20188,1287,2,46309
7575,4624,89,44923
23269,2105,21,5203
27229,2396,69,9831
24041,4229,25,2202
24403,1698,59,23275
28489,4385,36,15512
24475,1847,2,20954
1410,3711,94,37664
9991,4538,53,7703
5230,1071,91,38748
22340,216,1,43569
10259,3450,4,2625
6973,2554,18,19315
13431,2130,81,35485
11460,2830,6,15506
3701,868,94,12612
8722,3806,20,19020
8012,3949,52,44168
14486,4002,63,23940
20823,4093,67,13082
28963,3441,91,49838
24919,895,8,8764
17298,4140,92,46764
21090,3085,44,8191
11148,313,57,30569
6736,516,78,19399
5614,4965,71,16875
26084,1629,11,43104
23001,3211,8,5990
23516,4557,99,22325
13303,4633,42,5178
11783,3371,30,18998
238,1743,90,11286
17066,3364,86,38996
6021,3968,77,49383
18888,3715,18,15711
6942,3194,16,15709
13406,267,67,18921
27438,4566,96,15129
14546,1028,59,18598
12001,2499,100,31355
23157,4267,68,49244
9548,4663,94,4802
16946,2125,23,33202
19478,2794,24,46249
14322,4699,50,45843
17564,2399,23,21781
14324,512,55,1315
19586,1251,86,45509
8593,1657,66,9677
8159,167,54,20517
9135,1292,98,40148
26183,1166,74,44475
28564,4037,39,44974
28160,3732,30,14624
9275,4949,79,34260
3404,4711,81,7914
12111,869,48,18650
22158,633,78,29898
29796,2064,39,2047
5601,3362,35,37321
11909,75,23,7980
5493,2802,2,23499
21473,4414,94,6525
27460,2018,88,49552
633,3284,44,4053
29216,4291,9,14163
4531,3680,47,40930
23343,574,60,10737
24568,2976,72,39989
6336,1136,24,35414
6024,4838,1,40132
27653,2009,30,39823
20680,1452,52,14209
10104,4316,44,16595
28889,1113,86,47812
6986,3833,4,45547
16024,390,2,41380
9561,2989,92,24066
8306,2387,92,37681
1024,1468,53,28113
27373,2775,9,33870
13885,2758,92,39092
24374,89,78,23189
7620,2112,38,42774
638,4793,42,1829
145,3800,86,10419
256,1127,60,12071
11834,4570,7,6917
28115,2096,59,45631
1955,18,92,45863
27112,1093,63,21187
13379,735,25,33455
28543,728,51,13676
9447,1989,2,40034
22631,2991,8,2534
2831,3349,27,7953
19324,494,4,21334
10334,1912,80,27742
1995,1535,22,31863
24238,3559,83,15772
1176,1996,63,4848
6467,1407,7,34350
9411,3474,1,43003
15762,3822,44,21789
21174,1702,53,36131
149,2399,5,42528
29242,2127,80,25076
8510,2570,27,39973
8727,1855,96,27458
15028,658,71,6036
991,1555,91,2131
26988,4704,31,8353
20938,413,45,40230
18180,662,22,48746
15532,4132,2,40640
13928,4494,84,22025
7267,1066,59,37069
24979,1983,56,37073
23799,3827,5,10629
8238,4230,42,41763
5874,2250,51,30960
26357,4855,11,26787
14504,1606,40,45495
25051,1227,42,16932
4000,2186,46,16067
9435,1200,67,45786
23062,4153,43,48605
17654,2420,11,33093
22820,4367,21,4850
18897,2688,49,28331
24219,1989,39,41271
13613,1191,60,5134
14495,1172,45,5882
19222,2285,57,17867
4050,4880,39,17058
12990,1659,82,44891
18106,615,93,37484
2489,3963,98,10576
5317,2305,11,45437
26556,2616,33,46915
2429,3031,50,30504
2898,2890,67,44667
18064,2845,54,9934
4745,2473,13,6978
4202,15,82,49586
24504,3058,22,9719
2125,4777,62,23620
25496,3467,25,47805
20775,2154,87,14806
23917,1355,12,19874
16847,467,4,9770
27765,1894,43,44280
18719,1456,58,36395
29563,2811,39,25830
2010,4902,100,5693
249,1927,93,45068
21944,440,29,14562
2715,332,29,13292
24951,2170,53,26637
4455,3322,7,45083
20172,1584,59,48558
8776,3983,39,40502
24685,1895,48,11095
22426,1051,42,17396
18340,2495,34,37193
5415,3604,93,17398
27339,1814,50,36427
800,4677,38,1099
2785,1572,38,43026
21527,1391,89,43848
6780,3015,39,27087
14185,199,73,21970
8362,1301,80,28495
8287,2236,4,39208
18349,2366,76,23462
24445,2139,69,20893
24262,797,8,26540
20160,482,34,12343
3691,461,7,30863
2040,717,70,25638
22288,3216,33,46942
4195,1286,86,1729
22102,4783,95,19224
8942,2498,50,33203
19305,2186,5,18414
7080,3872,32,31913
23615,3495,19,26818
20984,4845,4,40777
19292,2545,78,28891
13872,672,4,11069
14451,4409,35,37852
2858,4564,86,20282
2575,609,82,18622
4657,2378,18,39436
14799,4275,46,14640
11644,2554,5,34793
14150,3259,97,37802
6604,51,4,46282
29873,1666,85,34659
7993,796,96,1392
10816,2232,79,18471
8649,4573,88,49823
21759,4540,54,49552
6463,2203,73,46343
22506,4763,46,15000
22528,226,25,38752
20430,1623,1,41774
2625,1216,23,2172
21674,2136,72,26443
17364,2577,42,27231
21527,1740,92,25523
23859,1726,46,36370
26804,2852,1,42335
739,3952,66,5542
6845,4089,62,44699
4880,34,81,21437
27189,3978,73,35167
20012,2717,74,46245
26786,4554,18,19565
6440,4567,2,41907
4050,4529,76,26885
15743,433,78,44307
24607,1986,68,35325
16624,2932,19,40161
2166,2544,48,10187
6935,934,25,5539
29242,2931,58,35732
28677,3089,48,3893
26599,1367,13,23468
20520,1556,2,5376
12705,4319,14,32936
27038,775,66,31140
2240,4833,63,24286
15152,897,42,33491
3147,1332,97,49723
22243,4104,7,45203
17614,3996,96,47825
27368,4117,58,24821
12588,2328,4,48826
13620,3524,100,28530
19658,4338,67,44158
27676,1447,68,11409
11320,2776,78,40676
1959,3072,83,13806
23873,1882,38,41204
27715,4260,22,20880
2285,3890,15,12219
1324,1728,91,10627
16547,653,89,20797
23932,1319,64,36850
20680,49,63,40022
26230,2207,36,42743
12999,4063,49,46954
17944,4474,97,17746
15298,708,5,16239
27947,4039,81,49955
5413,3231,36,20860
4049,3144,53,29258
17205,3286,11,38358
18250,1915,29,16986
21595,2652,16,27053
19224,3725,63,31844
17772,1331,18,1778
25205,958,19,11542
13668,4896,17,25558
20858,1747,45,4249
1956,2530,58,40781
15660,4494,94,48059
6759,2948,28,12008
121,3576,69,33485
28790,4977,90,43444
23236,827,91,13749
25382,1627,47,8413
10311,357,11,39411
18080,3280,50,37198
15266,3492,42,17538
16816,2962,20,10170
21926,4039,48,15964
8455,4177,89,11943
7009,1685,62,4437
496,2205,61,42583
13171,4704,8,7199
2784,3879,100,25022
26253,296,80,14187
1089,4786,3,14085
1196,3765,63,2060
20947,4826,29,36545
1570,1194,63,37368
2961,289,50,24140
26760,3422,93,43094
3460,4656,83,18000
3221,2569,91,43790
3180,3995,2,43264
12674,775,17,30255
2319,238,76,20336
24673,1658,10,36942
10893,1152,26,39529
25837,1061,53,45576
27770,2363,10,32372
11443,1422,11,35632
13550,4253,69,1891
10706,3323,52,21464
9692,1038,9,44397
92,256,77,1312
25097,4186,88,14766
1166,2232,68,33264
20274,1263,53,41872
4409,4048,24,6005
13091,2844,70,34784
20722,3353,34,38952
27379,377,60,10342
21070,731,66,7927
14373,924,5,35664
14659,1233,31,3264
10556,911,44,45005
24976,2287,71,8676
20461,3545,1,49984
10086,3524,81,20159
5916,386,95,13391
8144,4500,77,8683
22449,643,9,6159
11981,2875,27,21447
1461,1176,49,1713
6628,2472,45,26112
2536,1406,22,37208
3542,2671,42,6739
26509,3443,49,32504
27335,1650,30,30151
16211,729,63,37586
27284,4957,5,30431
3973,3866,48,43174
8500,4305,3,25891
21770,1759,2,35404
9997,2493,40,45201
18928,2383,77,17427
12526,3080,26,22678
18285,2428,84,37726
9859,927,39,23451
18305,662,39,39793
24348,3257,87,31363
13730,433,79,28495
14556,4258,61,49026
20377,3509,73,20136
19336,4241,88,49548
20166,2160,84,37210
23999,3267,2,3907
19539,2495,67,22571
7068,4143,44,6521
29555,895,74,36297
16243,3775,32,1456
11894,4286,85,48713
15497,1492,71,29339
7173,1161,89,20729
20803,4216,86,10407
20210,4843,93,21197
29526,2222,64,5696
14642,1391,28,48578
18815,1365,5,12487
23430,1683,35,19661
27269,1115,28,45792
29864,4637,48,14400
16114,2732,54,26989
10345,3071,62,3468
29507,3958,32,41288
17224,605,86,19488
13684,2563,75,34104
25035,2639,5,19984
17369,1269,59,24601
10688,3115,59,36061
13493,4222,63,25967
24439,3935,2,9031
463,1255,73,39358
511,1732,3,25466
20492,4479,65,46836
16525,1109,81,46316
6046,3040,53,38812
23881,279,28,19724
5555,4872,89,23807
4599,1272,42,3735
9777,282,11,25725
19899,4850,86,34135
4909,3449,47,34689
1163,3232,40,39082
2844,4548,30,8836
15677,4337,91,46970
27884,1850,43,44965
48,3622,87,38027
4131,465,9,10930
24777,1942,89,8734
2950,4956,10,14002
9275,1247,39,39486
6176,1317,59,37252
10313,2930,7,21143
10647,3002,42,11898
10622,805,50,44329
13551,4075,55,31628
28612,653,64,17856
10188,4753,45,48414
13870,2055,95,32673
18504,4262,63,22611
27331,866,12,2552
7918,4027,14,36935
8139,2447,67,32841
16957,2997,30,34269
27284,1085,54,30707
2545,811,79,41044
21038,3312,32,4668
6351,3242,35,41940
9155,2170,100,49699
13455,3479,50,38196
18523,1131,52,15288
24320,4842,44,32416
25821,2132,48,34952
24554,2173,63,46952
23569,1283,29,43843
2302,2057,48,8821
18358,2522,84,9773
4285,1309,1,26383
14663,4363,7,49235
7715,4137,73,18846
19688,4424,96,45300
878,138,38,39068
26686,4341,40,8893
5354,2026,54,34840
18608,3845,54,47757
26271,2530,41,15883
22887,502,88,22960
354,501,74,3716
27219,3560,31,49263
27130,579,54,27202
29688,4353,13,25919
831,3799,46,37498
9044,2086,50,21056
11743,4280,72,32878
24952,2886,83,17543
9748,1420,85,31153
29011,1310,51,42554
27675,3455,24,30333
4652,1592,45,5015
15888,4273,59,4479
13784,2858,76,34421
10099,3737,98,43448
15796,457,6,36568
18590,1905,97,10171
16395,4911,97,43182
25322,2551,96,1425
17332,3467,13,19636
4565,2080,97,8514
14331,3204,100,12297
1858,2656,59,5125
19625,2170,88,49245
15547,2518,71,36970
20853,652,28,29354
2873,2391,23,43838
16853,4334,28,26667
21521,307,91,21123
17622,4698,91,8361
2937,3465,64,46681
21960,53,79,29317
8914,1255,56,2557
12336,1455,37,2850
14543,1220,68,3158
25556,2889,18,15569
11675,428,34,13952
15913,1331,33,23388
16286,3909,1,12245
23596,4912,85,6503
11946,4952,47,36002
29326,3996,55,36298
25638,333,30,38285
19316,626,66,47997
2846,1482,55,26099
9523,3091,25,20333
5360,2024,98,5867
992,1029,48,7281
1135,4012,10,23985
37,532,14,35447
6376,4188,92,12231
1335,2521,100,8169
17695,343,3,30439
7300,3462,88,13422
64,3696,30,19883
4882,1447,33,35286
24338,4117,53,17285
22837,4475,59,34054
28050,1278,74,10780
9722,3628,14,43914
1133,316,25,46750
27895,2511,100,18938
26204,3485,53,29561
9042,3163,86,11432
16202,1402,73,16214
1076,976,34,44559
9890,4474,13,3651
4125,2205,69,32279
9795,2677,42,27007
21233,2063,50,24379
24437,3464,59,22781
22075,1349,37,46201
398,773,62,19533
5438,85,31,4099
17067,4195,80,21467
5385,791,16,48827
17557,1703,50,34781
28419,3254,43,12786
15697,1961,35,3069
18703,4428,85,4928
2165,3906,32,49809
9185,624,48,14355
26144,807,21,14706
7452,4599,6,21966
18943,4494,76,24921
23052,131,62,23782
17304,3450,55,23305
4613,3568,92,17509
2558,1595,10,38196
9944,2851,91,48810
26903,910,39,43891
25580,2968,34,44579
7190,2305,17,40840
14627,1625,74,41071
28405,2018,44,36401
6884,3331,42,25325
12209,2436,5,32982
20978,3834,18,37128
16710,2113,43,44009
14827,393,74,18640
836,4080,68,37234
6473,4468,22,28967
12197,3295,51,26663
5936,3738,100,48240
3255,3165,36,44829
6883,1748,67,44606
19672,3786,18,14545
16653,1397,68,28350
26381,202,17,42315
1438,3327,86,44584
17864,909,90,33913
13111,993,86,17992
10048,165,11,43181
11258,2707,50,13221
28530,3175,99,18419
7351,4629,22,29670
19323,4337,28,32156
10348,3954,57,42678
15818,1020,66,35363
14051,1077,71,30848
4144,4110,71,6682
13685,3388,54,49816
17890,1733,3,45536
1312,2393,15,47929
28727,2285,29,21304
28796,1898,21,32104
6224,3751,5,19473
16518,3399,84,35844
10165,4337,47,37960
20444,4345,12,33650
12594,1694,96,21636
24847,1758,67,38902
19195,486,14,13626
4444,3785,64,30903
5862,551,71,21334
7530,2231,11,16643
21128,3316,54,13616
11976,1059,43,42458
5972,2042,85,27252
5,863,9,42038
18212,250,27,12742
7137,2748,31,20445
14880,2137,89,21523
4305,1412,91,11651
18476,313,9,23417
29497,2972,42,1266
5064,4538,25,16617
23900,2858,30,21751
25108,3080,75,42178
13842,783,1,25764
1199,1095,67,40503
23531,1010,77,42947
15077,3839,91,17908
8370,4356,87,13344
1982,2249,95,27084
24502,4340,85,22469
8928,200,38,17765
15320,1571,60,36847
14218,3368,5,9783
13017,4869,96,44144
20725,2246,49,3067
12947,2537,67,32298
5001,2973,78,44640
18793,2501,92,21376
15614,2398,16,16152
3163,2888,67,30682
5385,4415,94,45383
15827,4824,93,27976
10787,3105,26,40490
28652,3233,10,16135
22178,4978,57,39458
14156,2386,95,2813
15645,1091,16,29251
10345,129,25,4188
10400,3733,32,6846
3725,4924,63,16601
22814,1346,25,17409
26700,1840,82,13707
11913,2794,84,30618
22450,2033,69,47379
26079,2149,76,47639
9790,881,100,22247
10251,2647,68,28960
26035,3206,17,25922
11152,3429,79,40345
29844,3031,4,34296
3421,863,76,40745
21871,1267,22,4906
21864,481,16,42824
20011,2502,26,1691
14867,3418,61,23836
17933,3916,64,8563
20587,1364,74,42028
25902,3505,57,25266
22835,2918,59,20161
17749,3259,54,48412
2832,3596,29,11169
1056,1150,11,10411
28355,4696,24,14902
28315,2717,30,24458
29461,2081,7,46573
11387,4738,42,28634
3632,1783,25,16034
27309,4452,80,48665
16277,321,17,2746
19488,1218,57,32091
20754,2035,96,3295
3623,173,32,13486
19632,4478,26,5598
1991,1195,97,40993
22150,2388,18,13560
1528,348,21,4112
26002,269,40,40227
24674,2659,35,43539
9607,1643,33,27201
28227,4764,82,30031
27940,2264,59,39518
6810,2937,48,33881
13505,621,37,40037
9294,3538,59,32425
26798,2528,12,37423
19161,4734,71,25905
19128,4651,15,7244
24337,2716,51,44340
28887,2638,97,17088
1633,4684,16,34211
23275,2326,11,17837
11955,2165,88,6313
23431,988,42,12626
29791,3586,2,42101
9029,3924,26,5667
13031,4893,93,1255
27359,10,68,2226
24326,4226,2,31562
17731,4796,87,46494
27756,959,9,24799
210,2747,58,49661
13678,4971,55,35571
16578,4433,48,44945
28705,3264,48,41640
29787,812,13,27402
2720,2182,87,22544
19536,4463,100,32392
13438,3365,1,4047
12827,3403,92,26237
7363,4876,8,31186
9205,3319,46,42016
15893,2123,88,16137
15072,2919,78,49514
10759,4093,7,39165
20169,3882,63,38642
16660,3050,100,12410
3441,2462,39,25517
28934,1766,90,10061
28172,2644,15,10254
14593,332,49,27426
13434,241,98,2488
19640,1333,30,48523
18994,2318,54,37095
7056,3567,92,15399
15396,2550,3,23541
21521,1572,16,6089
7177,3125,66,16336
11731,906,23,17348
24245,4219,57,42270
11705,1658,17,38513
17864,2067,25,28659
7686,322,39,15200
21422,3694,1,27450
3942,4253,95,49384
1426,4783,28,29805
7949,28,3,19365
8862,3898,89,24919
23493,4128,61,14054
22895,1655,48,4133
22374,3353,38,44032
7437,1972,42,22165
20307,1547,75,20068
21678,2516,43,4569
21182,4021,83,44284
13309,1844,88,22391
15078,4535,12,44555
24091,451,58,47598
16779,2670,5,4895
18626,850,87,23290
12401,4673,59,4933
26078,205,54,36457
15320,8,61,6706
17767,951,78,20986
22568,2277,93,41471
17621,2136,52,38119
7916,4015,83,3399
23114,4811,19,8429
10363,2974,2,6909
29570,2413,89,47089
26440,3992,76,15281
10846,3067,15,2659
15045,2725,100,13008
18394,2325,72,28145
2122,972,16,30633
2353,250,57,5875
3962,4833,67,8120
13048,2426,74,5054
17017,3158,5,23680
29142,3509,1,44378
26003,1518,66,34044
18489,4606,52,13367
19209,2263,16,14797
6109,2114,93,33025
23069,1587,30,26273
581,4518,34,8502
24721,1410,47,20773
14486,1254,72,41880
26547,3835,59,18761
8616,3010,100,38279
6565,447,44,40202
21447,3626,66,34812
20038,4045,6,17736
6437,712,27,25746
1089,2147,24,2048
25876,3271,36,22278
19264,351,3,10052
21686,4142,36,4713
3996,1218,79,11443
19434,4047,9,3187
19785,252,19,34850
9156,3109,13,4696
23724,1960,82,27190
29555,3512,60,2621
28477,1441,23,38893
2580,2543,19,11945
4760,1547,33,19796
21445,2050,58,5650
7700,2879,71,19170
6250,4897,7,39809
8987,3022,86,34470
3428,3478,89,13504
12534,4942,50,38238
15972,3639,47,48188
9762,1464,61,6775
1201,4164,68,16656
1947,3905,80,21966
7759,4159,11,36678
15965,4356,82,31661
14458,672,33,32104
7776,3996,65,14196
17434,1429,1,43508
665,4051,15,11590
3743,3657,42,44562
6745,4356,61,36391
9635,3152,28,10895
11999,956,99,25710
17070,427,66,3059
18461,4170,66,26829
9867,4541,8,40320
25799,3320,89,35024
10266,2130,41,1381
25853,1463,13,34069
21736,4831,13,26535
19187,2971,68,30230
13887,2422,32,42435
1751,319,49,32098
11279,4769,56,16402
22995,4954,49,41882
19195,588,84,21932
15343,1007,96,2358
18431,1720,24,44991
24098,3300,14,31400
22024,3225,39,22252
27431,4999,87,7728
17260,259,5,46644
22421,872,91,36775
6610,2230,28,15545
8158,1477,62,33508
13271,1810,60,40026
8564,2723,28,24792
24367,2490,15,41137
3903,705,72,47810
17180,4330,60,14900
23339,4177,48,2227
5794,2626,47,18233
23535,2889,35,29061
22526,3459,27,41516
20061,4805,2,24065
151,2905,33,44357
28503,3116,55,48345
8677,4362,50,13818
24877,1838,82,34309
23562,1114,76,27509
28572,4912,16,34200
9876,4777,24,35920
26184,1995,40,29130
24762,2520,49,5066
29963,4413,7,32655
2700,41,79,11712
7929,4898,8,24884
3973,3117,52,9014
27270,367,76,48385
15204,2826,94,33938
10069,1428,83,35004
21380,1000,2,27824
11078,3397,74,33486
10690,262,100,24520
9411,1144,96,15460
19201,3393,52,38783
14880,999,44,6364
23902,1182,30,49146
17734,3373,47,37572
16493,1084,84,5172
21313,4745,92,43209
13225,2848,31,39042
19143,1966,87,18065
21646,517,87,8974
12861,3883,75,4364
8448,1569,52,38312
12935,1309,36,32707
16986,4528,29,36049
20985,160,93,15922
18279,3122,5,28587
20407,4001,84,42714
9288,347,59,19868
2158,4218,30,17987
10982,666,55,28104
21737,729,68,28455
8997,4098,5,3515
28797,3650,17,47938
9494,3416,65,29020
8235,395,29,20801
18170,1187,54,24087
23820,3086,28,5617
7797,4047,85,35171
10720,9,53,17168
12,2767,80,38835
11716,1861,69,13873
29639,778,63,10012
20495,816,99,28353
29017,3078,69,23829
436,2196,72,39332
20197,2561,78,7824
2361,4481,67,34722
8509,3136,97,33907
11258,2219,75,28977
12619,4716,95,35320
8739,1184,98,45775
22291,848,81,35796
10921,20,98,25089
8450,2250,49,7158
28718,1373,45,26381
22082,2818,98,28935
16878,1517,8,36843
2083,1084,37,6153
4451,4849,25,22242
25680,3866,73,24031
26579,4304,58,17771
4487,794,58,10278
14743,3025,22,3893
14283,4429,10,36060
15982,2791,21,1773
28279,2868,50,21117
23723,2874,69,15347
9742,4960,73,29113
26062,4167,39,43269
5205,236,95,49382
10073,4683,42,29352
28439,2714,17,11656
12074,1677,85,14540
29792,3631,87,43658
24889,1671,64,38885
7657,3746,98,17833
12428,1874,73,44087
17227,1358,24,38585
12804,1102,92,45005
4421,2397,85,6401
444,3456,65,49553
7058,4332,61,43576
4763,1452,3,37812
5829,3707,21,36335
7610,1616,18,48329
28342,158,86,9808
28436,2486,76,14654
4427,885,28,23490
22459,3310,89,47388
12326,4344,89,36128
17677,254,6,1131
29771,1690,93,32374
26742,2295,2,33851
10935,95,10,10261
9242,1918,91,20866
90,296,82,19664
21030,2631,19,17656
18575,2183,80,1342
2384,2806,9,47639
7150,3531,7,14313
16030,4381,7,12407
28012,2726,38,49391
12315,1713,8,11715
20372,4458,92,30367
5235,2087,53,4120
12003,548,41,47354
4806,4214,72,49080
8584,2611,87,1211
13164,4083,26,12183
15775,1191,10,33840
8340,4671,49,4369
11241,3715,83,13614
1192,1179,22,6375
4250,2082,34,30460
6644,4294,28,10468
442,2658,79,44698
22583,1857,60,43090
22843,4566,42,47703
25825,3782,97,19576
24807,423,91,49010
13529,2773,13,34233
4618,3214,86,26429
14832,1763,96,8231
25161,2427,1,15107
13148,1787,64,48916
24253,4789,27,29343
3014,1333,20,11146
19049,515,61,41662
24604,654,100,40121
3899,2506,4,11330
24348,385,55,13204
21425,2806,16,37929
11831,3632,39,1202
10009,2833,14,21254
15828,3235,72,36885
14342,3336,98,11793
17601,585,84,11120
24498,3280,97,25046
12253,2445,51,17743
6320,2460,31,2257
26603,2479,100,33131
8425,3425,23,18368
16454,715,40,3960
26770,954,75,36352
10991,516,52,24457
13068,3406,94,1926
29836,1320,34,16246
14128,1939,70,34389
21535,4607,79,27954
18909,2834,7,9633
27210,2759,81,22774
23706,1088,49,15330
24571,3513,8,2932
17050,2814,43,17644
10436,2631,71,39975
632,3854,52,14180
27525,3919,71,2723
5887,1706,43,22652
29300,1805,80,38302
25321,3243,53,39614
28314,3099,4,21930
3662,2481,35,13873
22445,1924,97,12001
3131,1237,43,49918
810,3703,85,31269
14852,892,4,13031
10934,817,37,8370
19037,240,59,48832
22688,4202,31,11255
21831,2038,37,40970
6774,3063,84,4527
3153,2748,76,4793
12248,903,46,22305
23319,1198,63,9152
2715,2091,10,36335
3452,4743,96,10413
25346,2620,71,46130
26325,3837,3,36663
29626,3928,75,34083
21862,3291,10,20907
15477,1071,67,33815
12883,148,23,48729
6319,2049,8,38281
5505,4819,9,46415
23245,2684,95,13014
20666,2504,96,39595
23259,4204,95,19232
25130,1007,92,38644
29004,1034,16,45415
596,4646,23,9429
22667,4518,66,33097
27223,3170,54,4012
485,3066,74,7172
7194,90,87,42802
23138,2268,25,48916
21281,3135,79,31335
28098,613,9,45627
8789,4061,63,27473
17484,857,18,21011
11340,4791,77,44124
27166,2839,26,19450
19480,1271,87,31646
15287,4251,32,23847
10754,804,86,18953
22055,2881,68,11947
4150,3211,81,3998
11865,3578,71,45828
28609,1271,69,33681
18867,2818,79,23387
17371,3208,35,9696
20519,4390,15,36595
5426,4017,45,32351
19794,561,81,17488
28759,2872,77,48288
7500,378,13,7602
27381,2895,5,11629
22937,3514,55,47254
12336,895,40,4475
27851,4059,74,15433
28597,3630,66,11286
13634,2742,42,24743
29185,145,51,43293
9520,4322,10,33670
15600,3371,8,4477
8951,1553,38,11099
12074,4063,75,21373
12729,3755,7,20442
15926,929,22,27451
5422,2965,40,27048
9614,4516,100,9103
13055,2377,99,11653
28022,2291,89,20916
3749,392,57,28101
21288,2309,35,9161
14315,1835,39,14416
2910,3850,89,21553
15542,1585,69,15794
19410,1875,92,3085
18685,4500,46,32235
6214,3506,2,19176
11307,2355,74,32283
5780,1902,27,10339
20539,1400,92,9726
26261,1012,19,30171
6978,4770,72,41026
20080,405,47,43633
25032,874,25,36997
19480,740,76,39727
20310,4176,19,36632
20559,4458,77,8369
3391,2012,40,1690
18531,4075,15,26496
2450,3583,15,1985
9707,1277,14,41636
2166,4081,54,17036
7287,4421,21,33425
7206,1812,61,46585
23693,160,9,15473
8440,3560,18,29255
17699,3690,57,5838
14957,3319,56,38139
15169,1592,64,28856
16996,945,10,45372
22551,1870,91,3073
12555,2167,41,15290
3632,742,51,34672
20174,688,74,13053
21163,4301,43,30388
16993,2004,29,29351
681,1466,46,33405
11873,2771,75,16435
27361,3905,74,2467
10773,423,12,14258
2277,2754,90,41298
4484,3094,73,48186
12204,555,94,47086
11669,1238,73,6588
23876,4464,12,26363
24913,3311,90,29815
9567,742,21,17680
6895,4909,56,36437
7134,423,35,34575
15018,4192,68,33243
8919,3931,63,27870
12635,337,10,42871
1767,4638,31,29167
14370,2640,75,44218
12283,4125,39,47746
17864,1861,44,40117
2205,4274,78,3173
27035,2684,50,42870
24265,4007,53,11513
178,1306,90,3658
25422,3474,85,14077
9617,3913,47,14717
20385,3540,59,33789
22069,1750,4,30755
29617,68,33,24101
13300,902,46,45982
2663,2094,79,19185
17373,164,96,42614
8399,376,58,39062
18184,2030,25,8366
18302,4449,95,45067
6668,661,10,2876
17768,4904,26,33367
23466,1101,5,20899
1823,4138,44,31448
4032,4386,5,10780
2995,3090,14,19906
5710,3229,59,33730
6601,2031,42,11027
16487,4246,6,37573
12577,4784,12,3724
19343,111,38,25751
19555,564,65,44417
838,1485,68,37210
20262,1116,7,23606
28203,2708,88,20799
14952,3747,49,49990
24402,2070,84,2664
1097,3823,37,42902
10723,4054,10,18457
14771,1480,96,48640
16744,2200,52,14787
4112,2993,88,14036
6194,2527,72,12447
6658,2414,52,15618
11847,36,5,36300
2008,4473,76,46912
17942,4238,66,25800
29490,4733,3,16328
14253,4110,26,27108
11203,3829,19,12255
11833,3518,69,31551
11560,1430,77,46493
24257,2523,40,43953
28351,2061,46,10174
23593,3503,28,14760
19621,2270,80,27984
18461,1818,70,44368
29724,1323,67,45710
1830,2461,87,36834
6834,4504,79,28974
12657,4108,13,44551
24205,2416,6,39083
27476,1276,67,13358
19797,2725,56,44274
29302,1063,78,47451
24656,1897,41,19578
10118,1585,51,33351
60,114,92,27869
28823,821,53,20245
23998,3747,57,46328
2838,3005,55,16646
8560,401,50,25653
8230,1083,43,3155
6541,3996,2,44220
1844,4297,86,49400
7599,5000,68,22779
10037,1331,40,49619
23040,3107,29,1018
23665,2621,29,41096
18224,3674,12,37287
20,728,89,38247
9487,2610,32,12681
14736,3981,75,44085
12350,967,33,16584
7346,182,7,44071
10917,2598,2,26171
8273,2308,92,7065
10536,3406,53,23014
18584,3349,22,6228
28206,2840,43,14515
23781,2243,77,49379
10624,2881,26,28625
4723,3896,13,6643
11719,2481,51,9686
19332,3707,27,20940
14968,4497,96,47303
21697,4554,80,39233
24136,1698,14,35213
18136,4698,93,8987
2347,2594,38,36283
13371,4044,16,49204
27460,1016,70,21399
28418,4275,61,2986
28998,3239,40,31149
26334,357,94,5685
1606,795,83,5502
22428,1444,29,49380
10500,598,76,40913
13743,3231,82,6389
5113,3735,40,12348
5759,3118,23,17862
14117,4615,20,37337
23965,423,94,25930
27631,4016,71,38013
4189,3794,68,17474
5283,2333,97,36416
2740,3981,38,18421
21993,2285,49,46065
18301,658,56,17337
2905,1957,30,34939
11721,2574,41,2058
6153,3051,14,20649
316,4798,44,30604
21663,1665,85,45368
16565,655,77,38094
5199,2610,80,22626
5180,2175,48,15679
11129,1165,15,47489
22667,697,54,1771
26687,870,19,35451
14258,275,19,41521
25367,3427,70,16384
18519,992,58,31514
977,2817,17,28408
26398,2491,93,23090
30000,4227,21,19266
9602,1155,62,11465
1411,1404,54,5037
1097,4548,52,27282
16306,1983,72,28648
7499,3555,14,36055
1403,3878,99,20333
4651,1000,4,7336
9042,3362,50,5666
4888,2606,50,6461
12746,64,9,9268
14662,3430,96,41437
8283,4365,98,26232
9322,727,16,43797
8359,1063,21,24479
21376,4579,40,39589
26226,1348,36,29170
10123,2351,3,5314
20151,2959,17,2131
24082,3971,18,38746
19326,3038,20,35697
2181,2920,62,48229
18968,2760,8,42730
18690,4083,25,22562
1549,2143,15,34443
2557,1661,28,18989
15192,4389,87,13860
29923,512,38,44164
23599,4447,18,40673
10936,2218,46,22755
2937,1402,33,15178
8918,2015,58,47026
7036,718,34,39700
9820,1110,92,4102
13799,639,69,3275
14648,180,26,12475
17273,4198,2,1000
25345,1,80,2255
5106,4706,81,30672
3185,2018,9,30031
27655,2972,70,1260
27608,206,70,15116
9674,4666,16,14532
10340,4675,63,25056
21194,1214,35,48008
14314,2434,66,14804
64,664,72,3448
22937,2422,58,36898
1204,3486,92,5433
16928,2989,89,42913
3522,2157,14,9835
21845,2940,7,17411
18143,1024,64,18265
17046,4761,17,47269
17831,1492,36,30588
28774,3329,14,26739
17574,4501,89,38688
767,1397,3,34373
3567,3627,93,24560
28059,3555,12,28397
14543,2646,32,5351
4002,3445,49,3207
21587,4376,85,35705
17545,397,69,26447
9001,4942,11,20531
16712,3539,47,47652
25519,710,35,19870
23479,4574,24,29595
4621,195,11,38920
2127,4907,96,24204
1572,2779,70,6545
29017,2505,7,26445
22684,4975,44,20106
16792,4745,48,22774
5726,3652,1,45163
5387,3997,89,45542
25059,797,45,10656
26313,1317,54,6296
15826,2814,95,3319
16884,3810,6,14250
25287,2642,28,15004
24859,4973,60,4170
15287,2250,65,11738
15666,1382,90,36703
18018,3450,34,12252
15355,1044,48,40843
23206,3298,80,26607
15808,2704,77,41221
13473,3884,17,17100
20200,1814,53,48082
19925,4291,28,47067
8631,4600,4,22331
13735,1572,84,37434
22231,381,82,1859
13903,823,98,38440
5769,4812,30,4458
17523,442,30,47434
21074,1536,8,31247
20929,3854,76,47602
11692,141,59,27045
6045,4476,69,48900
3781,2941,69,20924
17893,1324,78,12511
6241,3382,54,4124
27765,1559,37,45995
5529,551,52,46734
26393,4538,3,14413
22085,1484,34,41496
22321,4461,45,11000
12284,4351,6,44949
8856,4562,93,7167
1369,1013,48,47946
12750,614,76,39633
14999,1816,88,10318
9856,1385,6,25834
3405,3400,96,31319
19929,3321,100,25517
3548,1285,22,46067
4212,2483,71,29631
19992,383,31,20936
24430,1660,50,8306
12578,4041,92,10435
12293,4772,59,17723
23974,989,4,42321
2868,4319,9,49046
22818,3537,100,47872
17388,1884,95,40548
8073,1005,71,26974
2015,4208,18,1353
4050,4744,42,23730
5527,2583,76,38325
23126,4711,75,34432
23255,3117,15,47191
5173,974,37,35726
17895,4802,9,32658
23102,3542,24,16457
4231,1798,84,44044
16216,3820,40,34999
22534,3452,59,23253
27082,2772,81,15922
18834,636,59,38050
18032,779,85,42157
12125,4258,17,45820
23691,2101,78,18489
16536,4066,34,42703
11642,3687,36,44277
22429,3685,14,30468
27662,1922,3,13181
6087,30,65,27402
1508,2839,4,23857
8575,819,20,34449
3672,3069,20,24500
14012,199,2,13283
27407,3875,55,32383
24666,3488,22,3179
9902,4737,1,17703
1671,4098,20,10019
8331,2283,29,28274
14617,1020,86,1089
10413,3332,45,13598
12708,475,87,2749
5124,2676,41,37595
24802,2492,37,5087
27966,295,14,17940
23031,2011,66,25674
18353,2552,70,46364
18686,3401,5,46130
29698,82,33,46113
16815,949,70,36541
28177,34,21,40676
14556,1194,42,8582
16807,2585,43,2453
25590,2562,42,46352
9362,1055,23,16618
9622,1995,72,38210
19005,4578,32,45653
16058,142,40,2464
8619,839,73,33192
5404,116,67,14303
17922,1951,85,35421
6781,1402,85,32209
13695,1649,35,37518
13098,4561,37,32363
19471,4868,49,43885
24965,1510,94,30833
17971,4390,11,5633
10076,4165,7,13970
15510,1239,49,6844
27750,2164,20,37855
6433,2744,91,20517
27354,3775,54,22588
28932,2829,43,31273
25321,581,4,11080
17894,4746,60,42864
22305,982,19,9580
28717,2343,2,40718
11488,550,24,30494
15961,47,59,7806
3202,2006,70,17118
14950,3619,78,38018
21358,2496,5,39743
28917,606,45,47322
27068,2569,95,3274
17805,4800,4,23057
28083,1360,77,25451
2463,249,36,13394
6441,667,58,46616
4510,4352,11,44989
12554,1140,58,12863
24570,2303,37,21381
16420,3912,51,19578
3354,2494,80,44800
16925,1116,69,49864
4047,3772,94,38204
9324,3568,29,14361
15458,495,38,14837
26272,2371,40,32577
1042,1366,43,40390
27472,4976,55,27897
5660,3717,58,49631
13058,2177,77,7055
19244,3963,15,23492
13350,3243,12,13145
15959,1310,55,32392
26451,2500,86,39605
29979,350,16,23703
26824,4765,46,42148
14926,4130,91,15727
11644,931,10,28155
29509,2018,31,48530
20421,4272,12,15099
25101,2289,67,26435
10263,2162,50,44081
1312,4324,98,39921
29478,3298,87,29353
2741,3801,2,6845
13104,3335,99,34522
29089,2850,42,24404
22800,4797,3,14172
29712,3216,96,1085
4540,1997,25,32647
22107,424,24,26728
9535,1195,63,25341
19563,1403,38,32585
13847,21,50,33941
4152,2629,46,22903
11852,4226,87,40740
13831,2144,89,35871
7927,753,37,14092
11617,3845,69,1164
6968,165,53,49027
21546,4689,69,15522
21092,2293,14,43555
5515,1403,5,14909
29753,638,91,45498
3423,3355,52,38293
3390,3163,48,41547
2862,852,94,13848
11352,2792,88,46261
903,4993,49,13635
10705,1654,70,8177
19380,230,47,5031
18826,2537,56,16601
21436,1199,97,17672
15600,3386,54,33860
3759,70,75,4604
2447,4877,51,26081
5003,219,97,14399
29547,3990,95,24089
23648,72,95,10092
13013,511,75,19217
177,3062,11,40762
24994,1582,84,46731
9072,3594,89,36650
24597,430,74,17093
6591,2216,72,42312
18547,3566,77,4922
21233,1281,48,39425
5388,3006,39,38867
27194,4499,52,35595
15258,925,55,41433
14861,4630,89,33799
29372,4528,21,14747
8883,3349,77,13721
23702,2338,52,21752
5650,4300,29,24885
437,3471,37,6544
23808,2765,72,35722
26955,3588,41,12476
4936,364,32,6500
13590,4150,44,37212
22270,4525,11,21018
15378,3562,88,42188
16639,3004,88,20788
19472,4124,9,25525
18371,3895,36,17535
7515,1108,37,47300
555,1194,90,38683
12479,4535,18,22162
4304,3879,91,16479
6412,4013,85,36003
22104,1041,96,13710
20587,4225,42,5475
19189,3383,48,41038
15356,1444,75,14918
3692,4418,87,18478
27941,1882,91,10174
12084,1319,8,21481
8670,2544,19,49317
7329,2642,81,45454
3386,1694,34,30118
16254,1060,89,3724
15112,3930,17,24394
22602,825,18,27723
15754,2768,100,45474
8846,1155,25,8353
22048,2256,26,16802
16659,3118,33,31088
3261,4994,50,35272
8370,592,15,41544
13122,4484,40,11546
5844,444,39,46832
18274,1483,20,9923
1142,3003,38,14222
18484,3435,59,47780
26739,2880,78,23550
17202,1200,12,40786
17810,3712,1,34060
4894,3373,13,3736
24997,262,10,46756
27373,2607,36,7688
12510,2205,38,36872
6741,3697,58,17511
21112,22,96,47965
6769,4822,59,1965
13997,2410,31,36674
6660,2757,43,9723
21172,2575,83,6593
7366,482,78,12922
26032,1320,86,26610
12311,562,90,10349
29932,3854,54,5775
26079,2329,81,26379
6956,3853,27,14227
24406,825,21,37591
13548,2364,54,39972
27117,2715,88,12345
25093,1265,59,32550
13619,1476,76,8920
414,4137,19,46334
29508,1337,82,30403
9036,1899,9,36863
8360,839,82,43430
9654,4522,43,35547
12199,3062,76,25706
11808,4908,72,11455
16640,3682,7,12413
18938,4565,44,17533
26376,1140,88,14396
20630,4075,16,22662
9476,4579,85,32304
22494,4838,76,13760
10723,2416,56,11625
29307,795,69,2446
20180,2051,40,48658
15556,1325,88,45523
28188,1211,85,9457
26828,4367,2,15940
8352,4806,94,4132
392,474,72,31244
9577,1995,34,11112
2218,3261,55,47598
19146,1439,41,47505
5692,2037,28,13306
8026,4774,28,20622
21153,994,65,16221
11736,4670,63,6764
23303,4854,87,37958
560,2240,81,40193
13103,1058,23,47703
13512,945,27,31733
16071,4443,5,10654
12294,4157,41,26423
14035,4516,73,1175
29420,2500,67,23932
27280,3585,88,43885
19582,4071,85,11501
5786,4662,30,30830
544,196,7,20442
12457,2010,37,33815
4611,3362,69,27429
9225,3776,57,45904
29405,2733,2,6409
18214,2996,71,18454
18005,87,84,21269
4143,4564,84,33372
23112,4075,29,39248
14613,2838,90,17421
2952,1401,52,13392
10647,872,42,45466
6670,2721,9,26128
16938,4186,99,30803
11718,341,38,12380
23276,4707,19,43110
24602,2936,75,39217
17390,3342,19,16834
6706,3078,76,8326
13037,525,37,27720
9820,2907,37,49715
13715,3770,100,1329
29075,1631,9,46830
29916,850,17,46985
5280,2608,58,1642
13973,679,68,7490
7139,959,53,34581
14646,2357,16,8753
2632,4042,47,44036
19160,1826,22,24640
13055,4778,75,40995
6412,614,58,37212
5223,3957,97,27507
11381,2794,78,27032
9329,2634,87,7543
22538,1523,53,30038
6716,1495,21,28288
6530,3001,86,2246
25157,3545,78,4291
1707,1100,12,42044
2814,4734,11,35971
8992,2446,10,38455
3720,2680,70,23783
19673,2243,24,40950
24694,1369,87,11088
13920,3217,44,27906
27742,2441,68,18124
16289,2346,10,23580
1791,1298,54,35664
20083,4022,17,47890
20011,1967,53,5056
7196,224,59,42370
15441,3347,36,30402
18743,1303,71,29937
2154,3201,67,34313
27910,1523,98,39067
11464,1858,42,30418
5122,2249,14,29423
3801,695,100,49946
20096,1550,50,13659
6173,2692,15,27121
25501,3238,97,49834
4510,2902,41,28737
2844,1720,82,36007
2799,3780,66,33477
8733,3402,84,16020
2544,4163,90,46052
24800,303,25,33588
11624,4161,44,35488
969,1393,74,33369
7242,4417,97,39372
4896,4595,56,15522
24447,636,97,44506
1933,2334,25,28639
28693,1160,88,7678
17125,1126,20,39706
9556,2957,28,36566
8519,279,24,38611
28521,4380,70,23274
9322,235,15,10303
4211,746,84,38058
24850,2842,69,4887
11708,1831,4,4006
674,3150,60,32543
3024,2185,6,20907
27950,4090,20,20986
7504,4023,45,39076
11177,1182,85,14148
5938,1541,62,48847
61,3941,9,9737
19925,213,73,42289
22342,1774,52,42777
11737,2862,84,10972
24657,1584,77,3267
2068,2187,42,5634
5439,3259,54,28380
26073,1511,8,24079
28030,2155,31,40429
27278,2512,54,43135
28097,3048,39,6861
726,1368,82,26371
24858,528,17,27341
13767,4737,86,22897
12837,3364,11,3948
14481,4214,57,11765
18025,2595,42,27707
17313,3691,100,32628
8993,2023,19,19785
9105,2287,65,33355
9337,4906,83,46770
26757,1231,65,25673
13588,1923,58,46282
23353,4652,8,21809
4875,4860,88,28637
1937,3340,28,32480
16287,3282,58,46409
26396,446,72,32486
3937,2969,97,34070
23728,3844,28,34294
4409,1616,20,40398
14753,4459,6,35403
27196,52,54,3369
26097,3289,83,41210
6917,2263,28,6787
18532,1096,84,6515
27225,1020,30,25433
29132,2112,66,31860
24638,2056,11,5128
26212,3851,33,16019
21559,618,94,39991
26213,3843,96,3721
27366,4930,85,26533
15564,4376,26,37029
25903,2905,58,14703
25876,1142,92,21350
6449,4844,67,26533
26470,2060,69,3061
2489,4479,71,25506
13649,2997,50,17943
22253,3615,62,32010
8364,4076,12,17741
18939,3418,22,32258
18618,1125,88,21415
25050,4562,34,23380
29528,3137,71,28444
2851,4833,86,14054
4969,3625,56,21741
8984,1411,45,41468
14849,3820,56,2208
9686,4608,96,29799
17408,636,16,47624
2691,4167,93,21689
4396,2415,68,17220
29231,3942,45,8744
18320,2565,25,21849
42,439,92,25912
9826,2502,66,39430
13162,2959,49,22543
21873,3604,48,47924
15795,1275,91,31468
10829,908,99,48593
23610,597,87,40791
3104,3796,94,19168
10298,4753,25,4982
22955,1891,95,16123
18563,2012,91,49902
18734,2876,25,34933
27407,91,22,12488
16850,4537,46,45670
3249,2665,64,38644
27723,3553,3,30780
17560,4339,24,11499
19107,2079,76,22773
9194,2650,89,20086
16918,3256,72,12309
16472,1638,58,8604
15370,2327,97,3344
12399,1403,90,45988
15471,3941,78,13620
13345,3268,18,12678
15616,331,51,28876
20408,3158,38,15398
15155,1320,86,14631
8507,1960,54,21499
18875,2742,67,9139
15617,4573,60,3882
16231,3610,87,38069
4887,3198,86,45275
3060,1153,50,29651
2503,1349,50,6146
25117,3876,52,13635
25611,4523,37,20453
29153,4263,66,36737
12454,3573,31,9356
9721,3767,95,33207
22579,1358,1,8122
17466,4040,91,46988
27416,911,62,9828
26925,3573,22,8384
7655,2267,9,15223
9417,4382,19,22843
21431,4595,80,13463
5274,1324,74,34662
421,4544,2,16022
24570,2911,6,44177
14616,836,23,36837
24727,675,61,1564
21652,769,58,23936
20005,2397,11,24767
18296,3399,89,20377
308,4542,96,19659
17544,589,96,13484
13038,2552,16,37720
17269,1391,16,37449
15700,2497,17,44012
5405,156,4,39986
12679,3004,44,32072
21496,78,44,42383
5433,4799,8,19766
4402,472,70,17600
9971,3733,71,23650
24864,3854,43,19896
24364,1217,69,17899
8441,1044,25,3926
21793,4769,97,3374
17941,2012,98,21414
28031,1088,47,13054
3494,1252,99,19612
4389,1455,51,31654
29003,3829,87,37596
26263,3550,45,42708
18818,4617,5,3551
3479,4008,53,44855
6085,1507,91,41028
14805,3668,18,21112
19729,4005,80,26237
19008,1425,85,21181
3625,954,57,39747
21423,2169,3,26877
3682,2685,2,18972
6713,2713,67,5255
5547,4722,74,20184
7070,426,11,6212
19494,4079,28,7832
22871,3647,96,49489
10074,126,46,30908
9711,680,79,37208
1946,279,49,20062
11497,416,79,14525
12723,3995,20,25191
22267,4781,73,41152
29134,731,62,22778
14062,615,60,48653
17820,1564,22,41497
29256,3623,60,27991
19550,899,100,27492
14245,2339,40,33367
16391,2107,41,25073
21569,1719,53,20114
13784,13,31,23633
8138,1858,84,13885
11105,3198,23,16964
17965,4276,54,49190
12755,1916,97,33672
8605,3877,6,7039
12341,538,36,23099
26443,1080,98,10669
22922,3352,78,49675
19464,3347,90,49978
16023,553,29,22883
26012,184,57,35563
8135,1523,52,38468
22722,3116,32,48855
11059,3106,96,18235
2428,1849,25,5903
10149,1567,99,3021
10417,3957,91,33506
3993,4790,65,25523
11792,1078,83,20996
28404,1032,45,27177
8944,1791,100,40755
12138,4203,9,3126
28813,4010,11,41606
20363,4933,11,24483
22414,1034,3,5004
4381,3638,98,13860
27707,1199,46,48427
27997,4284,49,21726
4298,2180,92,19389
20017,1610,46,7909
437,1507,59,32785
11453,2136,6,37543
26960,713,53,38852
20774,4006,34,31885
28840,4548,35,25109
10274,341,80,13587
19539,1423,89,30018
16685,542,52,49262
26646,1396,65,46591
27689,3154,39,19666
1032,2744,47,30643
10579,1389,88,25676
22111,4767,35,6689
9275,4125,78,38384
1145,1592,73,5930
18458,2482,42,5786
11897,4124,83,49054
6313,4286,91,20158
18373,1699,38,31047
6673,4322,57,34446
4704,4955,11,21142
22635,86,47,40541
13662,2335,47,16959
18326,2189,13,25176
19405,1071,92,30107
12387,1437,66,19606
2102,540,47,15207
12649,3034,47,27940
21315,3684,50,38755
4717,1375,67,23060
16027,1499,98,46485
29598,1841,3,28114
2154,2761,44,12282
21761,2767,49,30394
8661,4545,11,13320
3481,293,3,44668
13530,507,83,5267
18199,3119,82,21292
2815,1029,86,17964
22241,2345,53,48241
4155,2453,45,1412
555,3056,83,43761
9983,3876,57,23387
2638,40,16,37264
3212,294,68,20088
6075,2930,11,25994
22056,1912,7,27152
6745,2892,64,49782
15707,2300,37,24222
29176,1254,39,7321
23358,3376,1,10943
19554,4764,91,25313
24089,481,62,5058
21401,1632,42,39224
82,515,62,19382
18858,4259,27,48777
27196,4760,20,47194
17582,3760,92,40693
15475,4793,67,15805
11964,2620,53,2941
16268,375,66,5789
24958,3068,29,39096
10166,4682,66,45804
3368,933,57,44636
19151,3388,51,5731
24992,987,56,46600
19200,3758,17,34495
1769,4321,100,47758
11456,488,85,8091
6398,2276,37,18514
12720,359,66,20452
8850,1220,69,49939
27737,836,7,48743
17807,190,98,24623
16496,4310,36,20482
6121,4885,41,49016
6391,4974,42,7356
20922,1087,7,34951
11730,4318,12,41912
20217,1581,38,15391
29348,1247,39,8751
17803,3001,79,9153
27488,3502,66,47490
24991,3274,29,33307
26346,1750,2,40613
28146,4305,6,22401
10862,4854,2,24767
20121,2471,71,9794
26437,3209,54,7617
27208,1103,76,40121
23060,2632,2,22441
9359,4314,2,9014
25056,4526,86,32846
29382,4213,83,2927
23891,3308,53,28244
14820,4697,30,18203
20077,2760,9,47975
27504,3940,75,41811
7295,1096,67,18612
1917,1524,36,40940
5460,2880,25,36022
216,3724,54,38496
16271,735,74,20091
12934,2964,43,31014
23949,3578,26,31365
15050,971,78,13757
6282,2465,79,30016
3089,165,80,36117
3362,2034,1,10686
614,4160,73,25422
12535,737,86,38529
9333,4186,85,22039
13051,1714,90,36571
6041,388,46,17580
19059,4453,17,30833
18382,3167,93,15183
7089,2576,56,25896
14502,2110,70,10338
24837,4628,1,18971
2854,267,60,1272
12132,2184,34,19584
13829,4171,8,32497
28133,3796,99,26133
29715,73,3,24155
29128,3031,12,47384
7723,3133,72,17585
16615,1694,79,13191
19027,1467,96,14992
8773,1248,74,42334
20527,1525,40,4736
27780,4746,72,1082
3374,2823,22,35489
18381,247,30,6211
29259,1872,20,2423
15204,3959,21,18731
28527,38,75,37309
2848,4768,23,15843
2713,282,33,3770
22826,3870,52,35683
3233,3691,33,41957
7493,2705,53,9849
13718,558,50,48073
10242,3393,66,20274
6831,2183,97,18040
11280,1551,22,10494
21726,2732,3,39772
16335,2909,57,25288
27878,2894,72,27240
19979,1112,59,24443
523,549,97,39224
23648,2581,71,34058
5929,332,45,11623
3480,1778,23,9195
14333,1399,86,7512
21404,4847,25,29098
9626,3860,3,42149
28963,4239,69,26257
24977,4511,45,35273
22401,3098,18,4499
27532,2250,90,9064
17496,963,61,14936
29609,1449,31,31047
10053,2255,43,13751
8309,2255,65,4415
2561,286,21,43608
19874,287,36,29102
5908,4177,90,5921
8980,2554,92,44055
29150,3073,55,44796
22424,2326,75,21321
20501,4822,81,24446
5327,2256,11,31399
16033,3066,29,16343
19153,305,12,8564
19483,4912,39,3363
16575,1697,53,16998
10471,4381,61,11566
3941,4376,30,41070
11322,1173,72,36894
11679,519,49,8507
29215,281,10,36568
2180,3071,39,10535
24528,4918,30,23753
20730,2559,70,23179
14326,374,80,18582
19001,1517,83,22087
23514,1200,33,1794
17633,746,27,18549
27289,4673,28,5379
5123,4450,80,24482
14303,1468,83,10351
22435,1082,42,10638
12571,2394,54,44601
847,4092,86,14453
6002,1161,99,15189
3785,4487,33,35185
727,537,73,3810
11022,4497,2,21623
20768,3271,72,21891
20044,4226,78,11355
22582,1154,30,32268
23875,1958,99,40309
14832,3554,72,21054
26568,2732,86,46918
11916,1961,46,48045
27750,561,100,4221
12924,3183,94,25511
18677,4064,83,39357
21292,1045,79,35597
12944,1167,11,8277
2211,322,43,12223
20401,3559,91,25358
14371,2604,19,9180
26064,2769,81,15213
10523,3058,26,2604
8989,254,16,25007
29381,759,74,26316
16707,3902,15,45837
20215,677,28,31614
24317,3419,75,28391
8825,394,26,5199
21459,797,61,21091
15144,153,84,25208
18165,1248,50,16848
22890,2895,34,15477
1516,4174,68,44672
14538,104,8,42708
9996,396,61,37087
14282,3799,60,49010
22409,4256,1,38679
28960,2900,84,5926
24591,3066,93,18347
8862,1610,46,24396
17068,3566,59,35831
23061,178,70,34461
14029,873,28,3118
15104,2910,92,44919
27963,4082,38,37664
28412,4231,39,31028
8777,1904,1,33520
6610,4153,44,46457
15833,2017,4,28854
21413,1321,84,46420
23324,1518,78,10981
18771,2762,20,8044
7611,2803,27,43092
22662,3202,61,28798
463,3902,62,44796
20285,1298,59,1301
15528,3198,96,20916
9778,4565,61,14437
2458,2569,67,12299
20752,4740,29,23963
29389,3505,46,41222
24461,2012,37,24336
8664,2843,45,3909
28663,4692,28,30263
22281,4901,48,10172
16657,392,61,4993
2518,4803,89,34424
20898,4193,31,43139
29931,19,44,43724
21259,1415,13,16429
18580,1279,70,48145
13545,2015,2,13227
10995,4611,36,41105
17612,3905,39,47692
8769,2266,17,45078
3662,2942,40,17858
11383,4982,82,38913
29612,1814,68,22116
27725,867,57,35581
23209,188,31,22346
763,615,44,9058
9770,2207,8,34385
20770,293,37,36235
12976,667,34,12038
28846,2962,94,11874
3730,2923,11,42006
28554,411,11,26105
9576,1311,99,33923
12359,4222,6,46176
5507,2433,2,43997
24140,1661,16,3966
24040,835,22,3236
18178,4753,62,7152
16966,4355,31,38860
3986,3538,55,48646
2480,3696,72,37480
26107,911,21,31064
9895,2832,72,4735
23809,833,72,38566
4913,1567,11,23732
29742,1246,7,10368
2384,588,59,8873
16803,1029,40,13108
2359,1640,85,13256
5287,725,58,19275
6210,1909,100,20417
27526,252,88,18928
1356,2598,13,33843
8061,1885,94,9344
18269,4444,59,3858
1100,1883,83,38922
5695,2626,10,21630
27070,4343,82,28157
22283,3134,47,39849
8697,1111,18,42607
16779,4299,49,24782
14837,562,73,7179
16230,728,20,31013
27325,4970,6,32773
29359,2008,44,13787
27063,4218,38,19511
29298,2589,9,42620
14317,150,11,44547
14154,6,45,9575
18234,4413,88,20336
28961,765,31,15731
22242,2399,27,14034
22625,4252,73,23299
668,4341,1,10151
23038,3773,58,1075
24372,2725,50,2184
8984,1175,21,20672
17655,377,14,21997
26331,2329,6,44255
5112,4899,59,44167
23114,1917,94,32461
28209,3296,59,43303
11181,2094,1,22535
9574,1540,25,12934
22645,2418,59,21262
5323,3906,39,31329
23410,291,85,6624
13624,1983,18,34942
6453,4226,99,19770
14894,4998,50,33090
11508,3350,42,16412
11239,440,94,4101
2806,672,49,30121
13321,3120,45,47950
18609,224,1,11129
10885,922,2,5671
15491,1992,67,36049
4978,716,97,41668
14737,1871,9,16611
26061,4878,66,36176
12603,3773,18,26101
19654,2114,24,42123
3085,2948,82,49937
9413,3951,48,10281
13599,4211,81,6195
13708,4178,78,17091
7348,4149,28,29555
18124,4326,59,36390
3190,3199,35,38867
12531,32,19,29204
20683,3538,53,8533
2936,2723,52,30135
28338,4533,21,21471
10440,4610,54,36484
3523,3124,65,46955
4575,1422,59,40078
16616,1734,10,6238
5722,1153,54,37942
1124,4595,67,46065
21483,3641,67,27441
14000,119,81,6726
23307,4019,86,15510
535,711,32,5399
29168,4183,42,7843
5844,2582,34,47699
6698,2184,15,28452
27526,2584,63,32733
14277,419,28,39445
6894,4536,37,29781
21169,607,96,4457
10442,3631,27,24483
19997,3700,45,23873
25102,4372,88,14593
18059,4944,67,7802
7870,2565,80,32193
26249,724,26,45275
7830,2247,99,21210
23479,4887,15,32087
29958,2938,36,9605
19785,1233,46,5940
24393,2317,20,6387
2234,1895,4,22992
530,3081,36,32776
20993,2736,19,14336
6654,3906,94,22813
20189,4726,19,1123
6988,2486,36,14107
12087,2682,36,24040
19368,3191,6,14945
29911,1310,8,36498
24550,3284,27,35791
9790,4234,51,26894
5678,4547,82,49431
24464,4514,15,48410
14776,3857,42,31874
12858,608,24,38203
4418,68,61,24535
8628,3455,94,18050
26158,2619,33,39741
9218,4475,25,15057
2926,418,74,33518
27469,4186,8,35157
14785,342,16,45501
29992,4620,96,22501
26090,1952,49,43715
25738,2842,27,30748
28567,2102,53,14048
22483,4555,70,21289
13488,2435,47,37688
28278,3580,20,27941
16859,4350,84,27090
853,4269,52,30778
13476,1653,15,6956
20809,621,28,28255
13185,1872,59,30018
2447,824,4,3691
403,778,75,21352
15214,2110,31,25411
15058,707,66,42411
27700,2954,91,13607
20794,2932,83,33775
16003,2213,84,33926
7046,4585,34,41969
23457,2205,17,6617
22037,2228,20,45278
1932,4416,6,13025
28361,2743,83,34542
3460,2173,51,19362
29001,1020,56,24343
15007,1990,44,1873
24730,1908,14,10543
15745,2264,27,37836
13577,2985,45,36705
10848,65,27,10992
11691,339,35,37465
1512,1434,35,17583
12822,4091,78,34255
16654,4610,45,25340
23383,3910,1,14620
8154,2539,76,24827
18947,4449,25,25924
11243,2904,39,1243
496,2808,56,39866
4681,4455,81,25312
10868,2962,18,46604
18941,2911,90,29522
24106,3028,3,14145
1577,3558,38,16024
2952,4327,70,3677
29026,3122,4,47898
19165,1651,72,37995
4160,4426,80,49640
5545,1475,72,30747
18405,3396,99,43333
20739,1038,13,30386
11516,4867,36,6397
6661,4942,91,32652
29122,1896,26,28631
16101,3371,48,40919
20222,1680,88,37011
12277,4312,10,45281
23899,949,40,36528
21769,4942,60,44292
29256,1515,1,28248
25274,2685,52,46573
2106,4852,74,28496
22051,3936,64,18848
8833,4986,29,22765
21689,3455,19,32945
6261,102,25,13204
24456,2157,11,48304
20906,3682,56,39251
13415,4590,46,34426
21288,1308,2,2825
29621,2687,7,1369
1153,4579,33,8022
14874,4433,20,31115
25124,1618,31,47455
212,2013,2,41289
26391,2683,39,49003
21675,2520,17,49086
18924,2533,29,42480
4581,2516,83,27275
776,4154,11,5395
4389,900,72,13156
21792,4165,53,10803
28055,2524,64,9153
2313,488,34,38823
5486,3497,51,8009
12949,1587,13,21863
17480,2790,76,22011
16921,1038,72,45694
15027,3510,82,31109
27792,4310,19,44996
15000,3771,84,20020
10675,4011,23,20888
5611,2039,61,40852
22564,3974,6,25268
11192,459,94,36991
18536,1728,75,22712
9008,4965,99,25059
16603,2664,19,8118
2085,2370,36,30777
4677,4861,24,5180
4019,2437,66,16869
27650,3930,28,47458
6125,2170,74,11609
1080,4793,49,44544
29293,5,29,20678
1959,3759,61,13257
14143,4523,76,5468
14917,1446,26,32525
10648,358,52,30926
12401,3854,67,11966
10985,2830,13,12850
16507,3392,70,17898
13306,3155,24,42527
20633,1651,40,47407
17939,1294,9,6694
3250,2933,11,13652
12464,1552,100,20031
27134,444,27,11154
14081,2322,19,9708
17601,1523,20,46754
19692,1292,37,4091
28484,4749,81,22195
4046,4589,73,21309
25826,1820,44,4457
7694,2207,10,48160
11591,3640,62,42636
20945,1862,91,27882
19011,2283,53,19274
20519,2460,48,49412
16352,2182,94,25464
23057,3,82,13065
12774,1781,8,10842
26565,1713,7,33931
7232,3756,74,9417
13149,500,72,19171
6445,4738,89,16044
17124,1480,16,38310
5964,3529,86,30865
3272,4239,21,1202
20071,2104,14,24182
28190,862,57,22428
22715,2217,14,28107
22022,1512,29,4060
3939,3212,93,5967
15551,988,99,37373
14083,1835,86,26296
24146,3740,52,45741
26547,2157,27,13021
14907,298,67,23972
3283,2158,7,19587
29342,3638,65,14166
11138,2376,80,33075
2521,4762,54,33949
27380,857,40,28887
15261,3952,40,1100
7909,4127,88,21539
5609,2733,7,33016
29934,3158,44,16836
27751,1197,59,8370
27040,3784,1,49705
29749,2290,87,2375
9709,4710,22,12837
25937,1776,87,4684
4376,4247,59,9032
19403,3506,10,42951
29704,3931,76,19221
12407,993,96,26650
16031,1852,7,3450
29292,4064,39,29936
27185,4754,62,45517
11437,3542,93,42369
4854,3546,7,8507
101,3106,29,11073
23369,4566,62,21046
15535,1345,12,37547
27069,1134,58,32691
12746,4519,32,39013
19467,3252,30,44693
23320,1722,86,1653
9789,1360,51,11203
28729,1301,83,37080
3583,1593,6,48237
15441,2703,57,29205
2113,529,42,2737
1317,570,29,1862
17434,3592,100,25290
1657,674,81,41411
22469,3298,82,11390
1405,2504,8,49129
25293,4225,37,10826
4253,1968,50,35012
19342,186,74,34003
263,4241,38,22987
16316,3061,43,39373
7538,4822,17,2252
11190,3839,79,15664
19159,1172,77,48041
13981,4972,75,40011
5410,4832,88,31797
6948,444,49,40494
10672,3032,38,18502
7883,4928,8,33611
364,2686,81,43390
5961,2049,4,45655
6992,620,97,19913
23119,1282,40,8761
24795,1570,97,5995
29115,1328,89,13716
17847,3014,70,37787
29957,3262,9,20745
13755,880,62,6405
23044,4732,96,20729
18203,3482,48,24939
5104,3836,40,43699
14299,4500,53,38950
29289,3913,10,35988
14752,4284,77,38818
22070,3969,1,18260
13491,1779,75,15461
8804,2541,80,28458
7567,4554,11,31672
29817,740,69,42233
22126,3952,81,20442
9531,4814,51,17880
20983,179,90,35852
17400,4037,14,39823
3333,2033,72,14485
27006,2189,59,30862
22359,1370,11,11373
29811,1311,80,23013
3618,3374,22,11770
14486,384,38,1977
9829,1061,65,35112
27113,3296,5,30160
10492,1360,60,48633
20693,3795,29,25885
21182,2857,62,25727
11177,3226,47,28166
3081,764,46,35341
6650,3396,27,19865
8614,3758,73,5419
14793,3054,27,29037
7167,965,78,9702
6194,1661,43,37154
13557,2892,51,23358
10958,774,4,22271
26335,4829,32,24010
22601,4795,25,22119
25325,3500,20,18092
15196,1110,57,44028
18771,479,91,40589
17277,132,38,24199
10634,95,19,10895
21261,2485,3,10750
14515,4621,13,48877
13233,3460,95,16724
28289,631,88,38233
17791,1945,79,27143
18064,2357,90,4668
12299,1962,67,7535
19132,2753,19,16914
29053,659,78,31859
12929,3335,17,12500
19949,2595,76,47661
7822,4442,74,28731
1857,1889,73,25499
12733,2212,91,26760
10382,1292,39,31702
15104,4422,85,34403
27336,1613,12,17580
11834,2218,11,35850
26363,2562,15,8806
6822,3767,51,35666
5157,4726,12,4356
10680,2006,34,37989
25178,4035,73,15845
20296,2353,57,31080
5973,3654,98,40473
22702,46,94,13370
7917,2388,10,42409
15864,3325,19,17967
12267,137,61,31045
12880,3049,15,7637
2020,4863,78,6346
25548,4349,73,41647
28356,1814,17,33342
21642,2111,67,21993
24980,2682,59,33930
13830,1700,1,32732
17919,1564,4,3807
4139,930,92,47490
7333,3236,89,43892
353,2482,94,23712
11485,3825,88,30588
26352,4297,18,37425
19929,4459,3,12610
20691,1025,29,49514
9668,2794,58,30174
13686,2527,85,45329
28751,741,36,6401
8562,2754,64,12924
17168,4966,4,12438
3811,3047,74,33893
21944,4864,4,49960
4083,1704,2,39516
19134,3138,9,7517
20815,1362,6,5803
23943,1676,59,36074
601,4070,23,23274
2694,4234,93,42738
26936,313,30,45467
6084,1622,28,42464
24517,4644,10,30009
26433,1864,4,41497
25408,436,14,31484
5820,2356,77,30673
584,2915,63,33803
29802,3102,74,38857
21940,1585,80,45963
25074,3038,94,29158
15261,2766,10,26602
1755,4524,50,6089
20082,3087,85,22378
10032,2407,37,21222
25788,228,6,28245
26823,4724,46,11832
22151,598,15,9172
13117,2112,32,35119
2315,2638,35,22720
6068,555,70,47655
23880,953,82,27750
10053,3616,88,39603
7867,1786,41,44719
21861,3512,20,12466
6863,2398,62,14956
4608,2332,23,49160
2371,2212,60,38784
9087,1989,64,12557
12710,892,92,41257
29762,579,10,15197
22637,221,79,42732
15921,575,93,14388
17359,1540,68,20740
9385,4597,57,12671
4478,1100,51,26901
3511,4179,93,49638
17306,1782,17,29414
23990,1520,65,12817
29699,2506,62,1547
29692,2506,48,43224
2749,1567,55,10076
17938,2236,15,39708
9933,2837,7,14480
29632,3588,18,27177
12807,3243,3,10465
24731,3361,20,17603
8869,595,73,46265
26901,88,13,41736
5662,20,71,1854
17301,945,85,42008
7290,3167,43,22445
25789,3054,35,19401
2560,1495,77,20643
19152,3038,91,32725
10731,1940,93,22756
19526,4297,40,47280
28960,3079,84,30471
16334,3868,67,17189
22997,1117,47,40986
2477,4967,69,15785
11189,2350,86,41342
988,475,19,38050
16709,2751,88,11335
21623,855,45,16448
23065,764,95,20084
28168,2137,88,21307
15586,4649,62,32133
10618,3034,68,25230
18677,2171,1,38796
18297,1238,83,9762
23821,3606,76,47020
16396,2317,47,34999
17783,2882,34,35157
17900,223,60,8834
27012,941,7,49222
18144,3148,53,16921
24879,3888,23,22270
3476,1052,39,30327
24424,3269,94,9757
26283,2944,32,15405
4452,2537,87,3812
18629,4369,73,41236
14231,1223,31,29101
3120,1824,24,36803
8578,911,52,25444
27038,4717,81,21284
12971,3762,92,44923
10329,3235,69,30536
628,3248,11,11491
12297,3477,43,43560
2045,2241,38,41279
7714,4037,80,1798
13684,3097,78,42674
11308,1802,86,28288
23805,4558,39,44701
11426,2234,51,26625
7719,3077,79,38934
19147,644,38,21825
16492,4816,19,16534
9678,4014,75,28102
1680,857,29,15242
10325,363,48,44590
18931,715,51,20826
6949,4183,81,26973
13460,2776,8,29843
18865,414,97,43261
8736,3065,71,37485
6184,4351,67,35281
4455,3114,4,28902
5494,619,59,2851
28640,1336,68,39225
23461,2910,44,20854
7092,2153,45,23884
17700,2584,59,8793
17300,1055,75,41830
27825,3793,7,35973
12722,3742,48,2892
29315,4429,62,27982
9234,4286,20,34528
6950,2093,28,9175
16492,477,85,14956
29524,694,76,15184
14304,236,80,19033
28910,3070,79,31391
11964,3171,13,2652
15774,4353,44,31743
7482,100,11,6017
4649,1610,57,11750
3425,209,25,7173
24572,2090,32,36325
1865,3340,53,28782
5804,4489,57,39481
14492,3504,9,38836
2431,1759,2,24117
6147,4614,53,3541
21241,4651,73,19586
10264,823,69,16598
11652,1815,1,10543
14375,3319,28,33297
12034,4705,35,43697
8382,3168,80,12183
14508,3560,17,6522
8711,1293,22,14592
2965,1288,96,26627
13228,3871,44,37412
28152,4580,17,48477
9748,4957,85,49912
23880,1161,56,45262
13508,2434,64,24668
3877,4277,56,28097
3446,1724,95,27135
24106,42,56,23849
29229,2366,53,7935
19389,1264,77,9312
4282,3071,100,14192
25048,656,74,14809
2642,3402,88,18486
26908,2342,31,41292
5085,3445,75,44776
13949,791,44,24376
15294,3296,64,19790
11509,4888,40,8001
26731,4542,29,37555
19748,3028,27,8701
15456,2792,70,29593
12636,1441,72,23909
9778,318,50,19029
5996,3612,14,31145
13208,1667,21,3629
2726,2617,67,42752
14208,4997,67,4621
28154,4935,13,3027
16100,676,61,39991
29545,1227,19,17298
9234,76,2,34752
27926,3139,82,31343
14040,2440,21,1257
10293,4390,98,24881
27855,2661,35,13460
25131,480,20,37290
3280,1403,56,14933
9304,1161,54,14133
14106,3798,26,13649
4269,3278,4,12167
16234,2174,71,24955
7384,4430,78,22774
4812,9,50,25801
10504,1393,71,26101
13537,2813,55,29728
25724,3240,45,5777
27587,2962,45,23158
25777,1490,31,15787
6745,2200,54,19342
7892,1257,11,20086
23986,3503,94,7849
6043,2160,94,26779
4727,4860,1,19229
19535,2643,93,18317
19529,3229,73,17146
27355,366,53,20920
96,1539,54,32513
25180,1272,26,22855
28832,4292,18,33180
26942,392,62,30059
28489,2280,13,5471
4709,3909,47,40291
12927,1997,18,1468
27864,1065,71,17628
10772,1520,67,16700
17957,2812,69,47448
19898,3205,53,39954
5021,3214,100,16761
20766,3589,31,3817
26571,58,63,16888
19386,1573,8,49163
16280,2416,50,1530
19853,3073,94,26497
26978,3462,61,28601
3074,1201,14,8504
29170,4345,41,44841
23907,3667,68,24896
19360,3324,81,12872
1345,2250,67,27559
13996,4868,53,1099
9460,2510,77,43288
26004,3700,6,42107
15512,3056,39,15291
8180,4925,46,4506
6975,1805,15,17893
16148,2169,60,8951
11335,33,55,22669
10249,2179,1,17332
17479,4573,68,6894
14833,3455,91,32624
16195,3968,47,8894
8572,3080,61,8969
26059,318,52,45348
27955,4695,25,34938
26014,355,9,23146
20172,1604,55,49318
16206,2015,24,21267
14216,3314,58,39096
7411,1603,99,15206
12712,2258,4,3333
9945,4852,9,32086
3891,4784,87,19351
121,3208,89,21850
15851,3608,10,29305
10555,2349,42,2031
2921,3787,28,26181
14283,50,21,44113
4836,4739,6,48319
22199,1490,53,16296
19406,1382,90,45112
9691,1386,85,27202
19738,2950,19,25774
26029,4485,89,34881
17422,4719,73,31081
16110,2471,9,26800
18472,1708,92,19459
563,3748,60,39561
7964,1886,6,40324
17404,2011,74,24943
13137,2866,89,1823
22108,4329,22,5609
10746,174,93,35054
21209,3521,2,36515
2575,3370,2,39441
25020,3382,98,24578
4950,3100,95,21523
6888,2715,34,47747
6095,3753,37,40008
20703,3784,27,30533
27131,4033,20,23962
20091,3812,98,5815
15500,1906,89,22010
27518,1609,87,18811
13480,3065,42,28159
13648,2712,8,45201
11855,1658,84,29338
15330,3126,57,21650
16122,2648,24,31370
22008,1252,29,45715
23365,4571,12,15232
23818,1944,77,8646
6697,1611,15,31511
16304,2697,19,19324
23104,185,94,22190
24384,3981,100,30437
24663,1974,44,10395
167,1289,67,24135
10370,411,39,26944
13305,4871,81,48961
239,1171,78,22041
1854,1829,100,22881
26316,4132,84,20396
11130,4824,73,18366
29787,3771,93,3432
5434,1945,41,3253
22551,2148,57,38359
18245,3240,21,21775
3451,3341,64,19785
16909,1763,49,8433
27176,3930,33,37957
27256,2487,90,15954
9506,4135,46,1726
4382,2923,85,46533
2264,1900,93,46820
27463,1241,66,39902
16963,4279,16,30369
27219,3421,49,18032
26694,3454,59,15783
17191,64,59,19618
6015,882,43,45556
11921,937,56,43013
6191,657,31,28072
4644,1721,84,32245
7802,343,76,17270
14251,355,18,20614
12497,317,7,31623
6273,2943,84,24122
10100,1139,90,37329
12683,1960,95,30469
13833,2761,63,37129
16426,1081,5,23351
12793,343,4,35445
17823,2916,90,31914
160,3236,52,36478
28082,2369,11,36916
20108,2380,17,9963
12109,3874,37,26134
17056,1968,43,45362
1450,175,17,31301
20702,2673,40,37273
8937,1223,78,45964
19807,399,13,46933
2567,314,72,12439
19563,797,25,43663
17489,1521,53,44573
10076,4644,71,3791
20946,4403,46,11067
10114,2628,78,4164
6939,4498,51,33375
541,1763,70,10627
8412,4644,98,27467
7812,1589,94,13115
8004,1482,30,14755
13676,2290,4,37029
20845,2963,58,32859
8500,2103,11,24365
27219,1064,32,35580
24674,2387,83,42819
19057,344,80,8484
19807,2771,48,24022
18866,1357,13,11101
10100,1573,34,3683
14159,4281,13,48635
25329,2982,41,31188
20913,4287,3,12755
11037,2875,52,13703
2328,2255,59,36560
9353,3878,56,2416
7816,1136,8,34393
25590,4974,23,23582
15111,1747,61,39317
27328,1137,34,29056
6134,515,98,35881
9292,4073,39,35804
25851,4482,51,11817
26103,3608,23,48281
17292,4191,16,21377
7645,1456,25,16770
19775,4461,84,39626
5986,2273,84,9098
4197,325,40,18475
14540,4522,19,2223
8019,3248,54,30317
11588,1405,84,29954
10210,128,38,27686
4131,4205,92,11295
1727,3118,25,12750
19856,1776,43,22870
11365,2013,99,10421
4696,774,60,29482
17027,2094,27,14020
19558,2384,67,37084
26829,4524,85,14656
12276,2044,81,2289
27516,3581,46,2724
11896,2430,76,18289
24969,3713,91,25661
6854,3508,91,29129
22252,1304,77,25466
4644,3590,92,9911
16119,2127,35,26474
12757,4409,78,43381
4186,4598,38,29532
9928,3505,39,13663
28494,1465,35,46685
27291,134,35,28011
4779,4463,98,34891
29112,3416,83,47016
14318,2852,2,9957
22545,2277,90,7365
27217,1622,70,48590
25102,5000,19,5506
27399,3304,99,29371
3823,1161,73,36546
2924,1609,5,38544
1242,2963,10,14665
8217,807,38,2055
6582,4728,5,37368
5907,233,36,5925
3899,169,98,8099
19455,2554,85,45765
4923,1588,74,8146
26184,3639,42,6871
4027,2758,52,6167
23650,367,48,28086
3929,1806,24,46916
20760,4628,62,13835
19377,45,20,23450
15010,2579,50,9872
5461,2552,81,23869
23947,282,94,32320
22643,1457,59,44126
2005,3314,98,45807
29186,4693,74,12297
1328,3543,7,14643
15371,2400,26,32779
29639,4520,13,21023
26280,3700,18,29252
11378,1961,34,26566
24883,3952,33,49214
17997,1181,91,11070
26099,3924,50,17566
4222,3166,92,4523
25292,603,72,40546
6480,2957,19,1133
2807,3756,90,16007
1435,4511,38,9610
14603,2624,8,21225
18185,4251,41,25048
8082,3172,74,23458
20680,4534,14,37459
5654,3060,44,45956
20044,1480,89,9206
748,2411,97,43331
8688,3787,29,38382
13840,4221,9,18268
8921,1676,70,35949
26674,2389,76,31033
19993,4673,73,5979
27280,4969,29,7784
7794,2139,38,44817
3343,3873,10,20923
23243,1211,57,39069
13010,2571,39,26621
4305,3376,83,17687
6611,3357,27,41494
6836,1051,63,24435
855,1161,85,36093
1426,3191,18,23527
11385,1832,32,34813
25581,2047,73,7104
27677,29,90,32599
16183,4163,93,1476
8166,2019,24,33075
20159,4019,38,40835
5975,2076,85,17711
26892,890,54,23196
11462,1250,18,22513
29389,56,95,6802
14937,1927,89,33041
1619,2299,76,3049
14725,3719,34,32172
22296,2022,21,17793
6569,1838,64,18369
10997,1440,33,22368
7483,3030,97,27772
23102,2542,39,48124
29904,351,99,37541
20975,3586,10,44977
18074,612,61,36030
28602,2402,47,24748
10112,818,27,40523
25743,4791,57,37894
25488,4090,54,22088
23,3517,79,30758
25517,2886,10,2629
8836,288,27,8952
15974,1937,35,15626
28367,4481,31,18657
27942,1582,16,19599
25245,2415,73,46042
24242,2351,91,3838
27254,257,25,5508
19703,1,56,21797
26270,1239,47,46656
5696,2932,30,41239
12539,3943,15,18074
28161,2581,64,6052
12887,3525,85,45124
6968,1075,13,15469
8368,3972,29,26924
7209,2682,9,47230
15984,2350,77,31555
1489,1908,85,38727
24824,4964,62,25518
9640,2571,85,41932
15776,2844,85,13482
4416,4281,15,21804
29600,4576,37,42010
11966,4004,90,25893
13754,387,19,16207
10969,1587,44,9670
23627,3520,91,29899
10297,842,71,32155
1418,2412,94,43985
6472,4774,65,20133
23494,2157,92,32813
18088,1100,81,11343
28909,1808,25,26715
27606,310,77,48513
14778,2926,10,27309
5412,825,95,1417
27530,4346,98,36061
10961,2949,87,41423
2862,2097,57,12684
12152,2324,65,39302
15661,1441,19,11292
8801,4081,93,27386
13061,2676,99,25828
14769,4904,59,15394
419,2702,26,10018
16322,2032,16,29477
8072,3331,25,2632
15352,4822,27,9304
12966,4090,90,1606
24255,4917,26,16708
26223,2365,97,5606
14030,4400,33,20903
20422,3931,86,46106
2679,3286,72,44744
3650,3645,64,29414
4156,3558,72,6289
22526,4586,84,29801
24937,3902,16,5878
20614,2988,60,31690
407,2815,72,19088
17830,3408,58,6879
14990,1480,40,15267
21242,2526,87,49841
17756,4535,92,38776
18592,455,73,42509
16656,3604,47,14506
295,4759,72,41680
24855,2712,19,20026
8268,833,21,42858
28313,4960,94,14749
25448,3220,71,2778
10405,4464,96,46120
10790,3454,80,12398
4064,507,58,37657
6899,3467,55,11642
2690,4288,12,28713
8241,3436,31,27564
17171,3568,58,42338
27069,2079,80,45780
22155,193,35,15751
8589,3443,78,38170
13198,542,62,4998
20262,4751,40,49651
13479,4084,33,47650
999,4843,27,39329
27450,4085,96,46411
25698,3039,89,19279
13595,687,32,31920
24802,4563,30,16118
22396,871,60,21174
22864,4078,58,31411
20376,1629,72,19198
22632,2307,98,23312
1039,4283,67,38470
6915,4273,26,5815
22705,4709,80,37609
5779,482,35,3400
9713,324,62,25592
23528,4531,40,24898
5319,4904,16,36689
3780,1127,98,28916
28813,4456,8,34277
22163,217,38,2817
23126,1285,51,40044
26285,2943,68,20939
10292,693,92,38980
28125,225,25,46040
10794,907,52,3196
24165,4885,91,41901
25324,1209,43,49337
25954,1034,69,17807
13150,1515,61,37700
3416,4570,87,45987
24418,4173,60,43947
10850,4897,45,19639
12882,882,91,25428
11430,4818,16,2000
26290,3766,11,11053
11060,805,98,30928
27950,382,37,32526
28514,3457,13,26705
5203,205,56,37657
14201,3712,51,36609
520,1760,8,7243
26149,3255,69,31336
8866,4518,63,19478
26477,4312,17,36023
29139,2979,3,5248
4443,2650,62,33191
2815,1120,3,3003
29976,4977,75,4564
24852,776,25,41426
25321,4383,7,27533
13544,2311,74,30308
10110,3611,11,4042
6667,4797,70,45339
25902,230,69,47129
25619,4467,5,41683
8185,921,74,48358
2152,2896,84,19253
423,2891,24,16505
29310,4039,27,15408
4270,4306,43,9279
3621,1286,60,14706
13140,4912,98,45752
9315,4273,26,5703
17328,967,91,7898
16146,1854,22,10220
574,2697,52,25892
5199,1587,91,21011
24742,4917,6,14058
25956,2718,61,27051
25625,3542,40,41068
24609,2877,88,23560
18512,399,90,35373
27580,1156,18,49406
27544,1368,45,28557
1282,624,75,36521
10144,832,80,5296
11542,1209,43,8060
12222,3991,86,46856
4566,4469,78,6850
6181,3555,54,43122
24935,3669,21,29485
8403,4664,33,27472
6090,4572,81,14991
10014,4188,2,43623
5939,1130,17,10893
7408,1189,6,14074
24015,3141,100,1444
14363,1442,18,16719
1638,2820,24,25298
23613,679,87,42227
707,2331,32,38560
3859,4917,47,15968
4967,3836,24,42513
18266,1448,91,36505
147,3372,3,28892
15536,2275,82,18278
20837,3896,88,37904
7843,2230,29,3162
17562,4633,6,37180
5322,3551,91,11966
11358,1849,33,7310
16794,2324,45,36809
29969,443,99,34343
12350,495,52,44728
1435,4046,50,19892
12089,3369,95,18744
28076,1328,53,18998
7242,3025,37,10539
18903,1628,26,25270
9951,213,11,48011
12658,370,21,48872
2373,248,13,19018
18196,3291,13,9844
25101,2834,73,25299
5752,2247,38,3996
7667,1983,64,32166
21238,3296,79,39705
27991,646,20,43926
11727,2258,21,17850
6726,4621,93,40211
24053,1737,90,28792
29117,2129,38,38445
21035,4969,14,41331
20167,4682,8,25917
11011,4367,47,1441
11945,384,73,33700
23162,3951,38,16182
19600,743,57,22839
3436,4798,59,30067
10058,2335,91,48179
20203,2936,71,12154
21189,83,38,31834
11637,2653,49,26956
14297,3000,24,46864
14846,3997,15,28869
14650,4564,9,23517
27509,3075,71,27453
28405,108,35,1167
9600,4682,1,45478
14825,20,34,49873
14205,2461,53,17764
8266,629,37,36197
15950,4217,48,25251
25887,1366,27,25961
20849,453,62,38008
24969,4770,34,15982
29138,1711,51,30079
29567,635,34,43388
23694,3118,98,30416
11706,2735,92,10825
62,88,91,20568
11326,4992,42,45963
8005,381,3,12852
20104,558,8,23197
14644,2021,39,20427
29115,4463,83,5538
9328,4958,73,36581
5443,390,92,8268
16138,3900,93,8972
12088,1887,33,35708
22608,2961,91,1230
1494,2907,39,14516
25827,1292,67,26500
28618,3017,28,45699
18072,1342,11,5432
25157,2645,2,3729
16499,4120,26,42200
6102,449,66,45764
19672,601,89,19289
1566,868,32,46842
566,2557,25,25227
22657,1235,82,45207
24395,3988,29,35317
15897,732,78,10594
5540,211,99,25433
6215,1810,33,24851
17842,4919,34,32461
15864,1699,61,9574
24627,2758,36,8460
23732,3329,83,17683
28660,264,13,4465
22628,4287,35,3642
6409,4815,52,5716
16543,334,41,12688
23859,4394,45,43645
23158,4766,27,8819
28426,3250,94,11994
15505,4470,9,41310
28311,3538,34,15559
19176,3337,12,46512
20869,743,58,40784
1261,3148,70,1308
5315,487,41,46853
19051,4707,86,18958
332,544,78,31205
11578,2870,67,17431
15657,3734,47,41780
28525,649,41,29525
21059,3242,28,34153
2923,4126,67,48105
13337,2293,37,34638
22401,2437,72,30200
15331,4324,64,18802
21093,3832,56,29707
18674,577,6,12233
2906,1915,2,6699
10607,404,54,19551
269,1117,91,15432
23428,3832,78,34236
16922,3398,96,18848
20649,2554,70,4489
19585,4475,4,21607
21329,1008,84,35045
18729,4966,23,41142
19260,3825,88,1683
16130,4248,98,27045
1789,3719,20,15691
5307,3203,98,38246
7249,4789,59,43363
23191,3367,32,7815
2780,1979,7,34593
12674,2235,14,20159
3419,4248,22,39015
11409,2322,95,24752
18000,2323,78,29769
11567,4575,35,25196
17992,3995,21,17451
13969,4960,21,15960
23286,4460,30,31376
8529,4121,80,21433
1477,91,51,9406
17817,162,93,44877
4641,4697,78,1270
24075,3748,45,17983
27460,2244,63,1912
4829,2261,93,5168
18169,4243,10,24693
23655,1085,52,38453
11967,2714,11,32936
1652,2972,70,34369
4182,1147,59,43458
2376,4459,6,38185
28237,3182,67,28323
20350,4976,16,2109
20483,4231,72,29917
15700,397,70,32852
11347,95,80,42883
435,3717,18,19260
3550,2297,99,39749
29562,3688,15,2096
24932,644,76,41918
12411,2761,82,29052
23830,3107,29,2393
28673,4795,99,29373
1742,1244,61,36280
20267,2793,39,3104
2044,1409,100,42545
14381,636,39,19390
5198,578,50,13169
20311,2387,14,23740
27389,673,65,24581
14992,2268,45,19540
28377,2777,47,29904
22458,3272,22,21078
13301,1032,20,31369
19806,970,89,38648
16539,2079,11,34274
22739,958,48,10576
7775,4425,100,37727
16355,3529,9,33682
8593,2973,95,35910
29719,188,25,17181
13915,4184,25,35798
3772,3464,15,21120
12677,3360,82,39439
7436,1828,54,41048
10076,4218,55,9300
27242,3727,28,1691
2012,4726,32,39063
19208,2925,70,8833
8113,2383,46,20432
6591,2685,63,33375
22894,3629,17,39252
18413,4750,87,47222
10994,4465,21,22515
9585,4447,43,19252
21913,4354,77,39034
26786,2407,33,17782
29623,2349,91,34959
5976,4043,42,32268
5480,654,78,47221
21877,1352,33,26506
18407,4531,38,18550
7651,431,74,19849
22909,706,100,22760
24535,1154,81,46172
28306,3288,49,27148
26660,3041,52,48474
24443,2232,77,27972
13778,3742,73,43616
14317,4476,38,28945
4891,293,7,28324
17067,2848,96,8176
1609,3625,59,41551
12608,552,4,39752
10811,3413,61,1122
3805,301,50,22593
17415,356,12,26656
20445,4088,60,15946
18034,4398,91,28098
17925,2734,48,22688
1803,1787,99,6475
15269,2559,68,1271
22878,755,84,42186
5417,1683,35,49418
4760,2741,76,20296
23715,3211,33,7344
11398,1213,88,36190
29987,688,71,25938
22633,413,18,39616
25601,1718,76,15802
16386,688,29,42536
1504,1734,40,2862
17728,2231,36,39795
8688,291,11,41446
29961,3730,42,24298
3429,162,42,30738
21272,4287,32,20322
24574,4569,55,26175
24763,4337,84,41619
26861,3847,25,42635
336,450,59,48998
3588,1852,50,27664
11535,2227,50,10664
23294,4115,14,43176
29571,2341,70,41954
25004,1754,34,7136
18485,703,33,8529
16666,1499,24,29863
3205,3252,64,17912
10561,161,86,7035
9034,2322,98,8397
28414,4127,98,38606
21782,4175,24,19221
15435,920,57,29089
9107,1061,11,31488
25483,1812,45,46316
20543,2096,94,26015
488,3014,6,39639
4517,3855,40,3970
10167,1241,64,46042
12129,4333,40,39168
25665,4259,48,30569
20363,4796,58,17394
23447,2927,65,46929
15881,4547,2,15444
2028,809,77,2332
10456,3191,68,36950
20985,2298,32,10724
2866,1114,75,49960
18528,818,8,10454
23395,4170,64,27696
29962,1547,6,13426
16783,41,28,8674
26006,1885,61,28112
2985,2033,55,5715
15521,4099,67,33052
8705,4601,84,11243
21650,1321,17,14508
13988,3170,44,11969
25164,4545,87,35124
5547,2337,2,48285
19696,4565,31,30050
23398,4663,43,31916
19993,2497,64,5002
3450,1851,76,44319
11084,4615,69,3760
24192,2554,64,25585
19318,2456,44,31968
3980,1502,37,35483
11810,2475,39,5987
10084,1339,18,35781
1454,2127,81,47536
25460,261,57,41904
16678,2181,25,5551
6115,4184,78,33103
16177,1133,57,43488
2024,3473,24,12040
21017,1096,53,39402
26656,4458,53,48826
29945,4620,75,21012
9794,1707,10,15634
6410,1381,26,1137
27010,393,79,2474
11580,4006,22,38658
5752,1551,87,1599
21975,3657,45,36819
22612,2166,20,48429
28032,1940,85,42574
19653,1339,60,23074
18944,2090,42,9766
19703,1516,86,32390
2823,867,36,9267
861,2770,24,23113
29156,513,29,39602
101,4040,30,38462
6048,3603,69,47280
20015,3235,4,45117
19467,2656,93,21006
1199,772,49,22449
5401,2140,92,4931
9137,1889,78,24240
5378,1270,37,14689
17949,2655,65,17919
22199,2425,59,35489
7497,4376,35,2886
17126,3676,5,5553
18242,420,41,37885
21895,81,25,15532
25592,321,13,49921
14983,270,81,44787
24161,3387,71,23622
28069,3848,84,45555
29358,3858,93,13081
12981,4280,22,47438
16883,2588,54,25981
11911,1664,65,40857
25468,2062,99,42919
380,1820,48,27232
28699,4946,75,24614
6655,981,24,21918
27766,2806,63,10450
16662,1921,28,5624
18263,2954,50,6791
25388,384,82,42246
1847,2761,84,30315
24040,317,31,13825
24267,2076,10,20769
29896,1630,41,1221
7644,960,38,23730
29616,3658,66,26683
28230,913,59,33684
28473,175,41,9093
16433,4980,100,45640
3428,3622,49,19419
17567,3947,60,30297
26317,3380,40,22062
1125,1148,62,38589
19355,2176,99,41569
3141,1601,87,12195
25471,2650,20,30806
11551,4184,69,23702
21557,877,95,44963
21584,1775,37,8346
1,705,90,14911
572,3246,22,2029
6564,1483,100,44587
17343,3664,61,39853
14376,3333,57,20465
575,1122,62,22581
19218,2840,4,45808
7823,2564,47,26858
17897,4604,4,45660
8219,2424,14,28033
16965,3455,61,36984
12446,3847,84,16471
22759,3915,83,44100
8970,699,93,35200
5609,416,66,1413
12806,1986,66,46455
14625,4449,33,4261
18060,1888,6,44219
5640,535,98,19597
29895,4178,25,40085
29692,948,75,46626
19398,2640,42,6186
10212,599,65,19726
4581,4193,90,9061
17413,4879,71,27881
9008,640,34,29321
357,1683,90,20446
9847,645,94,38035
24570,3995,1,21215
25139,4477,86,48544
9406,4894,21,35385
5109,4051,25,9328
5382,4995,39,29034
15961,3116,35,28788
19019,2101,23,3642
22486,3865,75,8864
22345,2272,23,20219
1493,1516,95,18648
25645,4678,96,47530
25249,1424,63,2574
25745,762,50,7759
5301,44,9,18462
3211,3335,17,44398
22333,503,38,28875
23678,4098,11,38355
1738,4126,79,22457
6733,2357,46,38557
850,4559,41,8967
5874,1866,89,5268
1402,3921,4,46825
28305,4699,76,24840
26427,1081,39,2432
2140,307,80,10352
7393,1336,36,19337
2353,841,53,31376
14305,3627,5,36490
21269,2733,30,8320
5526,2776,46,46797
3418,60,98,31378
28838,2887,70,29441
17882,742,6,40022
24929,4780,36,28339
16907,888,10,13659
19824,2097,95,19032
18595,4802,66,31398
1362,464,100,37727
8569,3851,26,43194
10709,2998,28,1280
21621,4908,55,7879
12090,1717,2,14487
16548,1488,45,24532
26386,1656,53,7523
24188,4144,25,28489
8526,3300,30,21095
24517,1170,100,29740
4035,3630,61,8145
27816,3171,95,31976
19994,752,100,22262
18660,298,61,48136
4431,2763,59,10191
25178,2118,34,4445
1070,317,41,24166
15628,465,10,22352
18820,4575,42,45834
14560,2550,34,19005
26740,1429,20,26189
28400,4130,57,11975
2521,1781,28,36707
916,451,93,17459
3317,4416,68,34492
16347,3647,63,37605
8313,888,14,29005
18343,2876,43,37608
25861,1319,78,23537
2569,174,40,16197
11977,4968,68,16890
7300,881,75,36363
18226,880,52,42735
18345,3143,37,15415
5286,94,91,16293
18776,3109,57,5568
29613,1198,71,10423
10453,2538,90,38668
16685,1612,75,14461
16806,622,13,26260
2051,1096,57,41360
994,2727,98,22481
15023,450,42,23172
22189,44,37,12307
26292,3705,87,26794
6448,1145,4,45124
21247,1104,38,47742
17623,4489,25,24016
22530,1122,92,16360
25823,3762,46,12804
5886,4748,58,7956
4693,4748,54,13867
9718,4257,71,19580
12045,1960,76,49108
10986,2131,61,27097
26249,4888,24,4126
5031,2373,65,15153
25101,2419,70,40596
14318,4402,75,18472
7743,146,52,19444
19380,2587,15,21230
22328,4392,50,7824
27995,1161,40,8033
28884,2524,77,49611
12259,1840,87,30382
7065,2049,70,23169
11565,4525,45,47453
4934,3387,82,45269
18362,2110,72,6300
1145,443,96,28242
21529,915,16,17234
14058,745,71,38004
23058,2186,35,11705
9835,2680,6,16305
28878,4118,53,38697
23125,4180,29,47145
6857,1937,40,28932
4225,4634,87,27278
13577,1854,54,38563
8871,1074,14,22599
9782,788,50,20255
21807,2005,92,18903
16438,3961,80,37010
9943,2716,96,37671
20903,2357,87,8401
5817,2518,73,31249
10979,4589,87,8614
29664,902,81,48369
16599,276,74,41101
19154,1180,93,17208
19190,4339,72,27677
19969,4696,39,34341
18295,2490,21,13490
16437,3164,99,26953
7949,1733,55,48287
4496,2922,45,10494
19893,1339,12,47806
487,3481,34,43751
15793,3403,16,11357
18334,2215,44,39335
9301,1259,68,4044
6715,2661,93,44945
7944,462,24,40829
25917,2837,50,41057
20945,1164,79,7040
26808,3362,58,16399
25903,2534,88,32939
12969,1561,14,12373
10218,400,34,11984
10544,2223,19,46712
29993,200,91,9409
22375,4619,19,45910
26223,2670,79,14168
23836,3565,100,41768
16652,1528,49,49498
15117,1613,2,46931
12159,4850,98,49094
24366,840,5,31575
17678,1174,36,36238
26406,2683,63,49091
28927,2177,61,41779
26449,1010,77,35675
24150,2529,51,7966
8365,2740,92,35393
4755,4851,83,41531
16777,2596,87,16639
16121,2705,57,28303
25826,4845,56,2454
24653,3815,14,46105
25198,1284,28,49639
24743,3389,2,38205
14922,991,68,16093
19774,1495,75,3850
16600,4803,58,5259
25017,3275,30,19065
27149,831,63,1088
27319,3106,49,19308
2274,951,13,14608
21641,4083,82,40412
4107,739,71,41939
18107,2100,66,37688
14141,2149,9,12522
6856,2899,67,13581
7642,1798,25,47266
14183,2166,34,28920
7958,995,72,28457
20582,2120,63,5008
12111,1242,72,45036
16320,4028,11,31430
23922,1965,45,30249
13918,4146,39,45847
29096,2029,51,12347
9524,2477,70,23212
7405,778,16,43592
7085,3408,95,47780
6946,3266,50,1318
2797,1239,18,29150
11798,4448,14,10276
27176,3782,48,16909
27405,4589,100,16989
21313,3616,12,13605
1736,3280,84,28898
28512,3979,43,17526
3056,2408,98,26975
12555,3852,81,12952
9403,1648,57,23388
2941,3173,36,26146
1944,4888,17,26227
15664,4278,29,2364
11369,4505,2,45526
11161,2945,55,33177
22702,4956,94,44244
6711,3980,58,38138
28378,493,82,28411
27909,2789,27,32748
22028,2220,87,48698
17179,1772,81,44971
2754,4087,39,41895
13801,1618,2,26708
15241,1780,20,42591
12092,586,63,27271
8803,3269,67,45823
9906,1575,3,32265
21619,2835,40,10567
7932,956,67,39029
12741,2827,7,15219
28408,1160,46,17122
1517,2191,40,2072
19981,1587,36,22453
29951,2345,77,19431
14865,1522,81,43962
17784,4712,87,20373
20689,4509,46,37965
14990,4422,47,13262
4110,2511,73,26064
12340,1274,63,3969
10290,3790,86,17720
24171,2298,78,44205
3072,1053,48,19904
1535,4787,95,1849
27238,2049,39,36601
24544,3168,16,24928
26171,4509,93,2799
5754,2876,57,44475
19859,3174,66,47545
14552,2972,20,4657
20357,4915,30,49513
8690,2726,86,14653
3003,924,23,31716
27766,4348,61,2600
7876,4169,38,38295
29024,1108,47,45158
4520,3077,35,47771
5479,3700,81,32030
13705,1344,41,39944
29910,2837,63,1785
16579,2302,59,22376
4853,369,81,26482
1506,4247,81,35727
1098,695,39,24674
21726,1949,60,14683
24707,3648,84,28408
11265,2140,44,8236
14168,979,28,32126
10300,246,92,21453
13700,356,69,34061
22270,2435,93,42172
29771,2989,63,36122
21630,2532,21,34317
27678,2394,57,26373
13469,1377,4,5456
18198,32,18,9033
9668,4190,77,22319
20482,3800,72,3880
3197,4610,13,16416
10748,2607,43,37566
20953,2919,46,33540
9510,289,94,25665
28246,2836,79,4250
21875,402,70,41124
10844,4148,83,21921
18755,4967,71,9875
11803,1444,1,26497
24621,536,40,9631
12089,961,74,24460
7397,3542,28,17820
1814,3983,90,18207
22829,3454,69,37512
555,843,51,32225
8409,2826,35,39686
12443,2626,83,42105
11482,4432,70,18421
23877,616,53,31790
26319,3684,8,14485
29481,1427,79,4715
2835,3000,2,41421
21429,473,68,47977
19117,76,80,38788
15325,3424,28,14561
4091,4392,45,22070
10688,3007,89,31279
14229,3152,47,10663
2664,4219,65,9440
9730,4847,11,17069
5748,4212,18,22711
9165,1377,83,12146
8326,2212,40,1615
10956,1680,69,16206
17271,2542,25,40388
3542,2891,82,40650
26561,2425,99,40586
13872,934,56,44913
26904,363,27,11613
7394,1415,94,32690
3702,1611,73,7930
23336,2809,44,22466
18556,625,11,39839
10870,2717,25,26283
10703,2549,64,40246
27645,2469,27,46910
16959,407,57,41368
26880,4777,85,10717
24849,1674,52,24354
6072,1096,14,33266
18775,912,54,2780
19190,1375,9,38322
24723,4728,52,2494
28919,4189,52,43604
21303,1361,4,45712
6846,2807,16,37442
20212,2945,59,46839
1316,1707,69,25793
19493,2818,67,5859
29506,2214,89,40471
25615,2527,32,49286
24013,838,59,35842
4343,1451,10,3019
19437,4345,91,28279
15915,3191,67,36533
25186,4541,81,23557
7845,3425,63,42162
9747,4750,1,32442
14704,1038,79,27589
14257,4204,72,33756
18900,3659,53,29917
17241,4225,87,27169
7051,1596,64,10328
26877,4195,81,40138
2615,2433,64,18162
9393,2261,81,1789
25114,3570,97,34536
14983,4746,94,45479
710,4583,11,35544
1189,2996,48,5187
19233,679,51,45245
11202,1665,44,17447
19985,1607,49,48223
24891,2206,87,39082
8528,1435,28,44336
27620,3005,74,47766
26860,3797,28,38268
8019,3289,51,1028
24531,4350,53,16380
24599,3594,60,14598
12136,1739,36,28014
1020,4330,61,7319
11722,2551,78,41410
9331,4839,46,38049
18526,4706,39,25828
5734,454,98,19924
22067,580,65,48391
11527,227,73,37350
3534,4801,77,43416
20071,1929,22,8886
27224,31,74,8527
10363,1732,9,7564
21111,315,22,32159
19500,1177,37,2169
1166,1084,38,13835
5050,3811,71,4564
26827,52,27,45492
16812,1159,38,49758
22625,3139,42,48842
18236,3218,82,48336
6276,2537,70,42731
21554,4694,5,43075
1050,3956,75,39487
28349,3226,96,5877
5754,2357,84,26084
11808,1577,24,43267
17682,4915,79,8178
9095,3133,93,21309
6492,2912,56,10066
1292,2599,88,4644
3586,4536,39,48493
22319,2196,78,42410
22226,2228,79,25271
16833,1185,41,31749
15492,4622,89,25650
26851,225,88,1765
17104,2014,1,48634
23591,3435,15,12799
5539,2927,39,23914
15580,2028,62,7472
25118,307,24,26016
8133,4533,62,23025
17969,3737,6,21913
15047,2417,8,2162
14229,1956,70,31504
25991,601,100,24188
20105,4702,10,29127
16498,3912,22,34007
7230,2303,1,29386
5209,495,6,33476
3435,4802,24,42486
10742,4258,89,15462
5037,4972,21,36991
23861,4663,22,21472
25927,4911,10,39001
18799,1466,72,43566
28010,3116,16,2521
2229,3100,49,38299
18160,2573,2,28933
26051,1070,79,15965
24099,4,31,19739
2016,1855,50,47554
18306,1227,29,11048
976,605,83,41177
25742,3211,94,24378
13769,1661,26,30270
12686,840,42,8930
26590,2302,95,13841
20852,1900,24,39525
18825,3161,2,18638
14398,2848,53,38042
24590,2012,26,20841
11881,4851,34,3545
16695,3310,48,14286
6194,749,26,39605
26441,1825,92,42462
22250,4587,93,24734
29072,1563,93,15030
6906,3800,19,24194
9847,2426,78,20626
1313,3121,60,48016
28649,36,37,36535
14609,2649,1,21439
21069,1754,85,3054
15525,1862,92,21704
9337,1963,60,9615
4906,1139,66,5570
11364,629,17,45124
2146,258,32,16876
9916,2320,50,10211
27507,3231,78,5253
26457,3810,27,11467
21273,2406,29,29849
19537,1398,30,4003
8288,1015,53,26812
16063,4129,27,34354
5036,702,96,5994
28025,721,28,45861
25006,1085,68,13272
9524,1281,88,41455
25399,3920,6,25621
5972,1791,43,40369
720,3847,32,22657
28986,1983,82,6415
28546,1585,70,34409
6390,4884,6,21428
11471,4804,49,25706
23863,4524,37,15319
5629,76,18,21734
12169,1200,27,19032
25165,3119,69,23986
5234,2655,68,27039
26041,1679,88,48384
23180,1650,90,45910
3141,4963,42,20173
8708,1301,35,33210
17743,1347,73,43693
4969,1284,55,45395
24536,4495,41,12779
17941,403,49,27252
19361,1367,98,18127
27143,596,13,36036
1687,2157,65,20188
8964,3748,23,2729
2401,1543,72,3847
9493,2120,90,35695
11767,2040,18,21687
9157,2109,21,14558
13197,4828,30,22724
21399,3369,3,42236
5808,2372,91,27036
21178,733,53,10608
19907,4003,52,5855
21662,2784,8,31577
23127,4498,65,31427
14389,3844,52,6491
2388,3495,24,35569
5466,298,16,15839
22435,1270,3,21666
17233,1052,17,17835
22933,3155,7,8841
13438,3305,66,38111
3082,1833,29,22210
22151,1986,65,21099
21581,3556,34,9193
11868,3066,11,21556
6300,3428,96,41101
27326,2813,53,17421
15232,1104,21,39333
28764,2929,64,18893
27124,4300,63,5201
18656,2000,10,26680
24071,2316,70,49505
11804,401,36,30490
6983,2100,58,16333
24555,4642,8,14375
1967,4282,40,5102
28578,1287,93,48542
2216,564,28,22960
24373,3196,21,29013
26094,4844,31,18138
18490,288,1,45084
20631,767,30,22025
4807,4035,94,7356
16464,2544,27,37587
3583,2674,6,42850
8817,3343,72,16494
17996,2474,35,29730
7280,2435,70,9514
26444,506,56,33500
10557,536,13,40806
10443,2930,11,41098
15464,604,26,27509
7123,1197,7,25962
6415,4056,49,30126
25305,1094,73,7378
29357,2565,51,41657
11658,2306,1,42287
11226,1863,80,20315
17576,1446,35,26051
6976,1828,31,3239
27497,3866,7,35317
28853,2423,52,45382
12336,223,46,45724
3669,390,35,20706
19508,681,23,5103
16501,2342,5,49053
26316,3823,95,33603
26581,3040,14,45743
15072,2780,26,43332
28887,1600,97,17232
25500,2317,24,18890
9647,2228,58,1663
15404,3835,3,45135
13494,2743,15,17564
2785,3594,33,21902
805,4554,7,8457
23325,4878,77,19642
2502,1092,82,25394
22695,2792,24,37202
24738,4867,3,5531
422,4950,51,41541
18133,1285,27,28101
9295,2378,28,30936
9334,200,48,45568
24343,980,55,13739
11842,1953,12,21710
26823,3733,86,30550
24624,3757,83,41835
20654,4643,61,46248
2183,4182,41,10202
21670,1791,72,1142
2015,2726,52,34705
7236,636,41,1223
21240,4804,71,27723
26357,4674,2,2841
17263,3865,93,45584
14475,931,82,11482
14649,2807,58,20513
28565,2259,58,28259
28781,1416,48,35088
374,1620,38,34478
17888,4626,38,3029
7830,4669,79,47784
29504,4986,19,23425
14384,4259,18,31460
27357,2822,54,20566
27352,4142,76,3402
19244,1546,27,8753
4211,1387,56,19816
16180,3646,31,6550
24197,3442,34,18383
12681,1419,93,41678
13834,706,17,48994
16996,2675,76,13990
3588,3886,58,44558
16618,4466,4,21718
25912,3116,40,7053
19511,2576,70,25369
9706,4296,40,17019
29974,1807,80,8405
24308,1505,11,41254
7475,2036,46,25953
17701,1707,69,8611
25195,1889,27,26740
16223,3861,43,7339
21044,1435,59,17658
25095,387,88,25961
18745,4953,27,39679
17269,1825,57,41713
10947,2882,33,39042
15819,4109,37,28951
17195,619,50,36595
1268,4743,54,13734
6264,3768,18,9295
26418,3638,99,12822
2748,2760,15,44949
4477,104,8,12524
10691,4197,21,13608
24442,2602,76,47011
5011,851,41,9773
25039,4105,42,29936
21079,2436,81,5376
23394,1381,4,22193
12467,4080,15,47901
16518,3196,72,40490
1603,3537,95,16670
22666,1786,37,44443
1919,4502,44,44976
17281,2937,99,14451
26472,1510,81,43754
17769,129,61,29413
11924,1295,1,41613
18072,2226,34,16750
17422,1206,66,29590
18112,2204,62,46352
28636,3396,91,44890
9810,508,59,7349
4541,3563,61,10838
14604,2138,33,35251
19894,4627,31,5571
21505,4608,17,21816
22521,3923,52,2494
16758,2351,90,33248
13062,3949,66,21631
25884,828,90,36296
25446,3824,96,4169
8307,2740,94,1717
3735,4289,8,6962
8123,2139,98,24065
5829,1734,53,15600
1621,185,30,44367
20807,4976,50,10376
5637,4473,19,45336
27031,3615,29,4011
23399,527,90,18526
56,4957,29,1371
28913,46,83,48218
2286,1525,93,15816
16608,1142,76,11906
23722,2274,32,49518
24270,3025,6,21811
10839,4114,99,7125
9634,2829,9,43150
21754,209,77,24763
9799,3337,11,23278
5872,3434,52,11538
2124,1646,18,41700
4434,4909,41,10814
28881,3812,3,11532
10191,3914,73,27611
2445,2423,77,36662
10718,3481,43,10145
28963,4304,23,10924
4545,29,41,5007
913,2971,60,47243
3433,2518,68,28892
29011,1100,62,29023
9139,2869,93,12974
11234,1039,83,29317
23045,3532,15,48881
28508,3087,67,43856
22793,2325,17,21852
29379,4061,8,14919
6597,738,4,9191
12497,1247,86,35877
14150,2955,81,2406
24690,3889,41,3057
11549,1398,42,37907
11172,4682,57,3734
13572,4283,52,12950
14718,4775,56,35467
17267,2617,3,22466
13611,3954,64,48307
27651,3966,79,42490
10381,2020,54,13141
20453,3329,42,32241
16452,1577,28,6672
28270,2281,88,4673
18422,1563,68,28792
10158,1780,69,26442
110,255,11,46544
4281,1472,20,42525
28661,2520,80,3233
4223,4212,50,14826
20415,941,35,46790
10106,4552,39,29570
10446,800,13,43946
28664,1303,53,21213
16588,1750,20,8587
28706,227,18,25147
14645,559,14,21155
9868,2005,50,18493
28113,1531,23,2981
12034,373,94,12090
1808,2535,18,27260
14071,4159,82,6580
343,288,61,24195
27592,3673,29,31162
24050,4502,39,32810
17911,1651,54,48396
17619,591,55,31918
5210,3365,21,10124
22721,2694,42,29978
16485,158,69,11518
27722,457,61,24596
10614,2255,49,17813
26940,1300,33,16730
23461,883,87,40160
24660,1942,54,5940
2592,981,42,10831
21750,2441,87,1699
5099,1902,81,11160
25756,3016,91,20733
15343,1456,54,16236
10203,418,31,11676
24267,620,81,1283
24090,763,62,14994
26825,2433,64,36486
