order_id,amount,payment_method
5174,1004,Credit Card
7921,10242,Cash on Delivery
11060,7073,GCash
8562,33839,Credit Card
475,16488,GCash
27694,22739,Credit Card
1465,34124,GCash
3586,30764,GCash
9021,48955,Cash on Delivery
13422,3936,Cash on Delivery
12095,43138,Credit Card
23132,15402,GCash
18647,48768,Cash on Delivery
23445,2521,GCash
8729,49368,Credit Card
26463,43607,Cash on Delivery
10586,37768,GCash
14972,12677,Credit Card
25525,4269,Cash on Delivery
10464,36782,Cash on Delivery
13631,44696,Credit Card
1761,32293,Credit Card
19354,46258,Credit Card
3957,43548,Cash on Delivery
26718,32086,Credit Card
1293,9985,GCash
3713,48019,Cash on Delivery
19855,4019,Credit Card
15251,22698,Cash on Delivery
16359,7283,Cash on Delivery
2410,15434,Cash on Delivery
18929,17464,Cash on Delivery
20855,37736,Credit Card
14374,25238,Cash on Delivery
24803,13082,Credit Card
28634,23745,Credit Card
29566,30530,Cash on Delivery
2725,19554,GCash
7564,37466,GCash
24740,43577,Cash on Delivery
9541,1493,Cash on Delivery
24738,8579,Credit Card
20853,30447,Cash on Delivery
12618,12741,GCash
23248,45771,GCash
20274,3840,GCash
15142,26584,GCash
5712,3711,Cash on Delivery
21134,34204,Credit Card
11881,19674,Cash on Delivery
12621,6433,GCash
22677,31508,Credit Card
13106,21547,Credit Card
26075,31572,Cash on Delivery
27674,13683,GCash
18687,46202,Cash on Delivery
984,2393,Credit Card
15483,13609,Credit Card
6181,334,Credit Card
19907,49272,Cash on Delivery
15367,24063,Credit Card
24099,43952,Cash on Delivery
4581,15236,GCash
17971,40309,GCash
13522,26677,Cash on Delivery
14890,12487,Cash on Delivery
24657,28967,GCash
18320,28860,Credit Card
9781,11533,Credit Card
6058,29389,Cash on Delivery
24358,38982,Cash on Delivery
15241,47853,Credit Card
3479,30963,GCash
27435,21965,GCash
14561,2969,GCash
6803,16778,Credit Card
17647,44915,Cash on Delivery
23373,15148,Cash on Delivery
25418,44824,Cash on Delivery
14738,16624,Cash on Delivery
8773,5901,Credit Card
18921,6992,Credit Card
14947,3119,Cash on Delivery
3908,14563,Cash on Delivery
9255,7699,Cash on Delivery
24322,24773,Credit Card
15109,49839,Cash on Delivery
682,7884,Credit Card
12148,14129,GCash
21490,16650,Credit Card
10623,32953,Credit Card
24694,45605,Credit Card
24047,27871,GCash
12208,16780,Credit Card
14633,31294,Credit Card
9209,34642,Credit Card
11824,6169,Credit Card
11760,2144,GCash
21185,15751,Cash on Delivery
27105,15930,GCash
5244,37825,Cash on Delivery
21361,40357,Cash on Delivery
18308,34430,Cash on Delivery
17764,23762,Credit Card
3573,27547,GCash
1794,21990,Credit Card
8772,1968,Cash on Delivery
10450,3995,Cash on Delivery
8185,32554,Credit Card
20847,22091,Credit Card
18587,4752,Cash on Delivery
10253,27430,Cash on Delivery
18153,26977,Cash on Delivery
12491,14363,GCash
3812,30668,Cash on Delivery
12969,6973,Credit Card
1926,36462,GCash
11268,48180,Credit Card
5366,25377,Credit Card
17775,20548,Credit Card
1879,21373,GCash
24180,36261,GCash
7181,9879,Credit Card
782,36621,Credit Card
25880,40587,Cash on Delivery
12977,22004,Credit Card
24913,17003,GCash
14916,22840,GCash
4544,28268,GCash
13761,41504,Cash on Delivery
2225,47576,Cash on Delivery
4816,1098,Credit Card
11473,27672,Credit Card
2762,48154,GCash
26054,7142,Cash on Delivery
329,18247,Cash on Delivery
19884,30940,Cash on Delivery
11157,44391,Credit Card
15513,213,Credit Card
11640,33712,GCash
11414,25701,Cash on Delivery
5294,33813,Credit Card
12807,23586,GCash
22793,48429,Credit Card
24768,8322,GCash
16904,47627,GCash
1274,8098,Credit Card
16548,38096,Cash on Delivery
24070,41503,Credit Card
5924,272,Credit Card
21381,6272,GCash
22383,7778,GCash
18022,32180,Credit Card
253,6279,GCash
24332,9315,Cash on Delivery
9146,22809,Cash on Delivery
9238,32011,Cash on Delivery
17334,4424,GCash
24500,46920,Credit Card
7006,24768,Cash on Delivery
25460,49886,GCash
17056,14086,Credit Card
29393,9011,Cash on Delivery
18112,26686,GCash
21176,15701,Credit Card
3879,27269,Credit Card
17878,4306,Cash on Delivery
10392,16827,Credit Card
10909,23505,Credit Card
22588,44760,Cash on Delivery
1075,23858,GCash
17807,14577,Credit Card
21453,47772,GCash
28999,8408,Cash on Delivery
21751,24917,Credit Card
10563,33651,GCash
25684,610,Credit Card
2949,8899,Credit Card
29519,32979,Credit Card
260,31776,GCash
28067,3428,GCash
2155,27215,GCash
2773,25101,Credit Card
16058,36662,Credit Card
20007,38753,Cash on Delivery
424,28032,Cash on Delivery
9604,3847,GCash
173,11725,Cash on Delivery
20034,45783,GCash
26468,28532,Cash on Delivery
7839,11499,Credit Card
28905,22790,Cash on Delivery
24004,3958,GCash
10018,32860,Credit Card
19366,17530,Credit Card
14506,25696,Credit Card
14182,18140,Credit Card
23159,35305,Cash on Delivery
20691,38269,Cash on Delivery
20242,20910,GCash
10814,43906,Cash on Delivery
26345,20054,Cash on Delivery
24098,49988,Cash on Delivery
27355,18603,Cash on Delivery
23463,19186,Cash on Delivery
16457,11487,Cash on Delivery
17811,8915,GCash
3304,49423,Credit Card
27560,3138,GCash
3734,38835,GCash
2579,23312,Cash on Delivery
26456,2599,GCash
28782,47067,Credit Card
16024,28385,Credit Card
20930,4646,Credit Card
20044,470,Credit Card
2747,22559,GCash
4193,27355,Cash on Delivery
507,45645,Credit Card
8942,48493,Cash on Delivery
17505,11918,Credit Card
4051,13358,Credit Card
22357,28307,Credit Card
20543,35914,GCash
18613,13983,GCash
5427,26331,GCash
24800,23116,GCash
2046,16094,GCash
13055,21804,Cash on Delivery
24814,35381,GCash
3216,25567,Cash on Delivery
6092,44496,GCash
21492,2536,Credit Card
8778,25301,GCash
19142,27788,Cash on Delivery
10293,21255,Cash on Delivery
7236,931,GCash
18503,29004,GCash
27963,7602,Credit Card
2055,11252,Cash on Delivery
28741,26539,GCash
2132,8629,Cash on Delivery
27802,6628,Credit Card
3290,42936,GCash
19291,2554,Credit Card
22940,9092,GCash
5984,8108,GCash
23801,9768,Cash on Delivery
8942,40672,Credit Card
22526,47808,GCash
20628,35507,Cash on Delivery
24779,28530,Cash on Delivery
9244,49139,Credit Card
28816,9538,GCash
19331,15610,GCash
2158,665,Credit Card
5202,10170,GCash
5985,20672,GCash
21807,23127,GCash
24388,49123,Cash on Delivery
23598,4740,Cash on Delivery
28966,23616,GCash
7357,38030,Cash on Delivery
25458,19157,Credit Card
20998,46893,GCash
26253,29501,Credit Card
6261,22427,Credit Card
1739,7801,Credit Card
7886,14282,Credit Card
7938,41513,Credit Card
24173,24144,Cash on Delivery
14320,7078,Credit Card
10290,26136,Cash on Delivery
362,23098,Credit Card
7511,26121,GCash
7055,47879,Cash on Delivery
24903,22461,GCash
15737,21021,Credit Card
17002,32949,Cash on Delivery
19170,38445,Cash on Delivery
10322,32551,GCash
8330,28967,GCash
8745,37632,Cash on Delivery
29402,23819,Credit Card
13152,23105,Credit Card
18620,7910,GCash
7737,40629,GCash
28186,32244,Credit Card
6394,39226,Cash on Delivery
2026,47303,Credit Card
6873,17433,Credit Card
246,828,Credit Card
2405,18357,Cash on Delivery
28573,26109,Credit Card
7733,34979,Cash on Delivery
29665,31247,GCash
19126,16684,GCash
29701,21880,GCash
145,38521,GCash
15236,2992,Credit Card
1758,47832,Credit Card
14586,968,GCash
12027,22480,GCash
1712,46986,Cash on Delivery
13284,31833,GCash
11361,44457,GCash
1336,24683,Cash on Delivery
26016,1938,Credit Card
12441,5521,Credit Card
19648,3610,Credit Card
11981,7534,Cash on Delivery
26430,15083,GCash
26683,29724,GCash
8032,17888,Cash on Delivery
24617,46763,Cash on Delivery
22651,45991,Credit Card
22183,34976,Credit Card
7611,16880,Cash on Delivery
25261,38258,Cash on Delivery
26128,9539,GCash
14271,23275,Cash on Delivery
26109,39745,Cash on Delivery
3733,3606,GCash
13420,31151,GCash
15366,30817,GCash
21572,11266,GCash
1664,18705,Cash on Delivery
937,16809,Credit Card
148,32694,Credit Card
20027,40604,GCash
26062,28684,GCash
26926,21152,Credit Card
8038,24650,Cash on Delivery
19349,24982,Credit Card
24210,32950,Credit Card
3788,37210,Credit Card
20914,27434,Cash on Delivery
22595,15217,GCash
22399,16861,Cash on Delivery
26651,45245,Cash on Delivery
26229,26475,GCash
2327,27724,GCash
28598,40313,Cash on Delivery
27196,9516,Cash on Delivery
29740,4299,Cash on Delivery
19502,42770,Credit Card
2134,770,GCash
13998,30726,Cash on Delivery
24242,35599,GCash
12288,8238,GCash
19660,40657,Cash on Delivery
14562,21763,GCash
2241,6606,Cash on Delivery
23677,14079,GCash
5122,34601,Credit Card
3770,24379,GCash
5309,48783,Cash on Delivery
6984,9376,Credit Card
5623,23982,Credit Card
24128,25455,Cash on Delivery
1934,3816,Cash on Delivery
9322,929,GCash
4921,38822,Credit Card
17186,6903,GCash
11171,47119,GCash
442,31905,Cash on Delivery
9496,17741,Credit Card
20607,46577,Credit Card
22749,8049,GCash
15400,39124,Cash on Delivery
21134,34769,Cash on Delivery
12115,47433,GCash
7555,49339,Cash on Delivery
17453,44738,GCash
15981,32335,Credit Card
26364,2195,GCash
15833,33708,Credit Card
27220,12394,Cash on Delivery
5287,10004,GCash
17163,28154,Credit Card
18565,23913,Credit Card
6350,11442,Cash on Delivery
20421,45467,GCash
17740,16528,GCash
26768,40513,Cash on Delivery
28780,6184,Credit Card
14301,35330,GCash
13077,36494,Cash on Delivery
25678,40300,Credit Card
7860,25358,Credit Card
18031,46307,GCash
23366,41737,Cash on Delivery
8182,26822,Credit Card
27293,19689,Credit Card
6682,6718,Credit Card
6018,6204,Cash on Delivery
23248,19079,Credit Card
24952,6657,Credit Card
11215,12994,Cash on Delivery
5464,20641,Cash on Delivery
26110,36634,Credit Card
7526,13274,GCash
24807,45161,GCash
9497,33763,GCash
131,31289,Cash on Delivery
5702,42100,GCash
5240,1350,Cash on Delivery
19248,39207,Credit Card
3810,21005,Cash on Delivery
21478,29765,Credit Card
7474,33097,Credit Card
22347,5354,Credit Card
6239,8853,GCash
4922,49511,Credit Card
763,44070,Credit Card
15960,26174,Credit Card
14494,38358,Credit Card
24766,44647,Cash on Delivery
4197,16754,GCash
15449,36349,GCash
12330,3231,Credit Card
27692,23618,GCash
18141,3238,GCash
10890,38103,GCash
10413,12494,Cash on Delivery
26208,2113,Credit Card
8835,26226,Cash on Delivery
21424,27626,Cash on Delivery
29633,17534,GCash
517,22490,GCash
26861,31187,Cash on Delivery
15656,27931,Credit Card
26743,34838,GCash
519,40435,Cash on Delivery
11721,41271,Cash on Delivery
26348,27504,Cash on Delivery
17675,43049,GCash
29114,27394,Credit Card
28293,42245,GCash
15081,28171,Credit Card
4078,46219,Credit Card
16912,43191,Credit Card
28829,5191,GCash
16946,33619,Credit Card
14590,32202,GCash
19386,34740,Cash on Delivery
11225,347,Credit Card
1495,10460,GCash
29201,33338,Credit Card
2233,19268,GCash
13548,23886,GCash
12258,33447,Credit Card
1565,22278,Credit Card
23973,4322,Credit Card
20858,21344,Credit Card
190,47443,Cash on Delivery
15111,35473,Cash on Delivery
13043,41369,Cash on Delivery
8708,23488,Cash on Delivery
16797,49708,Cash on Delivery
24229,3785,Credit Card
17496,24914,GCash
20561,39799,Credit Card
12201,37082,Credit Card
15194,36524,Cash on Delivery
1536,35571,GCash
485,5333,Cash on Delivery
555,41240,GCash
19622,24490,Cash on Delivery
29317,43962,Cash on Delivery
16294,2976,GCash
8509,9874,GCash
27940,32963,Credit Card
20916,22978,GCash
17925,41849,Cash on Delivery
16267,6396,Cash on Delivery
4804,9613,GCash
4549,44356,Cash on Delivery
5383,34110,Cash on Delivery
7982,23082,GCash
13683,49619,GCash
27710,13665,GCash
6195,12064,Credit Card
20326,12111,Credit Card
25727,36770,GCash
6309,48165,GCash
5696,24076,Credit Card
22926,31458,Cash on Delivery
12841,12277,GCash
23939,42871,Cash on Delivery
27687,36204,Credit Card
25354,25445,Cash on Delivery
4717,28366,GCash
13420,23736,Cash on Delivery
12032,24616,Credit Card
16830,32532,Credit Card
26625,33425,GCash
5998,43429,GCash
14580,11276,Credit Card
3641,30505,Credit Card
27964,1488,Cash on Delivery
21484,43949,GCash
15404,45969,GCash
1926,43079,Credit Card
20958,41168,Credit Card
24885,17374,Credit Card
2950,34469,Cash on Delivery
14699,34128,Cash on Delivery
9116,24799,Cash on Delivery
23317,13935,GCash
10050,14023,Credit Card
2148,17593,GCash
13304,45945,Credit Card
19880,13074,Cash on Delivery
23019,33849,Cash on Delivery
24748,16760,GCash
16064,25637,Credit Card
8997,28198,Cash on Delivery
11933,40025,GCash
20047,3509,Cash on Delivery
16862,49451,Credit Card
21062,3074,GCash
28065,2398,GCash
1937,2593,Cash on Delivery
8047,160,GCash
17790,31370,Credit Card
8336,49547,Credit Card
22615,45880,GCash
4054,49624,Cash on Delivery
22099,37576,Cash on Delivery
8458,29001,Credit Card
9563,9372,Cash on Delivery
7023,21470,Credit Card
1673,29807,GCash
12359,49525,Credit Card
28665,3783,GCash
29663,7946,GCash
20678,5134,Cash on Delivery
27963,25981,GCash
22085,24534,Cash on Delivery
24672,49332,Credit Card
20136,10691,GCash
21861,3611,Cash on Delivery
8387,31675,Cash on Delivery
2397,1976,Cash on Delivery
5240,40796,Credit Card
10827,8303,Credit Card
10171,33899,Cash on Delivery
7860,28860,Cash on Delivery
27811,15282,GCash
3420,7794,Credit Card
12158,14794,Cash on Delivery
12281,29238,Credit Card
17225,5239,Cash on Delivery
20493,7949,Cash on Delivery
14860,23635,Cash on Delivery
19037,33555,GCash
13187,29755,GCash
13823,35273,GCash
2905,47906,Cash on Delivery
23613,44139,Credit Card
13813,2913,GCash
23730,13512,Cash on Delivery
2473,28517,Credit Card
29294,3347,Cash on Delivery
25868,20588,Credit Card
6081,43851,Credit Card
3864,33007,GCash
28763,13751,Credit Card
661,24029,GCash
10714,17305,Credit Card
5855,49411,Cash on Delivery
4247,20098,GCash
6585,3834,GCash
25944,14779,Cash on Delivery
20027,10186,Cash on Delivery
8089,46609,Cash on Delivery
27972,14084,Credit Card
17202,5849,Cash on Delivery
21208,12750,Credit Card
27528,41380,Credit Card
27975,773,GCash
11575,49939,Cash on Delivery
1972,45135,Cash on Delivery
18720,11097,Cash on Delivery
21850,20360,Cash on Delivery
29636,37823,Cash on Delivery
12822,38099,Cash on Delivery
27035,1223,GCash
29490,2158,GCash
23540,5318,GCash
11053,14245,Cash on Delivery
4924,19874,GCash
7007,28863,GCash
6198,37200,GCash
7857,36075,GCash
17684,13258,Cash on Delivery
16616,44079,GCash
14791,48953,Cash on Delivery
4520,30545,Cash on Delivery
15870,23546,GCash
13177,6482,Cash on Delivery
6304,17274,Cash on Delivery
8399,6035,Credit Card
29399,17965,Cash on Delivery
13188,42321,Cash on Delivery
19978,45689,Cash on Delivery
24918,15788,Cash on Delivery
5703,7959,Cash on Delivery
29909,7850,GCash
17090,47060,Cash on Delivery
8783,40110,Cash on Delivery
21435,25232,Credit Card
23608,8558,GCash
10485,47232,Credit Card
13867,44470,GCash
11037,16595,Credit Card
5027,28847,Cash on Delivery
25602,23692,Credit Card
29669,36324,GCash
16817,18215,Credit Card
16098,43156,Credit Card
19337,46769,GCash
15637,38363,GCash
23209,8403,Cash on Delivery
3920,28271,GCash
20800,19563,Cash on Delivery
620,13751,Cash on Delivery
8266,29472,GCash
6550,39910,Cash on Delivery
13815,4126,Credit Card
17150,16053,Credit Card
3592,35857,Credit Card
4831,4193,Cash on Delivery
25777,44298,Cash on Delivery
18921,12631,Cash on Delivery
21715,28636,GCash
13169,29180,GCash
18257,9997,Credit Card
19058,23202,Cash on Delivery
7524,30556,Cash on Delivery
7814,11540,Cash on Delivery
20166,48877,Cash on Delivery
27969,15068,Credit Card
10361,24378,GCash
18980,31544,Cash on Delivery
15956,19149,Cash on Delivery
6657,10352,GCash
14659,2766,Cash on Delivery
23833,28407,Cash on Delivery
8662,44339,Cash on Delivery
18183,36513,GCash
6825,29051,Credit Card
7281,15619,Credit Card
8997,28772,GCash
29950,49011,GCash
21194,40106,GCash
11826,5701,Cash on Delivery
16272,17266,Credit Card
25394,38899,GCash
26869,25463,Cash on Delivery
17480,40576,Cash on Delivery
2468,26038,Cash on Delivery
14434,33066,GCash
9754,33461,Credit Card
547,33166,Cash on Delivery
16100,3096,Cash on Delivery
15595,42371,Cash on Delivery
27755,44225,GCash
9257,42906,GCash
19781,39152,Cash on Delivery
20926,33510,GCash
7560,26337,Cash on Delivery
24135,37235,Credit Card
9771,3363,Cash on Delivery
24776,39907,Cash on Delivery
6637,42280,Credit Card
3072,14169,Cash on Delivery
2533,29326,GCash
16638,46360,GCash
29129,14794,Credit Card
10444,44122,GCash
21760,5253,Cash on Delivery
22111,603,Cash on Delivery
9836,25129,Credit Card
10091,7900,Cash on Delivery
22306,18773,GCash
29359,11380,GCash
21990,4133,Cash on Delivery
10765,30236,Cash on Delivery
9757,33157,Cash on Delivery
13279,17569,GCash
3257,112,GCash
9315,25343,Credit Card
20697,4211,Cash on Delivery
7927,46676,Credit Card
5786,19905,Credit Card
7386,2686,Cash on Delivery
15291,28656,Credit Card
3048,31775,Credit Card
5119,48259,GCash
9532,33739,Cash on Delivery
15214,22874,GCash
28663,45927,GCash
5101,8228,Cash on Delivery
9345,16110,Cash on Delivery
27345,42418,GCash
29650,49927,Credit Card
9605,42914,Cash on Delivery
198,8738,Cash on Delivery
28710,40547,Credit Card
2058,29657,GCash
9054,26630,Cash on Delivery
6457,11916,GCash
1422,32257,Credit Card
8764,37791,GCash
5356,35244,Credit Card
21425,3484,GCash
136,39854,Cash on Delivery
23482,49535,Credit Card
5675,18466,Cash on Delivery
10390,20188,GCash
15583,34946,Credit Card
22002,3713,GCash
14377,19260,Credit Card
18348,24978,Credit Card
18793,45050,GCash
21505,35242,Credit Card
7399,15126,GCash
8033,7655,GCash
22858,43820,Cash on Delivery
13945,24424,Credit Card
14117,30038,Credit Card
24993,39643,Cash on Delivery
29675,10626,Credit Card
18200,6952,Credit Card
29753,40480,GCash
14168,5610,Cash on Delivery
2468,15948,Credit Card
10778,3411,GCash
5668,29847,Credit Card
19271,19028,Cash on Delivery
10213,15140,Credit Card
20295,9555,Credit Card
24306,48054,Cash on Delivery
17763,2012,GCash
8424,11571,GCash
14611,32765,GCash
25365,44919,GCash
17305,17915,Credit Card
7896,41688,Credit Card
2538,23769,Credit Card
9135,23017,Credit Card
8456,29767,Credit Card
2277,15024,Credit Card
24598,10005,Credit Card
2497,36569,Cash on Delivery
19035,10501,Cash on Delivery
81,28881,Cash on Delivery
9750,6470,Cash on Delivery
288,5878,Cash on Delivery
6379,41217,Credit Card
29066,33907,Cash on Delivery
8758,31918,Credit Card
22653,607,Credit Card
17121,12911,Credit Card
3149,22846,Credit Card
14740,1184,GCash
4694,39539,GCash
6695,2544,Cash on Delivery
21005,2186,Cash on Delivery
28507,41983,Cash on Delivery
27617,28019,GCash
20920,23203,Credit Card
25300,16949,Cash on Delivery
18694,3275,Credit Card
21862,5288,GCash
18334,11676,Cash on Delivery
29188,49345,Cash on Delivery
23780,38119,Cash on Delivery
29263,28991,GCash
16684,20981,GCash
19806,49484,GCash
25225,49665,Cash on Delivery
8348,30336,GCash
386,42297,Credit Card
7267,33135,Credit Card
23673,37973,Credit Card
23872,46462,Cash on Delivery
14381,15264,Credit Card
6162,35551,Credit Card
23870,32683,GCash
24427,37679,Cash on Delivery
22810,41939,Cash on Delivery
24366,14944,Cash on Delivery
25439,7398,GCash
6082,10473,Credit Card
18503,37514,Credit Card
8362,47336,Cash on Delivery
8554,34965,Cash on Delivery
6131,7734,Credit Card
2414,27734,Cash on Delivery
25209,35878,Cash on Delivery
10520,17842,GCash
11565,14006,Credit Card
19284,16320,Cash on Delivery
11509,9739,Credit Card
24111,10768,Cash on Delivery
1981,10324,Credit Card
10812,45936,Cash on Delivery
25756,10082,GCash
12442,26254,Cash on Delivery
26116,20743,GCash
20650,19101,GCash
8785,41277,Credit Card
17585,16631,Credit Card
21807,12760,Credit Card
27773,8281,Cash on Delivery
3024,27107,GCash
6049,27158,GCash
27682,22252,Credit Card
4253,24107,GCash
22854,39163,Credit Card
17711,26456,GCash
10980,33882,Cash on Delivery
16530,12722,GCash
22902,19067,Credit Card
11895,16118,GCash
20167,28537,GCash
22213,3005,Cash on Delivery
16026,46473,GCash
28413,17803,Cash on Delivery
19001,15344,GCash
28588,38078,Cash on Delivery
9452,13090,GCash
25132,44117,Cash on Delivery
27943,11641,Credit Card
19777,22777,GCash
28620,6551,Cash on Delivery
14020,1507,Credit Card
25353,32750,Cash on Delivery
17791,43809,Cash on Delivery
29224,45881,GCash
1129,27822,GCash
29281,319,Cash on Delivery
13412,31197,GCash
19757,27035,Credit Card
9370,36029,GCash
25910,24874,Credit Card
9609,18422,Credit Card
14151,41085,Credit Card
9639,9126,Cash on Delivery
4561,44706,Credit Card
2738,1806,GCash
15266,21648,GCash
29921,34153,Cash on Delivery
28615,220,Credit Card
4401,4667,Credit Card
28719,45178,Credit Card
25525,23443,GCash
10819,28527,Credit Card
11431,16181,Credit Card
4028,21446,GCash
3647,15952,Credit Card
29670,30077,Cash on Delivery
14430,22110,Credit Card
28344,3087,Cash on Delivery
1420,36710,Cash on Delivery
20996,6789,GCash
16788,8437,Cash on Delivery
24410,46989,GCash
29058,15797,Credit Card
15530,47634,Cash on Delivery
11367,29947,Credit Card
22803,47356,Cash on Delivery
2856,32354,Cash on Delivery
12084,22369,Cash on Delivery
1136,6785,Credit Card
27227,16362,GCash
14589,1741,GCash
19004,12108,GCash
7722,37846,GCash
842,46190,Cash on Delivery
19681,680,Cash on Delivery
16430,16339,Cash on Delivery
17434,30196,Cash on Delivery
22509,30739,Cash on Delivery
2650,31146,Credit Card
27831,6018,Credit Card
21218,3390,Credit Card
23870,23531,Credit Card
26253,6887,Cash on Delivery
13855,4933,GCash
18851,4425,Credit Card
20852,24488,Cash on Delivery
11897,17095,GCash
15384,46252,Credit Card
10915,40510,Credit Card
8052,43267,Cash on Delivery
21318,49704,GCash
18360,42184,Credit Card
5612,409,Credit Card
28440,24249,Credit Card
22798,14937,Credit Card
11260,41151,Cash on Delivery
6602,6654,GCash
4214,33848,GCash
1653,11320,Cash on Delivery
14514,12343,Cash on Delivery
25058,25031,GCash
25357,25943,Cash on Delivery
19769,20180,Credit Card
7863,23653,GCash
3590,4785,Credit Card
25821,28637,Cash on Delivery
15822,16973,Cash on Delivery
5777,10012,Credit Card
21809,7474,Cash on Delivery
14990,2218,GCash
25709,18539,Credit Card
13482,11732,GCash
26566,27833,GCash
18264,17303,Credit Card
26172,21799,GCash
15101,1297,Credit Card
25288,20276,GCash
8286,23166,Credit Card
13907,6758,Credit Card
6391,17654,Cash on Delivery
19655,14191,GCash
1789,15728,Cash on Delivery
20247,21823,Credit Card
14226,29384,GCash
6764,37783,Cash on Delivery
23264,45466,Cash on Delivery
11527,16357,Cash on Delivery
16212,41446,Cash on Delivery
2881,9241,Cash on Delivery
10358,15271,Credit Card
12370,20605,Cash on Delivery
24382,15490,GCash
9372,38797,GCash
15890,33963,Cash on Delivery
1136,26507,Credit Card
19043,153,GCash
25679,45428,GCash
19388,15455,Cash on Delivery
26965,35559,GCash
347,28724,Credit Card
20305,18516,Cash on Delivery
21301,10529,Credit Card
15401,43789,GCash
23596,41234,Credit Card
572,45352,GCash
16728,48682,Credit Card
26872,1208,Cash on Delivery
15419,4450,Cash on Delivery
22053,13336,GCash
28654,35951,GCash
952,16597,Cash on Delivery
12402,36291,GCash
8289,34379,Cash on Delivery
20627,34828,Cash on Delivery
3151,17108,Credit Card
192,40713,Cash on Delivery
16715,38940,Credit Card
8396,25948,Cash on Delivery
9246,31704,Credit Card
24754,39299,GCash
5243,31168,GCash
6249,43474,GCash
24163,27081,GCash
25685,3010,Cash on Delivery
12215,10840,Credit Card
26134,7282,Credit Card
8899,5163,Credit Card
5659,1476,Credit Card
24232,43728,Credit Card
11808,17920,GCash
20778,23734,GCash
15820,30878,Cash on Delivery
16569,5717,GCash
4646,15012,GCash
8783,23233,GCash
7043,24886,GCash
15466,9377,Credit Card
4937,25478,Cash on Delivery
23656,45865,Credit Card
10395,41441,GCash
17366,46160,Cash on Delivery
7929,12309,GCash
14110,1151,Cash on Delivery
6115,49465,GCash
29074,41120,GCash
9612,48809,Cash on Delivery
14128,19619,GCash
21272,40775,Cash on Delivery
29214,27627,GCash
18491,19565,Cash on Delivery
12892,30823,Credit Card
17434,35586,Credit Card
8030,20743,Credit Card
12692,11929,GCash
26801,14990,Credit Card
8811,3127,Credit Card
23599,37243,Credit Card
11314,39048,Credit Card
14596,21241,Cash on Delivery
24862,23303,Credit Card
14552,35252,GCash
8504,27526,GCash
17439,21535,Cash on Delivery
815,34896,GCash
953,4970,Cash on Delivery
338,44103,Credit Card
8489,17945,GCash
21000,29139,Credit Card
7498,20085,Credit Card
20457,25229,GCash
21642,38301,Cash on Delivery
20047,31269,GCash
13944,28215,Credit Card
14043,21690,GCash
29994,34519,Cash on Delivery
22023,17296,GCash
26090,5664,Credit Card
21703,10627,Cash on Delivery
19882,6769,Cash on Delivery
10832,3701,Credit Card
24785,46174,GCash
1347,33005,GCash
2762,3538,Credit Card
6225,49277,GCash
22877,37633,Cash on Delivery
20857,40166,Credit Card
9231,31882,Cash on Delivery
27115,23462,Cash on Delivery
17063,27936,Credit Card
5956,18961,Cash on Delivery
12627,8662,GCash
18889,21851,Credit Card
8592,27093,GCash
6065,21619,Credit Card
15756,17251,GCash
21072,3714,Cash on Delivery
19227,2144,Cash on Delivery
22551,27936,Cash on Delivery
7670,42492,Cash on Delivery
5636,48056,Cash on Delivery
27754,45907,Credit Card
1040,25143,GCash
4086,12398,Cash on Delivery
21016,27360,Cash on Delivery
25401,39573,GCash
26908,41672,Cash on Delivery
1797,19164,Credit Card
7736,41025,Credit Card
2351,20942,GCash
18791,744,Cash on Delivery
16009,24752,GCash
9513,35293,GCash
25429,21225,GCash
21034,11346,Credit Card
10145,2507,Cash on Delivery
18549,29970,Cash on Delivery
13381,24393,Credit Card
13848,46127,Credit Card
26554,37334,GCash
5428,29779,Credit Card
10319,9973,Cash on Delivery
9436,14797,Credit Card
2390,25863,Cash on Delivery
7530,7250,GCash
20372,4981,GCash
28717,33654,Credit Card
25576,30826,Credit Card
24255,16452,Cash on Delivery
9469,39790,GCash
2299,38862,Credit Card
22575,34438,GCash
11940,14451,Credit Card
19131,15756,Credit Card
21073,47595,Credit Card
5168,1079,Credit Card
13473,33691,GCash
28893,7507,Credit Card
8398,28076,Cash on Delivery
29043,39299,GCash
22232,10055,GCash
24289,45524,Cash on Delivery
15520,2863,Cash on Delivery
28184,13278,Cash on Delivery
12862,26183,GCash
3524,13073,GCash
1758,6426,Cash on Delivery
16310,18348,Credit Card
8740,12811,GCash
376,28439,GCash
15018,17696,GCash
14633,34941,Credit Card
13583,45283,Cash on Delivery
26010,13825,GCash
540,49186,Cash on Delivery
21911,18563,Cash on Delivery
28764,49795,GCash
554,655,Cash on Delivery
23025,44168,Credit Card
26450,9703,GCash
3913,7041,Cash on Delivery
23206,16202,Cash on Delivery
773,7214,Cash on Delivery
4052,46487,Cash on Delivery
29101,41591,GCash
4591,22804,Cash on Delivery
14156,38176,Credit Card
22463,44014,GCash
5690,4670,Credit Card
19526,16604,Cash on Delivery
22896,11330,Cash on Delivery
1284,29000,Credit Card
19536,17893,Cash on Delivery
11078,42388,Credit Card
27286,40617,GCash
24811,27092,GCash
29147,4531,GCash
7010,1563,GCash
29027,3658,GCash
29265,3288,Cash on Delivery
24937,42533,Credit Card
21935,28801,GCash
29965,21430,Credit Card
18732,11138,GCash
15313,17550,GCash
670,35243,Credit Card
15024,22978,Credit Card
10983,20587,Credit Card
3653,31893,Credit Card
8194,34350,GCash
26683,25168,GCash
8680,47399,Cash on Delivery
19073,49387,Credit Card
19472,46279,GCash
19728,21754,GCash
9268,24327,Credit Card
18759,31077,Credit Card
13621,29050,GCash
6906,18727,Credit Card
82,38562,Cash on Delivery
28859,44568,GCash
28046,19371,Credit Card
12879,14169,GCash
25860,6368,Cash on Delivery
27279,7980,GCash
28385,39298,GCash
21871,38337,GCash
11694,7123,Cash on Delivery
19945,34890,Credit Card
29197,3772,Cash on Delivery
16540,49698,GCash
10475,39691,Cash on Delivery
8608,34604,Credit Card
11511,46606,GCash
22694,27009,GCash
17691,39171,Credit Card
28533,42209,GCash
28836,3007,Cash on Delivery
16747,44826,Credit Card
6033,14150,Credit Card
26484,9243,GCash
24508,29346,GCash
11960,14586,Cash on Delivery
26888,30209,Cash on Delivery
27453,26102,Credit Card
1592,2657,Cash on Delivery
7515,35817,Credit Card
10297,17433,Credit Card
20123,46606,GCash
19799,5970,Credit Card
27821,49931,Cash on Delivery
9988,34699,Credit Card
25839,49747,Cash on Delivery
10084,11111,Cash on Delivery
2455,19366,Credit Card
17934,22387,Cash on Delivery
13501,47598,Credit Card
8424,40175,Credit Card
21827,13283,Cash on Delivery
7061,21147,GCash
20150,22476,Cash on Delivery
17710,16556,Cash on Delivery
20621,40665,Cash on Delivery
22325,47839,Credit Card
25669,7046,Credit Card
26945,2973,GCash
11869,22643,Credit Card
5752,18299,Cash on Delivery
16150,19686,Credit Card
7286,35473,Cash on Delivery
9042,41590,Credit Card
19649,5032,Cash on Delivery
14520,8447,Cash on Delivery
3265,5391,Credit Card
16286,1469,Credit Card
6020,33794,GCash
15406,37824,Cash on Delivery
19294,34024,GCash
6,42513,Credit Card
15752,23317,GCash
23901,4034,GCash
20813,5899,Credit Card
28124,1419,Credit Card
18929,13978,GCash
27212,37158,Cash on Delivery
10760,3468,GCash
1602,32218,GCash
18360,38513,Credit Card
6642,23815,Cash on Delivery
2602,34131,Cash on Delivery
160,38853,GCash
19997,45816,GCash
20686,22787,Credit Card
14413,2593,GCash
11559,17275,GCash
23941,37932,Credit Card
3523,47975,Credit Card
16409,32231,Cash on Delivery
22326,33315,Credit Card
3827,3961,Cash on Delivery
10479,8925,Credit Card
12804,6393,Cash on Delivery
14573,12367,Cash on Delivery
12133,15126,GCash
20354,27423,Cash on Delivery
24149,36882,GCash
18586,48965,GCash
20277,32696,Cash on Delivery
8287,10339,Cash on Delivery
20126,14649,GCash
4806,25462,GCash
9297,35204,Cash on Delivery
25871,7657,Cash on Delivery
14740,27103,Cash on Delivery
24559,22437,GCash
16554,27811,GCash
11653,18356,GCash
219,36748,Credit Card
6044,22907,Cash on Delivery
24221,16025,Credit Card
18971,37230,GCash
9581,22168,GCash
11571,41509,Cash on Delivery
28232,45694,Cash on Delivery
2306,5479,Cash on Delivery
7402,10516,GCash
7809,38825,GCash
14748,22778,Credit Card
6402,32501,Cash on Delivery
842,9348,Cash on Delivery
28877,33386,GCash
10131,36809,GCash
6832,12840,GCash
8537,39696,Credit Card
2497,26236,GCash
6286,41636,Credit Card
24064,2813,Cash on Delivery
4404,35892,Cash on Delivery
21123,10000,Cash on Delivery
23238,33952,Credit Card
10822,27022,GCash
6123,13966,Cash on Delivery
16613,21322,Credit Card
11291,28195,Credit Card
28807,14600,GCash
12070,45311,Cash on Delivery
1049,13783,GCash
20347,28230,Credit Card
18995,8551,Cash on Delivery
17490,15123,Credit Card
19102,7961,GCash
17550,35522,Credit Card
11742,7596,GCash
9284,38591,Credit Card
8328,14860,Cash on Delivery
17672,22524,GCash
6769,9529,Cash on Delivery
6455,3283,Cash on Delivery
25397,42136,GCash
25871,35011,GCash
383,27141,Credit Card
25616,45951,Cash on Delivery
2673,43261,GCash
27664,46437,GCash
22978,44298,Credit Card
3303,767,Credit Card
14572,32750,Credit Card
21553,37808,Credit Card
4373,46181,Credit Card
5494,13645,Credit Card
212,29163,GCash
10036,18726,Cash on Delivery
3602,36139,Credit Card
9410,26663,Credit Card
22630,18941,Cash on Delivery
20854,42132,Credit Card
12291,48549,Credit Card
18569,42479,GCash
1585,43812,Cash on Delivery
18687,35417,GCash
19011,45408,Credit Card
1937,34479,Cash on Delivery
25770,14579,GCash
24335,7856,Cash on Delivery
12224,41505,Cash on Delivery
5381,866,Credit Card
16049,12807,GCash
346,37001,GCash
29782,31125,Credit Card
19982,31609,Cash on Delivery
21223,27966,Cash on Delivery
13162,16671,Cash on Delivery
8149,34450,GCash
2810,3293,Credit Card
28742,4603,Credit Card
4933,31869,GCash
28862,47469,Credit Card
9494,29092,Cash on Delivery
3359,7347,GCash
13300,20197,Cash on Delivery
12634,48116,Credit Card
14003,38434,Cash on Delivery
16669,38753,Credit Card
18131,40014,GCash
4467,9819,Cash on Delivery
4138,5176,Credit Card
2226,33456,GCash
1885,27235,Credit Card
6364,44672,GCash
22524,25916,GCash
13873,5308,Credit Card
28057,3502,GCash
5071,3246,Cash on Delivery
22575,41438,Cash on Delivery
1846,38880,GCash
14955,16668,Cash on Delivery
12099,49474,GCash
17267,30732,Cash on Delivery
5354,19476,Credit Card
10919,32894,Credit Card
2933,40473,GCash
9893,23738,GCash
27483,30211,Cash on Delivery
11693,1018,Cash on Delivery
26219,28163,GCash
24551,3153,GCash
17339,28249,GCash
27797,41763,Cash on Delivery
28189,46549,GCash
28117,9676,Credit Card
9574,2840,Credit Card
11781,44372,Credit Card
17096,33186,Credit Card
20614,47033,Cash on Delivery
22757,23220,GCash
6065,22986,Cash on Delivery
23564,43347,GCash
7582,41944,Cash on Delivery
16202,44442,Cash on Delivery
6249,10435,Cash on Delivery
6570,32041,Cash on Delivery
1467,21985,GCash
19474,26510,Cash on Delivery
3662,3317,GCash
1682,25967,Credit Card
28201,23483,Credit Card
17784,33725,Cash on Delivery
8552,8447,Credit Card
22866,22803,GCash
8816,46713,Cash on Delivery
28731,46822,Credit Card
11033,41454,Credit Card
28366,17527,Credit Card
5282,24036,GCash
22234,4212,GCash
11158,2517,Credit Card
453,16851,Credit Card
9202,15046,Cash on Delivery
6050,28665,GCash
29724,365,Credit Card
11913,41562,GCash
3075,44408,GCash
16318,5284,Cash on Delivery
15215,205,Cash on Delivery
27285,34712,Credit Card
20567,32300,Credit Card
22027,1560,GCash
11993,252,Cash on Delivery
28151,48790,GCash
5012,26472,GCash
11052,25760,GCash
18322,20763,Credit Card
11436,13917,GCash
2097,37866,GCash
7374,38387,Cash on Delivery
2138,19564,Credit Card
18648,14815,Cash on Delivery
13651,6290,GCash
20746,32100,GCash
10111,19721,GCash
3454,32127,GCash
26178,523,GCash
11898,41735,GCash
24126,35303,Cash on Delivery
28248,43300,Cash on Delivery
17697,20655,Cash on Delivery
5651,11731,GCash
29609,47852,Cash on Delivery
4939,21429,GCash
14663,46129,GCash
9406,34242,Credit Card
25829,49997,GCash
21666,47816,GCash
22998,48931,GCash
16867,14442,Cash on Delivery
7997,46771,Credit Card
23243,10537,Credit Card
734,24566,Credit Card
23850,36143,GCash
14372,2000,Cash on Delivery
1033,47025,Cash on Delivery
13422,25779,Cash on Delivery
20001,4244,Credit Card
7859,46274,Cash on Delivery
10809,16183,Cash on Delivery
11013,29815,GCash
8704,42099,Cash on Delivery
7333,16458,Credit Card
327,275,Cash on Delivery
26931,45407,Credit Card
2354,35179,Credit Card
1097,9259,Cash on Delivery
8322,6246,GCash
29338,20032,Cash on Delivery
20376,48409,Credit Card
6033,40449,Cash on Delivery
19083,12993,GCash
3484,49487,Credit Card
23364,47634,GCash
5755,474,Credit Card
23859,13933,Cash on Delivery
3329,5925,Credit Card
29039,31378,Credit Card
20085,18598,GCash
26740,46106,GCash
16078,15121,GCash
1116,1416,Cash on Delivery
18099,8826,GCash
27933,31766,Cash on Delivery
20460,34115,GCash
24917,22398,Credit Card
22881,33696,Credit Card
8277,16652,Credit Card
29426,14072,GCash
26359,21271,Cash on Delivery
23962,48059,GCash
1345,8517,Credit Card
8598,11309,Credit Card
1014,25130,GCash
18673,21124,GCash
10258,40832,Cash on Delivery
2192,37262,GCash
23187,27435,Cash on Delivery
219,9441,Credit Card
29920,46229,GCash
8882,46437,GCash
8024,48191,Credit Card
7590,25644,Credit Card
24449,24979,Credit Card
22086,21805,Cash on Delivery
8715,40700,Cash on Delivery
12319,12773,Credit Card
7830,19460,Credit Card
10912,18881,Cash on Delivery
21308,15393,Cash on Delivery
7615,30369,Cash on Delivery
29358,10516,Credit Card
15552,8069,Cash on Delivery
1026,41098,Credit Card
6783,34498,Credit Card
29148,35651,Cash on Delivery
2034,44127,Credit Card
27867,958,Credit Card
13125,25014,GCash
15448,23380,GCash
17546,46483,Cash on Delivery
5072,5857,Credit Card
16880,12766,Cash on Delivery
15546,35543,Credit Card
17213,14766,Credit Card
26447,14300,Credit Card
14272,4151,Credit Card
11977,4379,GCash
25593,43414,Cash on Delivery
20831,49741,GCash
7708,47916,Credit Card
10752,40983,Credit Card
13244,29154,Credit Card
18297,38557,Credit Card
7788,22084,Cash on Delivery
25521,12548,Credit Card
25896,31859,GCash
20688,35318,Cash on Delivery
25628,39875,Cash on Delivery
795,14496,Cash on Delivery
13592,40852,GCash
23058,4025,Cash on Delivery
18082,43077,Cash on Delivery
10302,16380,Cash on Delivery
28404,15950,Credit Card
10031,16214,Cash on Delivery
25653,18795,Cash on Delivery
7495,38202,Credit Card
3701,44229,GCash
6960,28004,Credit Card
22083,25580,Credit Card
16481,32817,GCash
12642,5685,Cash on Delivery
24665,49651,Credit Card
15620,14975,GCash
27257,27195,Cash on Delivery
27211,8599,Cash on Delivery
24890,14564,Cash on Delivery
17675,42644,Cash on Delivery
1783,3823,GCash
8094,31579,GCash
27385,38099,GCash
10410,11733,Cash on Delivery
16871,47674,Credit Card
29385,45999,Credit Card
22736,46241,GCash
25234,49368,Credit Card
1946,7163,Credit Card
28776,33448,GCash
13085,1227,GCash
2717,36942,Credit Card
29980,18944,Credit Card
16204,45544,Cash on Delivery
5756,42888,Cash on Delivery
20975,23047,Cash on Delivery
13340,27543,Cash on Delivery
14424,15556,Cash on Delivery
17037,32192,GCash
22622,43691,Credit Card
19633,19863,GCash
13540,9711,Credit Card
19872,20204,GCash
15552,1055,GCash
24485,19588,Credit Card
21374,46089,Credit Card
19894,4830,GCash
1824,963,Credit Card
15448,2146,Credit Card
28898,28036,Credit Card
24926,42947,Cash on Delivery
21892,34558,Credit Card
13647,10551,Cash on Delivery
28648,15539,GCash
19961,26879,Cash on Delivery
11711,3700,GCash
8941,48800,GCash
14153,45609,Credit Card
28381,38126,GCash
1606,26257,Credit Card
24150,17421,GCash
4592,8359,GCash
9522,1744,Cash on Delivery
19817,13677,GCash
29416,10743,Credit Card
6119,463,GCash
22438,15175,Credit Card
1294,19071,GCash
12414,29244,GCash
24954,16659,GCash
19030,22598,GCash
15208,32165,GCash
29298,13430,GCash
12764,17442,Credit Card
4325,44757,Cash on Delivery
3255,14833,Credit Card
19359,26765,Cash on Delivery
21990,26237,GCash
17174,4984,Cash on Delivery
3836,17666,Credit Card
20656,25734,Cash on Delivery
23418,40505,Credit Card
13488,6262,Cash on Delivery
7301,13787,Cash on Delivery
24578,49733,Credit Card
13519,2084,GCash
4507,18166,Credit Card
25339,38110,Credit Card
19455,24155,Credit Card
4241,6037,Cash on Delivery
11684,40847,GCash
10873,44089,Cash on Delivery
19586,12283,Credit Card
14608,796,GCash
778,39680,GCash
21980,21370,GCash
27916,7898,Credit Card
16671,22862,GCash
19491,25770,GCash
20491,30805,Credit Card
20642,255,Credit Card
2010,41585,GCash
6244,41143,GCash
2869,29076,GCash
27644,17113,Cash on Delivery
28651,43751,Credit Card
8008,7182,Cash on Delivery
27790,9637,GCash
8607,1831,Cash on Delivery
12382,40573,GCash
27663,33480,GCash
22425,47054,Credit Card
7864,26554,GCash
18498,38500,GCash
20977,45198,Credit Card
21865,45346,GCash
19701,14279,Cash on Delivery
19009,44846,GCash
11977,47603,Credit Card
22068,29372,Cash on Delivery
10681,6131,GCash
16104,12213,GCash
2079,13500,GCash
4592,23265,Credit Card
21909,30170,GCash
22795,27134,Credit Card
12096,7871,Credit Card
25532,36109,Cash on Delivery
24649,30994,GCash
7291,15261,Credit Card
8929,19976,Cash on Delivery
2832,16802,Credit Card
13940,21222,Cash on Delivery
15361,42064,GCash
2298,45024,Cash on Delivery
7920,12780,GCash
9503,39555,GCash
11627,47166,GCash
25411,22332,GCash
14502,41847,Cash on Delivery
28440,22818,GCash
14416,22647,GCash
8024,3955,GCash
29223,46217,GCash
20302,35997,GCash
21351,9059,GCash
20792,4386,Credit Card
20131,18302,Cash on Delivery
27814,594,GCash
22287,11949,Cash on Delivery
9488,47981,Cash on Delivery
23674,24060,Credit Card
9383,11814,GCash
18156,10464,Credit Card
4873,48807,GCash
2195,38825,Credit Card
22747,8680,Cash on Delivery
26674,7850,Cash on Delivery
17639,39404,GCash
829,12377,GCash
22357,12159,Cash on Delivery
17128,34908,GCash
19931,43458,Cash on Delivery
14356,9609,Cash on Delivery
571,23270,Cash on Delivery
5186,3485,GCash
28896,12387,Credit Card
25448,14773,Credit Card
837,46157,Credit Card
3707,29247,Credit Card
22953,34710,Cash on Delivery
3685,6815,GCash
21274,4656,Cash on Delivery
21051,17100,Credit Card
6281,28838,Credit Card
6054,33649,Cash on Delivery
2285,1795,Credit Card
14713,45397,Cash on Delivery
29417,24605,GCash
22696,11504,Credit Card
14964,49344,GCash
3685,20538,Credit Card
23805,24233,GCash
24626,49849,Credit Card
4636,36679,GCash
641,24347,Cash on Delivery
24579,49494,Cash on Delivery
5203,3100,GCash
13289,40046,Cash on Delivery
27756,37713,GCash
19637,24126,Cash on Delivery
11360,1467,Credit Card
2790,38504,Cash on Delivery
3113,44315,Cash on Delivery
23402,22650,GCash
26967,46008,GCash
29110,31130,Credit Card
25946,6967,Credit Card
26265,12054,Cash on Delivery
9536,47349,Credit Card
26354,8858,Credit Card
2165,29117,Cash on Delivery
21359,20371,GCash
12761,19408,Cash on Delivery
4176,46696,Cash on Delivery
1928,42798,Credit Card
982,47128,Credit Card
27948,21334,GCash
18917,16222,GCash
17328,25584,Credit Card
2432,38552,Cash on Delivery
7157,29992,Cash on Delivery
11770,31385,GCash
29186,384,GCash
1669,17987,Cash on Delivery
23724,6173,Cash on Delivery
20268,28393,Credit Card
5384,9464,GCash
19994,29814,GCash
2709,37242,Cash on Delivery
4069,42401,GCash
18506,17970,GCash
28552,23454,Cash on Delivery
6440,12726,Cash on Delivery
22721,38388,Cash on Delivery
18144,3545,Cash on Delivery
3481,43232,Credit Card
24965,35178,GCash
14726,28413,Cash on Delivery
12173,36376,GCash
8025,33436,Cash on Delivery
23853,14194,GCash
16805,2218,Credit Card
454,39501,Credit Card
8062,40103,Credit Card
10003,27897,Cash on Delivery
25754,26251,GCash
21893,34122,GCash
21041,38420,GCash
20729,28783,Credit Card
29671,13955,Cash on Delivery
13349,11169,Cash on Delivery
12227,29929,GCash
13566,23872,Credit Card
8695,23921,Cash on Delivery
29364,25826,Cash on Delivery
10430,34782,GCash
7459,46612,GCash
23737,32198,GCash
28824,18190,Cash on Delivery
9704,35147,GCash
24276,20289,GCash
444,10648,GCash
26247,24466,Credit Card
2739,25888,Credit Card
2979,43173,Cash on Delivery
21361,6951,GCash
28863,44796,Credit Card
9795,18112,Credit Card
17455,41057,Credit Card
15395,34020,Cash on Delivery
24733,31298,GCash
15818,35210,Cash on Delivery
15277,14478,Cash on Delivery
5234,48792,GCash
18257,17699,Cash on Delivery
27189,40048,GCash
10532,5776,Credit Card
13263,36697,Credit Card
1666,45659,Cash on Delivery
29115,17876,GCash
2219,48050,GCash
3038,13879,GCash
3196,8626,Cash on Delivery
1948,25478,GCash
4569,29461,GCash
6170,46736,GCash
284,9645,Cash on Delivery
22524,9688,Credit Card
22455,17549,GCash
20057,34080,GCash
4751,18321,Cash on Delivery
3251,25449,GCash
7860,46260,Cash on Delivery
26100,20742,Credit Card
7778,25822,Cash on Delivery
11165,10432,Credit Card
14101,28996,GCash
16077,23990,Cash on Delivery
4245,22780,GCash
21950,34128,GCash
8167,35670,GCash
7850,44863,Credit Card
4519,36922,GCash
20822,43421,Cash on Delivery
27875,14563,Cash on Delivery
11579,47037,Credit Card
14978,31237,Cash on Delivery
27939,46659,Credit Card
14738,18327,Credit Card
12924,21743,Credit Card
12984,31269,GCash
2627,36271,GCash
25561,28574,Cash on Delivery
6365,45349,Credit Card
13066,27636,Cash on Delivery
17724,44643,Cash on Delivery
16349,16555,Credit Card
22074,39116,Cash on Delivery
14492,20692,GCash
19439,9999,Cash on Delivery
8699,2330,Cash on Delivery
2019,25658,Cash on Delivery
13095,141,Cash on Delivery
16799,36076,Credit Card
16401,38563,GCash
23557,44181,Credit Card
13890,16338,GCash
804,21765,GCash
11062,32115,Credit Card
507,15894,Credit Card
7784,2165,Cash on Delivery
26781,26798,GCash
21724,36041,Credit Card
1540,36157,GCash
20555,3821,GCash
25671,17343,GCash
2181,35329,GCash
8614,1646,GCash
7956,36373,Cash on Delivery
21719,28658,Credit Card
11447,35497,Cash on Delivery
29680,27355,Cash on Delivery
9358,13542,GCash
8599,25348,Credit Card
4143,47423,GCash
14613,46763,GCash
2532,37199,GCash
24450,43397,GCash
29994,15682,Credit Card
22048,39580,GCash
6513,14406,Cash on Delivery
23615,25474,Credit Card
1386,32492,Cash on Delivery
1179,45901,GCash
9111,14389,Credit Card
17953,15942,Cash on Delivery
20308,3893,Cash on Delivery
4340,31371,Credit Card
7364,37813,Cash on Delivery
2229,38293,Cash on Delivery
3099,30375,GCash
8308,37315,Cash on Delivery
7000,46630,Credit Card
21269,13163,GCash
27214,10206,Credit Card
6393,14001,Credit Card
21623,27272,Credit Card
4993,1367,Credit Card
18987,9983,Cash on Delivery
17580,12550,Credit Card
13670,49557,Credit Card
24747,39209,Credit Card
10472,21107,Cash on Delivery
3807,27989,Cash on Delivery
10497,43423,Credit Card
3038,7796,Cash on Delivery
28691,48468,Credit Card
25022,13310,Credit Card
12248,47348,Cash on Delivery
21169,26116,GCash
21964,37230,Cash on Delivery
6080,43949,Credit Card
28204,7706,Credit Card
12809,17245,Cash on Delivery
8223,35392,GCash
20922,19097,GCash
13636,10117,Credit Card
12127,14600,GCash
27258,41107,Credit Card
14714,19185,Credit Card
13171,6682,Cash on Delivery
16773,20421,Credit Card
5717,44845,GCash
18983,976,GCash
15535,9986,Cash on Delivery
6409,34781,Credit Card
8943,4450,Credit Card
17187,32541,Credit Card
17573,738,GCash
11431,29468,Credit Card
4859,5239,GCash
21302,5162,Credit Card
17881,48645,Credit Card
19353,42170,GCash
21865,27798,Credit Card
7944,43556,GCash
4045,22570,Credit Card
13140,28794,Credit Card
19941,3121,Cash on Delivery
10737,31814,Credit Card
29493,17218,GCash
20722,1245,GCash
13331,33523,Cash on Delivery
18256,41551,Credit Card
26327,204,Cash on Delivery
10457,30060,Cash on Delivery
23502,15158,GCash
2677,16437,Credit Card
15639,39275,GCash
4546,1024,Credit Card
26182,8479,Cash on Delivery
6377,40611,GCash
346,17471,GCash
6032,6664,Credit Card
15863,47165,GCash
1410,41404,GCash
6331,26623,GCash
5446,39291,GCash
3253,23413,Credit Card
4683,3253,GCash
5368,21472,GCash
21082,38197,Credit Card
24271,11354,Credit Card
6816,6379,Credit Card
24701,49099,Cash on Delivery
3289,10050,Cash on Delivery
7814,27589,Credit Card
15151,2772,Cash on Delivery
15228,49356,GCash
4972,17973,GCash
7588,16275,GCash
13214,24911,GCash
15600,36456,Credit Card
10912,18733,Credit Card
10456,15698,GCash
11173,8154,Cash on Delivery
20785,49621,GCash
25593,13816,GCash
25568,33433,Credit Card
28921,42215,GCash
8445,23494,Credit Card
14860,16054,Credit Card
366,41255,Cash on Delivery
18047,21171,Credit Card
17512,593,Cash on Delivery
21119,33587,Cash on Delivery
19781,30129,Credit Card
18530,36364,Cash on Delivery
7040,15072,GCash
2895,10480,Credit Card
29053,20201,Credit Card
20255,9083,Credit Card
17704,32326,GCash
20097,16616,GCash
29866,2961,GCash
9102,35429,GCash
14546,19540,Cash on Delivery
13412,20772,Credit Card
16883,40466,GCash
7198,27573,Cash on Delivery
27855,41986,Cash on Delivery
20333,48680,Cash on Delivery
25785,43205,GCash
8672,42594,GCash
17962,36457,Credit Card
849,16272,Credit Card
19375,11478,Credit Card
26134,20696,Credit Card
26663,22251,Cash on Delivery
8416,25701,GCash
25436,13462,GCash
3955,39230,GCash
4637,36094,GCash
10724,34427,Cash on Delivery
22907,38587,Credit Card
11135,10429,Cash on Delivery
28276,42921,Cash on Delivery
11195,22312,Cash on Delivery
6233,26947,Cash on Delivery
21730,31787,Cash on Delivery
14257,21874,Cash on Delivery
23787,12634,GCash
23347,21050,Credit Card
24235,41349,Credit Card
20727,45304,GCash
20666,44114,GCash
11945,10548,Cash on Delivery
9258,21897,Credit Card
19612,42587,GCash
1871,40047,Credit Card
28106,25711,Credit Card
13243,8422,GCash
15412,20154,Credit Card
10826,11387,Credit Card
6296,26116,Cash on Delivery
1145,46662,GCash
23753,39849,Cash on Delivery
17028,1389,Credit Card
9945,20433,Cash on Delivery
25885,15364,Cash on Delivery
13874,23025,GCash
3802,31531,GCash
13388,16577,GCash
14919,42778,Credit Card
27129,19755,GCash
17494,24827,Credit Card
13661,18961,Credit Card
26965,40857,GCash
16864,31553,Cash on Delivery
26078,40648,Cash on Delivery
22952,31176,GCash
19126,16882,Credit Card
5095,25896,GCash
13217,20716,GCash
27155,2213,Cash on Delivery
26316,41495,Credit Card
15782,34249,Credit Card
18135,39697,Cash on Delivery
3712,5822,GCash
9311,35629,GCash
23827,4364,Credit Card
5861,22698,Credit Card
5658,11371,Cash on Delivery
18233,24969,Cash on Delivery
29758,12674,GCash
29377,15394,GCash
17821,37113,GCash
22751,41899,Cash on Delivery
9936,21045,Credit Card
16482,26185,Credit Card
7154,34025,Credit Card
3370,3716,GCash
5749,45815,Credit Card
27294,47582,Credit Card
2663,17176,Credit Card
8524,8158,Credit Card
17150,42196,Cash on Delivery
25280,43389,Cash on Delivery
905,23889,Cash on Delivery
28183,7895,Cash on Delivery
21407,33715,Cash on Delivery
29830,5953,Cash on Delivery
26685,41727,Cash on Delivery
28426,15412,Credit Card
23240,20362,GCash
27811,4792,Cash on Delivery
20849,29425,GCash
963,48040,Credit Card
10221,36297,GCash
8482,38324,Credit Card
20214,42673,GCash
1574,42722,Credit Card
19820,17258,GCash
21214,15111,GCash
8892,8825,GCash
14495,2638,Cash on Delivery
1520,33328,GCash
12777,18814,Credit Card
22216,48167,Cash on Delivery
26575,6951,Cash on Delivery
24863,37711,Credit Card
7750,48231,Credit Card
19069,32571,Credit Card
27244,37904,Cash on Delivery
7130,49022,Credit Card
21143,2862,Cash on Delivery
24379,29472,Credit Card
18744,41155,Cash on Delivery
11052,14999,Cash on Delivery
9019,22448,Credit Card
29604,7415,Credit Card
15818,30208,Cash on Delivery
2458,46414,Cash on Delivery
2959,40681,Cash on Delivery
29181,33329,GCash
21609,13743,Cash on Delivery
25961,38013,Credit Card
18659,31143,Cash on Delivery
4418,3981,GCash
9983,19853,Credit Card
9900,12454,Cash on Delivery
4727,22459,Credit Card
11441,48834,Credit Card
22587,49963,Cash on Delivery
25058,31660,Credit Card
11664,40746,Cash on Delivery
4116,41833,Cash on Delivery
24379,33743,Cash on Delivery
27375,16730,GCash
3891,31905,GCash
3372,2408,GCash
16071,4324,Credit Card
25805,30087,Credit Card
6282,7818,GCash
5129,38728,Credit Card
21575,21952,Credit Card
11788,49611,Credit Card
7963,4045,Cash on Delivery
4263,39022,Cash on Delivery
25875,2806,Credit Card
27435,20414,GCash
9349,25734,Cash on Delivery
24586,18346,GCash
29174,30197,GCash
8779,2661,Credit Card
28307,43031,Credit Card
3787,7698,Credit Card
16326,31004,GCash
3216,39633,GCash
27622,19581,GCash
8330,3803,Cash on Delivery
9875,45263,Credit Card
5834,28843,Cash on Delivery
29392,9591,GCash
27728,26872,GCash
4119,4028,Credit Card
24158,21611,Cash on Delivery
22961,29754,GCash
19289,7864,Cash on Delivery
29051,46934,Credit Card
1243,15745,Cash on Delivery
2715,8477,Cash on Delivery
24347,20958,GCash
15281,17568,GCash
8112,2283,Credit Card
5795,34651,Cash on Delivery
12045,3469,Cash on Delivery
4546,13227,Credit Card
16943,25542,Credit Card
7544,40234,GCash
6650,19227,Cash on Delivery
22329,23602,Credit Card
4458,17533,Cash on Delivery
4311,10141,Cash on Delivery
13823,8701,GCash
29543,39323,Cash on Delivery
13608,2344,GCash
25425,41048,Cash on Delivery
6152,16907,GCash
21737,44293,GCash
11976,8651,Cash on Delivery
20848,21094,GCash
17150,41122,GCash
13602,39303,Cash on Delivery
5313,30965,GCash
19423,28880,Credit Card
518,13802,Credit Card
7920,39015,Credit Card
12012,21277,Cash on Delivery
18665,28593,GCash
6609,25876,Credit Card
27372,11959,Credit Card
16222,46864,GCash
7626,49410,GCash
8760,11302,GCash
4608,15205,GCash
3511,49126,GCash
23445,18915,Cash on Delivery
17114,6442,GCash
12415,640,Credit Card
890,49008,GCash
23745,10678,Credit Card
23016,43713,Credit Card
1906,16855,GCash
24071,32811,Cash on Delivery
9039,45179,GCash
22844,31710,GCash
5582,34026,GCash
22490,9857,GCash
17840,48570,Credit Card
6602,24445,Cash on Delivery
10067,23994,Cash on Delivery
21535,1420,Cash on Delivery
5993,33378,Cash on Delivery
15445,23909,Cash on Delivery
12898,2682,Credit Card
14372,11361,Credit Card
1118,44455,Credit Card
4646,24854,GCash
16019,39484,Cash on Delivery
17409,48051,Cash on Delivery
21218,1862,Credit Card
15927,19140,Cash on Delivery
19061,2713,GCash
7451,44568,GCash
13127,38436,Credit Card
3651,18176,Credit Card
24745,9968,Credit Card
945,45990,GCash
19632,18352,Credit Card
17408,47849,Credit Card
6708,41628,GCash
17449,33656,Credit Card
18802,43656,GCash
1165,36190,GCash
10949,7926,Credit Card
24392,28255,Credit Card
14749,23569,Credit Card
22664,43509,GCash
24881,45937,Credit Card
16723,8710,Cash on Delivery
16236,26873,Credit Card
3567,19693,Cash on Delivery
12525,24574,Cash on Delivery
7453,19647,Cash on Delivery
12352,30911,Credit Card
9560,4583,Credit Card
6144,47982,GCash
22145,26760,Cash on Delivery
3084,19379,Cash on Delivery
8043,12127,Cash on Delivery
12603,31656,Credit Card
10115,32785,Credit Card
25170,49843,Credit Card
27112,37663,Credit Card
13787,19052,GCash
12422,759,GCash
15349,28167,Credit Card
914,22253,GCash
12830,24166,Cash on Delivery
19228,9934,GCash
27337,41202,Credit Card
13081,17882,Cash on Delivery
7815,18252,Credit Card
23574,13496,GCash
15348,39821,Credit Card
10223,17330,GCash
14115,3952,Credit Card
4225,44099,Cash on Delivery
16804,10986,Credit Card
25203,27330,Cash on Delivery
20085,4810,Cash on Delivery
15471,30626,Credit Card
25502,24532,GCash
22205,39269,Cash on Delivery
19793,14061,Credit Card
24531,30952,GCash
12611,16770,Credit Card
13644,29416,Cash on Delivery
9031,37113,Credit Card
2334,19568,Credit Card
11293,19141,Credit Card
9945,2425,GCash
9018,4457,Cash on Delivery
8151,38099,Credit Card
5500,47268,GCash
21562,29766,Credit Card
18624,45170,Credit Card
23162,22056,Credit Card
12053,18246,GCash
21195,25120,Cash on Delivery
18675,12921,GCash
13513,2842,GCash
28351,12759,Cash on Delivery
27898,40893,GCash
3980,18739,Cash on Delivery
5043,42542,GCash
21565,41904,GCash
7787,49962,GCash
4947,6284,Credit Card
25241,2302,GCash
12062,10152,Credit Card
17,24267,GCash
2628,33055,GCash
23939,5625,GCash
9298,29962,Cash on Delivery
24560,41344,Credit Card
14777,47271,Credit Card
128,43993,Cash on Delivery
13564,37255,GCash
12944,12517,Credit Card
12058,30137,GCash
28515,46679,GCash
8249,49037,Cash on Delivery
4462,24428,Cash on Delivery
8521,35776,Cash on Delivery
24723,11399,Credit Card
27755,23926,Cash on Delivery
11781,49433,GCash
23560,10098,GCash
27590,33811,GCash
17185,30950,Cash on Delivery
4795,31957,GCash
3061,490,Cash on Delivery
6245,19268,Credit Card
20274,22163,Cash on Delivery
29962,39753,GCash
26961,11609,GCash
2171,33070,Credit Card
8709,17524,Cash on Delivery
25837,6161,Cash on Delivery
9324,6803,Credit Card
14013,18583,Credit Card
1992,38808,Cash on Delivery
6189,41346,GCash
4664,18147,GCash
18184,23804,Cash on Delivery
25902,23471,Credit Card
2986,37009,GCash
7056,11045,GCash
3560,38666,GCash
28590,8981,Cash on Delivery
11956,8182,GCash
2204,27588,Credit Card
19766,6253,Credit Card
23392,33392,GCash
14634,24853,GCash
20954,21819,Cash on Delivery
21163,34504,Credit Card
29586,7440,Cash on Delivery
3214,19622,Cash on Delivery
26289,15428,GCash
29855,3978,GCash
2507,8434,GCash
164,18460,Credit Card
25319,15536,Credit Card
10571,21790,Credit Card
1407,21979,GCash
16866,31668,Cash on Delivery
380,29946,Cash on Delivery
29412,6769,GCash
27954,6414,GCash
9118,20522,Credit Card
10387,21872,Credit Card
3619,27848,Credit Card
92,45467,Credit Card
16022,37359,Credit Card
27227,5202,Cash on Delivery
3285,47785,Credit Card
15542,38815,Credit Card
8171,21458,Cash on Delivery
4823,22784,Cash on Delivery
20158,1375,Cash on Delivery
15961,8292,Cash on Delivery
4347,3484,Cash on Delivery
16685,22491,Credit Card
22439,13739,Credit Card
16601,26234,Credit Card
17503,9950,GCash
15443,48169,Cash on Delivery
2312,31197,Cash on Delivery
15482,43928,Credit Card
11103,49034,Credit Card
29912,28259,Credit Card
17981,49443,GCash
21941,2578,Cash on Delivery
22726,46585,GCash
14679,4339,GCash
14197,39718,GCash
29793,47520,GCash
28009,44193,Cash on Delivery
23619,5099,Cash on Delivery
13311,41906,Credit Card
23066,49570,Credit Card
10397,47950,GCash
14763,37983,GCash
25297,39228,GCash
17317,32478,Cash on Delivery
16089,44116,Cash on Delivery
20527,49546,GCash
1858,41936,GCash
3279,1985,Credit Card
5479,19302,GCash
19162,22407,GCash
3218,31438,GCash
13948,3291,GCash
28575,47428,GCash
22964,16219,GCash
18125,34347,Cash on Delivery
15807,16707,Credit Card
28982,48962,Cash on Delivery
24687,6258,Credit Card
7743,48021,Cash on Delivery
7938,8263,Cash on Delivery
24995,1407,GCash
6356,49953,Cash on Delivery
29295,9694,Cash on Delivery
16163,831,Credit Card
7568,37312,Credit Card
23728,7211,Credit Card
21702,27606,GCash
6534,25882,Credit Card
12473,350,GCash
9264,19734,GCash
23784,31174,GCash
13588,1662,GCash
2298,15553,Credit Card
23472,4227,GCash
27876,49144,GCash
14102,31423,GCash
20130,8121,Cash on Delivery
4438,33149,Credit Card
8713,13368,Cash on Delivery
20308,15931,GCash
12416,11798,Credit Card
10319,32682,GCash
15167,45692,Cash on Delivery
19214,21693,GCash
11596,7884,Cash on Delivery
11311,3210,GCash
29251,16559,Cash on Delivery
5286,42102,Cash on Delivery
7320,36890,Cash on Delivery
26044,1166,Cash on Delivery
21244,20763,Cash on Delivery
4248,18870,GCash
20496,5620,GCash
11886,20706,Credit Card
5176,18503,Cash on Delivery
22493,43439,GCash
22242,45675,Cash on Delivery
21098,22317,Credit Card
17540,37654,Cash on Delivery
16391,49721,Cash on Delivery
10723,25895,Cash on Delivery
12813,43876,Credit Card
19595,32900,Credit Card
6298,29916,Cash on Delivery
27074,7641,Cash on Delivery
20009,30935,Credit Card
22824,45288,Cash on Delivery
13991,21365,Credit Card
25774,28714,Cash on Delivery
17299,15399,Cash on Delivery
2492,7317,GCash
20590,29259,Cash on Delivery
27597,43077,Credit Card
2396,46415,Credit Card
28556,5199,Credit Card
25901,6455,Credit Card
11615,33925,Credit Card
16740,24888,Cash on Delivery
8227,6211,Credit Card
27939,44571,GCash
24587,46074,Credit Card
17297,47260,GCash
29425,25304,Cash on Delivery
16994,16492,Cash on Delivery
21585,1984,Credit Card
6538,32396,GCash
28645,49273,Cash on Delivery
12751,43567,Cash on Delivery
29925,11286,Cash on Delivery
6104,35875,GCash
28438,40533,GCash
11353,28514,Cash on Delivery
10493,24941,Credit Card
28111,3121,Credit Card
22244,21798,Credit Card
3627,15564,GCash
28687,10509,Cash on Delivery
8635,5699,Cash on Delivery
15184,7033,Credit Card
15194,27810,Credit Card
6689,25169,Cash on Delivery
24776,12392,Credit Card
14127,42008,GCash
4079,8092,GCash
25332,16601,Cash on Delivery
12148,44682,Cash on Delivery
16530,6777,GCash
11565,42040,GCash
13852,33742,Credit Card
18625,17230,Cash on Delivery
26102,42117,Cash on Delivery
27564,32959,Cash on Delivery
23259,37576,GCash
23561,47256,Credit Card
28386,45878,Credit Card
16180,35561,Cash on Delivery
5881,19291,Credit Card
13710,49287,Cash on Delivery
1916,22511,GCash
20153,47456,Cash on Delivery
5895,32555,Cash on Delivery
11642,10534,Credit Card
139,8396,GCash
18208,43623,Credit Card
25186,42821,Credit Card
5523,6705,Cash on Delivery
29386,170,Credit Card
24215,12751,GCash
17444,17674,Cash on Delivery
26098,1053,Cash on Delivery
4644,1965,GCash
8577,38517,Credit Card
18325,9397,GCash
29054,37996,GCash
5527,41834,Cash on Delivery
28012,34683,Cash on Delivery
10789,23756,Credit Card
23942,27211,Cash on Delivery
17409,19052,GCash
7862,20549,Cash on Delivery
23483,11930,Cash on Delivery
28600,23155,Credit Card
17980,43042,GCash
27299,6474,Credit Card
12169,28488,Cash on Delivery
24434,35187,Cash on Delivery
2804,17576,GCash
354,35303,Cash on Delivery
17861,21621,Credit Card
5761,47195,Cash on Delivery
8949,7736,Cash on Delivery
22180,12198,Credit Card
29985,15033,Cash on Delivery
16592,39373,Credit Card
10064,38505,Cash on Delivery
15033,3444,GCash
1647,33595,GCash
9485,20629,Cash on Delivery
7677,32943,GCash
14656,24556,Credit Card
9871,14004,Credit Card
15389,40875,Credit Card
29641,29514,Cash on Delivery
27778,29728,Cash on Delivery
14344,30377,GCash
24097,43774,Cash on Delivery
2790,47915,Cash on Delivery
20802,43558,GCash
7383,2295,Credit Card
21185,47607,Credit Card
10828,31029,GCash
13580,48149,Cash on Delivery
18159,1520,Cash on Delivery
15060,23361,Cash on Delivery
7992,6895,GCash
8514,44459,Cash on Delivery
11859,20174,GCash
10552,899,Cash on Delivery
28400,47905,Cash on Delivery
13696,3165,Credit Card
22442,23146,Cash on Delivery
27428,23990,Credit Card
20387,41244,Credit Card
26407,11997,GCash
22581,15385,GCash
7639,40937,Credit Card
23929,8094,Credit Card
28326,20581,Cash on Delivery
20921,15721,GCash
28519,16870,Credit Card
7140,48415,GCash
24590,27736,Credit Card
29076,32194,GCash
3674,41648,Cash on Delivery
25688,36676,Credit Card
21050,43983,GCash
7132,36740,Credit Card
10253,149,Cash on Delivery
14753,1696,Credit Card
12882,22258,Credit Card
16283,3583,Cash on Delivery
9710,41570,GCash
9455,47786,Credit Card
2058,16821,GCash
29038,10671,Credit Card
22078,36671,Cash on Delivery
1169,33152,Cash on Delivery
2459,22075,Credit Card
3698,28590,Credit Card
22735,21793,Credit Card
22850,650,Cash on Delivery
3696,15576,Credit Card
26535,5481,Credit Card
23537,37353,Cash on Delivery
14470,19129,Credit Card
267,38905,GCash
2931,30467,GCash
7481,49260,Cash on Delivery
22458,38395,Cash on Delivery
23573,16117,Cash on Delivery
13772,29560,Cash on Delivery
4974,37662,Cash on Delivery
19650,46728,GCash
11862,33283,Credit Card
28777,41542,GCash
24135,45786,Cash on Delivery
182,2033,Credit Card
4150,25960,GCash
15536,11678,GCash
15621,5097,GCash
1861,26335,Cash on Delivery
19163,22497,GCash
18731,10078,GCash
26251,43666,Cash on Delivery
4485,40660,GCash
12366,7725,GCash
17646,38628,Credit Card
25449,2235,Credit Card
26099,2800,GCash
22332,33047,GCash
17874,45029,GCash
12719,38655,Cash on Delivery
2918,32516,Credit Card
22611,42112,GCash
28132,26147,Credit Card
18069,24774,Credit Card
23076,41802,GCash
15872,8046,GCash
29747,14202,Credit Card
17905,37158,GCash
4598,20957,GCash
5076,26180,Cash on Delivery
28624,21336,Credit Card
3086,1531,Credit Card
3501,13748,GCash
26304,877,GCash
5844,603,Cash on Delivery
19486,30655,GCash
13296,19946,Credit Card
10330,27974,Credit Card
26638,23300,Cash on Delivery
24397,6083,Cash on Delivery
29259,10767,Cash on Delivery
909,7210,Cash on Delivery
14251,13647,Cash on Delivery
25531,15232,Cash on Delivery
25703,33011,GCash
11774,36560,Credit Card
20031,38103,Credit Card
21957,27546,GCash
8060,34298,GCash
21321,42439,GCash
20113,10724,Cash on Delivery
29098,12237,Cash on Delivery
8777,36383,Cash on Delivery
15561,26581,Credit Card
12662,16063,GCash
1721,24556,GCash
15391,26723,GCash
6410,32950,Credit Card
10425,29517,Cash on Delivery
25667,9322,GCash
8161,19696,Cash on Delivery
7884,10600,Cash on Delivery
11364,30175,Credit Card
8221,36437,Cash on Delivery
4267,2681,GCash
597,12834,GCash
17121,2643,Cash on Delivery
24157,33561,Cash on Delivery
4331,17936,GCash
17266,11758,Cash on Delivery
27833,12636,Cash on Delivery
14817,18642,Credit Card
21965,15753,Cash on Delivery
28969,11253,GCash
10867,28463,Cash on Delivery
21268,5968,Credit Card
20794,22448,Credit Card
29318,354,Credit Card
20168,45754,Cash on Delivery
19114,15777,GCash
18777,42884,Cash on Delivery
27240,37239,Credit Card
23799,41645,Credit Card
28567,21455,Credit Card
4227,49855,Credit Card
8838,9179,Credit Card
28636,28191,GCash
10427,2497,GCash
22913,23537,Credit Card
17562,31077,Cash on Delivery
15024,33365,GCash
14526,31323,Credit Card
19759,22026,Cash on Delivery
28757,4980,GCash
491,27428,Cash on Delivery
5345,6767,Credit Card
20519,12287,Credit Card
20835,520,Credit Card
27432,19093,Cash on Delivery
6468,48932,Credit Card
29057,6227,Cash on Delivery
6359,15583,Cash on Delivery
19321,27120,Cash on Delivery
6214,41133,GCash
28690,2115,GCash
12141,31657,GCash
20681,18376,Cash on Delivery
28558,14920,Credit Card
27951,37071,Cash on Delivery
18748,27742,Credit Card
8319,24369,GCash
18285,36092,Cash on Delivery
29480,42439,Cash on Delivery
5014,48588,Cash on Delivery
14086,516,Cash on Delivery
5906,49895,Credit Card
8954,44645,Cash on Delivery
3825,26148,Cash on Delivery
29237,35024,Cash on Delivery
13626,12669,GCash
22785,47963,Credit Card
23034,42565,GCash
9660,7906,GCash
20242,30441,Credit Card
19730,45794,GCash
26491,11325,Cash on Delivery
22608,36550,GCash
14307,10823,Credit Card
17233,25721,Cash on Delivery
25238,26587,GCash
16531,16553,Cash on Delivery
5690,45504,Cash on Delivery
18172,32116,Cash on Delivery
16408,39667,Cash on Delivery
21120,7482,Cash on Delivery
7891,41720,Credit Card
23741,19968,GCash
13036,33955,Cash on Delivery
2473,2798,Cash on Delivery
205,31608,Credit Card
14171,41434,Credit Card
4857,28216,Credit Card
21431,22807,Credit Card
2340,42395,Cash on Delivery
3347,17623,Cash on Delivery
4754,32123,Cash on Delivery
10658,42750,Credit Card
14759,39060,GCash
8489,6593,Cash on Delivery
5720,46797,GCash
564,15081,Cash on Delivery
23413,17509,GCash
2262,2389,Credit Card
5072,11057,Cash on Delivery
1856,36391,Cash on Delivery
2174,32576,GCash
21489,26906,GCash
14630,34118,GCash
18602,5931,Cash on Delivery
12609,11738,Credit Card
16427,15237,Credit Card
19075,35068,Credit Card
338,21756,Credit Card
6812,23510,Credit Card
15299,3289,Cash on Delivery
22462,14651,GCash
5102,49788,Cash on Delivery
14027,36820,Credit Card
19630,355,Cash on Delivery
29046,46693,Credit Card
16802,16530,Cash on Delivery
11965,42089,Cash on Delivery
7127,34608,Credit Card
9930,4231,Cash on Delivery
26174,34566,Cash on Delivery
2639,1085,Credit Card
22302,36759,Cash on Delivery
3603,2263,Credit Card
27209,47505,GCash
12992,49827,Cash on Delivery
8127,48459,Credit Card
17323,27658,Credit Card
428,31222,GCash
27760,3712,Cash on Delivery
23496,38002,GCash
5216,9168,Cash on Delivery
12860,37911,GCash
26820,34223,Credit Card
12339,46216,Cash on Delivery
25030,18721,Credit Card
12445,20830,Credit Card
16799,19613,Credit Card
5543,41014,Credit Card
25029,18386,Cash on Delivery
18066,39542,Cash on Delivery
3257,27677,GCash
9210,36698,Credit Card
13079,24019,GCash
27179,39192,GCash
20806,37207,Cash on Delivery
29340,10860,Cash on Delivery
10613,13896,GCash
15771,41269,Cash on Delivery
15109,33220,GCash
642,16886,GCash
3888,32684,Credit Card
27308,9308,Cash on Delivery
7644,1884,Credit Card
22705,35546,Cash on Delivery
13039,376,Credit Card
26750,15485,Credit Card
2835,49233,Cash on Delivery
13773,20545,Credit Card
11681,3716,Cash on Delivery
25644,14107,GCash
11864,31080,Credit Card
11554,41856,Credit Card
368,426,Cash on Delivery
7865,11094,GCash
16229,35533,Credit Card
699,5628,Credit Card
656,11575,GCash
11248,16534,Credit Card
9031,21967,Credit Card
21650,49752,Credit Card
19681,17366,Credit Card
16561,22232,GCash
26373,45780,Credit Card
11659,39792,Cash on Delivery
26096,48665,Cash on Delivery
27324,41212,GCash
17443,41183,Credit Card
15379,46924,Cash on Delivery
1903,27891,Credit Card
12344,15719,Credit Card
24769,19014,Cash on Delivery
2796,33942,Credit Card
883,24916,GCash
22459,28305,GCash
11317,22007,Credit Card
18570,46206,Cash on Delivery
7360,48593,Cash on Delivery
607,47629,GCash
16860,27532,Cash on Delivery
1232,35512,GCash
1481,34513,GCash
21257,34661,Cash on Delivery
23177,27456,Credit Card
21109,42479,Cash on Delivery
9563,40963,GCash
22092,4809,Credit Card
27330,3244,GCash
16382,31110,Cash on Delivery
18973,11841,Cash on Delivery
13190,7827,Credit Card
8442,18141,GCash
13088,35373,GCash
29119,19334,GCash
19920,1196,GCash
17819,48721,Cash on Delivery
18644,5586,GCash
6652,24213,Cash on Delivery
11412,27693,Credit Card
11488,41787,Credit Card
6447,23705,GCash
25221,21153,GCash
4932,26988,Credit Card
18764,36124,Credit Card
7013,2786,Credit Card
9297,32911,GCash
11881,7059,GCash
9818,43375,Cash on Delivery
14819,337,Credit Card
21120,27272,Cash on Delivery
3353,13334,Credit Card
25530,27022,Cash on Delivery
2815,5955,Credit Card
9817,38888,Cash on Delivery
14947,3234,Credit Card
4508,35683,Cash on Delivery
15272,47919,Credit Card
8132,3150,GCash
26610,38517,Credit Card
21413,38158,Cash on Delivery
21842,8958,Credit Card
17121,6651,Credit Card
9331,36519,Credit Card
26426,2391,Cash on Delivery
7779,11034,Cash on Delivery
18309,36140,GCash
8152,36346,Credit Card
12870,3140,Cash on Delivery
29001,6337,Credit Card
4691,19149,Credit Card
24141,9466,Credit Card
22840,35723,GCash
12843,30281,Cash on Delivery
6677,8889,Credit Card
28819,25546,GCash
13277,16376,Cash on Delivery
26012,48965,Cash on Delivery
2059,19376,GCash
5869,33124,Cash on Delivery
7990,9573,GCash
21852,10650,Cash on Delivery
522,15222,Credit Card
16843,37693,Credit Card
18392,20713,Credit Card
5143,8367,Cash on Delivery
10682,22416,Cash on Delivery
19792,41303,Credit Card
20280,6996,Cash on Delivery
1481,2057,Cash on Delivery
27046,8432,Credit Card
11187,23956,GCash
10832,29727,Cash on Delivery
19898,9392,Cash on Delivery
21150,35405,GCash
13384,43579,Cash on Delivery
17184,47553,Cash on Delivery
13336,6876,GCash
4153,22735,GCash
8387,42166,Cash on Delivery
436,45409,Cash on Delivery
4022,35358,Cash on Delivery
17010,41241,GCash
8747,29518,Credit Card
19372,23185,Cash on Delivery
18809,40261,GCash
23989,1329,GCash
12485,30081,GCash
29974,34460,Credit Card
19192,19370,Cash on Delivery
18275,38798,Cash on Delivery
29090,10792,Credit Card
1057,25596,Credit Card
12796,45623,GCash
327,36961,Cash on Delivery
987,14878,Credit Card
9966,25688,GCash
28998,14240,GCash
11090,28544,Cash on Delivery
804,12402,GCash
20163,19091,Cash on Delivery
15873,44076,GCash
5351,40646,Credit Card
950,34598,Cash on Delivery
28131,4960,Cash on Delivery
23599,34925,Cash on Delivery
26095,1998,Credit Card
10129,14919,Cash on Delivery
4623,18200,Credit Card
10828,5171,GCash
16279,44572,Cash on Delivery
24285,28568,GCash
27136,18262,Credit Card
23344,45939,GCash
21425,47705,GCash
2992,21544,Cash on Delivery
17156,25971,Credit Card
22428,48973,Cash on Delivery
13536,33168,GCash
21684,44268,GCash
21200,31744,Credit Card
26462,24906,Cash on Delivery
28248,45478,Cash on Delivery
17682,42981,Cash on Delivery
24612,35043,Credit Card
11647,26610,GCash
18330,22064,GCash
11528,45320,Cash on Delivery
10299,30501,GCash
18597,41214,GCash
5549,24284,Cash on Delivery
3272,363,GCash
13198,42491,Cash on Delivery
24979,43644,GCash
13488,17269,Cash on Delivery
13223,7019,GCash
21309,26390,Cash on Delivery
8891,19848,GCash
10066,4981,GCash
7685,20670,Credit Card
24201,23640,Credit Card
3442,43062,GCash
3262,21281,GCash
15172,437,GCash
28588,13731,Cash on Delivery
1104,47623,Credit Card
16500,14860,GCash
23376,21972,Credit Card
7406,45671,Cash on Delivery
6601,11017,Cash on Delivery
7524,1589,Cash on Delivery
21804,12530,Cash on Delivery
9541,23442,GCash
12114,9087,GCash
26309,22544,Credit Card
17938,44407,Cash on Delivery
19406,18573,Cash on Delivery
7037,38534,Credit Card
4816,45075,Cash on Delivery
14373,33912,Cash on Delivery
7708,41208,GCash
6836,21724,Credit Card
5280,37468,Cash on Delivery
12178,24210,Credit Card
26387,25641,Credit Card
1973,20452,Cash on Delivery
12136,10590,Cash on Delivery
11303,42802,Credit Card
28061,997,Credit Card
7433,39572,GCash
26642,27134,GCash
11369,47734,GCash
7846,45924,Credit Card
27646,6303,Credit Card
12616,18411,Credit Card
3342,30925,GCash
14328,1873,Credit Card
19516,34029,GCash
21843,30410,Cash on Delivery
17484,41679,Credit Card
16360,10382,Credit Card
27653,7485,Credit Card
382,17029,GCash
584,2803,GCash
17296,44323,Cash on Delivery
12678,48537,Cash on Delivery
26696,7916,Cash on Delivery
12591,26849,Cash on Delivery
19648,46894,Credit Card
8677,36796,Credit Card
1321,42247,Cash on Delivery
2985,11371,Credit Card
17210,2640,GCash
13617,34883,GCash
25278,33006,Cash on Delivery
13587,40299,GCash
13389,48129,Credit Card
28212,49626,Cash on Delivery
27425,14387,Credit Card
3935,38211,Credit Card
7188,17355,GCash
15696,20190,Credit Card
5220,26383,GCash
27066,6798,Credit Card
27054,14718,Credit Card
4960,26937,Credit Card
903,6073,GCash
1961,47096,GCash
19395,44583,Cash on Delivery
3654,21040,Cash on Delivery
12917,2410,Cash on Delivery
21454,7463,Credit Card
23991,29703,GCash
24964,26998,Cash on Delivery
5918,20750,Credit Card
25306,7999,GCash
25872,49477,Credit Card
7347,8298,Cash on Delivery
25137,18770,Credit Card
29466,24994,GCash
29014,16495,GCash
12408,38603,Credit Card
3992,33933,Credit Card
9943,553,Cash on Delivery
20478,11495,Cash on Delivery
17220,42905,Cash on Delivery
5785,22969,Credit Card
29654,49388,GCash
27531,28793,GCash
25844,3147,Cash on Delivery
368,25399,GCash
314,4340,Cash on Delivery
2117,26329,GCash
3976,17687,Cash on Delivery
16959,9589,Cash on Delivery
12026,266,Cash on Delivery
386,18772,GCash
17978,42333,GCash
27203,13741,Credit Card
28986,44772,GCash
19106,20847,GCash
1776,44855,GCash
11578,21805,GCash
20171,21936,GCash
25320,11896,GCash
10109,40798,GCash
6476,40432,Cash on Delivery
17828,46005,GCash
7717,13354,Cash on Delivery
22631,49278,Cash on Delivery
14887,12127,GCash
4416,20102,Credit Card
20766,47579,Credit Card
10971,8786,Cash on Delivery
4511,23262,Cash on Delivery
16309,8483,GCash
16313,44801,Credit Card
3193,14752,Credit Card
26805,2427,GCash
18287,8330,Cash on Delivery
12376,10506,Credit Card
28029,21979,Cash on Delivery
17865,13099,Cash on Delivery
7828,21476,Cash on Delivery
17198,15827,GCash
12827,21352,Cash on Delivery
3164,26322,GCash
19481,7988,GCash
26385,47563,Cash on Delivery
22712,43504,Credit Card
1226,43159,GCash
13788,17476,Credit Card
29992,32512,Credit Card
6934,40541,Cash on Delivery
23397,38775,Credit Card
22421,27841,GCash
27289,26371,Credit Card
1068,10034,GCash
24659,16614,Cash on Delivery
5948,35722,Credit Card
11193,37686,Cash on Delivery
6439,48502,Credit Card
24833,45370,Cash on Delivery
13592,2184,Credit Card
6699,30174,Credit Card
17913,31767,GCash
27958,12353,Cash on Delivery
24348,48014,Cash on Delivery
14686,47520,Cash on Delivery
21153,26287,GCash
2365,18683,Credit Card
26507,31427,GCash
5536,28038,GCash
12107,16454,GCash
28631,46356,GCash
29377,21052,Cash on Delivery
25344,35559,GCash
17898,18522,Credit Card
23777,39473,GCash
8559,10670,Cash on Delivery
5868,41322,Cash on Delivery
2576,18949,GCash
4572,43166,Credit Card
28441,34094,Credit Card
27369,21313,GCash
20588,19287,GCash
27417,2266,Credit Card
13831,28240,Credit Card
5707,24098,Credit Card
15840,21385,Cash on Delivery
7261,23868,Cash on Delivery
20868,5848,Credit Card
21658,43149,Cash on Delivery
7727,24283,Cash on Delivery
28901,49073,Credit Card
6153,28307,Credit Card
28168,23661,GCash
25434,13415,GCash
15739,35381,Credit Card
26459,24511,Cash on Delivery
26316,45281,Credit Card
2790,47006,Credit Card
20634,32825,Credit Card
5997,35195,Credit Card
10149,44571,GCash
20320,34662,Cash on Delivery
6840,15366,Credit Card
23720,11635,Credit Card
8866,3164,GCash
9613,3136,Cash on Delivery
28936,17616,GCash
18634,23851,GCash
9650,3810,Cash on Delivery
8530,18505,Credit Card
23722,34693,Cash on Delivery
6730,33232,Cash on Delivery
26082,3562,Credit Card
1314,4799,Cash on Delivery
6021,13318,Credit Card
19431,3822,GCash
24278,26809,GCash
3863,8658,Cash on Delivery
28936,2891,Credit Card
17972,9105,Credit Card
2243,27491,Cash on Delivery
20362,23374,Cash on Delivery
19886,43742,Cash on Delivery
21251,33218,Credit Card
12719,25804,GCash
16447,28042,Cash on Delivery
18438,19233,GCash
4545,16311,GCash
11692,13473,Credit Card
14381,32054,Credit Card
8548,39737,GCash
16774,26104,Cash on Delivery
29287,45475,GCash
6577,3505,Cash on Delivery
5340,36327,Credit Card
12793,14499,Cash on Delivery
2841,48030,Cash on Delivery
10611,26517,Credit Card
22329,1314,Cash on Delivery
12496,13027,GCash
21666,2190,GCash
465,2248,Cash on Delivery
18780,20974,GCash
7194,14675,Cash on Delivery
28092,5833,Credit Card
5714,28138,Credit Card
26128,836,Credit Card
5649,14934,Cash on Delivery
22559,21869,Cash on Delivery
3230,48044,Credit Card
12115,24326,Cash on Delivery
4746,10139,Credit Card
27058,29759,Credit Card
23856,24524,Cash on Delivery
11109,48432,Credit Card
29409,19364,GCash
10628,25056,Cash on Delivery
15522,20168,GCash
8487,3946,GCash
9890,2039,Cash on Delivery
2345,27899,GCash
17895,12170,Credit Card
18619,8338,Cash on Delivery
6117,35568,Credit Card
3069,12309,Cash on Delivery
13967,14021,Credit Card
29026,12578,GCash
7482,9089,Credit Card
8775,12836,Cash on Delivery
16730,22370,Credit Card
21531,16347,GCash
21990,2667,GCash
16612,42987,Credit Card
23808,24401,GCash
4378,38830,Cash on Delivery
23358,32686,Credit Card
335,23882,Credit Card
14374,45306,Credit Card
18632,42103,GCash
20825,7172,Credit Card
2728,30664,GCash
15028,39537,Cash on Delivery
24524,21073,Cash on Delivery
25659,17126,Credit Card
2574,8108,Cash on Delivery
19184,23620,Credit Card
9237,1912,GCash
9669,30143,Cash on Delivery
27284,37707,Credit Card
23895,19472,Cash on Delivery
8124,13012,Cash on Delivery
3976,22095,Credit Card
18826,20690,Cash on Delivery
1653,49561,Credit Card
20729,23599,Cash on Delivery
10254,3323,Cash on Delivery
6041,42693,Cash on Delivery
26774,49135,Cash on Delivery
27349,39766,Credit Card
14133,20879,GCash
11549,37257,Credit Card
10791,43994,Cash on Delivery
16824,6231,Credit Card
19662,49722,GCash
6744,22746,Cash on Delivery
13434,6375,Credit Card
23510,16728,GCash
5218,24081,Cash on Delivery
27496,18278,Cash on Delivery
18919,28564,GCash
12966,3071,GCash
28731,201,GCash
5170,46298,Credit Card
23110,8947,Credit Card
27049,15799,GCash
12399,3142,GCash
6406,22739,Cash on Delivery
28330,42413,Credit Card
9520,39192,GCash
25247,1477,Cash on Delivery
14668,21724,GCash
7471,1265,Cash on Delivery
17136,43860,GCash
20872,32804,Credit Card
27402,13794,Credit Card
5204,45984,Credit Card
25571,43471,Cash on Delivery
19319,36207,Credit Card
12999,40080,Cash on Delivery
14577,19918,GCash
20125,13046,Credit Card
2440,12425,Credit Card
14865,44673,Credit Card
16509,155,Credit Card
17136,15498,Cash on Delivery
23974,767,Credit Card
22680,6406,GCash
29726,40122,GCash
23505,20138,Credit Card
1203,36520,GCash
9491,43351,Cash on Delivery
9356,2666,Credit Card
28313,38328,GCash
22943,35689,Cash on Delivery
6089,1516,Credit Card
20455,6763,GCash
11194,35419,GCash
24070,22979,GCash
14579,28674,Credit Card
1254,32949,Cash on Delivery
5822,11115,Cash on Delivery
1744,14482,Cash on Delivery
15812,33810,GCash
2785,20489,Cash on Delivery
25672,13226,Cash on Delivery
19849,38466,GCash
16555,47530,GCash
5696,23426,GCash
15016,25450,GCash
29224,7286,Credit Card
6831,8664,Credit Card
22779,12115,Credit Card
26097,1241,Cash on Delivery
23103,33746,Credit Card
28613,16098,Cash on Delivery
6641,19642,GCash
463,43770,GCash
12209,31276,Credit Card
1478,29155,GCash
6624,31634,Credit Card
289,36308,GCash
14275,5343,GCash
27199,17036,GCash
29890,28443,GCash
1555,47843,Cash on Delivery
16256,38839,GCash
12009,37431,Cash on Delivery
2258,44359,Cash on Delivery
12580,383,Cash on Delivery
20227,10456,Credit Card
10811,36207,GCash
25071,10329,Credit Card
7038,16957,Cash on Delivery
13440,47181,Credit Card
13947,29198,GCash
9735,36363,Credit Card
264,36113,Cash on Delivery
26358,26874,Cash on Delivery
11042,6105,Cash on Delivery
29588,27234,Credit Card
23825,19931,GCash
10575,5055,GCash
14452,13841,Cash on Delivery
10285,22222,Cash on Delivery
29656,46378,GCash
3279,45414,Credit Card
2314,29639,GCash
18942,17475,Credit Card
3923,2337,GCash
21941,26203,Cash on Delivery
7652,24549,GCash
11230,10153,Cash on Delivery
985,11777,Cash on Delivery
19949,2902,Credit Card
28056,42040,GCash
3553,29934,GCash
25438,16124,Cash on Delivery
1562,25650,Cash on Delivery
19970,18948,Cash on Delivery
5317,44478,GCash
9091,37749,Credit Card
26123,44120,Cash on Delivery
2379,42949,GCash
5299,4899,Cash on Delivery
22992,19586,Credit Card
23174,12283,Cash on Delivery
8203,20436,Credit Card
19396,2855,Credit Card
4789,11543,Cash on Delivery
22141,29047,GCash
12307,13577,Cash on Delivery
19378,10266,GCash
12307,44015,GCash
8937,19928,Cash on Delivery
9272,13130,Credit Card
28417,35901,Cash on Delivery
27668,7474,GCash
17343,15024,Credit Card
10333,20925,GCash
16755,9824,Credit Card
5936,24672,GCash
24631,8174,Cash on Delivery
24416,10015,GCash
1893,43210,Credit Card
419,48930,Credit Card
1748,45143,Credit Card
29906,29869,Cash on Delivery
20482,44397,GCash
8283,7540,GCash
5545,34815,GCash
8404,44530,GCash
25581,39295,GCash
14978,10635,GCash
10067,49125,Cash on Delivery
27705,24221,GCash
6994,47167,GCash
12288,32895,Credit Card
14170,49394,GCash
4906,42153,Credit Card
6952,37397,Credit Card
23729,3589,Credit Card
3478,49284,Credit Card
18665,44532,Cash on Delivery
9486,33260,GCash
16361,48651,GCash
22784,13005,Credit Card
7366,39895,Cash on Delivery
27696,4187,Cash on Delivery
11360,43785,Cash on Delivery
10471,27876,GCash
9832,35125,GCash
21270,11957,Credit Card
26660,38091,GCash
22022,7158,Cash on Delivery
16779,5182,GCash
11801,2280,Credit Card
2022,5645,Credit Card
1055,35503,GCash
16559,37098,GCash
17481,28079,GCash
12495,17138,GCash
7047,18502,GCash
16078,14140,Cash on Delivery
519,23482,Cash on Delivery
15938,21735,Credit Card
23299,15130,Credit Card
29890,7690,Cash on Delivery
16126,25894,GCash
15151,16018,Cash on Delivery
1437,12646,Credit Card
19398,43319,Cash on Delivery
12566,9299,Credit Card
21633,346,Credit Card
15810,7318,GCash
3649,26369,Credit Card
24013,46130,Credit Card
12569,39344,Cash on Delivery
27002,14160,Cash on Delivery
3267,38148,GCash
3329,38237,GCash
23272,31771,GCash
6155,21576,Credit Card
1132,21770,GCash
27182,47951,Cash on Delivery
27818,14790,Cash on Delivery
14826,35000,Cash on Delivery
9690,40258,Cash on Delivery
21215,34107,GCash
21489,2137,GCash
26339,8712,GCash
22460,1402,Credit Card
1429,14914,GCash
14396,16885,GCash
4995,30735,Credit Card
14244,6208,Cash on Delivery
8712,44914,Cash on Delivery
10040,10369,Cash on Delivery
24086,33835,GCash
3131,31490,GCash
6419,48475,GCash
64,35420,GCash
10598,37971,Cash on Delivery
29454,3464,GCash
13453,26976,GCash
13104,38405,Cash on Delivery
24256,44998,GCash
8337,28818,Cash on Delivery
20151,2605,Credit Card
7009,24373,GCash
6811,12397,Credit Card
10803,16770,GCash
6226,40746,GCash
17194,45433,GCash
1319,1852,Cash on Delivery
25511,2389,Credit Card
7694,7952,GCash
22891,18033,Credit Card
6867,38124,GCash
7690,38349,Cash on Delivery
8918,46911,GCash
4638,32873,Credit Card
28718,6178,Cash on Delivery
11703,4758,GCash
16206,43724,GCash
8993,42757,Credit Card
11474,48669,GCash
18056,45994,Credit Card
16079,26587,GCash
18227,38786,GCash
12834,17430,GCash
1342,44371,Cash on Delivery
18316,6915,Credit Card
22988,31624,Cash on Delivery
16373,14019,Cash on Delivery
8336,48522,Credit Card
13368,9852,Credit Card
5011,30983,GCash
26935,45301,Credit Card
23144,5043,Credit Card
11734,37327,GCash
22816,42601,Credit Card
25821,1378,Credit Card
23245,19018,Cash on Delivery
2524,37807,Credit Card
18382,44532,Credit Card
641,8954,GCash
4435,11147,Credit Card
8898,31377,GCash
297,35571,GCash
6452,19034,Cash on Delivery
24148,32814,Cash on Delivery
25227,14103,GCash
29700,4639,Cash on Delivery
6337,2251,Credit Card
18147,11900,Credit Card
24432,41766,Credit Card
27979,11623,Cash on Delivery
21149,11655,GCash
23495,4526,GCash
4921,43570,Credit Card
17717,2626,Cash on Delivery
23291,7579,Cash on Delivery
15088,28440,GCash
8897,46641,Credit Card
15513,27335,Cash on Delivery
21659,26555,Cash on Delivery
24978,45547,Credit Card
9672,30252,GCash
6890,35275,Cash on Delivery
19265,26957,Credit Card
4469,8302,Cash on Delivery
18061,49539,Cash on Delivery
7868,22983,Credit Card
3985,8325,Credit Card
12546,44414,GCash
24179,16012,Cash on Delivery
21007,17872,GCash
24902,32120,Credit Card
24685,45810,Cash on Delivery
12964,2170,Credit Card
3872,27664,GCash
26835,38948,Cash on Delivery
20273,24965,Credit Card
18206,43247,GCash
25508,22808,GCash
17220,20639,Credit Card
5880,11779,GCash
24157,29787,GCash
26344,20661,Credit Card
11520,1834,Cash on Delivery
19236,1482,Cash on Delivery
28227,26420,Credit Card
11463,6147,Cash on Delivery
19303,31948,GCash
16795,2038,Credit Card
27687,31400,Cash on Delivery
24070,8990,GCash
24720,9857,Credit Card
5318,14211,GCash
1045,3321,GCash
3006,39521,GCash
14475,30510,Credit Card
7334,8418,Cash on Delivery
14031,31784,Credit Card
18282,15914,GCash
4076,42458,Cash on Delivery
10333,26669,Cash on Delivery
13217,2485,GCash
25061,292,Cash on Delivery
19654,35123,Cash on Delivery
2091,14690,Cash on Delivery
27735,34782,GCash
2701,19366,Cash on Delivery
23109,19486,Cash on Delivery
5288,49150,Cash on Delivery
11981,23364,Cash on Delivery
18707,4978,Credit Card
9496,17916,Credit Card
8756,21654,Credit Card
15785,39291,Cash on Delivery
14744,7951,Credit Card
21952,4750,GCash
26099,21768,Cash on Delivery
24384,41130,GCash
27722,49532,Credit Card
21058,39687,Cash on Delivery
8465,16843,Credit Card
27891,48955,Cash on Delivery
22900,36266,Credit Card
22028,7075,Credit Card
28444,3118,Credit Card
7944,30845,Credit Card
18651,44881,Cash on Delivery
4597,18112,GCash
10661,14585,Cash on Delivery
22532,5638,Cash on Delivery
8224,24626,Cash on Delivery
385,10024,Credit Card
20725,20971,Credit Card
29342,43344,Cash on Delivery
10913,46775,Credit Card
7481,32858,Cash on Delivery
16717,34048,Credit Card
28586,17638,GCash
4818,25843,GCash
18226,25894,Cash on Delivery
7619,36926,Credit Card
1034,2626,Cash on Delivery
17054,29390,Cash on Delivery
25159,5388,Cash on Delivery
3086,39099,Cash on Delivery
19527,27110,Cash on Delivery
21343,34491,Credit Card
28713,21456,Credit Card
9528,48804,Credit Card
3836,27358,Credit Card
1380,35239,Cash on Delivery
22968,36151,Credit Card
16662,33404,GCash
10252,37457,Cash on Delivery
11327,44898,Credit Card
8812,13159,Credit Card
15212,10079,GCash
8038,31288,Credit Card
3124,41066,Cash on Delivery
385,7263,GCash
26097,4540,Cash on Delivery
19891,48553,Cash on Delivery
13677,41877,Credit Card
20696,27281,GCash
515,23811,Cash on Delivery
14958,38396,Credit Card
2307,39175,Credit Card
9140,29003,Cash on Delivery
9086,48353,GCash
15550,10150,GCash
10298,13363,GCash
7472,39809,Credit Card
18614,43215,Credit Card
17071,22293,Cash on Delivery
3196,2125,GCash
954,825,GCash
19078,3603,GCash
15427,8962,GCash
22673,28574,GCash
5941,22312,GCash
50,41055,GCash
19174,36288,GCash
8987,5127,Credit Card
12989,35018,Credit Card
5303,9605,GCash
2806,35693,Credit Card
22421,3117,GCash
18432,38115,Credit Card
17641,5534,GCash
10608,15006,Credit Card
5036,9433,Credit Card
9020,31020,GCash
17593,24215,GCash
26974,49818,GCash
27236,10017,Credit Card
17565,7593,GCash
22085,37827,Credit Card
21832,12741,Credit Card
9649,10931,GCash
17233,21040,Credit Card
28036,41739,GCash
837,4646,Cash on Delivery
21363,27429,Cash on Delivery
29068,26549,Cash on Delivery
10540,30776,GCash
24860,14556,Cash on Delivery
2874,45237,GCash
6373,13406,Cash on Delivery
6784,22844,Credit Card
9152,28483,Cash on Delivery
26478,38133,Cash on Delivery
24371,5652,Credit Card
5807,42185,GCash
23796,36575,Cash on Delivery
13074,48490,GCash
16773,33087,Credit Card
474,23727,Credit Card
20626,38167,Cash on Delivery
8072,9959,GCash
25563,43802,Cash on Delivery
11373,28933,Credit Card
1304,16531,Credit Card
19616,27529,Cash on Delivery
2551,29572,Cash on Delivery
16668,21058,Credit Card
1610,31759,Credit Card
25370,9823,GCash
11593,38328,Credit Card
4156,39499,Credit Card
4130,40648,Credit Card
19749,25772,Cash on Delivery
8813,18239,Cash on Delivery
14591,1029,GCash
15111,49053,Cash on Delivery
16199,44732,GCash
3683,3509,Cash on Delivery
25834,18347,Cash on Delivery
9035,5160,Cash on Delivery
26840,14593,Credit Card
9624,44316,Cash on Delivery
12756,39242,Credit Card
9837,8860,GCash
1407,11327,GCash
10494,27978,GCash
12606,31735,Cash on Delivery
26161,32425,GCash
27534,36700,Cash on Delivery
20702,9172,Credit Card
22958,41525,Credit Card
14817,31628,Cash on Delivery
7034,45205,GCash
14232,42570,Cash on Delivery
16574,30973,Credit Card
1051,4757,GCash
6219,17869,Cash on Delivery
15274,8412,GCash
27239,8143,Cash on Delivery
1656,12028,GCash
3129,4544,Cash on Delivery
18724,38867,Cash on Delivery
4199,47767,Cash on Delivery
8193,9510,GCash
19047,7905,Cash on Delivery
4014,9465,Cash on Delivery
10428,15108,GCash
16091,20990,Credit Card
8776,32157,Cash on Delivery
13029,18032,Cash on Delivery
4575,5876,Credit Card
24418,29429,GCash
17618,43146,GCash
19943,22379,Credit Card
23485,3234,GCash
5380,26671,Credit Card
5105,45149,Credit Card
29362,34374,Cash on Delivery
13500,19714,GCash
2814,24791,GCash
18238,49778,Cash on Delivery
4449,47182,Cash on Delivery
20758,35975,GCash
15186,41053,Cash on Delivery
4651,42223,GCash
27677,10347,Cash on Delivery
26525,22960,Credit Card
26696,23225,Credit Card
24313,40028,GCash
6098,22678,GCash
4802,11997,Credit Card
15216,10995,Cash on Delivery
15298,10982,GCash
5869,28521,GCash
29766,39191,GCash
8283,4954,GCash
17480,17043,Cash on Delivery
21110,25678,Cash on Delivery
26431,6920,Cash on Delivery
14509,21587,Cash on Delivery
28406,46957,Cash on Delivery
25794,16619,Credit Card
1358,12330,Cash on Delivery
2702,12276,GCash
9335,9896,Cash on Delivery
1778,42985,GCash
8512,29053,Cash on Delivery
7573,25745,Credit Card
8580,16272,Cash on Delivery
8686,46312,Cash on Delivery
19442,16220,Cash on Delivery
20709,36954,Cash on Delivery
20621,6603,GCash
26448,12305,Credit Card
7976,49391,Credit Card
14686,6625,GCash
15241,30653,GCash
24611,40030,Cash on Delivery
25737,26646,Credit Card
3006,31736,Credit Card
12890,6820,Cash on Delivery
13888,43029,Credit Card
20939,10912,GCash
7898,8570,Credit Card
29703,13358,Credit Card
21992,44164,Cash on Delivery
22656,31266,Cash on Delivery
24250,34164,Credit Card
16857,43939,GCash
1416,42203,Credit Card
23533,1082,GCash
17050,36788,GCash
908,18119,Credit Card
25725,20675,Cash on Delivery
26995,46904,Cash on Delivery
12482,5372,Cash on Delivery
15940,27762,Credit Card
9887,12904,Cash on Delivery
13874,11299,Cash on Delivery
17177,12856,Cash on Delivery
27636,20346,Cash on Delivery
19904,46933,Credit Card
17329,38518,Cash on Delivery
20403,11738,Cash on Delivery
19449,11769,Credit Card
13512,41136,GCash
25755,24643,GCash
12929,7204,Credit Card
22075,17585,Credit Card
5063,32434,Credit Card
1999,43202,Credit Card
13723,2709,GCash
400,33849,Credit Card
17954,44756,Credit Card
26144,37505,Cash on Delivery
23702,5726,GCash
27401,12018,GCash
1694,17887,Cash on Delivery
2749,28652,Cash on Delivery
28382,1119,GCash
3293,3843,Cash on Delivery
29690,45076,Credit Card
29415,4043,Credit Card
22683,11634,GCash
3136,26710,Credit Card
28005,31811,Credit Card
1841,21141,Credit Card
9417,35763,Cash on Delivery
29860,14264,Cash on Delivery
28835,19210,GCash
2117,15561,Cash on Delivery
14093,48904,Cash on Delivery
15050,45815,Credit Card
15305,23617,Credit Card
12174,36009,Cash on Delivery
10444,7748,Cash on Delivery
1022,37603,Credit Card
18644,8893,Cash on Delivery
3102,37446,Credit Card
7477,41679,Credit Card
27065,49626,GCash
6164,39414,Cash on Delivery
17158,47055,Credit Card
22044,41393,GCash
8413,48519,Cash on Delivery
8555,34374,GCash
1108,25643,GCash
2469,28119,Credit Card
13232,5148,Cash on Delivery
9240,6262,GCash
6439,28947,GCash
3966,4749,GCash
26762,34294,GCash
28351,25774,Credit Card
11049,15476,GCash
21186,16156,Credit Card
27635,13317,Credit Card
9109,41219,GCash
12093,48542,GCash
25500,45178,Cash on Delivery
1534,27397,Credit Card
5613,7715,GCash
23919,3574,GCash
5636,49709,Cash on Delivery
26980,43433,GCash
22060,37065,Credit Card
2466,25845,GCash
1811,39939,Credit Card
27842,11173,GCash
11619,4907,Credit Card
5793,6000,Credit Card
9665,9466,Credit Card
25940,41848,Credit Card
13278,21365,Credit Card
2550,18082,Cash on Delivery
23474,12016,GCash
11164,5916,Credit Card
25766,4694,Credit Card
5851,12272,Credit Card
24829,20426,GCash
29463,26015,GCash
21152,308,Cash on Delivery
11965,42910,Credit Card
26909,28166,GCash
29639,12328,Credit Card
1003,26254,GCash
19054,9409,Cash on Delivery
19122,28522,Cash on Delivery
8406,27563,Credit Card
18746,36430,Credit Card
15637,44236,GCash
25086,19634,Credit Card
13202,23394,GCash
21456,33886,Cash on Delivery
29704,33707,GCash
21573,29445,GCash
18917,19016,Cash on Delivery
5199,19981,GCash
21520,41137,Credit Card
21069,12142,Credit Card
18538,46310,Cash on Delivery
18181,19509,Credit Card
29230,33336,GCash
3624,45435,Credit Card
9486,11562,Cash on Delivery
24244,43575,Credit Card
25603,2972,Credit Card
17838,44652,Credit Card
3539,7266,Cash on Delivery
20589,27090,GCash
27523,18987,GCash
3079,31596,Credit Card
16456,16566,Credit Card
25484,6928,Credit Card
25682,24423,Cash on Delivery
4554,49873,Cash on Delivery
4810,2211,Credit Card
18898,7067,Cash on Delivery
13271,47948,Cash on Delivery
21065,21035,Credit Card
26321,23666,Cash on Delivery
4152,13313,GCash
19343,30304,Credit Card
8651,39057,Cash on Delivery
14271,46746,Cash on Delivery
29373,9065,Cash on Delivery
27115,3131,Cash on Delivery
22172,32018,Credit Card
2468,40780,GCash
9763,6357,Cash on Delivery
2857,37948,GCash
2028,7748,Credit Card
18254,42153,Cash on Delivery
13728,4167,GCash
18571,31404,GCash
24305,3829,GCash
15749,46606,GCash
13955,43437,Cash on Delivery
12861,1442,GCash
16917,14507,Cash on Delivery
22361,39988,Credit Card
12884,48391,Credit Card
5191,19587,GCash
1838,31318,Credit Card
6912,16996,Cash on Delivery
16280,7837,Cash on Delivery
17464,32277,Credit Card
20372,11170,Cash on Delivery
21297,38351,GCash
29779,25389,Cash on Delivery
13659,26839,Cash on Delivery
1120,46670,GCash
19585,11591,Credit Card
20603,26612,GCash
14104,10794,Cash on Delivery
12079,14484,GCash
18041,33589,Credit Card
1552,49640,Credit Card
19128,26465,Credit Card
20562,5488,Cash on Delivery
4795,43694,Credit Card
22423,17332,GCash
11656,32316,GCash
20483,27175,Credit Card
18091,18409,GCash
23122,18100,Credit Card
8059,36136,Credit Card
4088,22382,Cash on Delivery
17928,14476,Credit Card
28152,23285,GCash
14892,42123,Credit Card
23546,41057,GCash
12670,17112,GCash
7086,48779,Credit Card
12905,24029,Credit Card
16332,25857,Credit Card
27924,31969,Credit Card
28085,29099,GCash
22742,17959,GCash
8910,37036,GCash
19217,6036,GCash
17517,19209,Credit Card
7969,20249,Cash on Delivery
4208,18666,Cash on Delivery
3341,34806,GCash
21368,32158,Credit Card
13807,47050,GCash
20953,22696,Credit Card
10924,2223,GCash
18328,12316,Cash on Delivery
7665,19007,Cash on Delivery
22742,35539,Credit Card
6300,36496,GCash
21504,46336,Credit Card
6797,25882,Credit Card
2155,31788,Credit Card
3279,37612,GCash
26805,28012,Credit Card
9949,16851,Credit Card
11588,36223,Credit Card
27928,23687,GCash
43,39827,GCash
4236,47468,Cash on Delivery
8422,28217,GCash
2684,41412,Cash on Delivery
1688,14472,Cash on Delivery
19762,3229,Credit Card
12192,46336,Credit Card
2409,43027,Cash on Delivery
6247,5234,Cash on Delivery
12936,33123,Cash on Delivery
6125,42405,GCash
12971,42958,Cash on Delivery
11928,38790,Cash on Delivery
17053,24834,Cash on Delivery
25258,16128,GCash
21242,2193,Cash on Delivery
16383,13899,Credit Card
13241,8830,GCash
24188,45262,GCash
24213,37099,GCash
11233,31799,GCash
25477,5863,GCash
23927,28558,Credit Card
11566,613,Credit Card
6855,5939,Cash on Delivery
16825,45416,Cash on Delivery
3136,14825,Credit Card
18210,37054,Credit Card
18286,38930,Cash on Delivery
2861,15561,Credit Card
1082,46268,Credit Card
20395,1950,GCash
18827,25328,Cash on Delivery
2016,46319,Credit Card
8193,44759,Credit Card
18470,48165,Credit Card
14829,29670,Cash on Delivery
19600,24155,Credit Card
29900,20447,GCash
20972,12083,Cash on Delivery
9951,40918,Cash on Delivery
28663,36768,GCash
5021,41136,Cash on Delivery
7108,20311,Cash on Delivery
28539,45198,Credit Card
7836,18829,GCash
23784,20974,GCash
24476,12213,Cash on Delivery
5280,9794,GCash
23309,34869,Credit Card
16756,29860,GCash
9339,33451,Credit Card
17988,29134,GCash
27597,1345,Cash on Delivery
23716,45729,Credit Card
18226,10856,Credit Card
17183,27814,GCash
2462,37667,Cash on Delivery
8409,45341,Credit Card
29225,3695,Cash on Delivery
8218,7622,Credit Card
8475,42205,GCash
7226,13416,Credit Card
15327,39870,Cash on Delivery
15165,8280,Credit Card
22140,4117,Cash on Delivery
4882,8361,Credit Card
13683,17956,GCash
5482,40586,Credit Card
17934,25799,Cash on Delivery
22618,13249,GCash
4719,6787,Cash on Delivery
9429,48412,Credit Card
15605,39159,Cash on Delivery
6428,20213,Credit Card
5679,11853,Credit Card
16972,25390,GCash
1817,20310,Credit Card
26823,38240,Cash on Delivery
26393,7585,Credit Card
6860,20814,Cash on Delivery
22125,37552,GCash
26532,3316,Credit Card
25421,37252,Credit Card
15871,43382,GCash
20478,2332,Credit Card
20587,8894,Cash on Delivery
2014,7114,Credit Card
479,16193,Cash on Delivery
20695,9699,Credit Card
2353,39242,GCash
23046,14517,Credit Card
16688,5739,Credit Card
12764,17621,Credit Card
9945,43383,Cash on Delivery
3623,43171,Cash on Delivery
20113,42250,Cash on Delivery
19184,27529,GCash
1144,4872,Cash on Delivery
15238,30248,Cash on Delivery
2240,1206,Credit Card
16633,28003,Credit Card
11869,49184,Cash on Delivery
8460,4475,Credit Card
13386,4053,Credit Card
26415,297,GCash
22816,36531,GCash
28587,822,Cash on Delivery
4159,19248,Credit Card
18003,14484,GCash
27965,2254,GCash
4236,4767,GCash
28841,12399,Credit Card
11997,15459,GCash
6146,32690,GCash
26637,886,Credit Card
4563,25506,Cash on Delivery
9515,3314,GCash
6366,19145,GCash
10810,11703,Credit Card
13120,19143,GCash
1408,16399,GCash
23570,7752,Credit Card
7901,40796,GCash
7123,4654,GCash
5319,10624,Cash on Delivery
14902,33950,Cash on Delivery
14929,28388,Credit Card
15789,19520,Cash on Delivery
9331,15604,GCash
17537,25135,Cash on Delivery
16375,36441,Credit Card
17190,42353,Cash on Delivery
2389,15123,GCash
29737,10761,Cash on Delivery
21718,16644,Credit Card
21433,27468,GCash
14803,30636,GCash
23082,40983,Cash on Delivery
15045,41177,Credit Card
3238,29342,Credit Card
28687,8450,GCash
20426,41085,Credit Card
15763,28620,Cash on Delivery
9926,31549,Credit Card
1768,31319,Credit Card
23512,7048,Cash on Delivery
23180,7689,Credit Card
16234,48205,Cash on Delivery
18516,25278,Credit Card
7198,139,Credit Card
296,31893,Credit Card
18062,35836,GCash
21728,21155,GCash
6620,48413,GCash
22586,33599,Cash on Delivery
16400,33950,Credit Card
6625,3973,Credit Card
9987,27476,Cash on Delivery
20712,6358,Cash on Delivery
24067,44341,GCash
9746,33801,GCash
28074,43671,Credit Card
11003,5621,GCash
23695,2997,GCash
3795,10067,Credit Card
21989,43250,Cash on Delivery
14987,26455,GCash
6901,48274,Credit Card
27778,20736,Credit Card
20009,6870,Cash on Delivery
8740,14281,GCash
29025,15956,Cash on Delivery
15884,4694,Credit Card
9237,2483,Cash on Delivery
1947,22018,Credit Card
11231,9972,Cash on Delivery
23639,44051,GCash
23296,25621,Credit Card
2581,14661,Credit Card
12404,22474,GCash
21772,31471,Credit Card
22903,9004,Cash on Delivery
22565,25507,Cash on Delivery
10280,30776,Credit Card
23293,5623,Cash on Delivery
28122,7095,GCash
27896,10014,Cash on Delivery
2597,13999,GCash
2455,40161,Cash on Delivery
9186,18341,Cash on Delivery
1799,19258,GCash
1234,24889,GCash
28108,40492,GCash
25535,28891,Credit Card
19322,36328,Credit Card
11155,46874,Credit Card
18120,47103,Credit Card
5961,4997,GCash
5328,6447,Credit Card
452,49869,Credit Card
11992,4498,Cash on Delivery
14362,13110,Credit Card
22807,30458,Credit Card
10988,32907,Credit Card
23290,20709,Credit Card
29585,1887,Credit Card
1607,991,Cash on Delivery
26477,36428,Cash on Delivery
11784,3717,GCash
24649,25415,Credit Card
18959,38949,Cash on Delivery
9928,44169,GCash
36,666,Cash on Delivery
20602,14121,Credit Card
25308,28309,GCash
20869,10363,GCash
2320,25042,Cash on Delivery
20766,29096,Cash on Delivery
7084,4141,Cash on Delivery
4458,47262,GCash
12839,21084,GCash
2110,149,Cash on Delivery
3585,24899,Cash on Delivery
16701,14064,Credit Card
26986,46540,Credit Card
27629,550,Cash on Delivery
9216,30609,Credit Card
1341,11530,Cash on Delivery
26809,7210,Cash on Delivery
28067,17256,Credit Card
9072,49308,Credit Card
3820,32951,Credit Card
28740,1228,Credit Card
27678,42310,Credit Card
10935,7841,GCash
19185,9141,Cash on Delivery
20429,11325,Credit Card
12398,34258,Credit Card
22541,40387,Credit Card
27990,47117,Credit Card
12203,11711,GCash
15178,13335,Cash on Delivery
14638,44321,GCash
22075,42189,Credit Card
7266,45627,Credit Card
29515,20777,GCash
5189,42230,Cash on Delivery
19359,508,Credit Card
25758,5388,Credit Card
28737,18331,Cash on Delivery
20244,31216,GCash
25579,16362,GCash
11596,15939,GCash
13639,12947,Credit Card
29416,18162,Credit Card
16337,26584,Cash on Delivery
1760,19412,Cash on Delivery
20844,6923,Cash on Delivery
15996,6062,Cash on Delivery
5667,24136,GCash
14853,43374,Cash on Delivery
26351,48985,Credit Card
9473,22709,Credit Card
21227,24046,GCash
10179,8578,Credit Card
23432,855,Credit Card
2373,20216,GCash
8585,13478,Cash on Delivery
6621,38766,GCash
4718,27508,Credit Card
14873,21760,Credit Card
7397,11265,GCash
12741,17246,Credit Card
10914,7506,GCash
28510,24884,Cash on Delivery
24665,36091,Credit Card
2134,49470,Cash on Delivery
24401,34441,Cash on Delivery
11715,37845,Cash on Delivery
9707,41869,Credit Card
9999,29339,Cash on Delivery
5897,32552,GCash
16198,5916,GCash
15463,33171,GCash
16661,48119,Credit Card
8412,9263,Cash on Delivery
20994,3236,Credit Card
4265,19179,Cash on Delivery
5471,5094,Credit Card
18618,12608,Credit Card
26896,45114,GCash
26893,22300,Credit Card
5879,44075,Credit Card
27960,30381,Cash on Delivery
27707,15340,Credit Card
18712,35394,Credit Card
22016,3104,GCash
2944,43032,GCash
20941,37057,Credit Card
14858,15253,Cash on Delivery
7909,49631,GCash
26499,43419,Cash on Delivery
26913,38166,GCash
27105,16033,Credit Card
29977,8095,Cash on Delivery
27988,12517,Cash on Delivery
1767,11085,Cash on Delivery
7001,14181,GCash
22769,8270,Credit Card
10456,1151,Credit Card
3175,19896,GCash
11778,21907,GCash
3139,49267,GCash
757,22048,Cash on Delivery
2865,27468,Cash on Delivery
7161,23008,Credit Card
28987,2693,Credit Card
21478,31123,Credit Card
12088,12421,GCash
15529,25113,Cash on Delivery
6535,19132,Credit Card
24292,17696,Cash on Delivery
17722,31367,GCash
18564,43896,GCash
28002,39794,Cash on Delivery
6600,8290,Credit Card
3369,9765,GCash
3583,22530,Cash on Delivery
20659,45271,Cash on Delivery
25595,5940,Cash on Delivery
10216,28886,GCash
9355,16481,Credit Card
525,44258,GCash
14087,49004,Cash on Delivery
24803,45886,Cash on Delivery
1531,45683,Credit Card
11,18637,Credit Card
6598,19328,GCash
12780,10017,Credit Card
11612,34807,Credit Card
28854,45398,Credit Card
19310,6061,GCash
29691,4466,Cash on Delivery
5743,45918,Credit Card
19240,37985,Credit Card
24208,31646,Cash on Delivery
9809,3840,GCash
24497,14095,Cash on Delivery
21847,19081,Credit Card
10299,40072,GCash
29861,36612,Cash on Delivery
13223,20900,Cash on Delivery
27855,8340,Credit Card
17575,21211,Cash on Delivery
16466,38837,GCash
17775,6015,Cash on Delivery
28596,36213,Credit Card
13996,30532,Credit Card
26071,33393,GCash
13650,27692,Cash on Delivery
8758,32591,GCash
20552,19705,GCash
22987,1762,Cash on Delivery
20416,9629,Cash on Delivery
5097,39973,GCash
19627,14414,Credit Card
3093,2458,Credit Card
18118,42289,Credit Card
29552,26397,GCash
7486,40972,GCash
27295,28509,Credit Card
910,1497,Credit Card
6000,41323,Cash on Delivery
9951,48837,GCash
637,35689,GCash
5991,27145,Credit Card
5332,43931,Cash on Delivery
5926,4611,Cash on Delivery
13965,27805,GCash
23885,15955,Credit Card
26701,42718,Credit Card
20119,16489,Credit Card
16046,48265,GCash
25855,16694,GCash
8903,37983,GCash
2824,45101,Credit Card
25618,43947,GCash
21300,10264,Cash on Delivery
24900,845,Credit Card
2973,32248,GCash
2659,11585,GCash
19981,39950,Credit Card
12714,37385,Credit Card
2158,15041,Cash on Delivery
22593,22034,GCash
16251,37676,GCash
25920,17884,GCash
479,118,GCash
1007,25012,GCash
16031,33102,Credit Card
8536,42909,Cash on Delivery
19295,34676,Credit Card
14279,48078,Credit Card
10227,3325,Cash on Delivery
29954,8939,GCash
11591,31814,Credit Card
20059,18208,Cash on Delivery
24247,49343,Credit Card
10410,44802,Credit Card
4778,44070,Credit Card
21639,37891,Credit Card
4870,32225,Credit Card
24090,20950,GCash
21220,2020,Cash on Delivery
4794,41896,GCash
18288,13663,Cash on Delivery
28817,32588,Credit Card
4162,1106,Cash on Delivery
24293,14685,Cash on Delivery
20156,25556,Cash on Delivery
1043,21122,Cash on Delivery
13869,24188,Cash on Delivery
13593,29796,Cash on Delivery
1403,12600,Cash on Delivery
19233,27894,Credit Card
18777,43595,Cash on Delivery
29740,23377,GCash
10935,33039,Cash on Delivery
5106,25100,GCash
17413,36130,Cash on Delivery
27510,32411,Cash on Delivery
23068,20904,Credit Card
20823,10981,Cash on Delivery
12814,34995,Credit Card
23381,23000,GCash
3816,30816,GCash
11805,1790,Credit Card
23251,5137,GCash
6538,8187,GCash
13760,26998,GCash
17854,23253,Cash on Delivery
29567,35026,Cash on Delivery
9687,46970,GCash
15384,18634,GCash
13123,48572,Credit Card
23728,142,GCash
6114,25855,Credit Card
16990,45387,Credit Card
21827,24277,Cash on Delivery
5218,981,GCash
3552,37763,Credit Card
20666,15119,Credit Card
3296,26228,Cash on Delivery
27797,26627,Credit Card
18681,16397,GCash
14584,32975,Credit Card
9702,17201,Cash on Delivery
7879,36244,Cash on Delivery
25035,25566,Credit Card
13726,17569,Cash on Delivery
19068,28364,GCash
7254,23418,GCash
2029,41976,GCash
13290,15266,GCash
18345,43533,Cash on Delivery
28103,6124,Cash on Delivery
25919,41398,GCash
2156,503,GCash
16728,32195,Cash on Delivery
1688,14132,GCash
4853,35750,GCash
11514,41379,Cash on Delivery
14833,12706,GCash
4194,14152,Credit Card
16232,20199,Credit Card
16994,28521,Credit Card
23741,28447,Credit Card
12128,20620,Credit Card
21757,33816,Cash on Delivery
21608,38796,Credit Card
4148,14185,Cash on Delivery
23531,19387,Credit Card
23489,44629,Cash on Delivery
15553,22807,Cash on Delivery
25061,5376,GCash
11223,2050,Credit Card
16164,34907,Credit Card
20470,38120,GCash
15605,23776,Credit Card
21789,13017,Credit Card
684,33718,Cash on Delivery
20062,17791,Cash on Delivery
14075,14430,Cash on Delivery
25335,31513,GCash
28770,41526,GCash
17755,34902,GCash
17893,44683,Credit Card
27636,26363,Credit Card
29566,15249,GCash
25428,47079,Credit Card
18722,20344,Cash on Delivery
28927,2605,Credit Card
22585,7782,Credit Card
19059,41595,Credit Card
18970,46000,GCash
20812,11457,GCash
13339,12505,GCash
21562,25454,GCash
1009,18948,Cash on Delivery
23438,30942,GCash
6097,3667,Credit Card
20484,22455,Credit Card
10189,26615,Credit Card
26457,4288,Cash on Delivery
9004,48660,Cash on Delivery
3536,37038,Cash on Delivery
26416,21024,GCash
16731,48125,Credit Card
3024,25282,GCash
22233,34413,Credit Card
279,3195,GCash
29201,36601,Credit Card
8851,13912,Cash on Delivery
14781,21335,GCash
23506,45029,GCash
9370,41285,Cash on Delivery
28205,36121,Cash on Delivery
24600,29456,Credit Card
13754,10491,Cash on Delivery
16651,9776,GCash
10755,34054,Credit Card
7385,19606,GCash
28793,43652,GCash
10651,43341,Cash on Delivery
8011,46652,Credit Card
22331,41422,Cash on Delivery
4818,9716,Cash on Delivery
9784,41599,GCash
16214,6828,Cash on Delivery
7459,23032,Credit Card
26477,28745,Cash on Delivery
20803,38627,GCash
10661,29172,GCash
27460,43566,Credit Card
27616,8793,GCash
12929,19671,Cash on Delivery
25246,30738,Credit Card
10060,8108,Cash on Delivery
2535,20242,GCash
11820,25138,GCash
27212,16334,Credit Card
20288,37917,GCash
5928,36684,GCash
3049,18388,Cash on Delivery
3397,23920,Credit Card
7473,33664,GCash
1680,15024,Cash on Delivery
952,1680,GCash
12691,32351,GCash
537,45187,Cash on Delivery
19927,1741,GCash
15499,16061,Cash on Delivery
18776,47077,Cash on Delivery
18705,25300,GCash
11025,21065,Credit Card
10240,38161,Credit Card
17682,34145,Cash on Delivery
1733,10455,Credit Card
13770,27722,GCash
1564,21504,Credit Card
6047,12949,GCash
4749,7305,GCash
3397,26666,GCash
27525,11747,Credit Card
14566,3514,Cash on Delivery
22781,14489,Credit Card
460,6230,GCash
15875,28003,GCash
25217,4460,Credit Card
7116,48479,Credit Card
18196,27901,Credit Card
6552,21770,Credit Card
21529,36112,Cash on Delivery
11648,12031,GCash
5364,33721,GCash
17912,26179,Credit Card
11714,44175,GCash
14386,48521,Credit Card
24691,19312,Cash on Delivery
19548,44921,GCash
6981,48173,GCash
20372,42844,GCash
4664,4363,Cash on Delivery
22118,16640,GCash
20265,42535,GCash
8501,37613,Cash on Delivery
22520,45967,Cash on Delivery
24590,15676,Credit Card
12252,43482,Cash on Delivery
24946,5888,GCash
16132,14450,Cash on Delivery
11834,33985,GCash
15893,38741,GCash
13773,8378,Credit Card
28237,24708,GCash
9179,48866,Cash on Delivery
7000,27414,Cash on Delivery
22702,48898,GCash
3466,5949,GCash
8199,37720,GCash
13904,7976,Credit Card
14614,20435,Credit Card
18737,39738,GCash
2305,29434,GCash
26535,7447,Credit Card
11778,31113,Cash on Delivery
17125,7760,GCash
751,30242,GCash
20325,11946,Credit Card
25791,22171,Cash on Delivery
27255,11345,Cash on Delivery
17472,17350,Credit Card
24634,22273,GCash
14951,8274,Credit Card
13302,14918,Cash on Delivery
16508,13307,GCash
15032,3523,Cash on Delivery
11902,45277,Credit Card
2542,12197,Cash on Delivery
25833,43718,Credit Card
20911,45433,GCash
7137,16985,GCash
14406,16610,Cash on Delivery
23580,32949,Credit Card
20707,14905,Credit Card
3582,17707,Credit Card
9839,39495,Credit Card
10000,32420,Credit Card
6793,48391,Cash on Delivery
22095,30419,Cash on Delivery
21344,43533,GCash
9962,391,Cash on Delivery
20669,23012,GCash
13770,41850,GCash
3701,9569,Cash on Delivery
21989,14564,GCash
26094,19964,Cash on Delivery
4809,1860,GCash
21812,45771,Cash on Delivery
7580,29329,GCash
8936,47722,GCash
2716,1120,Cash on Delivery
9084,18112,Cash on Delivery
11862,28704,Credit Card
23634,44797,Cash on Delivery
16550,25251,GCash
22693,34964,Credit Card
23008,9617,GCash
28454,47214,Credit Card
15011,25241,Cash on Delivery
22681,3392,GCash
26318,35097,GCash
9575,47368,Cash on Delivery
5721,5709,Cash on Delivery
4785,48583,Credit Card
28122,40321,Credit Card
14566,11277,Cash on Delivery
20621,22784,Credit Card
2020,14694,GCash
5870,4511,Credit Card
21965,45861,GCash
4472,4082,Credit Card
4220,7739,Credit Card
1528,22252,Credit Card
8706,28787,Credit Card
24186,14620,GCash
13525,28372,GCash
1212,8823,Credit Card
2571,49368,Cash on Delivery
8463,5764,Credit Card
25371,25735,Cash on Delivery
18743,7374,GCash
323,32741,GCash
15435,28233,Cash on Delivery
29548,530,Cash on Delivery
685,26961,GCash
9644,31029,Credit Card
19822,29049,GCash
21208,3156,Credit Card
5245,8736,GCash
522,35768,GCash
14993,35628,GCash
26585,26753,Cash on Delivery
6741,35232,GCash
27245,1986,GCash
9946,24450,Cash on Delivery
13323,26840,Credit Card
7004,2607,GCash
17999,8009,Cash on Delivery
24082,45280,Cash on Delivery
12446,11570,Credit Card
23978,27343,Credit Card
26035,22377,Cash on Delivery
29368,45143,Cash on Delivery
13991,28272,Credit Card
19127,42383,GCash
7592,26576,Cash on Delivery
9535,24934,Cash on Delivery
25027,16953,Cash on Delivery
12201,14229,GCash
25506,34634,Credit Card
6539,36630,Credit Card
26068,41059,Cash on Delivery
21062,15891,GCash
8847,39639,GCash
18097,6568,Credit Card
10406,17117,GCash
16573,10071,GCash
1872,14542,GCash
18223,31209,Cash on Delivery
5431,30898,Cash on Delivery
8259,6024,Credit Card
2710,29079,Credit Card
21168,191,GCash
12002,22457,Credit Card
4100,48660,Credit Card
17953,31146,GCash
26796,11727,GCash
19346,6894,Cash on Delivery
29909,47432,Cash on Delivery
20001,48980,GCash
22113,1906,Credit Card
27978,33539,GCash
11037,33324,GCash
27831,43917,Credit Card
23598,31407,Credit Card
6762,29699,Credit Card
5646,13509,Credit Card
13097,10248,Cash on Delivery
3438,10897,Credit Card
2263,21487,Cash on Delivery
6018,35279,Cash on Delivery
28246,23109,Credit Card
10313,28760,Cash on Delivery
29972,4441,Credit Card
27513,9166,Credit Card
24624,15399,GCash
15534,6310,GCash
4620,7422,Cash on Delivery
11783,37305,Cash on Delivery
12983,41712,Credit Card
4379,31491,Credit Card
20729,20463,Cash on Delivery
8221,10359,GCash
12475,10391,Cash on Delivery
12863,24544,Cash on Delivery
707,45425,Cash on Delivery
6548,48262,GCash
24600,41459,Credit Card
25197,46993,Cash on Delivery
14560,28663,GCash
18465,27907,GCash
21188,18578,Cash on Delivery
17621,23241,GCash
20800,9943,GCash
26656,29961,Credit Card
28556,44386,GCash
14957,35123,Cash on Delivery
28989,24137,Credit Card
15152,29432,Credit Card
25198,16830,Cash on Delivery
4110,40308,GCash
17290,19992,GCash
23623,33624,GCash
19019,24869,GCash
27432,26959,Cash on Delivery
12567,30405,Credit Card
28922,9194,GCash
8307,7098,Cash on Delivery
12298,14373,GCash
27250,28001,Credit Card
25967,18491,Credit Card
26051,37995,GCash
17346,4795,Credit Card
7486,17645,GCash
27152,40857,Credit Card
15253,4103,Credit Card
26899,7629,GCash
5180,36338,Credit Card
20308,45376,Credit Card
18468,18678,GCash
2508,34248,GCash
12454,24821,Cash on Delivery
9034,39601,Cash on Delivery
29680,150,Credit Card
8303,10409,Cash on Delivery
14567,44412,Credit Card
2355,15731,Cash on Delivery
22207,20139,GCash
29563,20518,Cash on Delivery
11272,8634,Credit Card
12761,5039,GCash
28557,24334,Cash on Delivery
13091,33957,Credit Card
21501,31187,Credit Card
28295,21703,Cash on Delivery
7955,3021,Cash on Delivery
2255,45558,GCash
26457,28744,Credit Card
2794,1242,Credit Card
16004,26139,Credit Card
4539,26714,Credit Card
17755,22670,Cash on Delivery
19128,28647,Cash on Delivery
25069,48017,GCash
19924,669,Cash on Delivery
21584,47161,Credit Card
334,45629,Cash on Delivery
18958,9949,Credit Card
6375,12641,Credit Card
13244,42180,Cash on Delivery
127,40265,Cash on Delivery
5547,45634,Credit Card
12955,38869,Cash on Delivery
687,42682,Cash on Delivery
11775,34136,GCash
14152,30724,GCash
10662,39014,Credit Card
5144,49719,Credit Card
1794,30433,Credit Card
25786,26456,Credit Card
15822,26952,Credit Card
29192,25522,Cash on Delivery
1059,518,GCash
16598,47159,Cash on Delivery
29562,45048,Credit Card
18364,22634,Cash on Delivery
2510,15806,Cash on Delivery
27001,18519,Cash on Delivery
24666,629,Credit Card
11380,8810,GCash
17215,32024,Credit Card
7829,42802,GCash
5914,11078,Cash on Delivery
21172,11520,GCash
26302,38007,Credit Card
1720,31102,Credit Card
6844,22906,Cash on Delivery
6420,45337,Cash on Delivery
21068,14874,Cash on Delivery
24767,21167,Cash on Delivery
10826,43849,GCash
12375,35911,Credit Card
22549,3278,Cash on Delivery
2811,26980,Credit Card
20782,378,Cash on Delivery
27399,36318,GCash
13137,48474,Cash on Delivery
18927,18124,Credit Card
19834,11172,Credit Card
19818,1557,Credit Card
23170,41733,Cash on Delivery
1080,34591,Credit Card
19219,26842,Cash on Delivery
13305,38297,GCash
26618,48884,Cash on Delivery
11783,42672,Credit Card
28377,26680,Cash on Delivery
21603,44091,GCash
14380,41478,Credit Card
29672,13269,GCash
25215,32313,Cash on Delivery
24326,2065,Cash on Delivery
659,45523,GCash
28832,9055,Cash on Delivery
19016,47424,Credit Card
5666,7083,GCash
29861,8769,GCash
27521,43008,Credit Card
6939,41249,GCash
14507,23672,Cash on Delivery
6566,39830,Credit Card
15858,44086,GCash
26753,37161,Credit Card
12949,23406,GCash
23412,29715,Credit Card
28455,48265,GCash
19117,33733,Cash on Delivery
7572,44763,GCash
29917,46401,GCash
21538,39442,GCash
26430,3645,Cash on Delivery
22292,49334,GCash
3265,2283,GCash
25204,20414,Credit Card
8082,3617,Credit Card
4740,37759,Cash on Delivery
13847,23766,Credit Card
6400,19764,Credit Card
6698,33820,GCash
13190,43687,GCash
12154,13557,Cash on Delivery
12087,19454,GCash
18852,49144,Credit Card
11963,16939,Credit Card
25637,15140,GCash
9904,44483,Credit Card
16077,23981,GCash
23061,9870,GCash
27922,42122,Credit Card
25627,39358,Cash on Delivery
18517,43753,Cash on Delivery
19473,1852,GCash
17017,7225,Cash on Delivery
27816,16353,GCash
9219,23359,Cash on Delivery
13427,21016,GCash
23103,41957,Cash on Delivery
1607,44910,GCash
28472,16170,Cash on Delivery
1523,37656,GCash
27073,45431,Cash on Delivery
16530,45393,Credit Card
456,9526,Credit Card
8495,2416,Credit Card
3302,33254,Cash on Delivery
4106,41631,Credit Card
8256,20421,GCash
27295,39455,Cash on Delivery
26513,27360,Cash on Delivery
373,44446,GCash
22682,5817,Credit Card
21801,38320,Credit Card
22019,31315,Credit Card
11154,20464,Cash on Delivery
24720,26015,GCash
17996,38435,Credit Card
9969,26897,GCash
13733,27776,Cash on Delivery
21881,46245,Credit Card
17573,20455,Credit Card
15049,20417,Cash on Delivery
3062,3359,GCash
24269,47301,GCash
4036,47544,Credit Card
5206,49144,Credit Card
5388,26008,Credit Card
10923,36111,Credit Card
28863,13269,Cash on Delivery
3555,8489,GCash
1744,20150,Cash on Delivery
101,36055,Cash on Delivery
13155,41379,GCash
16016,13659,GCash
19177,28394,Cash on Delivery
26763,32966,Credit Card
21999,48770,Cash on Delivery
19681,46459,Cash on Delivery
26975,6849,Credit Card
24354,30283,Credit Card
21375,34112,GCash
22968,13443,GCash
14354,35658,Cash on Delivery
28112,20397,Credit Card
6500,38501,Cash on Delivery
81,44935,Cash on Delivery
23271,27438,Cash on Delivery
5586,20635,Credit Card
25036,4846,GCash
3549,12896,GCash
10712,29093,Cash on Delivery
1037,45347,Credit Card
7390,29398,Cash on Delivery
13846,36229,GCash
17390,20009,Cash on Delivery
18870,20799,Cash on Delivery
17382,11642,GCash
3311,47565,Credit Card
23682,4964,Cash on Delivery
19648,5080,Cash on Delivery
9335,43997,Cash on Delivery
24852,5330,Cash on Delivery
15074,40575,Cash on Delivery
5791,806,Cash on Delivery
15500,38233,Credit Card
1819,1085,GCash
20161,8065,Cash on Delivery
25576,409,Cash on Delivery
25239,47035,Cash on Delivery
2496,8900,Cash on Delivery
25414,43369,Cash on Delivery
17660,47322,GCash
8915,49510,GCash
9061,30021,Credit Card
29759,3298,Cash on Delivery
12158,29035,Cash on Delivery
12021,46925,Cash on Delivery
19379,5578,Credit Card
18800,40845,GCash
14421,44491,Cash on Delivery
15208,3371,Cash on Delivery
13437,10162,GCash
10467,17073,GCash
6006,45439,Credit Card
7450,11060,Credit Card
15734,47063,Cash on Delivery
8053,18794,Credit Card
18361,47327,Cash on Delivery
21475,9363,Credit Card
5696,5279,GCash
13661,8394,GCash
17772,18855,Credit Card
17021,27343,GCash
8545,24203,Credit Card
7300,12260,GCash
2693,10393,Credit Card
3548,27427,Credit Card
24110,36898,Cash on Delivery
24926,33066,GCash
27281,49297,Credit Card
9641,29005,GCash
27688,38610,Credit Card
21796,44096,GCash
5467,38775,Credit Card
10017,4850,Credit Card
25386,27859,Credit Card
638,26664,Credit Card
25401,46852,GCash
28443,16278,GCash
20675,318,GCash
22687,6567,Credit Card
6480,37529,Credit Card
26416,30030,GCash
22146,17366,Cash on Delivery
15678,17413,Cash on Delivery
29014,31885,Cash on Delivery
1035,30394,Cash on Delivery
8806,27747,Credit Card
15012,46053,Cash on Delivery
10161,49305,Cash on Delivery
13057,24485,GCash
10256,15467,Cash on Delivery
28532,21361,GCash
1393,14940,GCash
20467,38884,Cash on Delivery
18603,7994,GCash
23290,21632,Cash on Delivery
24305,40390,Credit Card
12118,41669,Credit Card
117,124,Credit Card
12731,11639,Cash on Delivery
7697,8058,Cash on Delivery
6962,26167,Cash on Delivery
28653,46331,Cash on Delivery
26977,37394,Cash on Delivery
19618,8622,Credit Card
13555,10178,Cash on Delivery
1311,35369,Credit Card
26148,12303,Cash on Delivery
15067,6993,GCash
17583,38116,GCash
8985,10120,Credit Card
24448,4909,GCash
29586,40122,Cash on Delivery
26982,25680,Credit Card
11428,33726,Credit Card
11933,19285,GCash
25998,6439,Cash on Delivery
11930,10296,GCash
27122,5547,Credit Card
11593,490,Cash on Delivery
22099,43903,Cash on Delivery
27579,10590,GCash
11611,27262,GCash
29747,26196,Credit Card
29498,21148,Credit Card
29945,30377,Cash on Delivery
10268,42070,GCash
1492,30604,Cash on Delivery
14156,37845,Credit Card
29318,40650,Credit Card
1920,3045,GCash
27562,7849,Credit Card
19403,2886,Cash on Delivery
12123,6608,Credit Card
27962,27958,GCash
1438,49211,GCash
19520,23817,Credit Card
4986,3558,Cash on Delivery
17874,45143,GCash
16115,35526,GCash
16735,19402,GCash
22478,33424,Cash on Delivery
10997,9776,Cash on Delivery
9748,37220,Cash on Delivery
8210,3601,Credit Card
19813,3712,Credit Card
3995,15847,Cash on Delivery
15972,22746,Credit Card
25558,10659,Cash on Delivery
12565,30395,Credit Card
27363,4690,Credit Card
29496,20542,Cash on Delivery
23202,22914,GCash
14395,31794,Cash on Delivery
14624,36961,Credit Card
12223,23584,GCash
6422,45745,Cash on Delivery
6444,49255,Credit Card
9352,35498,Credit Card
9599,18154,Credit Card
28936,39951,Cash on Delivery
15919,35532,Cash on Delivery
17818,2228,Cash on Delivery
23827,25296,Cash on Delivery
3023,6685,Credit Card
29466,36412,GCash
28583,12085,Cash on Delivery
16368,32528,Credit Card
5066,38800,Cash on Delivery
17094,29907,Credit Card
12371,19706,GCash
29092,25253,Cash on Delivery
7193,45101,GCash
11954,23038,GCash
12193,44859,GCash
21419,17313,Cash on Delivery
18066,34839,GCash
6077,20855,Cash on Delivery
6952,43059,Cash on Delivery
3545,45745,Cash on Delivery
25214,24683,Credit Card
3946,9581,GCash
18342,26796,GCash
17527,4597,Cash on Delivery
10199,42428,Cash on Delivery
1129,8195,Credit Card
15143,24208,Cash on Delivery
19983,5484,Cash on Delivery
29114,29703,Cash on Delivery
11718,42954,GCash
20037,21979,GCash
8081,30933,Credit Card
21506,22267,GCash
203,7064,Cash on Delivery
18420,13767,Credit Card
23829,34334,Cash on Delivery
24041,29565,GCash
24218,13403,Cash on Delivery
8890,31854,Credit Card
21955,38860,Cash on Delivery
26740,31236,GCash
23176,37757,Cash on Delivery
20703,47183,Cash on Delivery
6359,42289,Cash on Delivery
14291,33518,Credit Card
24549,43886,Credit Card
28416,33428,Cash on Delivery
2532,16954,Cash on Delivery
20012,2741,Cash on Delivery
15197,13821,Cash on Delivery
22657,17998,Credit Card
1664,9185,GCash
17930,31397,Credit Card
18348,38753,GCash
8445,228,Credit Card
28298,38413,GCash
26876,29980,Credit Card
22685,43297,Credit Card
22109,33238,Credit Card
25682,2169,Cash on Delivery
18146,22706,GCash
5466,30687,Cash on Delivery
6281,37840,GCash
12258,26005,Cash on Delivery
21590,1270,Credit Card
9248,39124,Credit Card
25909,34815,Cash on Delivery
7579,19278,Cash on Delivery
17775,5283,Credit Card
11606,44492,Cash on Delivery
27040,15496,Credit Card
3640,5286,GCash
17162,49156,GCash
28136,32822,Credit Card
19817,18484,Credit Card
29791,35696,Credit Card
28430,15684,Cash on Delivery
13179,39306,Credit Card
10932,2053,Cash on Delivery
20682,4498,GCash
28689,32525,Credit Card
2589,5051,GCash
17812,18166,Cash on Delivery
6182,17532,GCash
29138,2320,Cash on Delivery
29869,41732,Cash on Delivery
15433,30817,Credit Card
26542,40080,GCash
28831,19265,Credit Card
18748,15947,Credit Card
18348,9843,Credit Card
19307,47561,Cash on Delivery
19644,9983,Cash on Delivery
13734,40771,Credit Card
9231,40383,Credit Card
18273,38902,GCash
18986,34928,Credit Card
2169,38629,Cash on Delivery
8355,36609,GCash
3127,43145,Cash on Delivery
771,28685,Credit Card
5579,45051,GCash
25609,44138,GCash
15134,47082,GCash
14091,24584,Credit Card
27059,19051,Cash on Delivery
1890,13064,Credit Card
18868,43506,Cash on Delivery
6800,36128,GCash
22689,36243,GCash
6096,7426,GCash
3218,39995,GCash
28414,28885,Credit Card
13079,46484,GCash
5398,8566,Cash on Delivery
24461,25045,Cash on Delivery
5630,11159,Credit Card
28032,22673,Credit Card
20645,20570,Credit Card
9594,27868,Cash on Delivery
2367,28797,Credit Card
28181,48989,Credit Card
20159,13592,GCash
25414,28351,Cash on Delivery
7115,29205,GCash
25359,1319,Credit Card
19174,10654,Credit Card
2746,22676,Cash on Delivery
28116,31154,GCash
15950,19100,Cash on Delivery
24969,37227,Credit Card
29501,35320,Credit Card
26846,44795,GCash
5949,33475,Cash on Delivery
17163,36373,Cash on Delivery
23398,24409,Cash on Delivery
28107,28077,Credit Card
25102,2570,GCash
7051,6072,Cash on Delivery
23020,44931,GCash
7946,14188,Credit Card
6990,31415,GCash
1645,2059,Cash on Delivery
11427,2053,GCash
4268,35301,Cash on Delivery
27940,12106,Credit Card
7616,11321,GCash
6470,13745,GCash
14638,23546,GCash
4375,22300,Cash on Delivery
26181,41188,Cash on Delivery
12217,37510,GCash
680,17048,Credit Card
17006,13023,Credit Card
14218,29938,GCash
9492,45691,GCash
9786,39657,GCash
1249,48521,GCash
13838,32087,Credit Card
23928,10329,GCash
27587,46361,Cash on Delivery
7780,5182,GCash
25283,39977,Credit Card
8932,15296,GCash
23879,3461,Credit Card
10150,20882,GCash
7894,24501,Credit Card
20528,10725,Cash on Delivery
3979,956,Credit Card
16471,11425,GCash
6515,9337,Credit Card
26198,16756,GCash
7830,41476,GCash
21939,8706,Credit Card
27579,34878,GCash
4701,38072,GCash
18270,21397,Credit Card
7572,10313,GCash
9526,46197,Credit Card
3638,13891,Cash on Delivery
1179,12578,GCash
8859,9819,GCash
3611,153,GCash
15700,7399,GCash
9455,10429,GCash
1499,33547,Credit Card
24895,44831,Credit Card
5953,42632,Cash on Delivery
3648,29393,Cash on Delivery
9008,14264,Cash on Delivery
7545,46775,Cash on Delivery
14272,45951,Cash on Delivery
8076,21288,GCash
2543,16941,Credit Card
22215,22125,GCash
11614,21483,GCash
27227,36838,Cash on Delivery
18520,4396,GCash
13658,18169,Credit Card
6878,47738,GCash
19493,19367,Credit Card
5940,32996,Credit Card
364,4235,Cash on Delivery
25278,18131,GCash
20182,3891,Credit Card
17052,23473,GCash
23671,27128,Credit Card
8867,10219,Cash on Delivery
2893,23235,Credit Card
2801,18710,GCash
13334,9868,Credit Card
23760,28131,Credit Card
28441,7218,GCash
2825,23727,GCash
25973,37606,Credit Card
27302,38995,Credit Card
7893,35142,Credit Card
8808,49169,GCash
3170,48479,GCash
18310,5022,GCash
28998,35569,GCash
13112,21203,Credit Card
26026,49830,Credit Card
5177,49138,Credit Card
8714,29707,Credit Card
12550,17420,Credit Card
14523,38641,Credit Card
4855,18919,Cash on Delivery
14464,5152,GCash
21207,11155,GCash
23919,47494,Credit Card
21844,3352,Credit Card
17303,4711,Credit Card
11157,20232,Cash on Delivery
8550,25059,Cash on Delivery
9211,8888,GCash
26312,11072,GCash
14774,42036,GCash
11766,1511,Cash on Delivery
25040,22857,GCash
11589,27813,Cash on Delivery
17668,1346,GCash
2324,48418,Credit Card
28997,30538,GCash
3576,18343,Credit Card
1020,32528,Credit Card
19600,39278,Cash on Delivery
15879,8657,Cash on Delivery
17446,41894,Credit Card
6142,31078,Cash on Delivery
7871,22818,Cash on Delivery
4809,19794,Cash on Delivery
11088,23106,GCash
9404,7614,Cash on Delivery
2873,19629,Cash on Delivery
29010,47174,Credit Card
8715,6207,Credit Card
20227,32662,Cash on Delivery
26972,592,Credit Card
25726,16951,Credit Card
5275,27683,Cash on Delivery
27167,11869,Credit Card
2301,8860,Cash on Delivery
21032,25832,Credit Card
21319,44057,Cash on Delivery
965,2447,GCash
7058,3840,Credit Card
10196,9214,Credit Card
8938,37850,GCash
6303,7185,Credit Card
16123,15830,GCash
525,24720,Cash on Delivery
24625,9901,Credit Card
18069,25063,Cash on Delivery
17173,45425,Cash on Delivery
21462,19880,Cash on Delivery
21120,49545,GCash
28159,2972,Credit Card
16589,3421,GCash
21494,41058,Cash on Delivery
28305,3573,Cash on Delivery
22735,13281,GCash
18823,44841,GCash
7928,32671,GCash
25604,35582,GCash
7033,40676,Cash on Delivery
15516,24566,Credit Card
3691,7365,Cash on Delivery
18826,17767,Cash on Delivery
15466,33511,Cash on Delivery
22882,12761,Credit Card
10772,3374,Cash on Delivery
25762,34668,Cash on Delivery
1530,43370,GCash
5845,29936,GCash
17474,44379,GCash
10025,49606,GCash
27314,47752,Cash on Delivery
57,5129,Cash on Delivery
18785,33176,Cash on Delivery
17659,9966,GCash
7116,24097,GCash
2399,5605,Credit Card
29332,46200,GCash
3274,15590,Credit Card
27278,31233,GCash
2171,36934,GCash
28520,27627,Credit Card
23312,30481,Credit Card
22439,9217,GCash
3440,40589,Cash on Delivery
9777,42850,Credit Card
15328,24000,Cash on Delivery
19699,45170,GCash
10432,26873,GCash
19940,14734,GCash
3312,29357,Cash on Delivery
6540,3594,Credit Card
15707,4131,Cash on Delivery
24724,10354,Cash on Delivery
6900,48636,Cash on Delivery
25287,25614,Credit Card
4038,21564,Credit Card
21892,42449,Credit Card
145,10046,GCash
13689,48246,Cash on Delivery
1879,23489,GCash
7791,11560,Credit Card
1491,2919,GCash
20306,46532,Cash on Delivery
23894,20082,GCash
11881,46959,Cash on Delivery
1531,16208,Cash on Delivery
20392,41340,GCash
24136,30697,GCash
18547,41776,Credit Card
164,24486,GCash
6944,47204,Cash on Delivery
5246,30811,GCash
26230,40111,Credit Card
29375,42882,Credit Card
23674,25101,Cash on Delivery
28293,4817,Cash on Delivery
5634,39016,Cash on Delivery
17924,40926,Credit Card
23914,45045,GCash
23938,8105,GCash
25512,25280,Credit Card
9343,32770,Cash on Delivery
10445,5209,Credit Card
10744,44130,GCash
9391,15521,Credit Card
5757,32248,Credit Card
20291,2465,Credit Card
17143,12245,GCash
2204,17690,Credit Card
10419,10809,GCash
1729,24561,Credit Card
21485,30160,GCash
12271,27991,GCash
18434,31489,Cash on Delivery
13431,45912,GCash
814,15927,Credit Card
16358,24074,Cash on Delivery
19623,34198,GCash
11307,45728,GCash
25584,13480,GCash
19932,22019,Credit Card
4555,24873,GCash
3277,20884,Credit Card
80,36694,Credit Card
22847,5175,Credit Card
17637,41804,GCash
21535,30881,GCash
19181,3569,Credit Card
23428,31584,Cash on Delivery
4407,44535,Cash on Delivery
2821,37024,Credit Card
15918,48891,Cash on Delivery
13037,24715,Cash on Delivery
9856,1951,GCash
6615,8304,Cash on Delivery
10139,24231,Credit Card
14435,40228,Cash on Delivery
21453,3028,Cash on Delivery
266,934,Credit Card
6212,24494,Credit Card
6750,49789,Cash on Delivery
29695,11289,GCash
29012,43196,GCash
24819,35091,Credit Card
8043,232,GCash
25444,47085,GCash
10262,29545,Credit Card
23076,37783,Credit Card
24050,3216,GCash
26746,46013,Cash on Delivery
26676,5157,GCash
304,6373,Cash on Delivery
27336,21731,Cash on Delivery
17227,40501,Credit Card
4886,44377,GCash
16261,22616,GCash
9185,8902,GCash
5229,40747,Cash on Delivery
19028,28651,Credit Card
24199,20899,GCash
27292,10191,Credit Card
24454,14007,Cash on Delivery
23916,34925,Cash on Delivery
7515,12783,Cash on Delivery
10526,46283,GCash
22676,34987,Cash on Delivery
25033,17414,GCash
24942,28623,Credit Card
572,41559,Cash on Delivery
18149,40802,Credit Card
22338,47090,Credit Card
24357,48608,Cash on Delivery
22749,19071,Cash on Delivery
20461,39336,GCash
8283,34150,Cash on Delivery
26865,44049,Credit Card
11186,44422,Cash on Delivery
28324,4755,Cash on Delivery
29357,17121,Cash on Delivery
5604,17936,GCash
8423,35773,Cash on Delivery
4874,21428,GCash
15501,5346,GCash
18980,5539,Credit Card
597,39640,GCash
11040,43273,Cash on Delivery
28436,2245,GCash
15936,24383,Credit Card
27478,39742,GCash
3345,22013,Cash on Delivery
17771,31330,GCash
29132,32891,GCash
20965,31253,Cash on Delivery
14121,15829,Cash on Delivery
21642,21960,Credit Card
23671,13380,GCash
29209,45698,GCash
6419,33518,Credit Card
29458,42196,GCash
9731,9131,GCash
16288,47542,Credit Card
25821,19482,Cash on Delivery
27058,27247,GCash
21416,22359,Cash on Delivery
12942,4594,Credit Card
12864,16405,GCash
27142,9590,GCash
10663,47754,Credit Card
2443,12743,GCash
20858,42515,Credit Card
26901,4627,Credit Card
22552,35520,Cash on Delivery
29397,8603,GCash
16013,7880,Credit Card
22876,2533,Cash on Delivery
1906,42652,GCash
27568,34902,GCash
10444,19804,Credit Card
8695,22802,Cash on Delivery
27783,32232,Cash on Delivery
23994,20867,Credit Card
24007,8302,Credit Card
18502,49679,GCash
25817,38466,Cash on Delivery
17813,48913,Cash on Delivery
11214,25178,Cash on Delivery
29597,11444,Credit Card
5014,3309,Cash on Delivery
23735,4727,Credit Card
23394,16871,GCash
19387,13568,Credit Card
25797,49079,Cash on Delivery
27027,14007,Credit Card
29392,2056,Credit Card
13547,45764,GCash
7967,15774,Cash on Delivery
27432,34494,Credit Card
26005,27497,Credit Card
16489,15625,Credit Card
8879,3484,Credit Card
26850,44117,GCash
5362,23591,GCash
11329,16169,GCash
19872,16280,Credit Card
16154,31494,GCash
24415,45715,Cash on Delivery
14387,10204,GCash
14274,13229,Cash on Delivery
22900,36216,Credit Card
19922,5383,Cash on Delivery
3600,43882,GCash
21231,11908,Credit Card
27771,2840,Credit Card
23900,27070,GCash
13924,21525,GCash
22974,45518,GCash
10112,11935,Credit Card
9679,42689,Cash on Delivery
17316,2760,Credit Card
8719,16780,Credit Card
12952,10206,GCash
18274,6076,Credit Card
4402,10920,Credit Card
11595,49814,Credit Card
29746,27134,GCash
1395,16627,Cash on Delivery
11664,24458,Cash on Delivery
21206,41596,Cash on Delivery
1549,11374,GCash
18372,36393,Cash on Delivery
7960,48235,GCash
2953,36296,GCash
20003,49807,Credit Card
22285,2144,Credit Card
3653,44619,GCash
22218,41280,Credit Card
14842,10386,GCash
1883,24840,GCash
11808,9872,Cash on Delivery
12963,36995,Credit Card
3673,2919,GCash
5483,5789,GCash
25085,49822,Cash on Delivery
10796,39305,Cash on Delivery
2174,15541,Credit Card
23414,14877,GCash
23637,21492,GCash
27228,18947,Cash on Delivery
4850,42669,Credit Card
17792,39111,Credit Card
14388,12866,GCash
3514,3154,GCash
10921,24356,Cash on Delivery
21277,20775,Credit Card
28314,32369,Cash on Delivery
18502,10831,GCash
1402,22347,Credit Card
5969,9571,Cash on Delivery
664,31790,Credit Card
16916,4402,GCash
20191,30854,Cash on Delivery
12390,44462,GCash
10350,27630,Credit Card
11746,41492,Cash on Delivery
13290,28708,Credit Card
415,2483,Cash on Delivery
13835,38642,Credit Card
16374,29565,Credit Card
17010,41085,Credit Card
29736,36408,Cash on Delivery
9107,34969,Cash on Delivery
12319,44598,GCash
29172,45196,GCash
282,17241,Cash on Delivery
19536,17000,GCash
7371,45092,GCash
14368,19299,Credit Card
2935,19924,GCash
5249,45556,Credit Card
14719,9066,GCash
21563,14682,Cash on Delivery
25987,39425,Credit Card
24057,8305,Cash on Delivery
7914,17158,GCash
27560,15997,Credit Card
6535,32755,Credit Card
24321,7304,Credit Card
18083,13077,GCash
14189,30410,Cash on Delivery
14606,8728,Cash on Delivery
27474,43739,GCash
21520,17023,Cash on Delivery
22177,23123,GCash
12400,44683,Cash on Delivery
12357,47888,GCash
8268,37795,GCash
21532,2530,GCash
17169,27738,Credit Card
3243,7436,Cash on Delivery
10680,7978,Cash on Delivery
1766,44212,GCash
2489,40978,Cash on Delivery
12904,4787,Cash on Delivery
2893,48039,GCash
2933,834,Credit Card
16108,38225,Cash on Delivery
14881,18638,GCash
26064,2616,Credit Card
21028,42463,Cash on Delivery
18831,24908,GCash
7234,38612,Credit Card
28872,27130,Credit Card
1113,30562,Cash on Delivery
7197,25494,GCash
9114,8240,GCash
10345,9492,Cash on Delivery
17323,30527,Cash on Delivery
8209,12736,GCash
15406,23712,Cash on Delivery
5494,49259,Credit Card
13367,26277,Credit Card
1298,1147,GCash
26939,15284,GCash
11756,24586,Cash on Delivery
547,34668,Credit Card
28161,38001,Cash on Delivery
23448,21872,Cash on Delivery
27727,18921,Cash on Delivery
18058,17261,GCash
2914,43726,Credit Card
18899,46933,Cash on Delivery
11976,21675,Cash on Delivery
2799,27829,Cash on Delivery
26321,28169,GCash
4353,44522,Credit Card
12427,42062,Credit Card
17568,692,GCash
14679,11716,GCash
13674,49974,Cash on Delivery
25140,9791,Cash on Delivery
530,31664,Credit Card
25069,17834,GCash
15747,10869,Cash on Delivery
17363,32332,Cash on Delivery
17354,1043,GCash
25168,24627,Cash on Delivery
20787,18559,GCash
7663,43229,Credit Card
19491,35350,Cash on Delivery
17328,38342,Cash on Delivery
9833,3348,Credit Card
5121,41134,Cash on Delivery
26396,26983,Credit Card
2933,5956,GCash
11564,38072,Cash on Delivery
2223,43187,GCash
6560,38594,Credit Card
25426,7656,Credit Card
11794,29584,Cash on Delivery
20792,32814,Cash on Delivery
16900,39830,Cash on Delivery
21275,2636,GCash
18454,23520,GCash
28330,30868,GCash
13651,28545,Credit Card
6197,34407,Cash on Delivery
23121,31889,GCash
21286,9381,Credit Card
2143,11102,Cash on Delivery
13928,24164,Cash on Delivery
4173,9892,Credit Card
2535,39626,Cash on Delivery
3832,31675,GCash
19588,26832,Credit Card
3242,47630,Credit Card
9061,30590,Credit Card
29989,44370,Credit Card
19763,45505,GCash
14480,34340,GCash
14681,35583,Credit Card
21392,4327,GCash
1341,28176,Cash on Delivery
18417,47089,Cash on Delivery
9751,29414,GCash
6699,14916,Cash on Delivery
9304,48019,Credit Card
9844,35455,Cash on Delivery
6660,24462,Cash on Delivery
13697,4343,Cash on Delivery
1363,38174,Credit Card
8737,11758,Credit Card
678,8230,GCash
10952,2120,Credit Card
29272,14868,Credit Card
6702,8218,Credit Card
22835,37248,Credit Card
2002,43588,GCash
24215,17687,GCash
21437,36758,GCash
13592,6866,Cash on Delivery
8115,21625,Cash on Delivery
24840,26667,Cash on Delivery
7066,23885,Credit Card
21149,16169,Credit Card
12779,27496,GCash
28957,8155,Cash on Delivery
13721,15539,Credit Card
25495,17265,GCash
24582,44648,GCash
24366,9575,GCash
14956,9458,Cash on Delivery
26793,24603,Cash on Delivery
24613,12300,Credit Card
26192,10400,GCash
15674,37101,Credit Card
11746,48301,Credit Card
21160,13518,Cash on Delivery
1321,22137,Cash on Delivery
28835,28268,Credit Card
10154,48479,GCash
21852,17312,Credit Card
19402,36233,Credit Card
11944,3741,Cash on Delivery
306,41468,Cash on Delivery
22730,10978,Credit Card
25367,20312,GCash
24076,38104,Cash on Delivery
3581,20144,GCash
8137,35416,Credit Card
13198,6000,GCash
6476,19959,GCash
22113,31527,Cash on Delivery
16329,7554,Credit Card
5520,17955,Credit Card
13606,49850,Cash on Delivery
11212,19812,GCash
4111,3752,Cash on Delivery
9182,31709,Cash on Delivery
15730,36403,Cash on Delivery
21201,12429,GCash
13727,30995,GCash
8767,49499,GCash
28332,37813,GCash
21714,12819,GCash
26216,33585,GCash
17419,42725,Credit Card
29078,32497,Cash on Delivery
651,34264,Credit Card
8233,3561,Cash on Delivery
10373,31431,Cash on Delivery
27645,46804,Credit Card
19017,41156,Credit Card
22515,23106,Credit Card
7900,27242,GCash
29232,25542,Credit Card
27407,42909,Credit Card
4663,9693,Credit Card
11316,39886,Credit Card
29943,7766,GCash
18212,12553,GCash
13966,25116,GCash
9231,35405,GCash
9258,3531,Cash on Delivery
26056,24219,GCash
26158,27614,GCash
13952,32621,GCash
447,38211,Cash on Delivery
17638,9312,Credit Card
25942,42894,Credit Card
11815,13931,Credit Card
2020,26214,GCash
13891,47262,Credit Card
28795,18038,Cash on Delivery
7519,10976,GCash
14628,23746,Cash on Delivery
3856,40488,Cash on Delivery
26363,10411,GCash
20379,4738,Cash on Delivery
19442,25073,Cash on Delivery
10564,10304,Cash on Delivery
7116,30365,Cash on Delivery
5922,287,GCash
28347,20685,Credit Card
3353,5836,GCash
3900,7083,Cash on Delivery
24851,11755,GCash
6992,17161,Credit Card
9349,38263,GCash
8109,45295,Cash on Delivery
16693,24582,Credit Card
28133,49904,Credit Card
20661,14825,GCash
7291,37194,GCash
5060,131,Credit Card
14175,44853,Cash on Delivery
28083,2304,Credit Card
3333,33387,Cash on Delivery
24605,6027,GCash
20439,27279,Cash on Delivery
16829,34079,Cash on Delivery
27577,32331,Cash on Delivery
24844,48006,GCash
24024,48939,Credit Card
20841,44421,Cash on Delivery
28947,23083,Credit Card
3928,29037,Cash on Delivery
2602,16881,GCash
13042,3071,Credit Card
11114,45272,Credit Card
23348,40780,GCash
26761,16621,Cash on Delivery
7535,48895,GCash
14344,17375,Cash on Delivery
23138,20562,Cash on Delivery
3677,19659,GCash
10886,18343,GCash
2672,40425,GCash
352,20939,GCash
14413,29540,GCash
26018,16738,GCash
9359,24556,Cash on Delivery
11742,15054,Cash on Delivery
15631,31463,GCash
19844,11839,Credit Card
29325,4947,GCash
17348,14243,Credit Card
5522,22561,Credit Card
17998,25094,Cash on Delivery
7651,38740,Cash on Delivery
20908,46772,Credit Card
22033,1191,Credit Card
4278,43528,GCash
28621,31957,GCash
20777,28926,GCash
8681,24697,Cash on Delivery
29487,24563,GCash
21859,31016,Cash on Delivery
27157,41594,Cash on Delivery
18825,14376,Cash on Delivery
20831,21412,Cash on Delivery
28762,42157,GCash
4905,29687,Cash on Delivery
2454,6694,Credit Card
19685,44674,GCash
1139,25700,Credit Card
26581,27232,Credit Card
24830,15964,GCash
17622,33423,GCash
5335,46724,Cash on Delivery
28053,41089,Credit Card
1132,28242,Credit Card
23975,35809,GCash
4749,28253,GCash
301,13797,GCash
1685,2057,GCash
15848,40356,Credit Card
28540,47543,GCash
5033,12664,Credit Card
18237,31955,Credit Card
13699,24781,GCash
10935,4607,Cash on Delivery
23739,47616,Cash on Delivery
22658,44595,GCash
29888,8254,Cash on Delivery
7804,43447,GCash
27781,46781,GCash
189,37292,GCash
21646,27328,GCash
28860,28734,Credit Card
4305,43198,Credit Card
18031,27986,GCash
29345,31551,GCash
6115,45825,Cash on Delivery
943,21631,Cash on Delivery
9310,9759,GCash
29133,18749,Credit Card
25548,26024,Cash on Delivery
19007,23497,Cash on Delivery
23030,30499,Credit Card
27925,20753,Credit Card
6453,31720,Credit Card
2256,36433,Cash on Delivery
15799,20093,Cash on Delivery
11710,9279,Cash on Delivery
19000,35398,Credit Card
14258,46747,GCash
9793,7760,Credit Card
19185,33667,Cash on Delivery
10080,42352,Credit Card
5097,22122,Cash on Delivery
7982,46079,GCash
1966,31714,Credit Card
17069,32832,Credit Card
13796,28976,Credit Card
18192,28220,GCash
15448,43166,Cash on Delivery
10657,4606,Credit Card
5993,16226,Credit Card
26961,11983,Credit Card
18870,6133,Credit Card
26864,12374,GCash
20526,24394,Credit Card
8227,46401,GCash
23684,9201,Cash on Delivery
4718,31400,GCash
26768,10888,Credit Card
10195,11409,Credit Card
29619,8672,GCash
19437,49648,GCash
820,22812,GCash
24725,5366,Credit Card
13749,9258,Credit Card
29069,9929,Cash on Delivery
5700,44663,GCash
23747,40271,GCash
16134,36337,GCash
3501,49572,GCash
22192,25494,Cash on Delivery
20943,18442,Credit Card
15874,48745,GCash
4703,17360,GCash
24053,42911,GCash
4223,1529,Credit Card
26458,10972,Credit Card
15588,25539,Cash on Delivery
11853,13690,Cash on Delivery
21727,13692,GCash
17583,27966,GCash
17016,8697,Credit Card
14710,16907,Cash on Delivery
5700,21710,Cash on Delivery
25582,5557,Credit Card
18581,16570,Cash on Delivery
12487,16522,Cash on Delivery
7773,43793,Credit Card
4595,991,Credit Card
23514,5467,GCash
20608,22982,GCash
14147,35323,GCash
12136,14757,GCash
29556,3622,Credit Card
18405,26158,Cash on Delivery
25771,41915,Credit Card
15245,42342,Cash on Delivery
2502,17893,Cash on Delivery
14452,15755,Cash on Delivery
28721,37215,GCash
9520,2522,Cash on Delivery
11774,19044,GCash
934,23231,Cash on Delivery
8962,33190,GCash
10153,33313,GCash
15212,34294,Cash on Delivery
11374,45925,Cash on Delivery
5500,9345,Cash on Delivery
25730,35428,Cash on Delivery
7740,47501,Credit Card
9634,46226,Credit Card
26219,32025,GCash
5126,36859,GCash
21885,37985,Credit Card
16456,35837,Credit Card
3121,31293,Credit Card
28696,29174,Credit Card
3211,40012,Credit Card
18124,20992,Credit Card
19178,4691,Cash on Delivery
27002,29244,Credit Card
14190,25479,Credit Card
14324,7628,Credit Card
29142,10850,Credit Card
4854,15409,Credit Card
3712,15061,Credit Card
3979,32351,Credit Card
9833,10311,GCash
18381,45598,Credit Card
19285,10020,Cash on Delivery
13537,34359,Cash on Delivery
20705,17754,Credit Card
18658,43038,GCash
3552,15139,Cash on Delivery
29597,31369,Cash on Delivery
17279,15897,GCash
17968,30636,Cash on Delivery
19149,19353,GCash
2451,7972,Credit Card
2394,19017,Credit Card
23264,1362,GCash
4934,48001,GCash
23167,709,Cash on Delivery
5264,25785,Cash on Delivery
4675,35825,Credit Card
14740,4092,GCash
20681,8667,Credit Card
11232,30227,Cash on Delivery
14474,1120,Cash on Delivery
4634,43546,GCash
8536,10501,Credit Card
4729,42415,Credit Card
14695,7046,Credit Card
1439,16357,GCash
6474,11279,Credit Card
12463,23148,Credit Card
8887,8498,Credit Card
17060,12070,Cash on Delivery
6516,33722,GCash
9033,9533,Credit Card
1873,6080,Cash on Delivery
26766,28242,Cash on Delivery
5720,29004,GCash
4168,32672,Cash on Delivery
17003,45331,Cash on Delivery
16428,23297,Credit Card
13559,33797,Cash on Delivery
9062,17920,GCash
15803,28639,GCash
15882,5994,Credit Card
8230,13763,Cash on Delivery
25794,28131,Cash on Delivery
11382,16526,Cash on Delivery
6313,27282,Credit Card
6567,16725,Credit Card
1761,27456,GCash
8343,3793,GCash
2903,5488,Credit Card
1725,49725,Credit Card
6291,10607,GCash
18544,37820,GCash
21799,10789,GCash
4596,26545,Cash on Delivery
10205,45952,Credit Card
27799,45794,GCash
1841,33616,Credit Card
10065,39801,Cash on Delivery
16121,17595,Credit Card
20246,26982,Credit Card
16938,13479,Credit Card
16624,11737,Credit Card
128,11794,Cash on Delivery
22432,43688,Credit Card
22746,27155,Credit Card
7923,11587,Cash on Delivery
18764,2886,Credit Card
3255,6286,Credit Card
22300,18202,Cash on Delivery
26835,45488,GCash
22444,35052,Cash on Delivery
11623,29121,Credit Card
23946,37325,GCash
1718,6939,Cash on Delivery
11191,1378,Cash on Delivery
9449,32704,Cash on Delivery
159,48615,Cash on Delivery
8532,48342,Cash on Delivery
9835,27410,Cash on Delivery
2542,11518,Credit Card
15589,24523,GCash
6035,31376,Credit Card
6186,2998,Credit Card
7663,37065,GCash
14138,38414,Credit Card
23756,26829,GCash
7553,27599,Credit Card
13540,26398,GCash
29506,32003,GCash
8673,40551,Credit Card
10878,17516,Cash on Delivery
14846,26540,Credit Card
19792,6333,Credit Card
25374,39979,Credit Card
21125,30220,Credit Card
4841,13745,GCash
20037,34783,GCash
13329,34236,Credit Card
28404,42550,Cash on Delivery
15427,8518,GCash
21633,24828,GCash
11394,4242,GCash
24050,29610,Credit Card
5606,46313,Credit Card
26198,26318,GCash
17597,33054,Credit Card
6550,39880,GCash
7787,30960,GCash
2940,12828,GCash
17410,46955,Credit Card
14921,26634,Cash on Delivery
12664,27906,Credit Card
5807,6559,Cash on Delivery
25212,41261,Credit Card
29146,21726,GCash
20738,43151,GCash
8626,15732,GCash
3112,43849,Credit Card
19031,13506,GCash
1717,39822,Cash on Delivery
26806,42728,Cash on Delivery
1732,25425,Credit Card
5989,33454,GCash
1983,47116,Cash on Delivery
11723,33714,Credit Card
29914,17405,Cash on Delivery
25864,14407,Credit Card
28951,15222,GCash
12764,5554,Credit Card
722,14452,Cash on Delivery
8681,15953,Cash on Delivery
6963,892,GCash
18498,29044,Credit Card
16553,7017,GCash
14402,46209,GCash
22,4315,Credit Card
26109,11120,GCash
11432,39430,Cash on Delivery
26635,25049,GCash
22540,4834,Cash on Delivery
18722,27631,Credit Card
17827,1560,Credit Card
3356,44832,GCash
27893,17563,Credit Card
23396,257,Credit Card
20125,26104,GCash
27678,38887,Cash on Delivery
19128,16046,Cash on Delivery
19414,9986,Credit Card
6187,13976,Cash on Delivery
24698,32434,GCash
19461,36919,Cash on Delivery
6157,6425,Cash on Delivery
6689,19170,GCash
23415,29265,Cash on Delivery
27270,12194,Cash on Delivery
12911,21970,GCash
20179,11837,Credit Card
23533,10873,Cash on Delivery
20506,47170,GCash
27583,14100,GCash
19051,29804,Cash on Delivery
29692,19573,GCash
1633,35357,Credit Card
187,42006,Credit Card
959,47526,Credit Card
25016,47854,GCash
24556,43043,Cash on Delivery
28145,23085,GCash
871,24408,GCash
5479,42981,Credit Card
22240,21694,GCash
12258,1750,GCash
18878,7151,Credit Card
15013,143,Credit Card
12550,26545,Credit Card
17685,14187,Credit Card
15530,34298,GCash
654,5017,Credit Card
16469,33114,Credit Card
24458,19555,Credit Card
19785,12202,Cash on Delivery
11751,37831,Cash on Delivery
2433,33977,Cash on Delivery
11129,6208,Cash on Delivery
2320,39829,GCash
15070,16194,Cash on Delivery
10795,31739,Cash on Delivery
11553,10424,Cash on Delivery
4527,37623,Credit Card
21232,46065,Credit Card
20419,8376,GCash
22449,24302,Credit Card
15232,43534,Cash on Delivery
26787,26211,Credit Card
21209,10133,Cash on Delivery
13737,42272,Credit Card
25732,11213,Cash on Delivery
9428,43988,Credit Card
21382,14187,Credit Card
20630,35508,Cash on Delivery
19001,44571,Cash on Delivery
27488,6073,Credit Card
1769,39490,GCash
2402,16544,GCash
21835,26094,Credit Card
2512,37031,Cash on Delivery
7211,22952,GCash
20302,33474,GCash
29803,6100,GCash
7297,28963,GCash
15845,31725,Cash on Delivery
10137,38586,Credit Card
26569,18096,Credit Card
29334,4164,GCash
7384,14097,Cash on Delivery
7283,48972,Cash on Delivery
24177,13364,Credit Card
2337,47033,GCash
18429,43052,Credit Card
10447,36384,GCash
18158,40182,Credit Card
17170,20321,Credit Card
21253,30128,Cash on Delivery
10155,4294,Cash on Delivery
25923,43205,GCash
12042,47900,GCash
16155,466,GCash
8940,48005,GCash
15298,14622,Cash on Delivery
29203,43775,Credit Card
28962,34753,Credit Card
1084,34441,Credit Card
2806,6905,GCash
27521,45523,Cash on Delivery
10761,33192,Credit Card
17462,11886,GCash
13191,12281,GCash
28341,29997,Credit Card
6581,47636,GCash
1624,31439,Cash on Delivery
22240,48054,Cash on Delivery
2988,3822,GCash
9081,35585,Credit Card
10110,33986,Cash on Delivery
13913,48559,Cash on Delivery
9446,42327,GCash
27228,40241,GCash
28820,3338,Credit Card
17838,24468,GCash
1305,18714,Credit Card
27403,25446,Credit Card
3112,46115,Cash on Delivery
10784,22375,GCash
27081,29677,GCash
16791,264,GCash
12277,43644,GCash
26106,17652,Cash on Delivery
10540,15028,Credit Card
14555,41865,GCash
24539,29248,Credit Card
2740,45219,Credit Card
26605,16185,Cash on Delivery
7072,19424,GCash
24297,39917,GCash
5262,1285,Credit Card
25907,49289,GCash
17481,35145,GCash
6115,42622,Cash on Delivery
15149,17226,Credit Card
9804,2284,Cash on Delivery
19190,29152,Cash on Delivery
22292,34599,Cash on Delivery
21021,47216,Cash on Delivery
13992,28197,Cash on Delivery
971,30045,Credit Card
9092,27260,Credit Card
8698,16794,Cash on Delivery
26419,15921,Credit Card
3958,37035,Credit Card
9851,20674,Credit Card
6153,26615,GCash
28906,13148,GCash
26722,45032,GCash
15733,37240,Cash on Delivery
12605,2456,Cash on Delivery
16242,35109,Cash on Delivery
24354,28212,Credit Card
12713,48299,Cash on Delivery
6828,48848,GCash
18767,19609,GCash
1985,2512,Credit Card
20817,34254,Credit Card
24395,44628,Credit Card
7432,44884,Credit Card
17699,29075,Credit Card
2893,37265,GCash
25588,40181,Cash on Delivery
27575,6735,Cash on Delivery
26411,25278,GCash
10413,25767,Cash on Delivery
12164,2137,GCash
26934,33488,Cash on Delivery
20375,22498,Cash on Delivery
9966,46725,Cash on Delivery
23184,8611,Credit Card
28281,2110,Cash on Delivery
28315,28333,Cash on Delivery
23647,43676,GCash
6502,47528,Cash on Delivery
6680,2908,Credit Card
500,25069,GCash
10007,41692,GCash
3388,43124,Credit Card
18693,37612,Cash on Delivery
179,12366,Credit Card
27625,36935,GCash
12072,41480,Cash on Delivery
27035,31633,GCash
1816,27724,GCash
26215,42061,Cash on Delivery
11023,9084,Cash on Delivery
28018,20061,Cash on Delivery
14192,32988,Cash on Delivery
8500,29136,Cash on Delivery
16059,9729,Credit Card
25742,41509,Cash on Delivery
9841,24000,Credit Card
17066,25009,GCash
12043,27558,Cash on Delivery
9856,47679,Cash on Delivery
19861,9686,GCash
21024,14139,Cash on Delivery
3723,4813,Cash on Delivery
12831,14152,GCash
17271,2593,GCash
21397,42736,Credit Card
21559,31395,GCash
5866,5822,Cash on Delivery
10720,37150,Cash on Delivery
23486,38035,Credit Card
11802,4175,Cash on Delivery
23755,15370,Credit Card
11827,38243,Cash on Delivery
29163,21288,Credit Card
27084,20457,Credit Card
26617,23759,Credit Card
28723,21544,Cash on Delivery
10733,32274,GCash
28193,4529,Cash on Delivery
7004,27021,Credit Card
979,12407,Credit Card
6610,38578,GCash
3213,18160,GCash
24888,7399,Credit Card
24,13320,Cash on Delivery
19572,6153,Cash on Delivery
9356,23688,GCash
29888,43408,GCash
6657,37883,Credit Card
17733,27192,Credit Card
16105,43820,GCash
29732,29032,Credit Card
19350,4147,Cash on Delivery
836,7373,Cash on Delivery
16314,8349,Cash on Delivery
4743,5814,Cash on Delivery
6223,3212,GCash
22584,16806,Credit Card
25310,31937,Cash on Delivery
29991,10477,Cash on Delivery
15506,19508,Credit Card
26691,12510,GCash
26312,21054,Cash on Delivery
24002,11487,GCash
8233,40955,GCash
25744,10546,Credit Card
20722,13404,GCash
13645,41598,GCash
17500,17883,Cash on Delivery
16379,19198,Credit Card
29811,1548,Cash on Delivery
5975,44547,Credit Card
11373,29122,Credit Card
14812,1162,GCash
26450,2921,Credit Card
18145,38147,Cash on Delivery
12272,13082,GCash
561,31618,GCash
12172,42673,Cash on Delivery
20396,4315,Credit Card
9367,1312,GCash
2715,13358,GCash
13923,37689,Cash on Delivery
5326,47654,Credit Card
24340,48224,Cash on Delivery
16947,29372,Cash on Delivery
2446,37346,Credit Card
5077,47348,Cash on Delivery
25400,9838,Credit Card
11172,39244,Cash on Delivery
7392,35772,GCash
10341,18283,Cash on Delivery
20063,48491,Cash on Delivery
6492,33218,Credit Card
19104,30720,Cash on Delivery
14569,5977,GCash
15858,45617,Credit Card
26268,43584,GCash
25894,24087,Credit Card
20325,21688,Credit Card
11800,8548,Credit Card
2448,27664,GCash
4364,2270,Credit Card
9496,14603,Cash on Delivery
7879,10747,GCash
1105,25244,Cash on Delivery
20380,9115,GCash
12882,18418,GCash
6747,18491,Cash on Delivery
3261,5541,GCash
17642,24488,GCash
27703,47358,Cash on Delivery
8652,40028,Cash on Delivery
1788,24182,Credit Card
20842,30608,GCash
12062,29928,Credit Card
18374,43796,Credit Card
26591,8142,Credit Card
9623,25874,Cash on Delivery
19065,28198,Credit Card
21649,47998,Credit Card
6248,27969,Credit Card
27854,8202,GCash
16939,37859,GCash
3494,8528,GCash
29819,7718,Cash on Delivery
29831,32428,Credit Card
27440,48783,Cash on Delivery
18514,1518,Cash on Delivery
29331,2603,GCash
13372,32167,GCash
7239,24700,GCash
105,40937,GCash
4459,8333,Credit Card
10463,13729,GCash
25474,19262,Cash on Delivery
14724,42451,GCash
15641,42470,GCash
9249,17977,Cash on Delivery
1711,29328,Credit Card
27189,3099,GCash
3004,31331,GCash
12681,10168,GCash
10634,29626,Cash on Delivery
5352,47335,Credit Card
19146,26426,Cash on Delivery
9979,30686,Cash on Delivery
8115,21800,Cash on Delivery
13792,18924,Cash on Delivery
7473,25282,Cash on Delivery
22597,7628,Cash on Delivery
27529,37106,Cash on Delivery
26585,49649,GCash
9155,48470,GCash
26760,43622,Cash on Delivery
29395,21669,Credit Card
3534,13644,Credit Card
24863,49435,GCash
4729,27113,Credit Card
9015,9383,Credit Card
20876,1010,Credit Card
15149,49099,GCash
9607,11397,GCash
5222,20859,Credit Card
28028,40456,Cash on Delivery
18673,42316,GCash
23392,46082,Credit Card
17279,29429,Cash on Delivery
18160,40696,Credit Card
11648,43998,Credit Card
6119,45609,GCash
24699,15980,Cash on Delivery
17238,12795,GCash
15809,15174,Credit Card
14983,19581,Cash on Delivery
8983,1943,Credit Card
2025,3620,Credit Card
9780,49727,Cash on Delivery
21156,4421,GCash
8142,6601,GCash
23509,21011,Cash on Delivery
23617,3699,Credit Card
8781,31088,Cash on Delivery
24376,29862,Credit Card
20318,46488,Cash on Delivery
822,23657,Credit Card
16770,39321,Credit Card
23478,44963,Cash on Delivery
2842,7547,Cash on Delivery
11290,16558,GCash
22022,20513,Credit Card
22426,35461,GCash
25668,15638,GCash
18197,32410,Credit Card
9641,20115,Credit Card
4743,9910,GCash
6378,26362,GCash
26035,919,GCash
13413,23536,Cash on Delivery
16126,22948,Cash on Delivery
19511,28392,Credit Card
16733,16458,GCash
6682,17617,Cash on Delivery
19298,2784,GCash
25556,28884,GCash
26053,14782,GCash
20217,3590,Credit Card
28838,40523,Cash on Delivery
23579,34560,GCash
16018,7839,Cash on Delivery
29297,44932,Credit Card
6915,45459,Cash on Delivery
19383,10068,Credit Card
23324,21527,Credit Card
29428,14021,GCash
11920,8616,Credit Card
29058,46990,Cash on Delivery
18987,17864,Credit Card
3449,40318,Cash on Delivery
16597,38575,Credit Card
11194,33749,Cash on Delivery
14743,31819,Cash on Delivery
21028,10936,GCash
2114,9832,GCash
22982,45594,GCash
4996,32952,Credit Card
20792,33445,Cash on Delivery
397,22314,GCash
18065,3366,Credit Card
23235,18567,Credit Card
12021,46078,Cash on Delivery
26054,4347,Credit Card
7992,2059,GCash
8558,45031,Credit Card
2561,28335,GCash
1141,9870,Cash on Delivery
26895,23250,Cash on Delivery
1054,9603,GCash
27987,47632,Credit Card
8651,41541,GCash
779,11639,Credit Card
24345,22924,Cash on Delivery
8284,20474,Cash on Delivery
4738,34211,Credit Card
22638,24492,Credit Card
15177,22993,Credit Card
10713,42860,Credit Card
24521,7849,GCash
19281,18285,Credit Card
9591,37729,Credit Card
8920,10653,Cash on Delivery
15991,1303,Credit Card
14941,14166,GCash
16969,19171,Cash on Delivery
25868,33194,Credit Card
944,10276,GCash
6666,8648,Cash on Delivery
10441,8965,GCash
15866,49257,GCash
655,23965,Credit Card
14720,42310,Credit Card
19017,12594,GCash
15489,12913,GCash
20819,2971,GCash
2953,16474,Credit Card
28490,28913,Cash on Delivery
23268,5258,Credit Card
4075,23155,Cash on Delivery
5747,3053,Cash on Delivery
3597,2863,GCash
28296,2610,Cash on Delivery
29857,7076,GCash
28498,31647,Credit Card
7272,27657,GCash
23862,29090,Credit Card
23177,17259,GCash
8752,13078,Credit Card
20279,38350,Cash on Delivery
10273,15869,GCash
23834,32287,Cash on Delivery
27956,160,GCash
9556,21135,Cash on Delivery
23968,44314,Cash on Delivery
5822,34433,Credit Card
24454,39904,Cash on Delivery
16140,36731,Credit Card
7783,35231,Credit Card
15670,43137,Cash on Delivery
18393,12038,Cash on Delivery
8508,15822,GCash
18120,37661,Cash on Delivery
3760,22919,Credit Card
18212,1721,Cash on Delivery
8120,40208,GCash
3680,15813,GCash
6892,34009,Credit Card
13425,37392,GCash
26778,22167,Cash on Delivery
6127,9891,Cash on Delivery
19982,16567,Cash on Delivery
23401,28299,GCash
4186,4818,Credit Card
14431,8902,Cash on Delivery
4541,33475,Credit Card
25451,4594,Credit Card
13073,48511,Cash on Delivery
27351,38427,Credit Card
2183,6744,Credit Card
8395,19463,Credit Card
975,13661,GCash
13625,12051,Cash on Delivery
25720,11746,Credit Card
28183,7699,Credit Card
17742,24485,Cash on Delivery
2118,37338,Cash on Delivery
6983,32302,Credit Card
26520,33969,GCash
10296,45705,GCash
7722,10107,Credit Card
29595,46333,Credit Card
24588,43181,Credit Card
17125,37924,Cash on Delivery
13959,22705,Cash on Delivery
6498,7284,GCash
18720,24711,Credit Card
21380,49472,Credit Card
12252,21697,GCash
16983,1457,GCash
3317,32407,Credit Card
15928,35501,Credit Card
23529,22475,GCash
23588,22133,Cash on Delivery
18191,44234,GCash
15543,10485,Cash on Delivery
24331,5583,Credit Card
24653,19235,GCash
5985,18486,Cash on Delivery
7109,9958,Cash on Delivery
23559,18584,GCash
19152,8923,GCash
23934,38339,Credit Card
1056,29918,Credit Card
20378,34846,Cash on Delivery
23162,20288,Cash on Delivery
21384,4369,GCash
125,48457,Cash on Delivery
5438,29400,Cash on Delivery
12419,48139,Credit Card
16925,16803,Cash on Delivery
18115,3190,Cash on Delivery
20807,32511,Credit Card
8551,5991,Credit Card
13587,34455,Credit Card
25664,34519,Cash on Delivery
27846,30559,GCash
17110,16062,Cash on Delivery
25838,19492,Cash on Delivery
21800,35927,GCash
16848,21314,Cash on Delivery
20855,37070,Cash on Delivery
16765,20291,GCash
4841,41823,Credit Card
10008,12168,GCash
6823,8487,Cash on Delivery
9986,35812,Credit Card
15371,32599,Credit Card
1442,24213,Cash on Delivery
27107,6295,Credit Card
4701,2772,Credit Card
9378,35555,Credit Card
7138,16437,GCash
8608,25679,GCash
13840,14685,Credit Card
15640,29838,Cash on Delivery
18986,19070,GCash
9077,11790,GCash
12953,26242,GCash
5543,47655,Credit Card
28861,23012,GCash
18458,36445,Credit Card
21754,9355,GCash
2100,8888,GCash
22055,31211,Credit Card
27656,12590,GCash
23277,28955,Credit Card
3857,28964,Cash on Delivery
2263,48797,Cash on Delivery
7752,39171,GCash
2955,45719,Credit Card
21140,36933,Credit Card
21552,46099,GCash
17680,1576,Cash on Delivery
15722,13480,GCash
7051,29628,Credit Card
4207,21964,Cash on Delivery
9481,5589,Credit Card
25764,45993,GCash
16664,17530,GCash
22140,39120,GCash
18385,26761,Credit Card
11685,10326,Credit Card
26332,48019,Cash on Delivery
2761,8322,Credit Card
24839,18664,Credit Card
1016,23687,GCash
21186,4100,Cash on Delivery
2184,25656,GCash
14100,44743,GCash
17786,755,GCash
20854,3198,Cash on Delivery
5741,32462,Credit Card
9324,42811,Credit Card
24843,36003,Cash on Delivery
8019,40493,GCash
23569,23691,GCash
24793,45808,Credit Card
547,10774,Credit Card
25745,28825,Credit Card
8864,35135,Cash on Delivery
10751,3225,GCash
17533,28349,Credit Card
17798,39024,GCash
13592,28896,GCash
26410,38087,GCash
13774,25855,Cash on Delivery
13881,39146,GCash
20827,29712,Cash on Delivery
495,49446,Cash on Delivery
10421,38699,Credit Card
1727,15321,Credit Card
28175,48097,GCash
17530,46437,Credit Card
6300,21010,Credit Card
41,46985,GCash
12531,35188,Credit Card
1977,115,Cash on Delivery
2430,25520,GCash
28540,28400,Credit Card
17320,46782,Cash on Delivery
4816,25452,Cash on Delivery
20603,32233,Credit Card
25572,49946,Credit Card
27615,14595,Cash on Delivery
5245,23473,Cash on Delivery
13189,39969,GCash
10094,28398,Credit Card
15914,2146,Credit Card
7271,45937,Cash on Delivery
13451,9832,GCash
23806,5750,Cash on Delivery
19948,21082,Cash on Delivery
5649,19033,Cash on Delivery
24111,5568,Credit Card
2713,33347,GCash
9628,6901,GCash
21770,17870,GCash
12487,32162,GCash
20626,10810,GCash
25486,34268,GCash
22558,38037,Cash on Delivery
10722,37599,GCash
17512,43664,GCash
17464,25161,Credit Card
4873,31219,Credit Card
16062,3595,GCash
14331,13403,Credit Card
3062,8747,Cash on Delivery
10845,5883,Cash on Delivery
20222,13121,Credit Card
3648,37866,Credit Card
10755,319,Credit Card
677,19238,Cash on Delivery
19837,37131,Cash on Delivery
13780,16316,GCash
26159,38295,Cash on Delivery
6229,30828,Cash on Delivery
6513,8763,GCash
19245,49182,Cash on Delivery
4310,33336,GCash
26844,26092,Cash on Delivery
18230,40439,Cash on Delivery
11026,9002,Credit Card
3986,31064,Credit Card
11806,20515,Cash on Delivery
2517,46128,GCash
17601,9594,GCash
28513,28465,GCash
10220,14432,Cash on Delivery
3894,42549,GCash
5606,8776,GCash
13937,43520,Cash on Delivery
23678,42320,Cash on Delivery
12372,19286,Credit Card
20693,11971,Cash on Delivery
27666,28954,Cash on Delivery
11833,30527,Credit Card
4391,16856,Credit Card
22380,46333,Cash on Delivery
8738,17668,Cash on Delivery
16613,21621,Credit Card
28818,116,Credit Card
14076,27561,Cash on Delivery
16141,14621,Credit Card
11913,16685,Cash on Delivery
15845,4995,Cash on Delivery
25005,38238,Credit Card
9622,23628,Cash on Delivery
20412,15512,Cash on Delivery
726,19042,GCash
3404,43768,GCash
7180,7015,Credit Card
6050,24993,GCash
16118,40218,Cash on Delivery
1500,45590,Credit Card
22084,15733,GCash
5865,18760,Credit Card
1414,28549,Credit Card
3680,18229,GCash
26502,11846,Cash on Delivery
1174,32301,Credit Card
11155,25773,Credit Card
9575,31445,Credit Card
8483,6956,Cash on Delivery
10626,23346,GCash
5012,49782,GCash
10843,29850,Cash on Delivery
20451,36215,Cash on Delivery
19111,28936,GCash
24265,39011,GCash
20179,14643,GCash
13423,38440,Cash on Delivery
11144,24981,Credit Card
26392,49065,GCash
17712,24947,GCash
2498,22933,Cash on Delivery
7296,44248,Cash on Delivery
5998,36528,Credit Card
12447,47048,Credit Card
8261,47656,Cash on Delivery
3874,12244,GCash
15501,18151,Cash on Delivery
28530,11056,Cash on Delivery
233,14924,Cash on Delivery
28677,10042,GCash
19975,19673,Cash on Delivery
27586,30502,GCash
16921,22653,GCash
24250,3378,GCash
17426,40582,Cash on Delivery
28767,36681,Credit Card
578,40629,Cash on Delivery
17096,38806,Credit Card
14144,40306,GCash
26128,19246,Credit Card
5924,37937,Credit Card
15978,27957,Credit Card
15675,38008,Cash on Delivery
3016,41363,Credit Card
25732,32050,Cash on Delivery
11265,7809,Cash on Delivery
26768,23936,Cash on Delivery
7286,35917,Cash on Delivery
15964,36841,Cash on Delivery
14285,45009,Cash on Delivery
13495,18292,Cash on Delivery
27507,21084,GCash
19812,38033,GCash
23854,25302,Credit Card
20895,3252,GCash
13175,12181,GCash
22085,48223,GCash
24328,49749,GCash
13074,37767,Cash on Delivery
22159,44620,Credit Card
17020,38360,Credit Card
1273,1466,Credit Card
26855,23382,Credit Card
18601,4766,Credit Card
9110,20071,Cash on Delivery
12431,24159,Credit Card
3001,8308,GCash
24203,16482,Cash on Delivery
7985,25367,GCash
20933,18527,Credit Card
25674,34505,Credit Card
18709,3865,Cash on Delivery
13048,13188,Cash on Delivery
15781,33666,Credit Card
17798,12455,Credit Card
28211,11881,GCash
22176,27977,Cash on Delivery
1011,42316,Cash on Delivery
22465,26429,Credit Card
27521,41156,GCash
20202,25347,Cash on Delivery
11525,7253,Cash on Delivery
2573,44289,Cash on Delivery
21037,17563,Cash on Delivery
26744,39263,Credit Card
9815,7958,Credit Card
5827,27240,Credit Card
10216,23478,Credit Card
24954,950,Cash on Delivery
8923,43729,Credit Card
6991,44689,Credit Card
17648,19921,GCash
25379,19331,Cash on Delivery
28129,24727,Credit Card
2385,29192,Cash on Delivery
21173,46947,Credit Card
18854,25088,GCash
16042,22573,Credit Card
27524,42413,GCash
72,22374,Cash on Delivery
13829,11686,Credit Card
12202,40089,Cash on Delivery
22994,18822,Cash on Delivery
7324,12800,Cash on Delivery
10752,42805,Credit Card
7749,30033,GCash
3140,41459,Credit Card
7953,20451,Cash on Delivery
15250,24124,Credit Card
20796,24239,Cash on Delivery
10479,45215,GCash
560,16981,Credit Card
14206,34092,Cash on Delivery
21258,27320,Credit Card
3486,8867,Credit Card
15454,32429,GCash
27206,11097,Credit Card
22451,49986,Credit Card
13113,6795,Credit Card
11922,7957,Credit Card
9108,39674,Credit Card
27824,4261,Credit Card
13201,18871,Cash on Delivery
18994,6147,Credit Card
19392,41978,Credit Card
12461,13043,Cash on Delivery
10351,46296,Cash on Delivery
12084,37669,Cash on Delivery
21370,28733,Cash on Delivery
27789,2375,Credit Card
15995,33186,GCash
27227,26196,GCash
21650,15320,Credit Card
9147,28844,Credit Card
13857,22799,GCash
29240,45367,GCash
1300,17031,Cash on Delivery
83,30717,Credit Card
22153,1664,Credit Card
17118,10558,Cash on Delivery
14570,35747,GCash
25425,25087,Cash on Delivery
15938,35360,Cash on Delivery
29362,49734,Credit Card
23271,24908,Cash on Delivery
10715,20590,Cash on Delivery
17199,40707,GCash
17983,35889,GCash
21916,21066,Cash on Delivery
29808,19954,Cash on Delivery
4811,20745,GCash
27919,35621,Cash on Delivery
1822,9438,Credit Card
2809,21115,GCash
10190,42061,Credit Card
9529,40373,Credit Card
11750,41506,Credit Card
696,15414,GCash
5615,12317,GCash
17896,40996,Credit Card
10657,11080,GCash
14020,13610,Cash on Delivery
25079,13767,Credit Card
26347,28796,Cash on Delivery
214,22305,GCash
13313,19465,Credit Card
855,184,GCash
17929,8028,Cash on Delivery
20376,3269,Credit Card
5880,10578,GCash
4227,6863,GCash
8187,12995,GCash
26080,3590,Cash on Delivery
8191,47305,Credit Card
16554,49173,GCash
26420,44420,Credit Card
1881,12683,GCash
19521,39145,GCash
19498,17574,Credit Card
9091,9666,GCash
25136,31958,Credit Card
29427,34585,Credit Card
3905,43762,Credit Card
7186,42604,Credit Card
24648,29523,Credit Card
29165,19896,GCash
12931,13995,Credit Card
4375,36214,GCash
19721,42741,Cash on Delivery
29448,8891,Cash on Delivery
21041,7453,GCash
9689,45296,Cash on Delivery
16892,20960,Cash on Delivery
3559,29928,Cash on Delivery
26625,41968,Credit Card
10761,6326,Credit Card
477,36713,GCash
26711,32711,Credit Card
27586,49860,Cash on Delivery
3430,42585,Cash on Delivery
7505,29983,GCash
9466,48682,Credit Card
16811,30070,GCash
18022,42830,Cash on Delivery
15137,11047,GCash
8932,44708,Credit Card
21765,15128,GCash
9829,17269,GCash
6064,6836,GCash
25259,16566,Cash on Delivery
18761,15772,Cash on Delivery
25075,34676,Credit Card
5710,20338,Cash on Delivery
9943,45064,Cash on Delivery
19704,2317,Credit Card
7080,27717,Credit Card
26394,42239,Cash on Delivery
14876,30670,Credit Card
1830,4982,Cash on Delivery
24444,16371,Credit Card
19882,27804,GCash
5599,27677,Credit Card
10743,12856,GCash
20145,8384,Credit Card
17031,9492,Credit Card
4952,40666,Cash on Delivery
28680,22215,Cash on Delivery
20414,10020,Credit Card
23003,12337,Credit Card
18657,19351,Credit Card
7766,14558,Credit Card
671,5612,Cash on Delivery
7941,43767,Credit Card
29650,4311,GCash
24065,49037,Cash on Delivery
27122,13073,GCash
23470,28209,Credit Card
14938,5133,GCash
15818,29242,Credit Card
3056,14189,GCash
27977,25355,Cash on Delivery
13843,36891,Credit Card
7827,44600,Credit Card
26233,6583,Cash on Delivery
13061,36572,Credit Card
3362,6390,GCash
10851,32780,Cash on Delivery
18382,21096,Cash on Delivery
17875,6511,GCash
6892,47404,Cash on Delivery
23190,47190,Cash on Delivery
29127,41750,Credit Card
8839,17029,Credit Card
10233,19120,Cash on Delivery
19031,7340,GCash
18387,12073,Credit Card
29669,34389,Cash on Delivery
12332,32290,Credit Card
12068,9420,Cash on Delivery
17114,41508,Cash on Delivery
4130,4863,Cash on Delivery
26906,14387,Credit Card
22019,7725,GCash
8205,32445,Credit Card
18844,34150,Cash on Delivery
29597,27007,Cash on Delivery
23793,28685,Credit Card
16862,35849,GCash
10165,33752,Cash on Delivery
9875,3115,Cash on Delivery
22459,25841,Cash on Delivery
19099,14205,Credit Card
27042,24744,GCash
2319,1060,GCash
13444,12952,Credit Card
2967,20862,Credit Card
10295,7015,GCash
6160,37936,GCash
9287,43443,Cash on Delivery
21392,34149,Credit Card
3642,30825,GCash
10800,48959,Credit Card
17312,23481,GCash
21439,10066,Cash on Delivery
23829,39771,Credit Card
29002,12373,GCash
1636,18729,Credit Card
28471,44506,Credit Card
21874,17518,Credit Card
4011,39951,GCash
24625,16435,Cash on Delivery
18408,28390,Cash on Delivery
7472,48329,GCash
2238,36461,Credit Card
4533,23829,Cash on Delivery
28243,20816,Cash on Delivery
20580,31103,GCash
20160,27155,Credit Card
25694,48759,Credit Card
17599,12845,GCash
11237,427,GCash
2125,18660,GCash
16383,29461,Credit Card
15749,41388,GCash
18168,37613,GCash
10435,18621,Cash on Delivery
3418,8543,Cash on Delivery
18830,15247,Credit Card
12043,17484,Credit Card
21612,40115,Credit Card
24047,27602,Credit Card
18035,9200,GCash
27877,16811,Cash on Delivery
16163,24381,Cash on Delivery
15776,37714,Credit Card
98,940,Credit Card
17827,40273,Cash on Delivery
19202,20819,Cash on Delivery
15825,31379,GCash
4341,8983,Cash on Delivery
24308,25888,Credit Card
24456,15368,GCash
27637,45993,Cash on Delivery
28443,44225,Cash on Delivery
16627,18168,GCash
9911,25011,GCash
4731,24580,Cash on Delivery
25349,25729,Cash on Delivery
6106,44712,Cash on Delivery
11209,17428,Cash on Delivery
15951,13308,Cash on Delivery
9619,15391,Credit Card
1342,29049,Cash on Delivery
21492,26671,Credit Card
24572,5139,Cash on Delivery
12574,37868,Credit Card
29270,32705,GCash
10145,25337,GCash
1765,37683,Credit Card
14654,39336,GCash
21124,25663,GCash
2644,33232,GCash
2483,34315,GCash
12648,6155,Cash on Delivery
4612,38014,Credit Card
22700,47179,GCash
9277,33698,Cash on Delivery
3821,18307,Credit Card
7641,28441,Credit Card
26803,45139,Cash on Delivery
10312,15291,Cash on Delivery
21383,14150,GCash
27503,19484,Credit Card
7863,2319,Credit Card
29486,2468,Cash on Delivery
14915,17443,Cash on Delivery
16558,28455,GCash
15639,18662,Cash on Delivery
18010,40847,Cash on Delivery
3061,40302,GCash
16861,23900,Cash on Delivery
516,45709,GCash
13528,1702,Credit Card
19499,38842,GCash
6749,21368,GCash
16155,7771,Cash on Delivery
20746,19893,GCash
17018,23415,Credit Card
21296,47726,Cash on Delivery
23005,2804,GCash
835,8159,Credit Card
22650,47412,Cash on Delivery
21461,13938,Cash on Delivery
22098,6716,Credit Card
27636,32670,GCash
16567,30917,Credit Card
25545,38224,Cash on Delivery
25392,9730,Credit Card
19813,5614,Cash on Delivery
7495,47364,Credit Card
24330,26185,Cash on Delivery
6678,509,Credit Card
22839,9105,Cash on Delivery
7169,6953,Credit Card
27665,27804,GCash
28765,49399,GCash
11363,33234,GCash
9192,36190,GCash
20695,47174,GCash
3932,48866,GCash
19835,30188,Cash on Delivery
27240,31728,GCash
15858,31388,GCash
24774,42177,GCash
26325,36585,Cash on Delivery
27167,31665,Credit Card
29570,34844,GCash
6557,5536,Cash on Delivery
23662,39512,GCash
10881,37879,GCash
28088,16353,Cash on Delivery
15820,8798,Cash on Delivery
29869,27462,GCash
4933,16209,GCash
24664,40940,GCash
7999,38510,Credit Card
27255,21939,Cash on Delivery
4915,26231,Cash on Delivery
10508,47684,Cash on Delivery
1172,23757,Cash on Delivery
20271,32964,GCash
7864,47290,Cash on Delivery
5528,1996,Cash on Delivery
16029,24899,Cash on Delivery
14974,6558,Cash on Delivery
13239,23170,GCash
17412,26728,Cash on Delivery
9594,1682,Credit Card
11447,34545,Credit Card
22373,39905,Credit Card
4892,26063,GCash
26333,8018,Cash on Delivery
19506,48852,Cash on Delivery
192,27469,GCash
13561,5826,GCash
21046,40282,Credit Card
25846,6692,GCash
29701,24916,Credit Card
8458,37973,Cash on Delivery
17302,47354,GCash
17431,41457,Credit Card
10784,46942,Cash on Delivery
11784,38123,Credit Card
10778,2133,Cash on Delivery
18474,1543,Credit Card
29594,2722,Credit Card
19917,4028,GCash
7850,30753,GCash
27093,21289,Cash on Delivery
25409,41947,Credit Card
12975,8374,Cash on Delivery
6470,30003,Credit Card
17546,1712,Cash on Delivery
13611,17848,Credit Card
19812,48229,Cash on Delivery
17162,49455,Credit Card
14609,11692,Cash on Delivery
23775,43838,Cash on Delivery
16553,43396,Credit Card
23739,46108,Credit Card
29804,38520,GCash
26560,12200,Credit Card
17129,758,Credit Card
9800,9540,Credit Card
13555,34081,Credit Card
414,36632,Cash on Delivery
25842,26737,Cash on Delivery
6979,29445,Credit Card
5983,19610,Credit Card
24413,46160,Cash on Delivery
27141,3421,GCash
13608,7558,Credit Card
9501,30680,GCash
20049,42281,Cash on Delivery
28010,44478,GCash
10547,32687,Credit Card
2378,24851,Cash on Delivery
25558,28879,Credit Card
12377,40786,Cash on Delivery
29935,44966,Cash on Delivery
25740,48171,Cash on Delivery
20823,39710,Credit Card
21001,20111,Cash on Delivery
34,27199,Cash on Delivery
24789,2104,Cash on Delivery
5277,17160,GCash
16650,40212,Credit Card
5949,34347,GCash
7232,46509,GCash
20682,49424,Credit Card
29121,4896,Cash on Delivery
9861,9835,GCash
7423,27711,GCash
9504,9862,Cash on Delivery
21308,44180,Credit Card
3431,15336,Cash on Delivery
22742,18145,Cash on Delivery
11981,8184,GCash
19323,42290,GCash
1703,44299,GCash
25855,33079,GCash
29512,37695,Cash on Delivery
22805,353,GCash
4063,4659,GCash
29133,39923,GCash
29587,48174,GCash
22858,8238,Credit Card
7176,39593,Cash on Delivery
4566,1694,GCash
1787,36464,Credit Card
23198,13668,Cash on Delivery
24454,4972,Credit Card
2236,38753,Credit Card
21940,32297,GCash
7016,9626,Cash on Delivery
16641,8400,Cash on Delivery
1917,45649,GCash
22017,3677,Credit Card
3883,28969,Cash on Delivery
21558,49499,GCash
2737,8578,GCash
3017,34182,GCash
18977,3473,GCash
25405,19036,Cash on Delivery
3664,13361,GCash
26366,33367,Cash on Delivery
318,48800,Cash on Delivery
26044,43348,GCash
29857,36565,Cash on Delivery
14815,22665,Cash on Delivery
5100,47823,Cash on Delivery
26078,16221,Cash on Delivery
10861,36360,Cash on Delivery
19700,46940,Cash on Delivery
8729,30819,GCash
23026,23859,GCash
15091,33228,Credit Card
28337,23982,Credit Card
1765,26470,Credit Card
3604,10835,Credit Card
2257,18465,Credit Card
27018,46560,Cash on Delivery
27582,48115,Credit Card
11416,6057,Credit Card
14418,47235,Credit Card
18794,24110,GCash
21126,22770,Cash on Delivery
8173,25524,Credit Card
28562,40816,Cash on Delivery
14690,43002,Cash on Delivery
20003,2571,Cash on Delivery
513,9770,Credit Card
14926,30926,GCash
27442,21461,GCash
24068,4927,GCash
26538,354,Credit Card
25123,15427,GCash
10874,19392,Credit Card
29822,22322,GCash
27120,42983,Credit Card
7395,4347,Cash on Delivery
15039,5613,Cash on Delivery
876,33765,Cash on Delivery
7841,8216,Credit Card
12917,28772,GCash
17689,6955,Credit Card
9167,45684,Cash on Delivery
193,10090,GCash
3404,46004,Credit Card
5662,45907,GCash
14221,28918,Cash on Delivery
25543,9497,Cash on Delivery
6579,15008,Cash on Delivery
28736,2960,GCash
16928,2981,GCash
21676,48267,GCash
25481,2161,GCash
6093,45884,Cash on Delivery
17084,48206,Cash on Delivery
26703,43291,GCash
3267,30832,GCash
24910,31030,Credit Card
2063,11071,Credit Card
28206,1699,Credit Card
2981,6140,GCash
18462,29721,Credit Card
25210,32434,Cash on Delivery
29393,44324,Cash on Delivery
1570,8911,Credit Card
1840,42587,GCash
19353,25877,GCash
19263,40425,Cash on Delivery
28319,17858,GCash
9242,27472,Cash on Delivery
9936,19758,Credit Card
10228,17855,GCash
7780,1239,GCash
21718,47287,Cash on Delivery
26869,10552,GCash
24472,7145,Cash on Delivery
17605,30905,Cash on Delivery
18509,15089,GCash
26300,22521,GCash
20827,21161,Cash on Delivery
12692,47976,GCash
10530,41417,Credit Card
710,12012,Credit Card
12888,7879,Cash on Delivery
7662,40265,GCash
19013,35082,Cash on Delivery
15805,37290,Cash on Delivery
23547,40520,GCash
5950,13788,Credit Card
8798,34224,Credit Card
18712,13657,GCash
893,3839,Cash on Delivery
15818,36649,Cash on Delivery
9790,8010,GCash
17759,48304,Credit Card
20050,17674,Credit Card
19668,39277,Cash on Delivery
978,32075,GCash
25257,33089,GCash
24782,32234,Cash on Delivery
27907,26530,Cash on Delivery
18478,32576,Credit Card
16287,20131,Credit Card
15643,27933,Cash on Delivery
14701,32548,Cash on Delivery
24378,44910,Cash on Delivery
20326,31711,GCash
10427,17408,Credit Card
3776,15823,Cash on Delivery
1321,21593,Cash on Delivery
5455,38281,Cash on Delivery
18486,41678,GCash
4376,25628,GCash
5466,40598,Credit Card
24681,10240,Credit Card
12828,37819,Cash on Delivery
5382,5389,Cash on Delivery
15080,1617,Cash on Delivery
4477,23457,GCash
21606,10071,Credit Card
25780,19218,GCash
27526,2415,GCash
27808,16991,Credit Card
18377,47119,Credit Card
2291,39393,GCash
18071,40508,Credit Card
20745,1823,Cash on Delivery
9579,2744,Cash on Delivery
16957,46658,Cash on Delivery
9349,18933,Credit Card
14058,32835,Cash on Delivery
17028,12360,Cash on Delivery
4059,22029,Credit Card
6927,12257,GCash
26695,8544,Credit Card
17217,35625,GCash
25822,7833,Credit Card
23363,14481,GCash
28558,40478,Cash on Delivery
20963,22663,Cash on Delivery
1873,36640,GCash
16040,11467,Credit Card
10005,39931,Cash on Delivery
12960,41231,GCash
21781,47117,GCash
10232,34697,GCash
6356,663,Cash on Delivery
25388,5339,Cash on Delivery
7026,25613,Cash on Delivery
4950,23450,Credit Card
13860,47624,Credit Card
13531,18633,Cash on Delivery
23945,45949,Cash on Delivery
17757,1133,Credit Card
27918,34461,Credit Card
2247,19673,GCash
25946,21583,Cash on Delivery
20144,47692,Credit Card
1285,20678,Credit Card
4443,19733,Credit Card
18104,49329,Cash on Delivery
22161,19710,Cash on Delivery
4740,40377,GCash
29071,13079,Credit Card
19596,1165,Cash on Delivery
6022,38672,Credit Card
1754,9111,Credit Card
7549,14550,Credit Card
8768,21242,Cash on Delivery
5586,21291,Cash on Delivery
24019,47632,Cash on Delivery
5934,14750,Credit Card
19722,25880,Cash on Delivery
22311,41905,GCash
25644,14835,GCash
19209,35858,Credit Card
2330,13301,Cash on Delivery
8402,13873,Cash on Delivery
14298,18260,Credit Card
24373,44372,Credit Card
13173,44170,Credit Card
7234,32269,GCash
7916,38131,Cash on Delivery
14535,9892,Cash on Delivery
2651,12046,Cash on Delivery
23418,8610,Cash on Delivery
27516,6312,Cash on Delivery
12468,11375,Cash on Delivery
9434,39491,Cash on Delivery
14790,29028,GCash
5350,3564,GCash
11430,41248,Credit Card
13275,27385,Credit Card
27984,24800,Credit Card
9883,26397,Cash on Delivery
29918,28316,Credit Card
2779,10508,Credit Card
6294,4906,Credit Card
13352,23580,GCash
12216,15711,Credit Card
23653,36694,GCash
22986,36025,Cash on Delivery
5436,21416,Cash on Delivery
15493,34166,Credit Card
23205,49977,GCash
25212,30670,Cash on Delivery
12136,5342,GCash
5057,37269,GCash
22868,12705,Cash on Delivery
15964,4136,GCash
11883,35382,Credit Card
22183,18452,GCash
16172,24264,GCash
11,34413,Cash on Delivery
19355,25099,Credit Card
21609,2641,Cash on Delivery
3311,9625,GCash
8041,18174,Cash on Delivery
11938,22416,GCash
28888,20568,Cash on Delivery
18083,6676,Cash on Delivery
3040,46672,Credit Card
515,9372,Credit Card
8059,526,Cash on Delivery
6851,20280,Cash on Delivery
27640,31073,GCash
8979,3739,Credit Card
9141,36506,Credit Card
15987,9299,GCash
9821,16475,GCash
8079,22882,Credit Card
6734,5786,Cash on Delivery
21077,27123,Credit Card
9129,48330,Cash on Delivery
7156,46991,GCash
16646,31184,Credit Card
12742,42576,Credit Card
21608,4425,GCash
6042,4305,GCash
10226,14972,GCash
29070,23916,Cash on Delivery
19543,28241,Cash on Delivery
586,25942,GCash
10975,24317,GCash
26232,3185,Cash on Delivery
9412,3622,GCash
28568,8923,Credit Card
24402,45812,GCash
4473,24543,GCash
2873,15816,GCash
3144,30976,Credit Card
1520,34241,GCash
28661,9955,Cash on Delivery
14160,34666,Cash on Delivery
25242,19393,Credit Card
14506,26585,Cash on Delivery
24411,16650,GCash
18925,4224,GCash
23963,11621,Cash on Delivery
23099,14793,Cash on Delivery
5993,28328,Credit Card
28196,23046,Cash on Delivery
13447,9401,GCash
25042,7975,Cash on Delivery
29909,6386,Cash on Delivery
2118,11155,GCash
5110,2771,Credit Card
5956,42606,Cash on Delivery
18110,41877,GCash
28609,8100,Cash on Delivery
15118,45503,Credit Card
25661,23764,Credit Card
26052,3999,Cash on Delivery
6866,30519,Cash on Delivery
6499,5417,Credit Card
8769,21875,Credit Card
23477,11381,Cash on Delivery
9018,10945,Credit Card
27194,30849,Credit Card
7238,33036,GCash
20505,43723,GCash
14471,24368,GCash
1717,5600,Credit Card
23297,3197,GCash
29742,16730,Credit Card
924,28208,GCash
25375,49727,Credit Card
27041,36194,GCash
14791,49198,GCash
15809,32717,GCash
26463,34938,Credit Card
29979,37633,GCash
18812,28859,Credit Card
15987,18757,Credit Card
11611,8905,Cash on Delivery
19660,30535,GCash
11556,33635,Cash on Delivery
8804,27538,Credit Card
6596,25811,Credit Card
12616,35674,GCash
12425,13154,Credit Card
27185,48735,Credit Card
20974,19826,Credit Card
14505,10767,GCash
24235,14849,Credit Card
382,33481,Cash on Delivery
6179,49208,Credit Card
4253,41234,Credit Card
13294,32965,Cash on Delivery
2534,33213,GCash
28576,29429,Cash on Delivery
13062,7086,Cash on Delivery
9866,29393,Cash on Delivery
4114,44348,Credit Card
25221,31502,GCash
10146,46967,GCash
21808,12264,Cash on Delivery
22237,43287,Cash on Delivery
22398,3052,Cash on Delivery
8259,9651,Cash on Delivery
15602,15205,Credit Card
28572,35310,Credit Card
21023,17056,GCash
14547,3990,Credit Card
23071,2868,GCash
27156,16185,GCash
12860,47495,Credit Card
3029,7339,Cash on Delivery
12494,29976,GCash
6888,44251,Credit Card
24719,5996,Cash on Delivery
14434,24376,Cash on Delivery
5923,22251,GCash
2634,21634,GCash
13612,8334,Cash on Delivery
13147,42861,Cash on Delivery
19205,9355,Cash on Delivery
4732,19652,Credit Card
21682,33222,Credit Card
5107,28319,GCash
2342,47101,Cash on Delivery
19075,17028,Cash on Delivery
15561,4275,Credit Card
9094,26412,GCash
86,7080,GCash
5362,13788,Cash on Delivery
23983,17176,Credit Card
28659,25947,Cash on Delivery
966,42700,GCash
13674,2286,Cash on Delivery
25598,10909,GCash
28108,45806,GCash
4078,13116,Credit Card
608,34296,Cash on Delivery
21744,33533,GCash
21681,30274,Credit Card
3401,22989,GCash
4625,14410,Cash on Delivery
14181,9748,Cash on Delivery
9467,45557,Credit Card
19283,44734,Cash on Delivery
16960,30828,GCash
7461,27421,Cash on Delivery
5189,11217,Credit Card
5321,19543,Cash on Delivery
8591,36740,Credit Card
18263,44373,Cash on Delivery
10582,43427,GCash
8883,1193,Cash on Delivery
22938,7350,GCash
9311,43174,Credit Card
17668,15284,GCash
26874,22209,Credit Card
606,41854,Credit Card
24652,18735,Credit Card
6167,5149,Cash on Delivery
19143,21720,Credit Card
22784,20414,Cash on Delivery
15865,8670,Cash on Delivery
13616,34192,GCash
18731,29513,GCash
3876,18749,Credit Card
25771,40263,GCash
23811,42787,GCash
11571,38977,Cash on Delivery
25940,35742,GCash
17684,24094,Credit Card
29395,17542,Credit Card
22694,10353,Cash on Delivery
10025,8366,Cash on Delivery
22852,22974,GCash
21244,518,Credit Card
27519,12125,Cash on Delivery
9871,4072,Cash on Delivery
22629,20569,Credit Card
14503,3998,Credit Card
14355,10595,Credit Card
27076,9360,Credit Card
23205,45875,Cash on Delivery
18010,33081,Cash on Delivery
769,13253,Cash on Delivery
14194,32052,Cash on Delivery
7503,30456,Cash on Delivery
25027,42525,Cash on Delivery
25236,17041,Credit Card
6568,5229,GCash
15484,11716,GCash
18545,34660,Cash on Delivery
15391,24997,Credit Card
27106,44419,Credit Card
3061,29737,Cash on Delivery
707,20011,Credit Card
8187,38508,GCash
21366,8663,Cash on Delivery
24968,3167,GCash
14079,13673,Credit Card
2971,48686,Credit Card
25415,15303,Cash on Delivery
938,9918,Cash on Delivery
7888,6041,GCash
14467,42839,GCash
21362,39089,Cash on Delivery
295,14549,Cash on Delivery
21627,26539,Credit Card
3529,4319,Credit Card
3114,21709,Cash on Delivery
23003,28047,Credit Card
18937,33032,Credit Card
13048,36556,Credit Card
9071,24743,GCash
19166,22550,Cash on Delivery
29619,42603,GCash
28143,24683,Credit Card
13295,4326,Cash on Delivery
11786,40529,Cash on Delivery
9610,17450,GCash
25663,39249,Cash on Delivery
23102,40622,GCash
3220,30281,Cash on Delivery
25291,5601,GCash
26367,19236,Credit Card
12707,42194,GCash
25551,14495,Cash on Delivery
28418,794,Cash on Delivery
17754,20672,Credit Card
9445,24881,Cash on Delivery
5572,16226,Cash on Delivery
28036,12928,Credit Card
11664,6391,Credit Card
26188,44074,Credit Card
9653,5241,Credit Card
8989,31227,GCash
11480,17084,GCash
6439,31581,GCash
19006,17728,Credit Card
25993,45802,GCash
1228,31162,Credit Card
18438,46977,GCash
19401,13738,GCash
8805,49262,GCash
29739,48168,Cash on Delivery
2855,42898,GCash
9076,28508,Cash on Delivery
25387,34297,Cash on Delivery
24660,21383,GCash
21651,32489,Cash on Delivery
23876,15656,GCash
20699,43414,GCash
7731,7467,GCash
27712,32625,Cash on Delivery
3503,37702,Credit Card
21209,12401,Credit Card
25843,7064,Credit Card
16261,6762,GCash
1973,12742,Credit Card
9059,34865,GCash
8545,8249,GCash
6876,15700,Cash on Delivery
19099,37795,GCash
19771,11065,GCash
20956,29789,Credit Card
29594,47916,Cash on Delivery
6272,37210,GCash
4824,16122,GCash
27488,12695,Cash on Delivery
14179,27749,GCash
27247,22394,GCash
6674,34025,Cash on Delivery
25252,37265,Credit Card
14006,9346,Cash on Delivery
10216,43529,Credit Card
9154,19423,GCash
24400,23518,Cash on Delivery
20025,41134,Cash on Delivery
4639,34990,Cash on Delivery
28646,28854,Cash on Delivery
23151,28914,Cash on Delivery
29139,44033,Cash on Delivery
19697,28832,Credit Card
22068,48824,Cash on Delivery
13383,3960,Cash on Delivery
23529,30209,Cash on Delivery
26227,12890,GCash
13068,35904,Cash on Delivery
8299,32064,GCash
17526,19286,Cash on Delivery
12550,34104,GCash
3120,15862,GCash
12551,31925,GCash
12985,286,GCash
10267,23416,Cash on Delivery
11138,46184,Cash on Delivery
14324,14090,GCash
7834,48267,Cash on Delivery
7344,19805,GCash
11023,37164,GCash
15078,5222,Credit Card
7850,39775,Cash on Delivery
3796,7143,Cash on Delivery
7596,39457,Cash on Delivery
11764,41778,Cash on Delivery
8122,14950,Cash on Delivery
5029,26062,GCash
3938,44745,Cash on Delivery
19653,39739,Credit Card
19730,599,GCash
20453,30125,Cash on Delivery
11373,8692,Cash on Delivery
13287,40178,GCash
5168,9053,Credit Card
4714,13729,Cash on Delivery
2553,44343,Cash on Delivery
27940,24708,Cash on Delivery
21652,36348,Cash on Delivery
8020,40754,GCash
27442,49912,Credit Card
9420,32306,Credit Card
12412,39271,Credit Card
26564,13316,GCash
9482,21409,Cash on Delivery
24462,42401,GCash
5431,24883,Cash on Delivery
9263,7072,GCash
15674,8187,GCash
2136,23218,Credit Card
13385,22336,Credit Card
2288,9956,GCash
8921,29907,Cash on Delivery
15198,15226,Credit Card
14708,29764,Cash on Delivery
24789,46405,GCash
20972,8317,GCash
26396,30971,Credit Card
16271,5724,Credit Card
5502,7874,Cash on Delivery
14338,6765,GCash
8558,13536,GCash
28540,46411,Cash on Delivery
3725,28113,Cash on Delivery
18880,38616,Credit Card
6437,43118,Credit Card
14890,39364,Credit Card
6834,15116,Cash on Delivery
11995,22555,Cash on Delivery
10247,11213,Cash on Delivery
23986,19744,Credit Card
1782,38555,Cash on Delivery
17534,28525,GCash
22378,21046,GCash
15636,20927,Credit Card
24762,31031,Cash on Delivery
5142,10083,Cash on Delivery
3486,40723,Credit Card
2739,21167,Credit Card
8033,13168,GCash
9924,20468,Credit Card
21731,35038,Cash on Delivery
8477,34039,Cash on Delivery
21146,20055,Credit Card
21185,19492,GCash
24254,21399,GCash
22033,42176,GCash
15469,8263,Cash on Delivery
27131,26532,Cash on Delivery
26766,7859,Cash on Delivery
22114,39855,Credit Card
18289,4430,Credit Card
5855,46924,Cash on Delivery
10702,44523,GCash
5743,28248,Cash on Delivery
25110,30530,Cash on Delivery
10659,28397,Credit Card
11014,37873,Cash on Delivery
11680,31061,Credit Card
22027,42010,Cash on Delivery
2908,23094,GCash
26568,10783,GCash
2216,41822,GCash
25715,21341,GCash
28914,47772,Cash on Delivery
8169,46910,GCash
3565,34384,GCash
19965,17266,GCash
7646,23916,Cash on Delivery
4975,11285,GCash
6438,46457,Credit Card
7465,41048,Cash on Delivery
14118,2712,Cash on Delivery
15664,11962,Credit Card
3418,46047,Credit Card
28791,15690,GCash
133,29904,Cash on Delivery
9741,18472,Credit Card
21302,33041,Credit Card
27575,35232,Cash on Delivery
8198,43705,GCash
3213,34188,GCash
19453,26032,GCash
5753,27041,Cash on Delivery
21816,32850,Cash on Delivery
15757,14309,Cash on Delivery
15111,43049,Cash on Delivery
7272,28513,Credit Card
16919,11086,Credit Card
29818,26465,GCash
18715,28162,GCash
6690,35094,GCash
20234,31500,Credit Card
2700,28608,Cash on Delivery
23026,45956,Cash on Delivery
29569,4184,GCash
21337,40144,Credit Card
9393,16874,GCash
20989,45646,Cash on Delivery
3890,27274,GCash
18856,18064,Credit Card
27000,3479,Credit Card
1040,38634,Credit Card
4888,5213,GCash
16963,36952,Credit Card
5485,38582,Credit Card
5968,3422,Credit Card
17648,24175,Cash on Delivery
10422,49254,GCash
14651,39087,Credit Card
6248,44403,Cash on Delivery
4042,45394,Cash on Delivery
15150,17248,GCash
3402,4263,Cash on Delivery
2017,10785,Credit Card
28304,25885,Cash on Delivery
12780,39681,Cash on Delivery
26473,19203,Credit Card
28846,48248,Cash on Delivery
24130,16124,GCash
15243,44449,Cash on Delivery
15298,42430,Cash on Delivery
2567,26156,GCash
6962,20435,GCash
11929,4801,Credit Card
6364,35921,Cash on Delivery
8183,5410,GCash
25779,25668,Credit Card
18190,6662,Cash on Delivery
8777,28455,GCash
22364,19985,GCash
11945,38487,Credit Card
20254,33764,Credit Card
1762,38629,Credit Card
3662,2532,GCash
23255,27600,Credit Card
11218,33961,Cash on Delivery
12635,35049,GCash
13326,9275,Credit Card
19786,10530,GCash
14354,6435,GCash
8048,33278,Credit Card
24426,37285,Credit Card
5181,23475,Credit Card
2591,24914,GCash
809,38263,Credit Card
10107,38817,GCash
14999,10850,GCash
9917,9438,Cash on Delivery
6223,20572,Credit Card
1935,20624,Cash on Delivery
16436,11461,Credit Card
18454,694,Cash on Delivery
29708,39155,Credit Card
8937,31957,GCash
24991,43225,Cash on Delivery
24421,3765,GCash
26559,38701,Credit Card
20845,5496,GCash
25373,23009,Cash on Delivery
7276,15405,GCash
5680,38931,Cash on Delivery
9161,20390,Cash on Delivery
25850,28543,GCash
2882,20319,Cash on Delivery
21209,35217,GCash
28003,12127,Credit Card
26461,48150,Cash on Delivery
27920,44685,GCash
24160,41950,GCash
17895,34777,Credit Card
21115,31989,Cash on Delivery
460,35707,Credit Card
28293,32421,Cash on Delivery
8131,26669,GCash
5025,6040,Credit Card
9537,1539,Cash on Delivery
7346,29010,Cash on Delivery
2950,3937,GCash
29274,36551,GCash
14746,39604,Credit Card
10419,32897,Cash on Delivery
11827,1387,Credit Card
22256,5306,Credit Card
16408,45808,Cash on Delivery
11169,41949,Cash on Delivery
8627,30348,Credit Card
16203,17660,GCash
8295,20255,Credit Card
18881,32304,Cash on Delivery
9703,42863,GCash
23250,34281,GCash
29425,38098,Credit Card
23875,42872,Cash on Delivery
19131,12854,Cash on Delivery
15957,32990,Credit Card
13345,5916,GCash
22914,18261,GCash
7375,25546,Credit Card
28547,25621,GCash
22836,26667,Credit Card
27564,3157,Cash on Delivery
25414,25860,GCash
1584,49269,Cash on Delivery
29397,47098,Credit Card
14191,42669,GCash
26027,27576,Cash on Delivery
18401,24005,Cash on Delivery
3604,15833,Cash on Delivery
23833,24880,Cash on Delivery
16032,35316,GCash
7043,45217,GCash
14240,42315,Credit Card
21500,4507,GCash
25449,48632,Cash on Delivery
20519,38834,Credit Card
25844,39516,Cash on Delivery
22496,19966,Cash on Delivery
20325,37436,Credit Card
12990,21318,GCash
9725,39376,GCash
665,41229,GCash
8118,42263,Cash on Delivery
23455,13209,Cash on Delivery
14241,39464,GCash
16605,48962,Credit Card
21106,33265,Cash on Delivery
19224,1362,Credit Card
18460,16028,Credit Card
5474,5088,Credit Card
28805,2141,Credit Card
24384,26462,Cash on Delivery
4295,27494,GCash
1319,42218,Cash on Delivery
4904,8057,Credit Card
2030,48257,GCash
12990,19242,GCash
21460,6338,GCash
28118,39774,Credit Card
16357,24945,Credit Card
7841,34388,Cash on Delivery
10903,11021,Cash on Delivery
14552,12045,GCash
19314,10735,Cash on Delivery
6653,49349,Cash on Delivery
11568,41873,Credit Card
8532,36448,Credit Card
1543,6162,GCash
1010,17040,GCash
21729,30791,Credit Card
7412,34059,Cash on Delivery
9380,17954,GCash
22134,43881,Credit Card
18887,16053,Cash on Delivery
5606,19341,Cash on Delivery
21482,45020,Cash on Delivery
12878,9760,Credit Card
26810,2687,Credit Card
4249,20345,Credit Card
29759,32691,Cash on Delivery
12718,44867,Cash on Delivery
11323,26024,GCash
11043,17066,Cash on Delivery
17512,14559,Credit Card
2404,14828,Cash on Delivery
19144,30555,Cash on Delivery
3794,6327,GCash
25993,46878,GCash
11430,5436,Credit Card
22692,24683,Credit Card
5297,25538,Cash on Delivery
11939,21860,Cash on Delivery
13018,30264,Credit Card
7493,34766,GCash
13058,39123,Cash on Delivery
22258,12241,Cash on Delivery
18547,45069,Cash on Delivery
13072,46836,Cash on Delivery
14070,18670,GCash
2410,47958,Cash on Delivery
1918,12031,GCash
23907,46309,Credit Card
19654,41481,Cash on Delivery
20934,36126,Credit Card
11752,33076,GCash
16724,22644,Cash on Delivery
10930,40702,GCash
1635,10764,Cash on Delivery
14166,37698,Cash on Delivery
6121,27300,Cash on Delivery
3100,40920,Cash on Delivery
1516,4369,GCash
15651,17638,Credit Card
18099,5598,Credit Card
20463,11967,GCash
25939,30921,Credit Card
17393,27178,GCash
16841,49100,Credit Card
11853,17080,GCash
3898,999,GCash
12886,24594,Cash on Delivery
4996,41205,GCash
14452,6458,GCash
5931,43115,Cash on Delivery
28122,36813,GCash
18776,9075,GCash
11080,30277,Credit Card
3984,30206,Cash on Delivery
5023,23958,Cash on Delivery
3129,39084,Credit Card
28960,34592,Cash on Delivery
28801,48841,GCash
29118,17503,Cash on Delivery
26079,8736,Credit Card
5896,23813,Cash on Delivery
6623,15081,Cash on Delivery
13917,28029,Credit Card
23027,6591,Cash on Delivery
3088,6423,GCash
3545,8343,GCash
9821,34172,GCash
23146,45564,GCash
25290,45885,GCash
2349,9154,Cash on Delivery
23751,39426,Credit Card
16942,22253,Cash on Delivery
12643,49213,Cash on Delivery
16672,3207,Cash on Delivery
11379,45514,GCash
5016,38087,GCash
16147,12565,GCash
3976,45748,Credit Card
1838,10593,Credit Card
16375,35840,Cash on Delivery
14577,14543,Credit Card
2239,27969,GCash
19866,3478,Cash on Delivery
26572,4762,Credit Card
4673,47337,GCash
3195,28702,Cash on Delivery
2741,22046,GCash
7523,46003,GCash
11086,48746,Cash on Delivery
11215,41683,Credit Card
26868,22145,Cash on Delivery
13884,3350,Cash on Delivery
7960,29053,Cash on Delivery
102,14828,GCash
1060,630,Cash on Delivery
4285,31602,GCash
10871,31905,Cash on Delivery
17274,35690,Credit Card
27370,2253,Credit Card
25471,44291,Cash on Delivery
17776,33148,Cash on Delivery
26330,29637,Cash on Delivery
14118,25614,GCash
1545,46613,Credit Card
19376,13503,Credit Card
29787,49502,GCash
20946,40416,Cash on Delivery
23682,40720,Credit Card
8502,48722,Credit Card
21123,19531,Credit Card
2883,1468,GCash
4806,18185,Credit Card
2680,47112,GCash
27198,523,Credit Card
779,27022,GCash
3026,38620,Credit Card
13982,28169,GCash
14418,43820,GCash
9203,48151,Credit Card
28605,3668,Credit Card
29890,39014,Cash on Delivery
4817,44920,Cash on Delivery
4172,40563,GCash
15566,22553,GCash
10322,7527,Credit Card
11663,46488,Credit Card
5548,4711,GCash
4173,22163,Cash on Delivery
502,41534,Cash on Delivery
27575,32492,Credit Card
6131,47064,GCash
18859,42748,GCash
20997,49921,Cash on Delivery
584,23203,GCash
7866,14206,Cash on Delivery
13233,35814,Credit Card
5577,28912,Cash on Delivery
1925,30432,GCash
16695,8917,Cash on Delivery
9560,40395,Cash on Delivery
23903,46307,Credit Card
13086,47993,Cash on Delivery
13382,38886,GCash
14349,36359,Cash on Delivery
15025,15809,Cash on Delivery
23677,1149,Cash on Delivery
25383,1135,Cash on Delivery
5088,26278,Cash on Delivery
1619,31969,Cash on Delivery
20467,2207,Credit Card
18030,10861,GCash
25507,19286,Cash on Delivery
25472,35389,Credit Card
25905,32457,GCash
18486,13509,Cash on Delivery
9237,38419,GCash
966,29691,Credit Card
10933,22337,Credit Card
28829,44886,Cash on Delivery
11419,48507,Credit Card
13950,49494,Credit Card
25202,32856,Cash on Delivery
22908,24734,Cash on Delivery
17920,2784,Cash on Delivery
21268,14863,GCash
24108,18025,Credit Card
6677,14796,Cash on Delivery
6316,9785,Credit Card
7737,29016,GCash
13711,35825,Cash on Delivery
26007,18744,GCash
14566,36306,Cash on Delivery
24000,44185,GCash
4389,46501,Cash on Delivery
16343,32809,Cash on Delivery
27350,28265,Credit Card
152,32116,Credit Card
508,29519,Cash on Delivery
1126,35370,Credit Card
27195,38538,Credit Card
11242,31298,GCash
24476,12854,Credit Card
27114,40583,Credit Card
15804,22540,Cash on Delivery
1775,19240,Cash on Delivery
7640,2390,Cash on Delivery
8214,19391,GCash
9825,10433,Credit Card
10608,47652,Credit Card
1185,10411,Credit Card
379,5028,GCash
3425,3504,GCash
370,17647,Credit Card
20391,15627,GCash
21632,20255,Cash on Delivery
5988,22687,Credit Card
3145,45193,Credit Card
15712,707,GCash
28183,39172,GCash
9987,8840,Cash on Delivery
2920,45301,Cash on Delivery
26635,2403,Cash on Delivery
22887,2851,Cash on Delivery
14373,13147,Cash on Delivery
3219,22281,GCash
10226,13133,Cash on Delivery
6838,7163,Credit Card
21611,41191,Credit Card
269,44984,Credit Card
10191,42384,GCash
5402,14617,Cash on Delivery
21247,20624,Credit Card
17227,5777,Credit Card
22781,23128,Cash on Delivery
12692,24167,Credit Card
21483,20695,Credit Card
129,10213,Cash on Delivery
10993,6672,Cash on Delivery
21650,40013,Credit Card
29856,32083,Credit Card
23506,33989,Credit Card
8335,16269,GCash
15107,49080,Cash on Delivery
12010,7809,GCash
16548,47569,Credit Card
18968,11397,Cash on Delivery
27,3393,Credit Card
5465,22587,GCash
26592,6258,Cash on Delivery
14590,850,Credit Card
28232,17216,Credit Card
18858,9778,Cash on Delivery
475,9326,GCash
9443,45013,GCash
27356,18330,GCash
22815,15311,Cash on Delivery
29038,46175,Cash on Delivery
18065,34438,GCash
28424,47748,Cash on Delivery
10476,23650,Credit Card
11991,15722,GCash
10959,15476,Credit Card
1896,10028,GCash
13956,19294,Cash on Delivery
10180,13612,Credit Card
6026,7162,GCash
14729,9703,GCash
3898,30211,GCash
7058,3087,GCash
25598,26687,GCash
24186,10232,Cash on Delivery
437,21405,Cash on Delivery
1645,49246,GCash
28313,2011,Cash on Delivery
4595,28342,GCash
29876,26387,Cash on Delivery
27283,43264,Credit Card
6526,43875,Cash on Delivery
16091,5347,Cash on Delivery
15888,45086,GCash
13520,40556,Credit Card
11489,25348,Credit Card
12215,32620,GCash
15018,45760,Credit Card
1569,22971,Credit Card
24994,11225,GCash
5205,36278,GCash
4928,46912,Credit Card
443,28526,Credit Card
28783,28740,GCash
29872,2159,GCash
9637,48550,Cash on Delivery
11969,33479,GCash
17738,18086,Cash on Delivery
8703,15582,Credit Card
405,31366,GCash
9921,23767,Cash on Delivery
28075,30623,GCash
26926,21098,Credit Card
2564,30956,Cash on Delivery
10117,46042,Cash on Delivery
26285,48552,Cash on Delivery
7372,37078,Credit Card
7749,44007,GCash
542,1174,Credit Card
18821,44027,GCash
23448,10384,Cash on Delivery
25668,9345,Credit Card
14639,48109,Credit Card
28027,34730,Credit Card
19552,26821,Cash on Delivery
10936,3862,Credit Card
18983,8369,Credit Card
13742,10560,Credit Card
5111,45650,Credit Card
12898,6247,Cash on Delivery
25814,3080,Cash on Delivery
16852,26302,GCash
17044,28807,Cash on Delivery
9261,10878,Credit Card
2754,26450,GCash
25288,4909,Cash on Delivery
17011,6846,Cash on Delivery
27099,48913,GCash
29350,12279,Credit Card
21585,38051,GCash
22948,8750,Credit Card
18543,49603,Credit Card
24537,18037,Cash on Delivery
6310,27913,GCash
27412,9762,GCash
6177,42496,GCash
27707,39420,Credit Card
14330,39331,Credit Card
2989,20639,Credit Card
17131,9520,GCash
15170,15146,Cash on Delivery
1569,34019,GCash
2955,13535,GCash
6601,9984,GCash
8885,14706,Cash on Delivery
15821,419,Credit Card
10196,31249,GCash
2873,47913,Cash on Delivery
23462,12799,GCash
608,34831,Cash on Delivery
5697,33031,Credit Card
804,14179,Credit Card
14965,35824,Cash on Delivery
20950,35945,Cash on Delivery
219,20008,Credit Card
5330,14647,Cash on Delivery
22830,25816,Credit Card
4684,40100,GCash
5388,1838,Cash on Delivery
28160,1428,Credit Card
16076,3826,Cash on Delivery
13988,34887,GCash
5058,37784,GCash
15771,43285,GCash
28975,1072,Credit Card
12549,8135,Credit Card
21944,23696,GCash
22618,30291,GCash
2712,38389,Credit Card
18016,23298,Cash on Delivery
5376,5050,Credit Card
4741,13106,GCash
13183,44199,GCash
25151,13008,Credit Card
9821,34647,GCash
15634,23538,Cash on Delivery
29537,39227,GCash
19504,42036,GCash
12466,5232,Credit Card
20879,7339,GCash
29057,34756,Cash on Delivery
19272,22196,Credit Card
17909,25323,Credit Card
19073,2499,Cash on Delivery
15634,31740,GCash
12358,23781,GCash
10066,19410,Credit Card
21306,7394,GCash
5221,33409,Credit Card
12051,19009,Credit Card
3982,17824,Cash on Delivery
1969,19679,GCash
15727,1249,Cash on Delivery
9290,2328,Credit Card
13997,31973,Cash on Delivery
22171,15399,Cash on Delivery
4181,36437,Cash on Delivery
12890,17500,GCash
5400,38230,GCash
6304,3169,Credit Card
7334,13294,Cash on Delivery
2490,47769,Cash on Delivery
28187,48395,GCash
5240,7345,Cash on Delivery
25132,4957,Credit Card
13515,49523,Credit Card
15982,29051,GCash
20882,12717,Credit Card
19303,5779,Cash on Delivery
14199,23390,GCash
3074,43789,Cash on Delivery
441,4221,Cash on Delivery
12987,21186,Credit Card
26379,30122,Cash on Delivery
14140,30314,GCash
14476,26518,Credit Card
27770,28784,Cash on Delivery
7091,21977,Cash on Delivery
11769,35537,GCash
26984,16080,GCash
5633,37761,Cash on Delivery
23816,15283,GCash
19516,46127,Cash on Delivery
10256,30677,Cash on Delivery
18480,16278,GCash
7311,3279,Cash on Delivery
17627,37222,GCash
1978,45971,GCash
10978,23459,GCash
26176,35390,GCash
22718,38190,Cash on Delivery
24931,36725,Cash on Delivery
25333,15091,Credit Card
13087,41544,GCash
24799,37352,GCash
9264,23012,Credit Card
8092,24571,Credit Card
2466,48421,GCash
10159,4911,GCash
20703,43998,Cash on Delivery
14218,15239,Credit Card
11526,22301,Credit Card
1150,47125,Cash on Delivery
28650,11682,Credit Card
12847,49948,GCash
14151,40596,GCash
17164,33666,Cash on Delivery
7939,32018,Credit Card
15928,40417,Credit Card
10159,34140,GCash
3700,42883,Credit Card
19000,25368,Credit Card
5461,140,Cash on Delivery
29722,35134,GCash
3090,18062,Cash on Delivery
12100,27138,Credit Card
27150,40858,Cash on Delivery
14627,34433,GCash
6284,38608,Credit Card
20446,32787,Cash on Delivery
21295,8066,GCash
6063,13053,GCash
15530,47442,Credit Card
23909,30679,Cash on Delivery
15233,14880,Credit Card
17966,21051,GCash
22744,12735,Credit Card
6385,2460,GCash
24169,36468,GCash
2661,46608,Cash on Delivery
29692,48091,GCash
11830,16135,GCash
1815,17644,Cash on Delivery
12007,38788,Cash on Delivery
16579,33599,Cash on Delivery
9271,17607,GCash
24832,10304,GCash
8405,31227,Cash on Delivery
28476,7716,Cash on Delivery
13159,46731,Credit Card
22951,40237,GCash
148,10305,GCash
17299,3470,Cash on Delivery
22104,32448,GCash
22911,47780,Cash on Delivery
29823,7578,Credit Card
11610,26825,Credit Card
12120,37793,Credit Card
22511,39306,Cash on Delivery
11336,28873,Credit Card
4199,26035,Credit Card
21075,48864,Cash on Delivery
5000,32180,Cash on Delivery
21845,28951,Credit Card
9233,43800,Credit Card
3045,48674,Cash on Delivery
24017,29775,Credit Card
11581,46134,GCash
6696,30183,Credit Card
25790,32275,GCash
10741,48826,GCash
29833,906,GCash
26332,17491,Credit Card
1066,2358,Cash on Delivery
1931,25796,Credit Card
1605,1159,Credit Card
24695,1189,Cash on Delivery
123,18586,GCash
24271,32419,GCash
13401,25197,Credit Card
22958,15570,Cash on Delivery
7126,1311,Credit Card
8803,2786,Cash on Delivery
16637,20536,Credit Card
10873,10523,Cash on Delivery
24795,47919,Credit Card
22536,10550,Credit Card
1847,24063,Credit Card
5416,42525,Credit Card
3120,40028,GCash
11142,45990,Cash on Delivery
16551,13066,Credit Card
6397,46194,Credit Card
2706,33456,Cash on Delivery
28185,290,Cash on Delivery
26648,395,Credit Card
3663,1009,Cash on Delivery
28357,27878,Cash on Delivery
7997,26868,Credit Card
19992,40225,Cash on Delivery
8011,21891,Cash on Delivery
15369,36609,Credit Card
14852,15409,Credit Card
21270,27827,GCash
19640,13448,Credit Card
23762,1088,Cash on Delivery
9798,13357,Cash on Delivery
6703,24817,GCash
3376,27571,Credit Card
3717,1626,GCash
14217,35801,Cash on Delivery
4083,5323,Credit Card
6286,6456,Cash on Delivery
9462,34093,Credit Card
18291,17002,GCash
15687,18298,GCash
15165,23528,Cash on Delivery
26991,29465,Cash on Delivery
5637,49013,Cash on Delivery
3485,195,GCash
17482,36611,Credit Card
8253,13033,GCash
10579,14880,Credit Card
17547,21731,Credit Card
20710,2503,Cash on Delivery
16699,46566,Cash on Delivery
24238,44804,Cash on Delivery
20029,44123,Cash on Delivery
10009,16928,Cash on Delivery
15570,38323,GCash
26705,30665,Credit Card
26459,37407,GCash
4460,44154,GCash
17912,16873,GCash
15792,9356,Credit Card
9799,4125,Cash on Delivery
20449,1123,GCash
25433,23510,Credit Card
16426,49443,Cash on Delivery
4337,36910,Cash on Delivery
8584,17375,GCash
24648,48205,Cash on Delivery
29555,18406,Cash on Delivery
27701,12066,GCash
7064,12584,Credit Card
5827,1700,GCash
21682,10428,Credit Card
17521,30380,Credit Card
19139,35223,Credit Card
24478,43576,GCash
7087,48522,Credit Card
10760,41138,GCash
13178,31885,GCash
17457,23327,Cash on Delivery
25268,1213,GCash
5670,7217,Credit Card
27074,31314,Cash on Delivery
16237,31219,Cash on Delivery
1886,1077,Credit Card
17682,31503,Credit Card
29706,19296,GCash
16692,30999,Cash on Delivery
29006,46883,Cash on Delivery
22916,43779,GCash
2608,14341,Credit Card
14629,15743,GCash
21708,6373,Cash on Delivery
11743,46810,Credit Card
22762,44575,Cash on Delivery
797,24810,Credit Card
29828,31829,Credit Card
4933,10031,GCash
5178,9134,Credit Card
16324,25314,GCash
727,32349,GCash
26746,31053,GCash
1997,3236,Cash on Delivery
2795,12895,Cash on Delivery
18279,41281,Credit Card
11790,34125,GCash
16482,15654,GCash
10640,21495,GCash
27752,28192,Credit Card
29174,42522,Credit Card
8434,47235,GCash
4403,7090,Cash on Delivery
28064,39466,Credit Card
26387,19639,GCash
8859,15420,Credit Card
29554,16323,GCash
27086,46589,Credit Card
11911,33717,GCash
22581,10365,GCash
27137,38263,Cash on Delivery
29324,2155,Credit Card
28390,32557,Credit Card
16836,18446,Credit Card
19072,29695,Credit Card
19445,15847,GCash
15885,21267,GCash
5401,7846,Cash on Delivery
802,45863,Cash on Delivery
4153,42553,Credit Card
7579,49357,Cash on Delivery
3012,5349,Credit Card
5091,47437,Credit Card
19426,25492,GCash
11895,11994,GCash
12597,27037,GCash
28723,7808,Credit Card
25238,6799,GCash
10696,38917,Credit Card
26476,47280,GCash
9433,35817,Cash on Delivery
18666,3850,Cash on Delivery
22959,42402,Credit Card
12303,31113,Credit Card
23255,41110,Credit Card
26985,9082,Cash on Delivery
11555,8228,Credit Card
28932,10757,GCash
10952,46332,GCash
12165,43165,Cash on Delivery
17341,11202,GCash
29273,2228,Cash on Delivery
19467,27328,GCash
26661,28556,Credit Card
13016,20482,Cash on Delivery
5796,43820,GCash
16025,27174,GCash
17967,40077,GCash
12662,37935,Cash on Delivery
13596,31370,Credit Card
17882,37697,Credit Card
22185,32972,Credit Card
22820,4370,GCash
461,4852,Credit Card
4316,41834,Cash on Delivery
22022,46551,Cash on Delivery
15041,1388,Cash on Delivery
56,47673,GCash
10484,41853,Cash on Delivery
3691,28985,Credit Card
15590,39308,Cash on Delivery
2589,4949,Credit Card
13656,43350,Cash on Delivery
7617,22192,Cash on Delivery
17045,12372,Credit Card
1610,26276,GCash
2855,49404,GCash
12657,10030,Credit Card
3889,14637,GCash
6969,30320,Cash on Delivery
2998,6048,Cash on Delivery
6620,47938,Cash on Delivery
1005,16147,Credit Card
16800,13879,Credit Card
18927,7716,GCash
24840,7720,GCash
18785,44228,GCash
8594,38207,Cash on Delivery
6160,32177,Credit Card
15604,20313,Credit Card
12521,14587,Credit Card
28277,14844,Credit Card
29184,41685,Credit Card
17571,40047,Credit Card
16609,49500,Credit Card
4020,40589,Credit Card
7741,5405,Credit Card
10431,24872,Cash on Delivery
14936,36945,GCash
14502,33156,GCash
9007,32972,GCash
12968,24052,Credit Card
13109,44717,Cash on Delivery
969,37724,Credit Card
20935,40765,Credit Card
13396,25412,Credit Card
2619,27593,GCash
13404,28681,Cash on Delivery
26603,27481,Credit Card
22553,38420,Credit Card
20023,739,Cash on Delivery
19125,5441,Cash on Delivery
12562,32900,GCash
14865,7336,Credit Card
7589,1855,Cash on Delivery
9899,13339,GCash
7155,19386,GCash
5409,15698,Credit Card
12988,9371,Cash on Delivery
4703,4872,Cash on Delivery
26130,36419,GCash
10517,22048,Credit Card
18378,7832,GCash
24573,28644,Credit Card
15646,33497,Credit Card
16169,16891,Credit Card
9132,16593,Credit Card
24127,32178,Credit Card
24891,32792,GCash
20446,21414,GCash
6331,865,Credit Card
14430,18799,Credit Card
3705,23882,GCash
25891,22016,Cash on Delivery
12864,367,Cash on Delivery
5160,23119,Credit Card
24608,13213,Credit Card
4206,22254,Cash on Delivery
2580,28182,GCash
25694,21194,GCash
7842,43640,Cash on Delivery
13968,45648,Cash on Delivery
23739,44439,Cash on Delivery
19545,4293,GCash
10048,31878,Cash on Delivery
5146,10889,GCash
264,6519,Credit Card
8910,35613,Cash on Delivery
23900,49735,Cash on Delivery
18854,49236,Credit Card
28130,33903,Credit Card
16038,25834,Credit Card
7213,4619,Credit Card
23121,24226,Credit Card
7646,41645,Cash on Delivery
7155,38896,Credit Card
6503,3464,Cash on Delivery
11132,25962,Credit Card
586,35812,GCash
16060,15196,Cash on Delivery
11905,20218,GCash
25869,14397,Cash on Delivery
24430,24424,Credit Card
10779,38180,Credit Card
21331,1050,GCash
16662,29872,Cash on Delivery
4666,20582,Credit Card
16318,26588,Credit Card
17295,18075,GCash
11697,18905,GCash
15585,15284,Credit Card
25003,48777,Cash on Delivery
27493,5231,GCash
11124,34303,GCash
22144,48262,Cash on Delivery
4212,31696,Cash on Delivery
26477,39750,Credit Card
6823,44113,GCash
3930,8812,GCash
11,3660,GCash
10222,47053,GCash
16793,11088,Credit Card
9260,735,Cash on Delivery
28669,21862,GCash
28641,12339,Credit Card
26103,38427,Credit Card
5280,41211,GCash
27222,8536,GCash
24212,47338,GCash
9866,16503,GCash
14021,25523,Credit Card
9044,38866,Cash on Delivery
4536,30460,Credit Card
23311,27591,GCash
25626,35520,Cash on Delivery
8004,16140,Cash on Delivery
21695,10147,Cash on Delivery
28614,46168,Cash on Delivery
22631,8171,Cash on Delivery
25951,26045,Cash on Delivery
24663,42358,Credit Card
18794,12714,Cash on Delivery
3730,2435,Cash on Delivery
11619,17415,Credit Card
601,9081,Credit Card
10883,9263,Cash on Delivery
21283,27904,Cash on Delivery
14812,46650,GCash
24152,24929,Cash on Delivery
27643,6581,Credit Card
7875,6552,GCash
20367,6970,Cash on Delivery
19343,41825,Credit Card
13891,29242,Credit Card
2244,4054,Credit Card
3432,3587,GCash
733,44907,Cash on Delivery
5575,28009,GCash
19190,19905,GCash
3359,3259,Credit Card
24871,29750,Credit Card
29123,23309,Credit Card
25027,42128,Cash on Delivery
7912,38859,GCash
17091,2503,Cash on Delivery
28377,21918,GCash
23593,43848,Cash on Delivery
24415,18141,GCash
21309,25073,GCash
7847,14252,GCash
29071,45966,Cash on Delivery
1121,35934,Cash on Delivery
23108,11678,GCash
25720,33111,Credit Card
18436,16905,GCash
26645,44053,Cash on Delivery
10450,25171,Credit Card
19635,6132,Credit Card
6007,2212,Cash on Delivery
12602,33581,Cash on Delivery
280,46473,Cash on Delivery
8635,19685,GCash
6815,19629,Cash on Delivery
27293,31318,GCash
17046,13815,Cash on Delivery
10985,6959,Cash on Delivery
3896,24320,Credit Card
2678,704,Cash on Delivery
8247,17598,GCash
962,17164,Cash on Delivery
24051,3638,Credit Card
18121,12811,Credit Card
12736,29645,GCash
3247,23125,Credit Card
3272,3727,Cash on Delivery
20569,7453,GCash
27783,16244,GCash
29518,47763,GCash
29205,44616,Credit Card
23809,733,GCash
10390,1821,GCash
3650,34272,Credit Card
19365,42113,Cash on Delivery
3689,21115,Cash on Delivery
27802,4345,Credit Card
8991,991,Cash on Delivery
2018,38375,Credit Card
24876,38762,Cash on Delivery
20778,39277,GCash
15170,47390,Cash on Delivery
797,6595,GCash
21013,11961,Cash on Delivery
14333,34904,Cash on Delivery
22355,37020,Credit Card
19214,366,Cash on Delivery
5527,31298,Cash on Delivery
13323,684,Cash on Delivery
4592,23982,Credit Card
29782,9594,Cash on Delivery
5928,18989,GCash
22928,4000,Cash on Delivery
9676,30446,Cash on Delivery
29448,44135,Cash on Delivery
9362,31833,GCash
1994,41786,Cash on Delivery
6414,1059,Cash on Delivery
24220,20632,Cash on Delivery
16581,16681,Cash on Delivery
25102,49929,Credit Card
6367,10728,Credit Card
857,8164,Cash on Delivery
18970,6356,GCash
18675,11504,Cash on Delivery
24279,40248,GCash
7006,33853,Credit Card
7774,1920,Credit Card
16971,24681,Credit Card
15711,29425,Credit Card
27130,37806,Credit Card
10310,25365,Cash on Delivery
22796,22463,GCash
26601,20296,Cash on Delivery
15891,21723,Cash on Delivery
18272,39304,Credit Card
24820,25634,Credit Card
4442,1523,GCash
16986,8640,GCash
18277,733,Cash on Delivery
17581,3184,Credit Card
13785,26370,Credit Card
26279,42046,Cash on Delivery
5201,39410,Cash on Delivery
7191,33915,Credit Card
1809,29358,GCash
22068,41251,Cash on Delivery
9871,43501,Cash on Delivery
11473,37443,GCash
12990,8914,GCash
8036,31030,Credit Card
10389,40899,Credit Card
10804,38924,Credit Card
27624,38249,Cash on Delivery
4586,5455,GCash
28990,47518,Cash on Delivery
8605,26082,Cash on Delivery
11204,27105,Cash on Delivery
15133,39123,Credit Card
24039,28460,Credit Card
9261,20604,Cash on Delivery
3832,361,Cash on Delivery
17376,44459,Cash on Delivery
19807,7384,GCash
978,11907,GCash
16987,33233,GCash
26705,15686,Credit Card
14249,21654,Credit Card
14003,33449,GCash
24301,48722,GCash
2228,36068,Cash on Delivery
6990,2317,Cash on Delivery
18440,45174,GCash
25925,43328,Credit Card
24177,38135,GCash
8219,12541,Cash on Delivery
13889,8173,Cash on Delivery
21876,31214,Credit Card
14300,43778,GCash
21925,23901,Credit Card
8016,14202,GCash
9166,26241,GCash
12747,4608,Credit Card
3227,23517,GCash
6978,49866,Cash on Delivery
26785,23972,GCash
11118,26999,Credit Card
23970,42304,GCash
6245,45122,Credit Card
14412,30565,Credit Card
3701,42024,Credit Card
8008,9966,Credit Card
9903,624,Cash on Delivery
2393,47929,Credit Card
13489,31827,Cash on Delivery
14766,36036,Credit Card
27016,13565,GCash
1365,42342,GCash
8585,47075,Cash on Delivery
19424,39800,Cash on Delivery
13258,18888,Credit Card
3198,2139,Cash on Delivery
13502,23661,Credit Card
3592,22059,Credit Card
16075,35199,GCash
27024,25314,Credit Card
21259,35555,GCash
20149,2697,Cash on Delivery
17147,23426,GCash
7668,25682,GCash
17643,42762,GCash
11703,11450,Credit Card
27840,45503,GCash
7754,14639,Cash on Delivery
2684,28985,GCash
13353,46581,GCash
12868,32572,Credit Card
3671,27720,Credit Card
5902,13963,Cash on Delivery
14046,8021,Credit Card
28605,32771,Credit Card
13340,12697,GCash
29957,9738,Credit Card
20098,22365,Credit Card
13235,35350,Cash on Delivery
3089,34619,GCash
20399,42787,GCash
29906,14310,GCash
2505,21128,Cash on Delivery
2944,23655,Credit Card
29474,19356,Credit Card
3009,11170,GCash
17043,48956,Credit Card
14457,22351,Cash on Delivery
17531,22822,GCash
7267,34554,Credit Card
12166,34157,GCash
7456,47879,GCash
21665,14707,Credit Card
29185,4770,Credit Card
3619,6881,Credit Card
22670,36582,Cash on Delivery
658,22003,GCash
10272,43162,Cash on Delivery
8040,12000,GCash
21305,5556,Credit Card
29048,43607,GCash
18370,5576,Credit Card
1331,47881,GCash
5881,24450,Credit Card
22437,25424,Credit Card
5726,12059,Cash on Delivery
20613,18829,Credit Card
27006,8123,Cash on Delivery
5876,46364,Cash on Delivery
11889,1050,Credit Card
28738,6408,GCash
8498,28531,Cash on Delivery
22320,43015,Credit Card
8311,45490,Cash on Delivery
10788,34454,Credit Card
22561,18877,Credit Card
14187,10779,Credit Card
2233,10804,Credit Card
24158,44448,Cash on Delivery
4067,16469,GCash
21422,31248,Cash on Delivery
2231,24930,GCash
25226,48617,Credit Card
18410,44719,Cash on Delivery
26255,39771,Cash on Delivery
1716,32132,Cash on Delivery
16192,27440,GCash
6419,12758,Credit Card
5609,40043,Cash on Delivery
22605,186,Cash on Delivery
19923,25984,Cash on Delivery
18388,8678,Cash on Delivery
27773,1785,Cash on Delivery
20162,16797,Credit Card
27121,15165,GCash
24235,36074,Cash on Delivery
20047,33576,Cash on Delivery
8527,22996,Cash on Delivery
3360,49423,Credit Card
25665,40304,Credit Card
25002,1148,Credit Card
28244,35101,Credit Card
5969,42226,GCash
18109,45684,GCash
19855,49155,Cash on Delivery
13443,21663,GCash
3210,24432,GCash
1287,21145,Cash on Delivery
2229,2293,Cash on Delivery
6824,40543,Credit Card
23642,44955,Credit Card
29542,28835,Cash on Delivery
13135,20932,Cash on Delivery
12924,43764,GCash
22588,26156,Cash on Delivery
24571,11733,Cash on Delivery
17130,34743,GCash
14485,9123,GCash
17785,30621,GCash
21312,32015,Credit Card
13272,42931,GCash
1553,24231,GCash
26269,3332,Credit Card
5849,15669,Credit Card
9136,35278,GCash
7143,28327,GCash
5424,39586,GCash
9929,30118,Cash on Delivery
11854,31459,Credit Card
7370,42631,Cash on Delivery
4672,11308,GCash
13802,43968,Credit Card
6871,6452,Cash on Delivery
14401,47688,Credit Card
11841,9172,Cash on Delivery
2650,14527,GCash
6720,1250,Cash on Delivery
15955,39806,GCash
4337,26455,Credit Card
28892,48457,Credit Card
1843,8906,Credit Card
6739,17025,Cash on Delivery
24627,29240,Cash on Delivery
1372,39305,Credit Card
14979,21823,GCash
14056,38846,Credit Card
24048,16275,Cash on Delivery
2006,24305,Cash on Delivery
18739,7526,GCash
9447,29922,GCash
4329,32761,GCash
4863,39623,Cash on Delivery
18117,34285,Cash on Delivery
22839,5028,GCash
29521,4424,GCash
17691,28546,Credit Card
9234,29558,Cash on Delivery
10017,34531,GCash
18480,10729,Cash on Delivery
18424,4283,GCash
8722,30159,Credit Card
23715,19388,Cash on Delivery
14731,25524,GCash
23244,22197,Credit Card
23652,5910,Cash on Delivery
24659,27810,Credit Card
1294,11737,GCash
23925,4668,Credit Card
5828,16410,Credit Card
24278,14449,GCash
25289,12764,Credit Card
28440,19693,GCash
15411,16145,GCash
7778,30552,GCash
7595,8969,Cash on Delivery
18914,34791,Credit Card
22535,4117,Credit Card
528,16270,GCash
9013,44844,GCash
29629,1344,Cash on Delivery
16920,49372,Credit Card
12109,24475,GCash
20561,30082,Credit Card
28843,23067,Credit Card
11604,6526,Credit Card
10831,42223,Credit Card
29084,30680,GCash
12269,34208,Cash on Delivery
7335,5117,GCash
29849,24455,Credit Card
24762,36643,Credit Card
29312,48920,GCash
28997,5232,Credit Card
11331,44623,Credit Card
5576,21012,Cash on Delivery
3363,32961,Cash on Delivery
14602,4961,GCash
18894,642,Credit Card
9020,33249,Credit Card
13948,35453,GCash
622,6346,GCash
10185,22280,GCash
17193,23249,Cash on Delivery
29421,20612,GCash
8786,47818,Cash on Delivery
3969,13260,Credit Card
23975,23822,Credit Card
13773,38363,Cash on Delivery
12767,37858,Credit Card
26550,1379,Cash on Delivery
3058,1704,GCash
11756,23114,Cash on Delivery
20,48448,Credit Card
3064,43617,Credit Card
28420,3984,Credit Card
22902,3814,GCash
6137,47433,GCash
8208,3542,GCash
423,24116,Credit Card
25823,19833,Credit Card
7939,39848,Credit Card
14647,48154,Credit Card
25033,29508,Cash on Delivery
14455,934,Cash on Delivery
28931,4772,GCash
24883,19172,GCash
15543,9188,GCash
2337,9748,GCash
23469,31827,Credit Card
29077,13146,Cash on Delivery
28708,27958,Credit Card
18771,28043,Credit Card
13195,48041,Credit Card
1282,34797,GCash
24436,35464,Cash on Delivery
22865,36225,Cash on Delivery
655,11625,GCash
824,2302,Credit Card
11052,31557,GCash
25709,35035,Cash on Delivery
20501,12901,Cash on Delivery
19905,32091,Credit Card
22891,13675,GCash
27384,43103,Credit Card
17254,2524,GCash
8905,23495,GCash
11842,30764,GCash
29757,44949,Cash on Delivery
8219,11906,GCash
21752,31471,GCash
24929,19917,Cash on Delivery
25963,40922,Credit Card
6954,21008,Credit Card
8751,19718,Credit Card
29628,2906,GCash
25774,23145,GCash
14994,29030,Credit Card
5297,46719,Cash on Delivery
6056,12888,Credit Card
21067,213,Credit Card
138,9450,Cash on Delivery
3589,44964,Cash on Delivery
14744,2518,GCash
28031,42809,Cash on Delivery
6675,19249,GCash
7112,32087,Cash on Delivery
6033,3208,GCash
27181,48310,Credit Card
16132,41591,Cash on Delivery
6795,6535,GCash
29745,44391,Credit Card
20465,27999,GCash
21171,42278,GCash
9243,18727,Credit Card
7185,45777,GCash
20812,38447,GCash
14434,41701,Cash on Delivery
1162,3496,Cash on Delivery
20319,22240,GCash
11548,40619,Credit Card
5412,47014,Cash on Delivery
19491,18187,GCash
608,15704,GCash
12946,13497,Cash on Delivery
273,48296,GCash
17199,33467,Credit Card
18177,27773,Credit Card
26182,1781,Cash on Delivery
25715,12876,Cash on Delivery
3380,18286,Credit Card
23172,4613,Cash on Delivery
8822,49975,Cash on Delivery
6308,2937,Credit Card
13914,45297,GCash
27637,41335,Credit Card
24787,42807,Credit Card
20933,44300,Cash on Delivery
16150,34458,Credit Card
25594,23272,Cash on Delivery
14620,2562,Credit Card
22637,19787,Cash on Delivery
8397,47144,Credit Card
24665,26975,Credit Card
9807,27021,Credit Card
17415,3811,Credit Card
11807,4136,Cash on Delivery
27863,10485,Credit Card
20638,14131,GCash
4981,39778,Cash on Delivery
23338,21371,Credit Card
24909,24012,Cash on Delivery
28214,32343,Cash on Delivery
13635,21863,GCash
10607,4227,GCash
23697,1989,GCash
6756,1254,GCash
20067,2707,Credit Card
21142,8715,Cash on Delivery
24396,31664,Cash on Delivery
20320,44191,Cash on Delivery
1830,25618,GCash
29830,19240,Cash on Delivery
14988,6543,Cash on Delivery
570,22579,Credit Card
21750,10756,Credit Card
5369,35522,Credit Card
16312,28679,Credit Card
16933,38993,GCash
25266,35838,Cash on Delivery
7663,27704,GCash
24511,24759,GCash
3531,44414,Credit Card
8272,47339,Cash on Delivery
23875,43007,GCash
8564,35334,Credit Card
23834,23228,GCash
13389,40770,Cash on Delivery
4316,27750,Credit Card
5919,20865,Cash on Delivery
28431,32565,Cash on Delivery
4170,14411,Cash on Delivery
28026,46240,Cash on Delivery
13483,10239,GCash
7431,15762,Credit Card
22217,31687,Credit Card
4278,19933,GCash
7933,21818,GCash
11692,19676,GCash
4946,14143,Cash on Delivery
2031,14623,Cash on Delivery
26668,29167,Cash on Delivery
29901,5168,Credit Card
14911,3977,Cash on Delivery
14916,9488,GCash
13546,30858,Credit Card
991,23885,Cash on Delivery
11675,1242,Cash on Delivery
5998,21044,GCash
12200,49657,Cash on Delivery
9944,10319,Credit Card
19673,3325,Cash on Delivery
15646,974,GCash
3420,5509,GCash
22311,43921,GCash
3166,12450,GCash
7582,3968,Credit Card
11605,27970,Cash on Delivery
16596,23706,Cash on Delivery
8057,30113,Credit Card
16851,34602,Credit Card
18586,41469,Credit Card
20463,22959,Credit Card
5612,17714,Credit Card
20540,24423,GCash
10469,15708,Cash on Delivery
3161,10038,Credit Card
20153,17783,GCash
9680,16470,GCash
18048,30819,Cash on Delivery
22079,48065,GCash
6750,32463,GCash
9257,42701,Credit Card
8659,8616,Cash on Delivery
2611,42248,GCash
13256,26421,GCash
13894,30952,GCash
2202,13400,Cash on Delivery
12558,7394,Credit Card
20280,5226,GCash
12140,2671,Cash on Delivery
4640,18415,Cash on Delivery
13182,21797,Cash on Delivery
1057,12695,Credit Card
16968,38878,GCash
2269,40568,GCash
10577,46708,Cash on Delivery
19488,49976,GCash
17537,41996,Credit Card
4781,49220,Cash on Delivery
10164,15066,Cash on Delivery
12903,18188,Cash on Delivery
27770,34751,Cash on Delivery
23658,25090,Cash on Delivery
10034,38055,Cash on Delivery
12224,4088,Credit Card
21133,4914,GCash
1745,36133,Credit Card
18651,34543,Credit Card
10766,40294,Cash on Delivery
20599,31543,Credit Card
29290,14207,Credit Card
13654,24644,Cash on Delivery
25239,46661,GCash
22466,17494,Credit Card
14822,17930,Credit Card
23872,14465,GCash
11061,35767,Credit Card
29098,4499,GCash
546,25602,GCash
23897,16052,Cash on Delivery
16560,13814,Credit Card
24993,31372,GCash
9777,13760,Cash on Delivery
15736,33327,Credit Card
16488,20716,GCash
15505,49559,GCash
5906,38896,Credit Card
29326,22457,GCash
2674,29988,Cash on Delivery
3532,12344,Cash on Delivery
19704,15713,Cash on Delivery
22977,34721,GCash
16764,15039,Cash on Delivery
28515,20594,Cash on Delivery
11334,39764,GCash
375,40128,Cash on Delivery
27590,19333,Credit Card
9030,47721,Credit Card
13260,43701,Credit Card
23261,19784,Cash on Delivery
20959,40947,Cash on Delivery
29852,27111,GCash
26524,15363,Cash on Delivery
21462,4690,Credit Card
9821,32763,Credit Card
15367,27131,Cash on Delivery
10660,24907,Credit Card
10846,7217,GCash
7801,42087,Credit Card
16720,4464,Credit Card
29791,9571,Cash on Delivery
24528,21627,GCash
29617,13786,Cash on Delivery
27042,22692,Cash on Delivery
16929,12302,GCash
14951,36026,Cash on Delivery
13770,2746,GCash
10313,14973,Credit Card
13500,34321,Credit Card
14339,34953,Credit Card
27498,26146,Cash on Delivery
11358,42678,GCash
8042,39700,Cash on Delivery
17091,27952,Cash on Delivery
16715,38457,Cash on Delivery
9058,44311,Cash on Delivery
21832,40495,GCash
3386,12784,Credit Card
1188,10764,GCash
22834,11402,GCash
19183,23215,GCash
27035,4245,Cash on Delivery
29066,42207,Credit Card
15404,15460,Cash on Delivery
22540,15771,Credit Card
8210,32072,Cash on Delivery
7459,22959,GCash
28970,26906,Cash on Delivery
18728,13009,Credit Card
26586,11452,Cash on Delivery
19733,30966,Credit Card
19596,10292,Cash on Delivery
25210,16062,GCash
19318,21954,Cash on Delivery
20958,39442,Cash on Delivery
16872,9328,Credit Card
13096,2785,Credit Card
14458,10566,Cash on Delivery
16372,35247,GCash
4475,106,Credit Card
24329,20337,Credit Card
12476,19904,Credit Card
18463,5848,GCash
19596,46050,GCash
5369,43650,Credit Card
573,43401,GCash
24265,11713,GCash
9481,46381,Credit Card
26494,611,GCash
16189,11190,Cash on Delivery
11661,15036,Cash on Delivery
28173,9456,Credit Card
5683,8564,GCash
26334,15820,Cash on Delivery
25754,25751,GCash
14772,34599,Cash on Delivery
18182,29262,GCash
103,3280,GCash
277,49022,Credit Card
12321,3819,GCash
28970,14039,Credit Card
29357,17933,Cash on Delivery
27934,14285,Cash on Delivery
1410,21652,GCash
16500,17380,Credit Card
21891,30100,Cash on Delivery
317,7923,Cash on Delivery
21497,49386,Cash on Delivery
20699,40940,Credit Card
28714,31781,GCash
19139,40086,Cash on Delivery
17811,41180,Credit Card
18111,11230,GCash
14616,17098,Credit Card
28409,46378,Credit Card
230,1075,Credit Card
16092,22358,Cash on Delivery
26316,15286,GCash
19277,4183,Cash on Delivery
29425,14828,GCash
10544,47360,GCash
24199,48050,Cash on Delivery
20708,5117,Credit Card
5933,42215,Credit Card
27303,23022,GCash
29259,18770,Cash on Delivery
8795,22700,Credit Card
7583,15160,Cash on Delivery
1460,25116,GCash
6350,42558,Credit Card
7426,41807,Cash on Delivery
1578,12500,GCash
23502,3253,GCash
1697,27581,Credit Card
2345,49314,Credit Card
19255,38352,Cash on Delivery
16896,8776,GCash
11830,24582,GCash
11032,46686,GCash
12501,35783,Cash on Delivery
21956,41156,GCash
10913,31370,GCash
13423,30688,GCash
2642,8858,Credit Card
18384,20679,GCash
3242,36206,GCash
8451,43694,Credit Card
5520,48712,Cash on Delivery
20502,15886,Credit Card
8975,43347,GCash
21392,2953,GCash
21290,32207,GCash
25176,30827,GCash
5370,30612,GCash
230,48466,Cash on Delivery
5711,33662,Credit Card
16201,26407,Credit Card
8525,40738,Credit Card
15121,15324,Credit Card
13780,17864,GCash
18248,23748,Credit Card
6828,31145,Cash on Delivery
16626,34198,GCash
11749,34129,Credit Card
4874,10033,GCash
18108,16515,Credit Card
4497,39010,Credit Card
7946,14306,GCash
3281,37853,GCash
21600,6537,Credit Card
9174,21650,Cash on Delivery
16310,22667,Credit Card
24965,47420,Cash on Delivery
26869,7515,Cash on Delivery
3986,35551,Credit Card
24332,22919,Credit Card
11501,41597,Cash on Delivery
11365,34610,GCash
9809,6613,Credit Card
4402,4172,GCash
28097,49020,Cash on Delivery
1240,7453,Credit Card
14990,45021,Credit Card
13962,36412,Credit Card
16378,31947,Cash on Delivery
28501,14647,Credit Card
2405,11152,Cash on Delivery
18921,16513,Credit Card
24905,7183,Cash on Delivery
18008,16287,Credit Card
16241,18905,GCash
22521,26926,Cash on Delivery
3255,39401,Credit Card
889,38028,Cash on Delivery
24757,11194,Cash on Delivery
8364,45868,Credit Card
17177,9244,Cash on Delivery
17882,1184,Credit Card
11983,36995,Cash on Delivery
12728,38433,Cash on Delivery
9460,44614,Credit Card
22169,39678,Cash on Delivery
3616,27099,Credit Card
25757,39735,Credit Card
9813,21574,GCash
17055,41688,GCash
3660,49735,Cash on Delivery
25180,39717,Credit Card
638,17749,GCash
15904,49266,Cash on Delivery
21928,12952,Cash on Delivery
29168,25853,Cash on Delivery
14855,38031,Cash on Delivery
6454,795,Credit Card
28840,17480,Cash on Delivery
4599,45115,Credit Card
2972,31655,Cash on Delivery
16855,6145,Cash on Delivery
13539,9397,Cash on Delivery
14484,40060,Cash on Delivery
10919,46899,Credit Card
25655,1629,GCash
10592,6434,GCash
6416,25151,GCash
25310,41121,Credit Card
19065,16612,Credit Card
16772,39159,Credit Card
14094,13989,GCash
22848,22922,GCash
27695,22154,GCash
6283,11502,Cash on Delivery
11252,14515,Cash on Delivery
28987,15040,GCash
25748,14685,Credit Card
14348,21584,Cash on Delivery
9543,19182,GCash
16964,44009,Credit Card
28348,15701,Credit Card
8069,26104,Cash on Delivery
15369,36998,GCash
2378,3699,Cash on Delivery
23822,19052,Credit Card
11862,7233,GCash
17048,49076,GCash
5800,3296,Cash on Delivery
21269,12456,Cash on Delivery
7814,33608,GCash
10062,26492,Cash on Delivery
19226,33501,Cash on Delivery
27443,37709,Cash on Delivery
19188,40007,Credit Card
24132,27553,Credit Card
24751,43627,GCash
29474,47601,Credit Card
12291,23555,Credit Card
26087,45150,GCash
3596,42210,Cash on Delivery
16055,17762,Credit Card
23460,2652,GCash
13162,39465,Credit Card
1499,35156,Cash on Delivery
29967,3339,GCash
2691,38777,GCash
17014,31775,Credit Card
8287,32885,GCash
5416,34043,Credit Card
13154,25236,Cash on Delivery
8901,3837,Cash on Delivery
26091,47637,Credit Card
23510,29103,Credit Card
20031,7420,Cash on Delivery
16369,9758,Credit Card
14069,48606,Cash on Delivery
8645,27151,Cash on Delivery
29720,17729,Credit Card
2261,1184,GCash
11402,34735,Cash on Delivery
23860,5709,GCash
1480,8250,Cash on Delivery
19086,28136,GCash
27759,32165,GCash
8700,10772,Credit Card
1886,12123,Cash on Delivery
6330,2418,GCash
26128,9400,GCash
10421,41583,Credit Card
4431,16650,GCash
9141,7009,Cash on Delivery
6634,29523,Credit Card
6266,22951,Cash on Delivery
16457,37270,Credit Card
15540,23739,GCash
17242,33316,Credit Card
18545,22324,Credit Card
20466,47942,GCash
9864,10918,GCash
1043,46257,GCash
12884,6784,Credit Card
18027,24615,Credit Card
14289,26437,GCash
3840,23938,Cash on Delivery
15286,40586,GCash
13000,14848,Cash on Delivery
17588,44305,Credit Card
1692,46636,Cash on Delivery
23447,34799,Credit Card
8672,42653,Credit Card
25140,39282,GCash
9357,38929,Credit Card
20659,40620,Credit Card
29845,2430,GCash
7507,25139,Cash on Delivery
12094,3919,Credit Card
28826,25595,Credit Card
24688,32537,Cash on Delivery
4448,25797,Credit Card
18436,1399,GCash
20760,49912,GCash
14868,36056,Cash on Delivery
8280,21651,Cash on Delivery
27005,19361,GCash
9416,25540,GCash
18859,28909,GCash
15689,1043,Cash on Delivery
13199,47912,Credit Card
6272,8037,Cash on Delivery
5439,8124,Cash on Delivery
2664,3958,GCash
21900,19617,Cash on Delivery
7091,11113,Cash on Delivery
21757,20923,Cash on Delivery
3591,31613,Credit Card
13047,16628,Credit Card
16346,9719,Credit Card
3419,21706,GCash
13813,35852,GCash
16904,35197,Cash on Delivery
29859,24012,Cash on Delivery
2725,4042,GCash
26521,1608,Credit Card
2229,45415,Credit Card
20843,41390,Credit Card
27870,10905,Credit Card
26732,48874,GCash
23248,43845,GCash
16640,49595,GCash
25688,29353,Credit Card
6412,45787,Credit Card
22180,47120,Credit Card
29751,49837,GCash
11813,1132,Credit Card
27703,38256,GCash
22844,44579,GCash
8412,40258,Credit Card
20029,40374,Cash on Delivery
11976,25321,Credit Card
846,12222,GCash
22134,38419,Credit Card
21738,29071,GCash
8261,49746,Credit Card
13787,33987,Credit Card
3354,45655,GCash
10494,5045,GCash
26402,44808,Credit Card
20876,39940,Cash on Delivery
15818,34385,GCash
4324,13689,GCash
29621,12565,Credit Card
22605,4846,Cash on Delivery
21349,23453,Cash on Delivery
616,23182,GCash
25518,28858,Credit Card
1917,33682,Cash on Delivery
27894,9157,GCash
1666,15755,GCash
1561,38427,Cash on Delivery
3165,21241,GCash
25241,8193,Cash on Delivery
28738,21762,GCash
25228,24140,Cash on Delivery
17704,3745,Cash on Delivery
12468,47860,Cash on Delivery
25737,44064,Cash on Delivery
28633,43120,Cash on Delivery
11461,3386,Credit Card
26668,4616,Cash on Delivery
6600,42319,Cash on Delivery
13004,7608,GCash
4035,37741,Cash on Delivery
29139,30021,Cash on Delivery
26972,28655,Cash on Delivery
2030,40853,Cash on Delivery
10135,43258,Credit Card
20973,6133,Credit Card
8705,34336,Cash on Delivery
4761,36069,Credit Card
10870,41334,GCash
26328,48431,Credit Card
3254,31626,Credit Card
25738,28841,Cash on Delivery
8353,20775,GCash
1056,48104,Cash on Delivery
9483,25432,Cash on Delivery
7065,5610,GCash
28683,20733,Cash on Delivery
23313,19712,Credit Card
930,9560,Credit Card
15907,6527,Cash on Delivery
24166,36944,Credit Card
7964,32596,GCash
11802,9345,Cash on Delivery
24491,12769,GCash
5068,35702,GCash
6113,26601,Cash on Delivery
23597,10898,Cash on Delivery
19700,38060,Credit Card
17091,47691,Credit Card
92,25924,Cash on Delivery
13777,45102,Cash on Delivery
17732,22057,Cash on Delivery
1207,20028,GCash
23677,21208,GCash
17212,49614,GCash
16612,9152,Cash on Delivery
14517,34324,GCash
25434,4681,GCash
26470,23768,Credit Card
1872,47941,Cash on Delivery
2219,5889,Credit Card
23199,35739,GCash
2307,47132,Cash on Delivery
26829,30081,Credit Card
13084,10761,GCash
28305,9052,GCash
24346,35644,Credit Card
20201,44492,GCash
4455,1865,GCash
22735,9540,Credit Card
25958,4454,GCash
19310,39548,Cash on Delivery
47,5044,Credit Card
28568,33797,GCash
17786,26088,Credit Card
