customer_id,status
4457,Shipped
1676,Pending
17546,Processing
85,Shipped
9280,Shipped
5998,Cancelled
3733,Pending
16463,Shipped
15427,Delivered
108,Pending
14230,Pending
3443,Processing
9239,Processing
8502,Pending
6313,Processing
17342,Shipped
9315,Pending
10225,Shipped
6258,Pending
45,Cancelled
11991,Pending
16961,Delivered
66,Shipped
6109,Shipped
19997,Delivered
16342,Delivered
6834,Processing
898,Shipped
13845,Processing
9279,Cancelled
3893,Shipped
9987,Processing
15055,Pending
143,Processing
2222,Processing
19427,Pending
616,Cancelled
14635,Shipped
13824,Delivered
9057,Delivered
10655,Delivered
19196,Shipped
3644,Shipped
8513,Pending
5204,Delivered
12153,Delivered
7859,Pending
19921,Pending
10392,Cancelled
13866,Delivered
9268,Shipped
7939,Cancelled
2152,Processing
16106,Pending
10209,Cancelled
2386,Shipped
15728,Shipped
9442,Delivered
18311,Cancelled
1145,Delivered
6365,Pending
112,Cancelled
2547,Pending
14306,Shipped
4035,Shipped
16293,Pending
12969,Processing
14349,Pending
11941,Processing
3611,Delivered
4887,Processing
17319,Cancelled
2138,Shipped
1,Delivered
17685,Shipped
4112,Pending
623,Cancelled
1984,Processing
1618,Processing
3051,Processing
7855,Processing
2872,Cancelled
14691,Processing
16789,Shipped
18698,Processing
14155,Processing
12991,Shipped
15465,Cancelled
2088,Shipped
10995,Cancelled
3485,Pending
389,Cancelled
12159,Pending
14110,Shipped
15861,Delivered
13827,Pending
1886,Cancelled
3997,Pending
3761,Shipped
7214,Shipped
18686,Shipped
6757,Cancelled
2306,Processing
12355,Cancelled
8047,Cancelled
18646,Cancelled
8110,Delivered
13504,Pending
7100,Shipped
17694,Processing
304,Delivered
19755,Shipped
17076,Cancelled
17114,Shipped
9480,Shipped
10305,Processing
3580,Pending
3675,Cancelled
13602,Shipped
9529,Cancelled
5735,Shipped
2306,Delivered
1829,Shipped
15072,Processing
1705,Delivered
18165,Processing
4828,Processing
28,Cancelled
4722,Processing
10993,Pending
11146,Processing
16795,Pending
4349,Cancelled
13960,Delivered
16110,Shipped
1964,Shipped
12465,Pending
6679,Processing
11377,Cancelled
19950,Cancelled
12880,Pending
9052,Cancelled
9933,Processing
9116,Pending
13007,Cancelled
18858,Processing
11644,Shipped
897,Processing
450,Processing
16440,Cancelled
13658,Shipped
7828,Processing
813,Pending
18664,Shipped
19692,Shipped
7051,Pending
19940,Delivered
5821,Processing
560,Cancelled
15055,Shipped
9256,Pending
8156,Shipped
6374,Delivered
3502,Cancelled
7634,Pending
14733,Cancelled
15597,Processing
13609,Pending
8307,Processing
16181,Processing
6935,Cancelled
6051,Delivered
18353,Processing
19444,Processing
5127,Pending
13395,Processing
12627,Processing
12419,Pending
7621,Shipped
2880,Delivered
84,Delivered
10994,Processing
208,Cancelled
1467,Processing
14610,Cancelled
3768,Delivered
11295,Processing
3,Pending
15027,Processing
16953,Cancelled
386,Cancelled
21,Delivered
7973,Cancelled
4736,Cancelled
3222,Delivered
8099,Shipped
13306,Processing
763,Delivered
18645,Pending
13831,Pending
2307,Delivered
15337,Pending
12651,Delivered
6957,Processing
2192,Delivered
920,Cancelled
17599,Processing
2589,Pending
4716,Cancelled
7464,Pending
15518,Cancelled
9085,Delivered
17180,Processing
15238,Processing
14321,Cancelled
2894,Delivered
8517,Cancelled
16199,Shipped
14327,Pending
5726,Cancelled
4551,Processing
18072,Delivered
16051,Pending
1094,Processing
16427,Pending
3817,Delivered
15907,Delivered
15985,Pending
6546,Pending
4414,Cancelled
6082,Pending
17404,Processing
10192,Pending
19553,Shipped
4234,Shipped
19279,Delivered
13131,Delivered
4213,Processing
865,Shipped
7837,Delivered
6909,Cancelled
12825,Shipped
18529,Pending
5145,Pending
6744,Pending
9590,Delivered
8166,Delivered
2942,Processing
68,Processing
19652,Processing
15838,Shipped
11730,Pending
8557,Pending
17910,Processing
14845,Shipped
16779,Processing
8427,Pending
10656,Delivered
2577,Pending
11676,Delivered
6521,Pending
18730,Cancelled
4025,Pending
670,Pending
7132,Processing
8982,Processing
9525,Processing
7412,Pending
19104,Pending
15811,Pending
18341,Shipped
19031,Pending
15883,Cancelled
6909,Shipped
6218,Pending
16218,Cancelled
1996,Processing
10398,Shipped
12971,Delivered
13691,Pending
3579,Pending
17713,Processing
6897,Delivered
11465,Shipped
13055,Processing
17581,Pending
880,Shipped
9237,Pending
1638,Processing
3532,Shipped
17998,Cancelled
19534,Pending
7829,Delivered
11488,Pending
594,Delivered
533,Processing
18607,Delivered
16531,Pending
13383,Cancelled
3535,Cancelled
4938,Processing
1488,Pending
83,Pending
10085,Delivered
4192,Shipped
17579,Cancelled
238,Delivered
18514,Shipped
11700,Processing
16716,Delivered
14762,Processing
345,Shipped
11168,Processing
15332,Shipped
1467,Pending
17143,Shipped
4850,Processing
8979,Delivered
17938,Shipped
9109,Cancelled
9811,Cancelled
12482,Cancelled
15045,Shipped
9487,Cancelled
2578,Delivered
8758,Shipped
17720,Delivered
11985,Pending
4466,Processing
12788,Processing
14718,Processing
8886,Processing
16983,Pending
8506,Processing
1184,Cancelled
4640,Delivered
2076,Pending
9092,Shipped
13134,Cancelled
3206,Cancelled
19087,Shipped
11733,Cancelled
12975,Delivered
14900,Processing
18669,Processing
14699,Processing
248,Shipped
7318,Processing
14882,Shipped
6007,Shipped
18013,Shipped
11221,Shipped
7253,Shipped
15455,Pending
366,Pending
15591,Shipped
468,Delivered
11942,Shipped
18328,Shipped
8546,Shipped
16015,Pending
14134,Delivered
10549,Processing
7610,Shipped
16495,Shipped
12408,Pending
14120,Cancelled
9103,Processing
19108,Delivered
961,Pending
350,Cancelled
18093,Cancelled
18520,Delivered
14625,Pending
14751,Pending
13236,Pending
16005,Pending
15091,Delivered
6088,Processing
18901,Processing
451,Pending
2934,Processing
9810,Pending
701,Pending
3445,Processing
11169,Processing
11789,Delivered
15423,Cancelled
338,Shipped
18429,Pending
13883,Shipped
18356,Pending
1797,Delivered
7434,Cancelled
7776,Processing
2989,Delivered
11609,Delivered
3179,Pending
1972,Delivered
19771,Delivered
15382,Delivered
15719,Pending
4786,Pending
2135,Delivered
19292,Delivered
5019,Processing
9069,Delivered
14957,Cancelled
1881,Shipped
7187,Shipped
7131,Delivered
2446,Shipped
4889,Shipped
7031,Cancelled
12362,Cancelled
17256,Shipped
15583,Pending
15911,Shipped
5783,Delivered
7840,Shipped
9465,Delivered
10171,Pending
6336,Cancelled
19671,Delivered
13493,Shipped
10568,Shipped
760,Delivered
19240,Pending
3747,Delivered
19812,Delivered
17269,Processing
2594,Delivered
9812,Shipped
18448,Delivered
5284,Processing
1562,Shipped
13753,Delivered
14389,Shipped
43,Shipped
16486,Processing
14754,Pending
11652,Shipped
17380,Pending
17787,Shipped
12905,Delivered
19285,Delivered
13778,Cancelled
1052,Delivered
13926,Shipped
3524,Cancelled
8245,Processing
964,Delivered
921,Delivered
1413,Shipped
4699,Processing
8972,Delivered
19447,Delivered
8665,Shipped
1400,Pending
5146,Shipped
4651,Cancelled
3650,Shipped
11432,Delivered
6658,Shipped
6568,Shipped
2988,Shipped
18629,Shipped
17936,Delivered
7071,Delivered
11342,Pending
6237,Pending
19421,Cancelled
10412,Pending
4913,Processing
13145,Pending
10320,Processing
2449,Pending
2790,Shipped
7163,Pending
10687,Pending
6826,Shipped
8098,Shipped
17328,Delivered
5278,Pending
1698,Shipped
16612,Cancelled
5608,Shipped
5335,Cancelled
15361,Cancelled
13083,Processing
18589,Processing
2788,Cancelled
2211,Delivered
3950,Processing
70,Pending
17244,Pending
14445,Processing
13964,Delivered
4198,Shipped
14472,Processing
1786,Pending
15369,Pending
12658,Pending
18526,Delivered
5148,Shipped
1065,Processing
10556,Delivered
16707,Pending
13858,Delivered
9598,Processing
13185,Processing
8349,Delivered
11978,Pending
19275,Processing
5725,Processing
8165,Shipped
1547,Shipped
13003,Cancelled
3238,Shipped
13677,Cancelled
4151,Pending
2945,Processing
890,Pending
15228,Delivered
16430,Cancelled
14077,Delivered
18556,Delivered
8094,Processing
156,Cancelled
15450,Cancelled
8143,Delivered
10065,Cancelled
12103,Shipped
803,Pending
901,Shipped
3602,Delivered
8911,Shipped
7041,Pending
15615,Cancelled
7808,Processing
13365,Cancelled
7947,Cancelled
17938,Processing
19350,Delivered
15656,Cancelled
2662,Pending
18480,Pending
12783,Delivered
4763,Delivered
19055,Pending
7265,Cancelled
4366,Shipped
14740,Shipped
5444,Shipped
19370,Delivered
18430,Shipped
16609,Pending
13819,Shipped
8666,Delivered
5721,Cancelled
1818,Shipped
10808,Cancelled
349,Cancelled
14588,Pending
6339,Delivered
19739,Shipped
10620,Delivered
7412,Shipped
977,Pending
16567,Delivered
18893,Pending
18610,Shipped
12331,Delivered
13321,Processing
15847,Pending
4050,Cancelled
14241,Cancelled
16548,Pending
2554,Pending
8168,Delivered
9328,Pending
13315,Shipped
9377,Cancelled
8042,Delivered
5536,Pending
4820,Cancelled
16855,Processing
9221,Processing
19131,Processing
5228,Pending
5543,Processing
4342,Processing
17184,Shipped
6537,Delivered
992,Cancelled
11366,Processing
12182,Cancelled
15840,Processing
2504,Pending
15600,Pending
10146,Shipped
2671,Delivered
11025,Processing
14178,Pending
8022,Shipped
6908,Delivered
13280,Shipped
18693,Shipped
5308,Pending
14985,Cancelled
8090,Shipped
2309,Delivered
16636,Cancelled
6338,Cancelled
12860,Delivered
19802,Shipped
5973,Shipped
5604,Shipped
17167,Cancelled
9622,Pending
8938,Processing
4540,Delivered
16271,Processing
2464,Shipped
11201,Cancelled
421,Processing
6494,Pending
9590,Delivered
3019,Shipped
19894,Shipped
121,Pending
9185,Cancelled
19385,Pending
11240,Shipped
7164,Pending
11298,Delivered
13145,Cancelled
12497,Shipped
1634,Delivered
13253,Shipped
12366,Processing
12164,Shipped
15441,Delivered
12017,Pending
9089,Processing
1871,Pending
9929,Delivered
6061,Processing
9837,Pending
6615,Processing
11292,Pending
6758,Cancelled
18407,Processing
18759,Pending
18951,Shipped
4262,Pending
18740,Delivered
7190,Cancelled
410,Pending
6421,Pending
3628,Cancelled
7932,Shipped
13152,Delivered
12242,Cancelled
18656,Cancelled
2357,Processing
3068,Cancelled
228,Processing
9353,Processing
12716,Shipped
11153,Cancelled
14253,Cancelled
12644,Pending
19877,Processing
4196,Shipped
7342,Processing
1138,Cancelled
10077,Pending
19959,Pending
12509,Shipped
15386,Pending
5770,Pending
2463,Cancelled
7683,Processing
8731,Cancelled
15077,Processing
510,Processing
7428,Pending
2056,Pending
1674,Cancelled
14418,Delivered
2828,Shipped
6462,Delivered
18969,Pending
10721,Shipped
8102,Cancelled
9731,Delivered
15972,Delivered
9068,Processing
6962,Pending
19799,Processing
12624,Cancelled
10080,Shipped
605,Pending
16177,Cancelled
12767,Cancelled
16063,Pending
1822,Shipped
10785,Shipped
9525,Shipped
10796,Cancelled
14744,Cancelled
5878,Processing
2899,Delivered
12366,Delivered
13760,Delivered
13529,Cancelled
17012,Processing
12246,Processing
15714,Cancelled
7085,Shipped
1470,Pending
1927,Shipped
1104,Pending
9235,Delivered
10542,Cancelled
3961,Cancelled
5696,Delivered
15401,Cancelled
13824,Delivered
8009,Shipped
1389,Shipped
3535,Cancelled
17554,Delivered
9385,Cancelled
18824,Pending
15409,Pending
13734,Pending
7279,Shipped
16200,Shipped
4916,Processing
5657,Pending
6966,Processing
8622,Pending
15646,Shipped
5131,Delivered
13085,Processing
4331,Shipped
1179,Pending
11114,Delivered
9578,Shipped
10200,Delivered
9268,Shipped
2176,Cancelled
3474,Cancelled
16925,Cancelled
4887,Pending
17034,Pending
15682,Pending
16908,Shipped
8050,Pending
9961,Delivered
2649,Cancelled
14496,Processing
13657,Delivered
14652,Cancelled
9287,Cancelled
18711,Shipped
12753,Delivered
10605,Processing
13143,Cancelled
14559,Delivered
6334,Delivered
4800,Cancelled
19155,Pending
14604,Processing
7373,Pending
17784,Processing
2341,Cancelled
11360,Pending
7681,Cancelled
753,Processing
14019,Processing
9378,Pending
8729,Pending
126,Delivered
8091,Cancelled
879,Delivered
5019,Cancelled
7217,Cancelled
11044,Processing
17931,Pending
13485,Cancelled
10516,Cancelled
12647,Processing
16391,Shipped
16921,Delivered
3966,Cancelled
13387,Shipped
6679,Pending
16994,Processing
18464,Cancelled
19846,Delivered
8276,Pending
14990,Cancelled
6884,Processing
2666,Shipped
4376,Delivered
12558,Shipped
512,Processing
7367,Shipped
8351,Shipped
16110,Processing
1271,Delivered
12069,Cancelled
17530,Cancelled
11757,Delivered
9860,Shipped
7614,Cancelled
11845,Pending
7837,Delivered
6700,Processing
1991,Processing
13464,Shipped
14517,Processing
17296,Shipped
10180,Cancelled
18989,Cancelled
5672,Shipped
6120,Processing
12206,Delivered
13181,Shipped
2610,Cancelled
1079,Shipped
1637,Cancelled
15704,Pending
2506,Shipped
14807,Delivered
13391,Delivered
4101,Shipped
11390,Processing
1705,Pending
10679,Processing
10980,Processing
4547,Shipped
15022,Cancelled
12386,Pending
2185,Pending
3332,Shipped
10959,Delivered
8589,Cancelled
16656,Processing
12652,Shipped
9952,Delivered
17743,Pending
19147,Delivered
9194,Processing
3637,Pending
648,Delivered
9891,Processing
17263,Shipped
12276,Delivered
18986,Delivered
5653,Delivered
7859,Processing
1599,Cancelled
12103,Shipped
16218,Processing
1595,Cancelled
1708,Delivered
17116,Pending
17740,Cancelled
2431,Processing
11518,Processing
8505,Pending
1151,Shipped
11973,Pending
18040,Cancelled
4564,Shipped
13199,Cancelled
15817,Pending
3915,Pending
12449,Shipped
18191,Delivered
8612,Cancelled
11611,Delivered
1387,Delivered
5259,Pending
1105,Shipped
5740,Cancelled
9864,Processing
13504,Pending
13583,Cancelled
1535,Shipped
5240,Processing
2140,Pending
6126,Cancelled
12497,Shipped
10504,Shipped
8270,Processing
14182,Cancelled
6137,Processing
6963,Shipped
18029,Cancelled
13301,Pending
12419,Shipped
4447,Shipped
2752,Processing
3338,Pending
4425,Shipped
19000,Processing
16507,Processing
17260,Processing
18636,Delivered
18153,Delivered
17357,Delivered
2752,Pending
16131,Processing
7782,Delivered
6410,Delivered
16759,Shipped
48,Shipped
4081,Cancelled
14093,Cancelled
15840,Pending
19687,Shipped
2783,Delivered
383,Processing
7156,Shipped
6493,Shipped
16968,Shipped
16061,Pending
1302,Delivered
13558,Pending
14684,Shipped
12154,Processing
12805,Pending
3828,Delivered
8167,Pending
1629,Pending
7574,Delivered
18473,Delivered
18199,Shipped
5418,Processing
8872,Processing
15425,Shipped
14110,Cancelled
1100,Delivered
9076,Shipped
15174,Processing
6761,Delivered
18689,Shipped
5565,Pending
2769,Pending
14483,Shipped
29,Processing
8010,Processing
7936,Pending
14837,Delivered
18,Delivered
2173,Delivered
17899,Pending
11281,Processing
15971,Delivered
7531,Pending
8024,Delivered
623,Shipped
6391,Shipped
18843,Shipped
9450,Cancelled
18868,Cancelled
5319,Shipped
3987,Processing
16139,Delivered
10563,Delivered
3945,Processing
6349,Processing
10488,Pending
6284,Cancelled
6871,Processing
8220,Processing
19263,Shipped
15061,Processing
8940,Cancelled
6126,Cancelled
8805,Delivered
17769,Pending
8837,Processing
1782,Pending
19527,Delivered
798,Delivered
7742,Shipped
13281,Delivered
12646,Delivered
11671,Shipped
8432,Pending
3426,Pending
13302,Delivered
12742,Shipped
7070,Processing
18670,Delivered
3117,Delivered
1712,Shipped
5975,Pending
2069,Pending
15276,Pending
5231,Shipped
15008,Processing
16397,Shipped
8086,Cancelled
1804,Pending
8817,Processing
3799,Pending
11825,Delivered
16546,Cancelled
13482,Shipped
16014,Delivered
15926,Delivered
2781,Shipped
6472,Delivered
19261,Delivered
11049,Pending
293,Shipped
17737,Cancelled
3180,Cancelled
3077,Processing
16137,Processing
2035,Processing
7230,Cancelled
5293,Pending
10634,Pending
9197,Cancelled
23,Delivered
10466,Delivered
19305,Cancelled
14784,Delivered
1349,Processing
937,Delivered
9744,Cancelled
16788,Processing
4298,Shipped
2425,Shipped
7998,Pending
11302,Processing
1473,Cancelled
12006,Shipped
1535,Processing
9646,Delivered
15810,Delivered
11754,Processing
4447,Cancelled
9116,Delivered
956,Cancelled
18471,Pending
12954,Pending
17357,Pending
11294,Shipped
19838,Cancelled
5278,Processing
4703,Delivered
18459,Delivered
285,Shipped
8289,Processing
4846,Cancelled
37,Cancelled
2403,Processing
15906,Cancelled
16490,Pending
475,Cancelled
12158,Delivered
4102,Shipped
7182,Shipped
15560,Processing
6724,Delivered
15801,Delivered
16724,Cancelled
3127,Processing
8424,Pending
11707,Delivered
5445,Pending
876,Processing
3576,Shipped
8394,Pending
18507,Delivered
16537,Pending
6893,Pending
10198,Processing
18486,Pending
9080,Processing
16324,Shipped
12273,Delivered
12801,Shipped
1949,Shipped
7262,Processing
8882,Delivered
9233,Pending
8340,Shipped
15256,Pending
13524,Shipped
4800,Delivered
7770,Processing
11640,Processing
6492,Processing
2629,Pending
17938,Delivered
12783,Pending
4090,Delivered
4883,Delivered
17806,Pending
6410,Shipped
16365,Shipped
15334,Delivered
15845,Processing
5934,Cancelled
18215,Delivered
16532,Pending
11292,Pending
14336,Processing
37,Shipped
16090,Shipped
786,Processing
4981,Cancelled
12147,Pending
5736,Pending
8537,Cancelled
14057,Shipped
18418,Delivered
11520,Delivered
13434,Delivered
13868,Cancelled
19928,Pending
15369,Cancelled
17901,Shipped
8998,Delivered
8264,Processing
18712,Shipped
8314,Processing
11743,Delivered
7305,Shipped
1602,Delivered
13347,Shipped
7862,Pending
7016,Processing
10563,Shipped
14744,Pending
17977,Delivered
10017,Delivered
6755,Delivered
19292,Cancelled
14287,Pending
4867,Processing
19131,Pending
6403,Processing
9940,Processing
15169,Processing
3824,Pending
2186,Pending
8273,Shipped
1520,Pending
5266,Processing
8910,Shipped
12361,Shipped
17812,Cancelled
8543,Delivered
8611,Shipped
17266,Cancelled
6912,Pending
8480,Cancelled
11746,Shipped
16665,Delivered
2495,Delivered
26,Cancelled
10801,Shipped
19540,Cancelled
18587,Cancelled
12346,Shipped
6431,Delivered
6380,Pending
3450,Shipped
8528,Delivered
880,Delivered
8946,Delivered
18059,Processing
10803,Processing
14123,Cancelled
1658,Delivered
11434,Pending
8092,Processing
565,Processing
2691,Pending
18656,Pending
16560,Cancelled
7901,Shipped
11266,Shipped
17584,Delivered
19056,Cancelled
743,Processing
8441,Processing
14526,Pending
11840,Pending
2094,Delivered
12199,Cancelled
9175,Pending
4866,Cancelled
18349,Cancelled
13851,Delivered
10949,Processing
19462,Processing
7539,Pending
8908,Pending
10558,Processing
17515,Processing
4679,Pending
4976,Pending
182,Pending
14921,Delivered
12695,Processing
10755,Cancelled
2772,Delivered
14277,Processing
9559,Processing
16796,Pending
18566,Shipped
7048,Cancelled
16171,Pending
2064,Delivered
4693,Processing
9333,Shipped
4877,Shipped
11103,Cancelled
19209,Shipped
17101,Shipped
14035,Shipped
5562,Shipped
10657,Delivered
10094,Shipped
5281,Processing
16929,Shipped
12433,Shipped
15125,Shipped
5799,Processing
1227,Pending
2084,Cancelled
3073,Shipped
7567,Shipped
4542,Processing
14773,Shipped
10900,Delivered
3712,Pending
11664,Processing
2883,Pending
2650,Cancelled
4539,Cancelled
12908,Cancelled
19460,Delivered
5636,Processing
19383,Processing
17110,Shipped
7677,Shipped
11033,Shipped
2166,Cancelled
15382,Pending
7469,Pending
5094,Shipped
9238,Delivered
4817,Delivered
10668,Shipped
4585,Pending
4922,Cancelled
12968,Pending
14143,Processing
18493,Pending
2012,Delivered
16413,Cancelled
6667,Processing
15662,Shipped
14257,Processing
18521,Cancelled
1277,Processing
14222,Processing
18071,Processing
12521,Pending
7260,Cancelled
2561,Processing
13793,Delivered
17093,Shipped
8553,Delivered
10435,Pending
3232,Cancelled
12669,Cancelled
2182,Delivered
2988,Shipped
8840,Processing
18182,Cancelled
19677,Processing
14891,Delivered
19992,Delivered
11441,Processing
8616,Cancelled
11762,Shipped
2503,Pending
14764,Processing
17663,Cancelled
6196,Delivered
19185,Delivered
18139,Shipped
2184,Delivered
18200,Cancelled
7885,Pending
2023,Processing
18515,Pending
1659,Shipped
5713,Delivered
11119,Cancelled
16966,Processing
11188,Processing
17503,Delivered
18317,Pending
16417,Delivered
3244,Delivered
16702,Shipped
16133,Cancelled
10456,Pending
3714,Pending
4580,Cancelled
10864,Delivered
2215,Shipped
9351,Processing
1014,Delivered
13547,Pending
9412,Pending
792,Cancelled
9134,Processing
554,Delivered
1065,Cancelled
8605,Processing
4149,Processing
318,Delivered
7165,Processing
4025,Processing
8284,Processing
10191,Shipped
14172,Shipped
15672,Delivered
7830,Delivered
18308,Cancelled
915,Pending
17908,Cancelled
18457,Pending
19830,Processing
19988,Shipped
14463,Shipped
4643,Processing
410,Delivered
10598,Processing
9778,Cancelled
10368,Delivered
4765,Cancelled
10018,Pending
12721,Processing
1442,Shipped
6709,Delivered
17750,Processing
13964,Processing
18571,Pending
13798,Cancelled
5035,Shipped
14913,Processing
19838,Delivered
4200,Delivered
13791,Cancelled
739,Delivered
4333,Cancelled
18650,Shipped
13,Processing
8941,Processing
12356,Delivered
12148,Delivered
10730,Pending
18266,Cancelled
1896,Pending
8705,Delivered
15711,Shipped
3112,Processing
950,Shipped
15929,Cancelled
839,Processing
6838,Processing
3272,Delivered
3518,Delivered
1640,Shipped
17743,Shipped
17353,Cancelled
10620,Cancelled
12697,Delivered
3829,Shipped
12961,Shipped
6520,Cancelled
10709,Cancelled
7847,Shipped
4628,Delivered
11207,Cancelled
8521,Processing
5878,Shipped
3260,Pending
12950,Shipped
12130,Pending
10125,Processing
298,Cancelled
15270,Shipped
11289,Cancelled
9837,Delivered
3999,Pending
16009,Cancelled
3995,Processing
4661,Cancelled
10487,Shipped
18851,Processing
5898,Processing
13937,Shipped
5997,Cancelled
4071,Shipped
2430,Shipped
13892,Delivered
15200,Processing
4040,Delivered
3342,Cancelled
2592,Pending
16492,Shipped
14237,Pending
1274,Delivered
5552,Cancelled
5705,Processing
14103,Delivered
1912,Pending
15995,Delivered
7050,Shipped
1860,Shipped
18708,Processing
7972,Processing
10113,Delivered
17585,Shipped
12625,Cancelled
6744,Shipped
15518,Shipped
10671,Delivered
6057,Shipped
2668,Processing
5316,Pending
18481,Processing
7386,Processing
556,Processing
17028,Pending
13775,Delivered
4500,Delivered
11722,Processing
15187,Delivered
8360,Delivered
14147,Delivered
17298,Delivered
15005,Pending
9041,Cancelled
1254,Delivered
11114,Delivered
9682,Delivered
13400,Pending
13660,Shipped
1176,Delivered
12253,Shipped
14178,Processing
14606,Delivered
4002,Shipped
18034,Processing
5238,Delivered
3160,Cancelled
310,Cancelled
13584,Pending
17750,Cancelled
10051,Cancelled
7423,Shipped
13001,Cancelled
15928,Processing
19503,Shipped
275,Cancelled
1256,Delivered
522,Shipped
10301,Cancelled
10575,Processing
17399,Processing
17630,Delivered
15924,Processing
11824,Pending
12653,Shipped
9633,Cancelled
7049,Processing
16840,Processing
11572,Cancelled
18657,Delivered
17540,Processing
4624,Shipped
10389,Cancelled
5271,Pending
16954,Shipped
15646,Pending
3192,Cancelled
15040,Delivered
19186,Pending
7080,Pending
19555,Cancelled
17903,Shipped
2826,Delivered
2339,Cancelled
1836,Shipped
17856,Pending
6066,Pending
16846,Cancelled
10278,Pending
5813,Delivered
13971,Delivered
13102,Processing
12958,Delivered
12059,Pending
7623,Delivered
19607,Processing
12877,Pending
12686,Processing
15419,Shipped
11672,Cancelled
9853,Delivered
7714,Processing
1398,Shipped
2963,Processing
17641,Delivered
11453,Delivered
8824,Shipped
11472,Processing
3689,Cancelled
2150,Pending
3771,Delivered
9866,Cancelled
4053,Pending
3039,Processing
18124,Cancelled
8505,Pending
8033,Pending
3554,Shipped
3099,Shipped
9549,Delivered
2328,Cancelled
19019,Cancelled
4302,Pending
2646,Pending
15397,Shipped
7206,Processing
5604,Shipped
17658,Cancelled
19183,Shipped
19265,Pending
16489,Cancelled
18546,Delivered
6514,Pending
3081,Delivered
19822,Processing
12542,Processing
1268,Pending
11351,Cancelled
7771,Shipped
4070,Delivered
1721,Pending
5840,Cancelled
11294,Processing
7985,Delivered
11199,Shipped
7744,Processing
622,Processing
1291,Shipped
19385,Pending
768,Processing
14306,Cancelled
13860,Shipped
12643,Shipped
7522,Processing
13869,Pending
104,Shipped
17931,Processing
2399,Shipped
5567,Delivered
13275,Processing
1293,Pending
9903,Shipped
160,Shipped
2379,Shipped
7490,Cancelled
15291,Pending
5972,Pending
5863,Shipped
18022,Cancelled
620,Pending
6523,Delivered
7982,Shipped
180,Shipped
14087,Processing
4479,Shipped
5506,Cancelled
5221,Cancelled
18191,Pending
11029,Pending
18785,Delivered
11772,Processing
13605,Shipped
17113,Processing
2859,Cancelled
8859,Delivered
19333,Cancelled
12363,Shipped
16249,Delivered
5565,Processing
640,Cancelled
5046,Processing
19816,Cancelled
7242,Processing
8962,Cancelled
7314,Pending
7431,Processing
17680,Delivered
8375,Shipped
9829,Processing
12439,Pending
18124,Pending
6380,Cancelled
3023,Pending
5058,Cancelled
19954,Shipped
4892,Delivered
18682,Processing
2901,Delivered
17915,Shipped
3971,Processing
19002,Pending
14459,Delivered
5513,Delivered
12226,Pending
13355,Processing
2992,Processing
15455,Pending
5800,Delivered
16734,Shipped
1805,Processing
17734,Cancelled
12137,Cancelled
8286,Processing
19855,Pending
16050,Delivered
8185,Processing
413,Delivered
19617,Delivered
2557,Shipped
13223,Cancelled
16111,Processing
11247,Processing
13897,Shipped
15043,Shipped
12236,Processing
7842,Processing
19351,Processing
19311,Delivered
10810,Pending
5362,Shipped
865,Delivered
5249,Processing
281,Processing
918,Delivered
8925,Cancelled
13657,Delivered
7436,Delivered
8695,Pending
7873,Cancelled
5687,Shipped
17527,Delivered
17557,Cancelled
8325,Shipped
19853,Cancelled
2148,Cancelled
3810,Processing
19,Delivered
11120,Cancelled
9162,Cancelled
9042,Cancelled
6605,Cancelled
17627,Processing
10486,Cancelled
6434,Shipped
7988,Delivered
3253,Pending
19946,Delivered
16257,Pending
2696,Delivered
2847,Delivered
13728,Cancelled
3894,Processing
18206,Delivered
9613,Cancelled
17372,Cancelled
16225,Processing
15347,Processing
8613,Pending
11731,Shipped
13403,Pending
17319,Delivered
905,Cancelled
17956,Pending
9456,Delivered
2825,Delivered
9640,Cancelled
14122,Cancelled
7945,Processing
4583,Pending
6037,Delivered
9288,Delivered
10442,Delivered
19204,Pending
8287,Shipped
17064,Pending
4220,Shipped
4065,Shipped
15782,Delivered
11369,Pending
11917,Pending
19179,Pending
18072,Delivered
2370,Cancelled
4629,Cancelled
8899,Delivered
9427,Pending
14421,Cancelled
8916,Cancelled
4007,Pending
3135,Pending
16510,Delivered
14245,Cancelled
9532,Shipped
18910,Shipped
7937,Shipped
6457,Pending
11148,Pending
2385,Delivered
15240,Cancelled
17435,Shipped
19164,Delivered
13859,Delivered
8262,Delivered
5355,Delivered
17029,Cancelled
17498,Processing
19297,Processing
9614,Processing
8827,Cancelled
11394,Cancelled
4743,Pending
4618,Cancelled
6139,Cancelled
4255,Delivered
15626,Shipped
14394,Delivered
952,Shipped
19697,Cancelled
9720,Shipped
16116,Shipped
18254,Processing
14937,Shipped
8697,Shipped
12841,Shipped
167,Processing
8139,Shipped
4374,Processing
17836,Processing
1260,Delivered
993,Cancelled
1291,Delivered
10029,Pending
7897,Processing
9729,Shipped
19714,Shipped
3545,Delivered
3910,Pending
5418,Shipped
10720,Processing
12187,Delivered
16264,Processing
12477,Processing
18704,Delivered
11922,Processing
15458,Cancelled
15624,Pending
6779,Cancelled
19544,Cancelled
16195,Shipped
17047,Pending
9031,Pending
4785,Cancelled
7806,Shipped
15130,Pending
19627,Shipped
5832,Pending
2631,Shipped
4396,Shipped
2499,Cancelled
6815,Pending
17270,Processing
4338,Processing
3679,Processing
10125,Processing
9039,Shipped
9690,Shipped
4087,Processing
19502,Delivered
13260,Cancelled
3298,Pending
95,Shipped
1581,Cancelled
927,Cancelled
8933,Shipped
10570,Processing
7160,Cancelled
18498,Shipped
18089,Shipped
3602,Processing
6054,Delivered
10127,Delivered
15225,Shipped
4103,Delivered
4148,Pending
18195,Cancelled
10648,Delivered
5054,Pending
12623,Processing
16360,Shipped
14375,Processing
13231,Shipped
11509,Processing
2449,Processing
1815,Processing
6035,Cancelled
1489,Shipped
8172,Delivered
5674,Delivered
11994,Cancelled
4010,Delivered
9596,Cancelled
6425,Shipped
19686,Pending
12185,Pending
2669,Cancelled
17089,Cancelled
13724,Pending
16524,Cancelled
8937,Cancelled
2086,Processing
8925,Cancelled
18008,Delivered
15545,Pending
7732,Pending
18902,Cancelled
8766,Processing
11757,Shipped
15577,Delivered
10134,Cancelled
510,Delivered
3077,Delivered
14194,Processing
16629,Delivered
3565,Shipped
19677,Cancelled
12897,Cancelled
12551,Pending
6771,Cancelled
6293,Delivered
11256,Cancelled
10526,Delivered
8886,Cancelled
15430,Processing
5829,Cancelled
3655,Delivered
6430,Shipped
15133,Delivered
12630,Cancelled
18549,Cancelled
8055,Delivered
4757,Shipped
14811,Shipped
2163,Processing
19768,Pending
11783,Pending
12675,Processing
7367,Processing
15028,Delivered
672,Pending
8913,Shipped
8042,Delivered
13301,Delivered
9343,Processing
17707,Delivered
15182,Cancelled
869,Cancelled
16608,Cancelled
13603,Shipped
12634,Cancelled
11259,Delivered
4807,Cancelled
13020,Processing
2387,Shipped
562,Processing
9233,Cancelled
17770,Processing
13584,Delivered
10402,Pending
10400,Delivered
5926,Delivered
815,Pending
10203,Cancelled
17729,Pending
249,Shipped
4086,Cancelled
8428,Pending
13264,Cancelled
10198,Shipped
7937,Shipped
10117,Cancelled
3652,Delivered
3260,Delivered
7287,Shipped
990,Cancelled
12774,Shipped
19724,Shipped
10935,Delivered
14511,Cancelled
12270,Processing
10450,Delivered
16866,Shipped
13105,Delivered
3571,Pending
10425,Shipped
1200,Shipped
17499,Delivered
4202,Cancelled
19171,Pending
13302,Delivered
2148,Cancelled
18428,Cancelled
16257,Processing
14299,Cancelled
2391,Delivered
18898,Delivered
18731,Pending
8976,Shipped
2314,Shipped
2885,Cancelled
1835,Pending
10138,Pending
19872,Pending
4536,Delivered
18105,Pending
11128,Shipped
13575,Processing
5157,Pending
935,Processing
7079,Pending
15301,Shipped
3297,Shipped
3827,Delivered
14293,Processing
10798,Shipped
13147,Delivered
15506,Pending
181,Shipped
1994,Pending
18251,Processing
4961,Pending
17801,Pending
4587,Shipped
15226,Pending
19852,Shipped
3324,Processing
9836,Delivered
12158,Delivered
11463,Delivered
1228,Cancelled
12103,Delivered
5728,Delivered
2120,Processing
1794,Pending
6958,Delivered
1430,Cancelled
14924,Pending
2634,Processing
3676,Delivered
8075,Delivered
17602,Cancelled
8526,Pending
6560,Shipped
11371,Pending
8291,Delivered
7427,Cancelled
11984,Cancelled
741,Delivered
6031,Pending
172,Processing
15707,Shipped
12859,Delivered
11927,Delivered
3459,Pending
15088,Processing
9186,Delivered
2380,Shipped
12486,Processing
13081,Delivered
13815,Processing
3227,Processing
13013,Pending
1218,Processing
15618,Shipped
7557,Shipped
16942,Processing
13084,Shipped
13568,Shipped
2892,Delivered
17971,Pending
18236,Shipped
7945,Cancelled
1825,Processing
3070,Processing
3185,Shipped
1282,Pending
13400,Delivered
18113,Cancelled
1564,Delivered
6755,Cancelled
18352,Pending
936,Pending
2607,Pending
917,Pending
15654,Shipped
18801,Shipped
17446,Cancelled
2617,Cancelled
17406,Pending
5968,Processing
11231,Processing
6964,Cancelled
4167,Processing
13591,Delivered
12469,Processing
11374,Processing
18021,Processing
5379,Processing
14918,Delivered
11129,Processing
6628,Shipped
7333,Shipped
9813,Shipped
5027,Processing
7886,Cancelled
16057,Processing
9345,Shipped
14479,Shipped
13152,Processing
957,Cancelled
1392,Cancelled
18781,Cancelled
11125,Shipped
7101,Delivered
17590,Shipped
4411,Cancelled
11820,Shipped
12170,Cancelled
4739,Shipped
11274,Delivered
800,Shipped
18582,Shipped
7434,Delivered
3773,Cancelled
14498,Pending
4762,Cancelled
15171,Cancelled
13219,Delivered
11886,Cancelled
5636,Cancelled
16393,Delivered
18068,Delivered
18877,Delivered
6091,Shipped
17533,Shipped
19120,Processing
13212,Cancelled
3028,Cancelled
6006,Shipped
7775,Delivered
17631,Shipped
3842,Processing
15218,Processing
3105,Shipped
13204,Pending
12787,Pending
16874,Cancelled
19255,Pending
296,Processing
9977,Cancelled
12712,Cancelled
15444,Processing
19938,Processing
19819,Cancelled
16384,Delivered
13411,Pending
6890,Cancelled
18447,Processing
7493,Processing
12196,Delivered
9760,Processing
11005,Cancelled
7385,Processing
7555,Shipped
8246,Delivered
10026,Delivered
2536,Pending
9850,Cancelled
11665,Shipped
1153,Processing
533,Delivered
13054,Delivered
18482,Pending
309,Shipped
14428,Delivered
7918,Shipped
17098,Shipped
425,Processing
9758,Pending
1800,Pending
200,Pending
15724,Processing
18036,Delivered
15830,Processing
5960,Delivered
13263,Delivered
3745,Cancelled
13796,Delivered
1934,Pending
6087,Delivered
8333,Processing
2653,Delivered
11124,Delivered
4377,Shipped
11027,Processing
16687,Processing
14117,Delivered
19288,Cancelled
9715,Delivered
10537,Shipped
1217,Processing
4569,Pending
2708,Processing
2150,Shipped
297,Cancelled
19374,Delivered
1266,Processing
1858,Processing
1962,Shipped
13753,Processing
17355,Processing
13606,Shipped
9392,Processing
13512,Pending
12684,Cancelled
12786,Delivered
17866,Delivered
10092,Cancelled
3458,Cancelled
15756,Pending
18221,Delivered
4787,Cancelled
8036,Shipped
16668,Processing
9571,Processing
2233,Cancelled
13325,Delivered
16969,Processing
18933,Shipped
5811,Processing
6229,Cancelled
12076,Shipped
17165,Processing
2963,Pending
507,Pending
3544,Delivered
4578,Shipped
15322,Cancelled
966,Cancelled
12406,Delivered
11535,Cancelled
10244,Shipped
13245,Pending
7994,Pending
19511,Delivered
6596,Pending
2775,Processing
11329,Shipped
14584,Delivered
15048,Delivered
2147,Cancelled
18729,Shipped
10088,Pending
18182,Delivered
18944,Pending
6260,Processing
8372,Shipped
13210,Delivered
3763,Delivered
3205,Shipped
3453,Processing
14772,Shipped
17197,Pending
15609,Delivered
2030,Processing
19371,Cancelled
11193,Processing
13221,Pending
8867,Shipped
1579,Delivered
14089,Delivered
14437,Processing
7620,Shipped
18179,Cancelled
3605,Delivered
916,Pending
15161,Shipped
7806,Pending
14546,Cancelled
4503,Cancelled
10314,Shipped
13533,Cancelled
3054,Pending
9125,Pending
4883,Delivered
889,Shipped
11331,Shipped
12525,Processing
6855,Shipped
10625,Shipped
12997,Shipped
19531,Pending
16666,Pending
12483,Delivered
9218,Processing
16278,Shipped
3156,Processing
13204,Shipped
5755,Cancelled
19198,Pending
19556,Cancelled
19874,Pending
510,Pending
1261,Processing
3277,Delivered
18148,Processing
3603,Cancelled
16196,Cancelled
629,Shipped
10515,Pending
16820,Delivered
19595,Shipped
11012,Delivered
6927,Processing
14905,Delivered
6340,Processing
7413,Processing
7120,Delivered
16176,Cancelled
13228,Shipped
239,Shipped
11929,Cancelled
3277,Cancelled
270,Delivered
11402,Delivered
7453,Delivered
12147,Shipped
14870,Shipped
5228,Delivered
9772,Delivered
10286,Shipped
7757,Shipped
16432,Delivered
11547,Pending
12266,Delivered
7417,Processing
19945,Cancelled
8107,Processing
1076,Cancelled
13640,Cancelled
16968,Cancelled
16939,Processing
19599,Pending
11664,Shipped
7814,Cancelled
4536,Processing
11326,Shipped
4771,Cancelled
6004,Cancelled
13924,Pending
9682,Processing
11214,Processing
9059,Processing
18804,Cancelled
10322,Processing
12016,Pending
14839,Processing
5882,Pending
5140,Processing
3511,Pending
10122,Pending
10402,Processing
10269,Delivered
3383,Shipped
556,Shipped
17471,Pending
10393,Processing
9086,Processing
17796,Processing
4013,Pending
19339,Processing
17913,Cancelled
47,Shipped
8769,Pending
13853,Cancelled
18513,Shipped
16853,Cancelled
9345,Delivered
15466,Delivered
18854,Pending
10929,Processing
3027,Delivered
5804,Pending
9612,Delivered
10937,Processing
11689,Cancelled
12090,Pending
17456,Processing
6952,Cancelled
2519,Delivered
16403,Cancelled
19194,Pending
10340,Pending
7830,Shipped
4983,Shipped
776,Processing
17088,Delivered
16299,Delivered
10607,Cancelled
258,Processing
4871,Shipped
10798,Cancelled
15113,Delivered
2153,Delivered
18717,Cancelled
4394,Delivered
2840,Pending
6115,Cancelled
11716,Cancelled
15901,Shipped
17421,Cancelled
21,Shipped
17012,Processing
16481,Processing
18866,Shipped
13491,Shipped
11972,Delivered
8954,Shipped
12942,Delivered
17840,Processing
10654,Processing
5029,Pending
9702,Delivered
15389,Cancelled
7172,Shipped
16426,Pending
1486,Cancelled
7020,Shipped
18861,Pending
13461,Cancelled
14432,Processing
12662,Pending
12625,Pending
6632,Cancelled
1678,Cancelled
16954,Pending
13759,Pending
11090,Shipped
6208,Processing
1236,Cancelled
2187,Pending
6225,Delivered
17992,Shipped
12094,Delivered
7112,Delivered
15023,Shipped
4410,Pending
11720,Pending
836,Cancelled
8121,Pending
7524,Cancelled
13456,Delivered
6819,Processing
10972,Delivered
2721,Delivered
14149,Pending
17785,Cancelled
739,Processing
2042,Cancelled
1304,Delivered
879,Processing
13112,Pending
7447,Processing
11622,Processing
6391,Shipped
10477,Pending
6711,Processing
10600,Processing
18412,Pending
6436,Pending
6272,Shipped
1360,Delivered
16382,Processing
5344,Shipped
11276,Pending
9158,Processing
1193,Pending
1535,Processing
10808,Cancelled
934,Shipped
11118,Delivered
6189,Pending
1978,Delivered
10907,Cancelled
17416,Processing
8285,Processing
12172,Pending
7759,Delivered
15360,Cancelled
12554,Delivered
3863,Processing
19565,Pending
10557,Delivered
229,Processing
18173,Shipped
2599,Shipped
10520,Shipped
6281,Processing
17597,Cancelled
1871,Shipped
12619,Cancelled
12774,Pending
17974,Cancelled
6637,Pending
1757,Cancelled
1961,Shipped
9565,Cancelled
12228,Processing
5375,Cancelled
18778,Cancelled
17856,Cancelled
7546,Shipped
9875,Shipped
16674,Delivered
8169,Cancelled
3207,Delivered
2869,Delivered
1621,Cancelled
7268,Processing
4013,Delivered
1623,Processing
11576,Cancelled
12985,Cancelled
14276,Pending
4752,Delivered
19898,Processing
13694,Cancelled
1599,Shipped
5958,Delivered
7741,Processing
11832,Processing
6783,Shipped
19010,Shipped
2023,Delivered
5975,Shipped
2553,Pending
3482,Pending
1645,Processing
9059,Cancelled
12094,Processing
15619,Cancelled
3422,Delivered
977,Shipped
14160,Processing
16892,Shipped
19391,Shipped
4797,Cancelled
16722,Cancelled
7974,Delivered
7603,Delivered
6338,Processing
18441,Shipped
4849,Cancelled
9211,Delivered
19236,Shipped
16738,Shipped
3251,Delivered
12641,Delivered
19533,Shipped
17883,Shipped
1763,Processing
1449,Pending
3045,Delivered
3410,Cancelled
17811,Processing
18329,Delivered
10927,Pending
16092,Pending
4800,Cancelled
11145,Delivered
15056,Pending
7798,Delivered
14864,Pending
607,Processing
9053,Cancelled
2084,Shipped
11447,Shipped
3795,Pending
3476,Pending
6605,Pending
19212,Shipped
17268,Delivered
11992,Delivered
1107,Cancelled
15704,Delivered
1805,Delivered
357,Delivered
13975,Cancelled
11005,Cancelled
9643,Shipped
4331,Delivered
13451,Cancelled
12613,Delivered
13350,Delivered
18619,Cancelled
5705,Pending
2582,Delivered
16397,Processing
8234,Shipped
2589,Pending
6517,Pending
1200,Processing
507,Delivered
8824,Processing
3517,Processing
14907,Delivered
7736,Cancelled
539,Cancelled
4051,Processing
417,Processing
13745,Shipped
3862,Processing
72,Delivered
7686,Cancelled
384,Pending
7913,Delivered
9556,Delivered
16724,Processing
14712,Processing
9917,Delivered
5577,Shipped
13308,Cancelled
5908,Cancelled
12251,Cancelled
2934,Processing
13521,Shipped
13022,Processing
11196,Shipped
10110,Processing
11620,Cancelled
14767,Shipped
16286,Pending
5436,Shipped
8359,Cancelled
18912,Delivered
18954,Processing
6364,Shipped
17713,Cancelled
11351,Pending
17960,Cancelled
16768,Shipped
2535,Cancelled
17708,Shipped
9757,Shipped
17628,Processing
1291,Delivered
10873,Delivered
628,Pending
16762,Shipped
16614,Shipped
7323,Cancelled
17040,Pending
3191,Shipped
13937,Pending
7302,Delivered
1063,Shipped
4917,Processing
18214,Processing
7856,Processing
14057,Processing
18317,Processing
7251,Cancelled
10051,Delivered
16592,Pending
7318,Pending
15616,Processing
5491,Processing
8589,Processing
8289,Processing
12672,Processing
19135,Delivered
10826,Cancelled
11355,Cancelled
8624,Cancelled
6133,Delivered
11925,Processing
7607,Shipped
14773,Cancelled
17585,Processing
6328,Delivered
14497,Delivered
2251,Delivered
9727,Delivered
11721,Pending
494,Cancelled
5085,Cancelled
1074,Processing
17585,Delivered
8866,Shipped
17108,Processing
17138,Processing
1325,Delivered
13399,Processing
8090,Shipped
8386,Delivered
13638,Pending
2247,Pending
16711,Delivered
6800,Pending
2545,Pending
8399,Pending
17053,Pending
10228,Shipped
16719,Cancelled
8551,Pending
4379,Delivered
298,Delivered
5596,Processing
3552,Cancelled
5189,Cancelled
1094,Pending
15988,Processing
12396,Shipped
14112,Shipped
11124,Shipped
8278,Shipped
17666,Shipped
14486,Cancelled
9766,Cancelled
10470,Cancelled
9502,Cancelled
11901,Pending
1676,Pending
11024,Delivered
12399,Delivered
4212,Delivered
14476,Processing
1783,Delivered
6885,Processing
10637,Shipped
11920,Delivered
9492,Delivered
7089,Shipped
10392,Shipped
933,Shipped
5591,Cancelled
8178,Delivered
18926,Processing
8985,Shipped
191,Shipped
2787,Shipped
4995,Cancelled
11800,Shipped
18886,Cancelled
9181,Processing
19143,Cancelled
1202,Processing
5101,Cancelled
12888,Cancelled
12956,Cancelled
2152,Cancelled
9106,Pending
9973,Pending
18921,Delivered
13336,Delivered
19539,Shipped
15196,Pending
16920,Pending
4598,Shipped
17494,Shipped
9752,Delivered
4595,Cancelled
7248,Delivered
12159,Processing
8238,Cancelled
783,Processing
11139,Delivered
7809,Cancelled
12376,Shipped
406,Shipped
1506,Cancelled
19210,Shipped
16737,Shipped
8834,Delivered
8450,Processing
14320,Processing
16489,Shipped
15123,Shipped
17697,Shipped
6248,Processing
12669,Cancelled
5527,Processing
1866,Cancelled
13510,Processing
1886,Cancelled
8701,Delivered
16054,Shipped
8231,Delivered
12459,Shipped
15301,Delivered
13748,Delivered
8686,Processing
5211,Shipped
19659,Processing
19832,Delivered
7094,Cancelled
5734,Processing
3033,Shipped
7440,Delivered
19020,Processing
12565,Delivered
3710,Delivered
12969,Pending
2484,Cancelled
13149,Pending
1352,Pending
11690,Delivered
12989,Shipped
15857,Pending
11641,Delivered
7504,Pending
2271,Pending
18399,Shipped
83,Cancelled
1607,Shipped
3036,Shipped
6072,Pending
13030,Delivered
14740,Cancelled
8499,Delivered
2755,Processing
17635,Pending
19907,Delivered
14486,Processing
3194,Shipped
11486,Processing
3292,Shipped
3688,Delivered
17854,Cancelled
5126,Delivered
11359,Processing
898,Pending
1279,Processing
16299,Processing
15012,Cancelled
18096,Cancelled
12488,Shipped
14593,Pending
10754,Pending
18607,Shipped
8054,Cancelled
7984,Shipped
16565,Processing
8205,Pending
4325,Delivered
6838,Shipped
9077,Pending
13739,Processing
3997,Shipped
2823,Pending
14378,Pending
8294,Cancelled
19091,Shipped
442,Delivered
18237,Cancelled
904,Shipped
9275,Pending
172,Processing
10728,Shipped
16228,Cancelled
7647,Processing
10611,Pending
16903,Cancelled
8466,Pending
11572,Cancelled
11844,Delivered
15871,Shipped
11447,Delivered
4187,Delivered
5974,Cancelled
7894,Processing
3704,Shipped
5862,Cancelled
9540,Pending
1786,Pending
703,Processing
18996,Processing
19532,Shipped
9098,Processing
1884,Shipped
15093,Shipped
10153,Delivered
18683,Processing
17666,Pending
8582,Delivered
12215,Pending
8872,Delivered
145,Cancelled
10679,Cancelled
17353,Pending
19435,Cancelled
2499,Delivered
2661,Shipped
17311,Cancelled
1042,Delivered
5093,Pending
17281,Cancelled
17831,Processing
19948,Processing
14867,Processing
5916,Shipped
13061,Processing
13864,Pending
3188,Shipped
4099,Shipped
15012,Delivered
15176,Cancelled
13763,Processing
8477,Cancelled
13663,Processing
12249,Delivered
17782,Shipped
16339,Processing
3422,Cancelled
8434,Delivered
9289,Cancelled
3509,Processing
17081,Processing
6810,Delivered
13831,Delivered
6911,Delivered
17969,Shipped
5747,Shipped
1502,Delivered
14558,Delivered
17582,Shipped
11247,Cancelled
16160,Delivered
7302,Processing
7174,Processing
17418,Delivered
7888,Processing
13037,Cancelled
4017,Shipped
18437,Shipped
16357,Delivered
3455,Cancelled
12783,Processing
19976,Cancelled
16102,Cancelled
2356,Processing
1806,Shipped
550,Cancelled
4799,Processing
11604,Pending
10185,Processing
8233,Delivered
2386,Processing
2757,Pending
5954,Delivered
9150,Shipped
5634,Shipped
9878,Pending
12602,Shipped
9987,Cancelled
18531,Delivered
15268,Pending
16536,Delivered
15583,Pending
14537,Pending
2342,Delivered
3894,Cancelled
11823,Cancelled
11817,Pending
9786,Cancelled
7191,Processing
19067,Delivered
11417,Delivered
6209,Cancelled
6848,Pending
10450,Pending
1823,Processing
3684,Cancelled
9684,Processing
801,Pending
9582,Processing
14151,Shipped
12238,Processing
15824,Cancelled
17105,Processing
9412,Delivered
16255,Shipped
1590,Cancelled
2162,Delivered
15057,Processing
5076,Delivered
16678,Processing
6512,Pending
10966,Pending
11698,Shipped
18924,Shipped
15883,Pending
5915,Cancelled
4622,Cancelled
7887,Cancelled
589,Cancelled
2974,Pending
2621,Processing
5938,Delivered
7442,Processing
13199,Cancelled
4453,Delivered
4290,Pending
19220,Processing
2943,Delivered
8966,Shipped
17617,Pending
12097,Delivered
17533,Delivered
4515,Shipped
12403,Shipped
11593,Pending
18656,Shipped
16987,Pending
19987,Processing
13884,Pending
4391,Shipped
16322,Processing
6563,Cancelled
5514,Shipped
10695,Pending
4137,Pending
11044,Processing
2483,Delivered
10428,Processing
19263,Cancelled
6735,Cancelled
7366,Shipped
8012,Delivered
5817,Delivered
8956,Processing
17687,Delivered
14359,Cancelled
11639,Delivered
3567,Processing
3100,Shipped
4585,Pending
18559,Pending
10451,Cancelled
13188,Pending
10892,Cancelled
7378,Cancelled
1200,Delivered
19729,Cancelled
19000,Processing
9917,Processing
11047,Delivered
4351,Processing
16486,Processing
6357,Cancelled
4619,Processing
9365,Shipped
10898,Pending
484,Delivered
12448,Shipped
15873,Shipped
4909,Pending
2342,Processing
4222,Processing
12987,Processing
11128,Cancelled
14771,Processing
14968,Processing
11295,Processing
2981,Processing
12867,Cancelled
16568,Delivered
14184,Processing
14979,Pending
10265,Delivered
18843,Delivered
11964,Pending
9995,Pending
7658,Delivered
8637,Delivered
7467,Shipped
14949,Delivered
1250,Pending
3149,Delivered
15994,Pending
13480,Shipped
5396,Delivered
19446,Shipped
18915,Shipped
10304,Delivered
19247,Shipped
5222,Processing
2317,Shipped
14548,Shipped
12116,Pending
6459,Delivered
145,Pending
12175,Shipped
17301,Processing
6082,Cancelled
11354,Processing
18882,Pending
4107,Delivered
6977,Delivered
17035,Delivered
252,Processing
18862,Shipped
7699,Processing
15405,Processing
7371,Processing
14103,Shipped
16239,Cancelled
5173,Cancelled
7702,Pending
16333,Cancelled
15381,Pending
8202,Pending
15131,Processing
3925,Pending
15473,Shipped
1649,Shipped
17020,Delivered
2882,Pending
2160,Pending
6879,Shipped
12925,Processing
15358,Pending
13362,Cancelled
4991,Shipped
16863,Delivered
16585,Pending
6264,Shipped
2542,Cancelled
7136,Cancelled
8028,Pending
2875,Shipped
13270,Shipped
16315,Cancelled
6919,Processing
18923,Shipped
19918,Cancelled
48,Pending
19884,Shipped
17987,Pending
11681,Processing
3512,Processing
18203,Processing
9710,Cancelled
16577,Shipped
13530,Processing
8578,Pending
592,Shipped
17049,Cancelled
10744,Shipped
8747,Shipped
17415,Shipped
1225,Processing
10949,Pending
7837,Pending
18852,Pending
5326,Cancelled
4070,Processing
8318,Delivered
1080,Processing
3658,Pending
8003,Pending
1682,Processing
13641,Processing
1844,Cancelled
19882,Delivered
19263,Processing
15534,Delivered
8823,Cancelled
9872,Cancelled
610,Processing
3425,Pending
15579,Processing
2635,Processing
6857,Processing
367,Processing
9458,Shipped
2598,Shipped
9617,Processing
9363,Shipped
4725,Delivered
2143,Processing
19406,Delivered
7968,Cancelled
9395,Cancelled
14672,Processing
134,Processing
6429,Delivered
3041,Cancelled
14875,Delivered
5592,Processing
12296,Pending
13204,Processing
9076,Pending
8302,Processing
10070,Shipped
1095,Pending
11415,Cancelled
9184,Delivered
14585,Pending
2785,Shipped
12714,Delivered
3397,Cancelled
8554,Pending
11928,Cancelled
15528,Shipped
3574,Pending
2154,Processing
16179,Shipped
7827,Delivered
5222,Cancelled
9130,Processing
19117,Cancelled
19292,Delivered
19259,Pending
17756,Cancelled
9084,Shipped
8435,Cancelled
14650,Pending
18404,Cancelled
16229,Processing
13536,Cancelled
13553,Delivered
9734,Shipped
16537,Processing
4468,Cancelled
1957,Delivered
6496,Cancelled
3857,Delivered
12217,Cancelled
17032,Cancelled
18732,Pending
10288,Processing
243,Shipped
9823,Delivered
3990,Shipped
13306,Processing
7090,Cancelled
16091,Delivered
17717,Pending
9095,Delivered
15600,Pending
19112,Shipped
8308,Processing
18657,Processing
708,Shipped
7914,Cancelled
5630,Shipped
19453,Pending
13195,Pending
7089,Delivered
15729,Pending
10753,Shipped
10059,Pending
5634,Processing
5374,Cancelled
4721,Shipped
14082,Pending
7193,Processing
9138,Cancelled
11264,Delivered
15415,Pending
5065,Shipped
3136,Processing
5352,Cancelled
2660,Shipped
11253,Cancelled
10193,Processing
5655,Cancelled
4922,Cancelled
60,Processing
6645,Processing
4812,Processing
14537,Shipped
6974,Delivered
13094,Shipped
12742,Pending
15667,Processing
16906,Cancelled
11056,Delivered
13257,Pending
3521,Delivered
4492,Shipped
19947,Cancelled
13869,Cancelled
16378,Delivered
5608,Shipped
3540,Cancelled
16448,Shipped
9343,Pending
10592,Cancelled
10099,Cancelled
8600,Delivered
86,Pending
10300,Shipped
5792,Shipped
8840,Pending
11389,Processing
9615,Shipped
9867,Cancelled
13357,Shipped
2275,Processing
11315,Pending
5148,Delivered
12163,Shipped
6821,Cancelled
12957,Pending
2274,Pending
7342,Delivered
4670,Delivered
19619,Pending
16501,Cancelled
13522,Shipped
15736,Processing
8965,Cancelled
7584,Delivered
13000,Pending
9380,Pending
9766,Processing
16252,Processing
532,Processing
1962,Cancelled
17242,Cancelled
4570,Shipped
7673,Processing
3819,Delivered
12533,Shipped
6504,Processing
4476,Delivered
4333,Delivered
6589,Cancelled
3581,Delivered
10243,Processing
18396,Cancelled
12390,Cancelled
2255,Delivered
58,Shipped
17393,Pending
15119,Pending
19665,Processing
5323,Cancelled
10347,Processing
8388,Pending
13604,Delivered
6016,Cancelled
5223,Pending
18237,Cancelled
14973,Cancelled
17402,Cancelled
5576,Processing
3023,Delivered
8656,Processing
5744,Cancelled
1598,Delivered
19716,Delivered
3269,Processing
19356,Delivered
6091,Processing
2268,Cancelled
4843,Processing
13824,Processing
19922,Cancelled
9201,Cancelled
4605,Pending
7528,Processing
7003,Pending
2725,Shipped
6347,Shipped
8570,Pending
84,Pending
9735,Delivered
2175,Cancelled
5947,Cancelled
1282,Delivered
14016,Delivered
5165,Shipped
16908,Processing
9437,Pending
9594,Cancelled
2261,Cancelled
4829,Delivered
2236,Delivered
19192,Cancelled
8605,Processing
1782,Cancelled
17350,Processing
18799,Shipped
19566,Cancelled
19140,Shipped
2394,Processing
18015,Delivered
17294,Processing
12982,Pending
5625,Shipped
18003,Shipped
4748,Pending
4435,Cancelled
12928,Delivered
15666,Processing
3405,Pending
12185,Pending
14996,Delivered
11300,Processing
8956,Shipped
9034,Processing
19711,Pending
3853,Cancelled
6234,Cancelled
13187,Shipped
14040,Shipped
17823,Cancelled
17938,Shipped
3771,Shipped
14401,Delivered
3839,Processing
4636,Shipped
1530,Processing
8441,Cancelled
1384,Pending
3314,Delivered
7322,Delivered
4323,Delivered
12997,Shipped
16759,Processing
9069,Pending
5634,Shipped
8772,Processing
941,Processing
9318,Shipped
19069,Delivered
6813,Pending
5963,Cancelled
18154,Processing
5037,Delivered
1850,Processing
6019,Cancelled
3055,Processing
9136,Cancelled
11684,Shipped
11620,Pending
15088,Pending
6339,Pending
5572,Pending
13377,Pending
18934,Cancelled
2063,Cancelled
4636,Cancelled
2378,Shipped
5986,Cancelled
18003,Delivered
14059,Delivered
18881,Pending
19026,Delivered
1966,Cancelled
15828,Cancelled
12118,Cancelled
19946,Processing
7658,Pending
17508,Delivered
3861,Pending
12303,Shipped
4237,Shipped
8143,Pending
7181,Cancelled
14217,Delivered
12244,Shipped
5387,Processing
16632,Pending
4714,Cancelled
13171,Delivered
12229,Delivered
15324,Shipped
19542,Shipped
6768,Cancelled
4791,Processing
3502,Processing
19100,Cancelled
7570,Pending
181,Delivered
10791,Processing
6494,Cancelled
7358,Processing
8518,Pending
14264,Pending
13288,Pending
5938,Pending
3293,Processing
17356,Delivered
15313,Delivered
4641,Cancelled
6,Delivered
15528,Processing
19653,Processing
13946,Delivered
14369,Cancelled
4069,Pending
17755,Pending
15403,Cancelled
16969,Delivered
18997,Pending
4663,Cancelled
11702,Shipped
2112,Shipped
11362,Delivered
1804,Shipped
9749,Processing
8580,Delivered
15557,Processing
8157,Cancelled
13523,Pending
6763,Processing
2949,Delivered
6114,Processing
2332,Pending
3690,Pending
19337,Delivered
13542,Pending
1808,Delivered
6918,Shipped
9328,Delivered
16576,Delivered
6432,Cancelled
10508,Processing
19629,Delivered
11823,Delivered
19892,Processing
8212,Pending
6135,Processing
12084,Shipped
13521,Cancelled
14476,Cancelled
18155,Delivered
17289,Shipped
19765,Processing
16177,Pending
17518,Delivered
7306,Delivered
4229,Processing
1470,Pending
8276,Processing
15819,Processing
12316,Pending
12615,Processing
10948,Cancelled
19851,Shipped
17655,Cancelled
8810,Shipped
16606,Processing
3140,Processing
6533,Cancelled
16683,Delivered
6582,Delivered
6876,Delivered
912,Cancelled
248,Processing
15233,Pending
18341,Pending
15739,Cancelled
5085,Shipped
13264,Shipped
4385,Cancelled
14734,Processing
5445,Delivered
4657,Pending
2941,Cancelled
8144,Pending
2695,Shipped
16908,Shipped
12132,Delivered
9625,Pending
6979,Cancelled
9064,Pending
2300,Shipped
16056,Delivered
11908,Pending
6761,Shipped
2736,Shipped
15774,Pending
19841,Delivered
8293,Cancelled
16230,Shipped
3843,Delivered
4383,Pending
14227,Processing
497,Processing
2147,Pending
6757,Cancelled
5824,Pending
1215,Pending
2525,Shipped
5525,Cancelled
15281,Cancelled
15977,Processing
3866,Cancelled
16423,Shipped
4062,Pending
12393,Pending
5369,Pending
8173,Processing
10780,Delivered
14932,Processing
13616,Cancelled
12933,Pending
11809,Processing
14940,Shipped
15314,Cancelled
16224,Shipped
7104,Shipped
8864,Delivered
14656,Shipped
5702,Pending
12252,Pending
14887,Cancelled
8967,Processing
12890,Pending
16860,Cancelled
10222,Processing
1881,Pending
5751,Cancelled
9024,Cancelled
6685,Delivered
17956,Cancelled
14253,Delivered
12124,Pending
3337,Processing
19197,Shipped
8887,Pending
11470,Cancelled
9657,Pending
19114,Delivered
3370,Processing
18006,Processing
6269,Processing
13676,Cancelled
15684,Pending
4774,Shipped
15209,Pending
10202,Delivered
7148,Processing
5812,Shipped
18768,Delivered
12259,Pending
13903,Delivered
11495,Shipped
6146,Delivered
2383,Delivered
4731,Cancelled
17032,Pending
4345,Pending
4945,Processing
8946,Processing
4360,Shipped
2313,Pending
8394,Shipped
14258,Cancelled
5980,Cancelled
19760,Processing
8590,Cancelled
11582,Processing
11888,Cancelled
3526,Cancelled
8932,Processing
17567,Delivered
4710,Delivered
1218,Delivered
10196,Pending
5241,Cancelled
15286,Cancelled
14868,Processing
9472,Delivered
7179,Shipped
14034,Shipped
19540,Shipped
311,Cancelled
14354,Pending
10970,Cancelled
13204,Processing
17194,Pending
2474,Cancelled
16270,Delivered
18933,Shipped
7132,Shipped
7367,Delivered
10346,Pending
8014,Processing
6332,Shipped
13018,Pending
8659,Pending
8184,Delivered
1141,Cancelled
373,Pending
19960,Shipped
7376,Shipped
5180,Cancelled
9507,Pending
9363,Shipped
19145,Cancelled
6739,Cancelled
7742,Cancelled
1761,Cancelled
14194,Processing
4221,Delivered
8477,Processing
5174,Processing
9115,Delivered
2868,Cancelled
9938,Delivered
9300,Cancelled
8235,Pending
6207,Pending
17912,Cancelled
306,Shipped
9211,Processing
8587,Processing
3657,Pending
774,Pending
11775,Shipped
2683,Delivered
7929,Pending
5546,Cancelled
19184,Shipped
17042,Cancelled
2045,Processing
11050,Delivered
19311,Delivered
12800,Pending
618,Delivered
6634,Cancelled
7497,Shipped
6734,Pending
14377,Shipped
10573,Processing
10297,Cancelled
8505,Shipped
18498,Pending
14439,Shipped
11375,Delivered
3048,Pending
10216,Processing
16928,Processing
3027,Delivered
13883,Shipped
3853,Pending
10967,Processing
13931,Cancelled
15458,Processing
13774,Delivered
17540,Shipped
4860,Shipped
2273,Delivered
17633,Cancelled
17398,Delivered
185,Processing
12627,Processing
18496,Shipped
11689,Cancelled
3,Cancelled
4169,Cancelled
17094,Shipped
11075,Cancelled
12364,Cancelled
12613,Cancelled
2106,Pending
12367,Shipped
15871,Processing
17579,Processing
4675,Pending
5280,Cancelled
8244,Shipped
14997,Pending
7393,Delivered
19475,Cancelled
8436,Pending
12979,Processing
8025,Processing
2683,Delivered
8455,Shipped
16157,Delivered
7636,Delivered
6030,Delivered
3288,Pending
21,Delivered
7751,Cancelled
8931,Delivered
13229,Processing
17529,Cancelled
16948,Delivered
12956,Cancelled
12313,Cancelled
8790,Cancelled
19439,Pending
13179,Delivered
13449,Shipped
9385,Shipped
4603,Processing
707,Processing
5180,Shipped
17879,Cancelled
10789,Processing
8708,Delivered
10160,Cancelled
9660,Cancelled
3937,Processing
3232,Processing
8757,Pending
3391,Pending
18690,Processing
16506,Cancelled
6139,Processing
9239,Shipped
1855,Cancelled
4161,Delivered
15988,Pending
10755,Shipped
6414,Pending
9339,Shipped
14724,Shipped
17837,Pending
17134,Shipped
7935,Shipped
18137,Shipped
8519,Shipped
3726,Delivered
1587,Pending
17463,Processing
19416,Pending
642,Processing
13706,Shipped
17615,Shipped
9565,Processing
15578,Cancelled
2899,Cancelled
10020,Processing
7151,Shipped
1122,Processing
2679,Cancelled
7553,Cancelled
11046,Processing
2763,Shipped
18061,Shipped
9404,Shipped
1818,Shipped
11663,Pending
11902,Processing
12028,Cancelled
8508,Delivered
17839,Delivered
15585,Processing
5937,Processing
10546,Delivered
19906,Pending
13929,Pending
15921,Pending
4131,Pending
7086,Shipped
9860,Delivered
3345,Delivered
11601,Cancelled
606,Shipped
4116,Processing
16855,Shipped
4037,Processing
18698,Processing
4060,Pending
6842,Pending
2391,Cancelled
12047,Cancelled
8614,Processing
4206,Shipped
5060,Cancelled
3489,Cancelled
1798,Delivered
12486,Processing
1093,Delivered
11090,Shipped
2539,Delivered
17983,Shipped
170,Delivered
8607,Pending
9090,Cancelled
18076,Delivered
15469,Cancelled
11636,Processing
8741,Cancelled
14213,Pending
10041,Processing
11277,Shipped
13514,Processing
954,Delivered
15907,Shipped
18417,Pending
14935,Cancelled
2879,Shipped
11671,Shipped
11126,Shipped
916,Pending
3770,Cancelled
13391,Shipped
19758,Pending
3937,Delivered
10941,Processing
8128,Delivered
5307,Cancelled
6429,Delivered
18967,Cancelled
17917,Cancelled
85,Delivered
14311,Shipped
18444,Shipped
7324,Shipped
19464,Cancelled
8421,Shipped
17883,Processing
6129,Delivered
13805,Shipped
16380,Delivered
7372,Processing
1472,Cancelled
8358,Cancelled
14297,Pending
5183,Pending
18760,Pending
10162,Cancelled
7605,Processing
13973,Pending
710,Cancelled
151,Processing
16588,Processing
11642,Pending
3964,Processing
11832,Delivered
3556,Pending
15173,Cancelled
1047,Delivered
831,Processing
17218,Delivered
696,Processing
12563,Delivered
874,Pending
12803,Delivered
9887,Processing
19357,Pending
6826,Delivered
704,Delivered
17252,Cancelled
3504,Delivered
1396,Delivered
3376,Processing
4943,Delivered
7183,Delivered
2057,Cancelled
19539,Pending
5918,Delivered
7116,Cancelled
53,Cancelled
8098,Cancelled
2599,Pending
18615,Processing
1515,Delivered
10079,Pending
5621,Shipped
1808,Pending
17369,Delivered
12093,Cancelled
4097,Processing
19272,Processing
7960,Shipped
11301,Shipped
13531,Cancelled
15094,Processing
5310,Shipped
1331,Delivered
14666,Shipped
10764,Processing
18488,Shipped
13453,Delivered
1744,Pending
15860,Cancelled
8108,Processing
9033,Delivered
9738,Cancelled
306,Processing
1942,Processing
13929,Processing
3890,Pending
19656,Pending
19494,Processing
4595,Delivered
15144,Cancelled
18706,Pending
15796,Cancelled
10288,Shipped
11715,Processing
9866,Pending
13151,Cancelled
18615,Delivered
18083,Cancelled
15208,Pending
18889,Delivered
11793,Processing
5045,Delivered
6922,Processing
10992,Delivered
10477,Pending
13610,Shipped
14486,Shipped
1924,Shipped
16884,Cancelled
7902,Shipped
1003,Shipped
2807,Delivered
807,Pending
12205,Cancelled
18704,Pending
6201,Shipped
3622,Cancelled
16216,Pending
13101,Processing
9285,Delivered
3263,Delivered
4961,Cancelled
15587,Processing
1402,Processing
7702,Cancelled
3874,Delivered
15051,Delivered
19994,Shipped
534,Processing
6746,Pending
17962,Pending
16825,Processing
9061,Pending
19046,Shipped
11674,Processing
7375,Processing
14748,Processing
18284,Processing
14133,Shipped
3174,Processing
7919,Shipped
7015,Processing
5412,Shipped
54,Cancelled
7647,Delivered
10271,Delivered
14651,Delivered
6175,Processing
19847,Processing
14572,Pending
7453,Cancelled
17298,Pending
3779,Shipped
17115,Shipped
12957,Pending
11570,Pending
11346,Pending
17849,Delivered
14325,Pending
1166,Shipped
15145,Pending
18829,Processing
6730,Pending
84,Processing
7004,Processing
19257,Pending
10823,Delivered
9372,Cancelled
1913,Processing
7434,Delivered
7442,Shipped
15528,Pending
9366,Delivered
4595,Processing
4344,Processing
6349,Shipped
6175,Pending
6978,Shipped
19985,Processing
3927,Shipped
4555,Cancelled
7530,Pending
10000,Cancelled
2223,Processing
17849,Cancelled
13610,Cancelled
15515,Processing
18573,Cancelled
19664,Cancelled
153,Processing
1105,Pending
17965,Shipped
6307,Processing
15714,Shipped
18985,Delivered
2518,Cancelled
8162,Processing
19144,Shipped
1727,Shipped
1337,Shipped
10889,Shipped
19756,Shipped
1272,Shipped
16656,Cancelled
13612,Pending
4207,Shipped
12549,Pending
18665,Delivered
2593,Delivered
2130,Cancelled
16509,Cancelled
9349,Cancelled
5074,Shipped
14257,Pending
12173,Shipped
18463,Cancelled
12933,Processing
12759,Processing
17942,Pending
323,Shipped
9331,Delivered
19051,Shipped
14912,Shipped
14246,Processing
5051,Shipped
12660,Pending
14847,Delivered
10865,Cancelled
19579,Delivered
18642,Pending
4962,Cancelled
15686,Processing
4156,Cancelled
16826,Cancelled
10215,Delivered
5511,Delivered
18216,Delivered
14880,Shipped
9561,Pending
3772,Shipped
11608,Delivered
12139,Processing
1357,Cancelled
3394,Shipped
11126,Processing
6656,Processing
7881,Processing
17739,Pending
8759,Cancelled
13987,Pending
15971,Shipped
18833,Pending
19425,Processing
4600,Cancelled
10534,Shipped
16287,Shipped
13553,Processing
13413,Delivered
2033,Processing
473,Delivered
7863,Cancelled
9983,Processing
17218,Cancelled
12998,Delivered
2185,Pending
15508,Pending
14229,Pending
12677,Processing
5373,Pending
7144,Cancelled
11878,Processing
13972,Cancelled
15759,Processing
7289,Delivered
11852,Shipped
18319,Cancelled
16075,Delivered
5517,Cancelled
689,Delivered
15925,Shipped
1727,Pending
13171,Cancelled
17819,Delivered
11733,Delivered
13831,Shipped
17687,Shipped
1319,Delivered
15249,Shipped
12217,Processing
2023,Shipped
1884,Shipped
19622,Delivered
6708,Delivered
2654,Processing
17839,Cancelled
12468,Delivered
18770,Cancelled
10268,Delivered
2808,Cancelled
437,Shipped
296,Processing
9287,Cancelled
16953,Processing
838,Shipped
9411,Pending
18486,Processing
6727,Pending
7727,Delivered
4374,Cancelled
15705,Processing
8531,Delivered
1365,Delivered
12986,Delivered
1991,Processing
2147,Delivered
2410,Shipped
19613,Shipped
18292,Pending
18258,Processing
5716,Cancelled
6260,Delivered
19205,Shipped
6605,Cancelled
6487,Processing
805,Shipped
14044,Pending
15239,Cancelled
2743,Delivered
15730,Delivered
17396,Shipped
17256,Shipped
8634,Cancelled
16427,Cancelled
19039,Shipped
8976,Pending
9853,Pending
12217,Delivered
12900,Delivered
6793,Delivered
16748,Pending
7469,Shipped
18544,Delivered
16440,Pending
10556,Shipped
10829,Cancelled
11335,Processing
9240,Delivered
11189,Processing
14604,Shipped
2648,Shipped
7132,Processing
883,Shipped
10579,Processing
8860,Shipped
6398,Processing
565,Pending
8228,Delivered
19195,Shipped
11807,Shipped
18995,Cancelled
2561,Cancelled
9311,Shipped
5806,Cancelled
9136,Pending
17747,Cancelled
2612,Processing
12148,Cancelled
4091,Cancelled
2063,Shipped
6330,Processing
9603,Delivered
1303,Shipped
16295,Processing
14272,Delivered
97,Delivered
17088,Cancelled
13280,Processing
2619,Processing
13842,Delivered
15195,Processing
1428,Delivered
14087,Delivered
11325,Delivered
19181,Delivered
19447,Pending
319,Pending
12136,Processing
14861,Delivered
8218,Pending
1629,Shipped
19067,Cancelled
1616,Pending
3640,Delivered
15074,Pending
14103,Processing
17489,Cancelled
12632,Cancelled
11453,Delivered
17114,Cancelled
1719,Shipped
257,Shipped
11929,Shipped
17151,Shipped
6358,Delivered
5981,Shipped
234,Processing
13554,Shipped
7890,Processing
13697,Shipped
10728,Processing
18267,Pending
1831,Cancelled
15576,Processing
8659,Processing
8938,Pending
11831,Shipped
619,Shipped
1103,Shipped
16497,Pending
6413,Cancelled
8299,Pending
7337,Processing
13460,Pending
12179,Cancelled
2990,Processing
14695,Delivered
15688,Cancelled
5695,Pending
8245,Pending
1092,Processing
9813,Cancelled
6677,Cancelled
11134,Pending
7304,Pending
12328,Cancelled
1687,Cancelled
3083,Processing
11518,Processing
8642,Shipped
5032,Delivered
9400,Shipped
1495,Pending
3291,Shipped
19956,Processing
2829,Cancelled
1321,Cancelled
11425,Cancelled
16918,Processing
2393,Pending
1425,Cancelled
5878,Pending
2802,Delivered
1496,Cancelled
1960,Shipped
10781,Pending
6766,Pending
19856,Delivered
17630,Shipped
16437,Cancelled
4364,Pending
16825,Shipped
3009,Cancelled
9368,Cancelled
19447,Shipped
7557,Shipped
12908,Pending
13355,Delivered
5310,Delivered
16161,Pending
8951,Processing
7563,Cancelled
18298,Cancelled
17904,Processing
13577,Processing
1993,Shipped
6079,Cancelled
18208,Shipped
11572,Delivered
9908,Cancelled
4664,Shipped
12081,Delivered
3175,Cancelled
13567,Cancelled
10328,Cancelled
19251,Pending
3901,Pending
7528,Shipped
12510,Processing
17682,Shipped
17129,Cancelled
5849,Shipped
3839,Cancelled
5838,Processing
5326,Cancelled
19295,Delivered
5671,Processing
10004,Pending
6265,Pending
5742,Shipped
9527,Pending
1771,Delivered
14489,Pending
12498,Pending
12640,Processing
2544,Cancelled
16771,Shipped
18983,Pending
2641,Shipped
11611,Processing
1916,Shipped
12789,Delivered
14502,Processing
8272,Cancelled
6606,Delivered
15043,Shipped
16510,Cancelled
8303,Shipped
497,Pending
6118,Shipped
19014,Shipped
18135,Cancelled
19303,Cancelled
18828,Delivered
17459,Pending
1146,Shipped
8434,Shipped
10967,Pending
15097,Pending
5975,Processing
4471,Cancelled
8360,Cancelled
12661,Delivered
16098,Cancelled
9022,Delivered
15848,Pending
15768,Pending
17971,Processing
10144,Pending
10338,Pending
11878,Delivered
3489,Cancelled
18370,Shipped
7520,Delivered
10193,Pending
14566,Pending
11973,Pending
13802,Cancelled
6942,Cancelled
5096,Delivered
13738,Cancelled
17173,Delivered
13215,Processing
3601,Processing
10136,Delivered
12831,Cancelled
9040,Delivered
17473,Shipped
5344,Pending
19887,Pending
5719,Processing
7840,Processing
5000,Processing
17195,Shipped
9122,Processing
18305,Shipped
1078,Cancelled
7117,Shipped
5170,Pending
14928,Delivered
9569,Processing
742,Shipped
8668,Shipped
17185,Pending
5836,Delivered
14864,Shipped
543,Delivered
6355,Processing
13494,Cancelled
357,Cancelled
11879,Pending
19894,Pending
5768,Cancelled
13507,Processing
5872,Processing
810,Cancelled
511,Cancelled
18962,Pending
11394,Cancelled
14832,Processing
17349,Delivered
16797,Processing
6315,Processing
11590,Shipped
6411,Processing
14122,Shipped
9819,Delivered
16745,Delivered
19413,Pending
15665,Pending
11136,Delivered
9605,Cancelled
1501,Delivered
7052,Pending
4455,Delivered
18854,Cancelled
4900,Delivered
5502,Delivered
15419,Processing
6670,Delivered
17997,Shipped
10320,Processing
745,Cancelled
15142,Shipped
3729,Processing
5793,Pending
2481,Pending
12836,Cancelled
4016,Shipped
1979,Pending
14706,Shipped
15539,Pending
1481,Pending
14529,Cancelled
8079,Delivered
4519,Cancelled
12797,Processing
19448,Cancelled
4172,Pending
18762,Processing
9035,Pending
16751,Pending
13851,Pending
11335,Pending
3771,Pending
11167,Pending
12294,Shipped
782,Delivered
11211,Shipped
15735,Pending
6841,Cancelled
12849,Shipped
450,Pending
17381,Shipped
6887,Cancelled
5690,Delivered
14281,Pending
7303,Shipped
3060,Cancelled
16312,Processing
11685,Pending
7737,Cancelled
11452,Cancelled
641,Cancelled
12034,Cancelled
12493,Processing
1046,Cancelled
17861,Pending
12749,Shipped
10615,Delivered
15819,Delivered
15600,Shipped
161,Shipped
12951,Pending
15623,Shipped
7342,Shipped
2679,Shipped
5222,Cancelled
12228,Processing
5313,Pending
1554,Delivered
16455,Pending
5218,Shipped
15167,Delivered
15121,Cancelled
12620,Delivered
12207,Shipped
13206,Processing
13646,Delivered
15827,Shipped
4634,Shipped
2756,Cancelled
6143,Processing
17244,Shipped
15017,Shipped
6652,Shipped
8210,Pending
19354,Pending
7541,Cancelled
6082,Cancelled
25,Cancelled
1521,Processing
1601,Processing
1675,Pending
15648,Shipped
18643,Pending
6858,Pending
7393,Processing
10946,Pending
1405,Processing
3556,Delivered
5128,Pending
17976,Cancelled
5921,Processing
3,Processing
12578,Delivered
9041,Processing
15055,Delivered
14853,Delivered
6925,Processing
8262,Cancelled
7382,Delivered
18360,Delivered
2798,Delivered
15704,Pending
5733,Cancelled
14183,Shipped
16071,Shipped
3176,Delivered
4865,Shipped
703,Cancelled
11007,Delivered
10648,Shipped
19814,Processing
17214,Pending
12829,Delivered
13616,Processing
19785,Cancelled
2530,Cancelled
16379,Processing
11548,Cancelled
6862,Cancelled
4579,Shipped
2086,Shipped
14075,Cancelled
13412,Processing
12228,Processing
14380,Processing
8713,Shipped
18831,Shipped
14292,Cancelled
19082,Cancelled
13052,Pending
16868,Pending
5391,Processing
15828,Pending
13237,Shipped
3920,Processing
14835,Shipped
15703,Pending
2967,Delivered
13023,Shipped
12457,Cancelled
16731,Delivered
4558,Delivered
2308,Pending
17533,Pending
3581,Delivered
12476,Pending
7330,Pending
2078,Delivered
18941,Cancelled
11983,Shipped
3826,Processing
2728,Delivered
9528,Pending
11946,Delivered
2933,Delivered
16856,Delivered
12792,Processing
9235,Cancelled
18277,Pending
100,Pending
13372,Processing
14918,Pending
8375,Delivered
6950,Pending
1499,Shipped
1479,Delivered
19485,Processing
7963,Processing
7004,Pending
10616,Delivered
18535,Cancelled
3014,Pending
2117,Shipped
1845,Delivered
18300,Processing
3869,Pending
19135,Pending
16156,Delivered
3628,Processing
2056,Delivered
2512,Delivered
10709,Pending
1216,Pending
7255,Cancelled
2028,Pending
7769,Shipped
4014,Delivered
18876,Shipped
15862,Shipped
15294,Processing
19550,Pending
19434,Cancelled
1379,Shipped
12595,Delivered
7366,Pending
370,Shipped
3652,Cancelled
9346,Processing
3408,Cancelled
4703,Processing
10095,Processing
17040,Shipped
3072,Shipped
11739,Delivered
17907,Delivered
15977,Shipped
7253,Processing
11808,Delivered
4657,Delivered
2411,Pending
19492,Cancelled
4558,Cancelled
2187,Shipped
19489,Shipped
14411,Processing
11863,Cancelled
6570,Cancelled
13348,Shipped
18399,Processing
12905,Delivered
18983,Processing
3028,Delivered
8284,Cancelled
9790,Cancelled
11671,Processing
3313,Pending
9129,Cancelled
19429,Pending
3777,Pending
1123,Delivered
18845,Pending
13302,Pending
7061,Processing
12855,Processing
5594,Shipped
5689,Delivered
2725,Pending
11529,Cancelled
5839,Delivered
11423,Processing
10844,Delivered
2206,Cancelled
5491,Delivered
4844,Cancelled
12094,Shipped
63,Shipped
251,Processing
9263,Delivered
12000,Cancelled
10330,Shipped
17363,Shipped
9710,Shipped
13050,Processing
14558,Shipped
11424,Shipped
15704,Delivered
12928,Pending
7567,Processing
13978,Processing
10418,Pending
246,Processing
12061,Delivered
6742,Shipped
4754,Processing
18314,Delivered
19482,Delivered
2488,Pending
3128,Processing
7522,Shipped
8683,Cancelled
14302,Pending
7756,Delivered
6863,Shipped
1380,Processing
2544,Processing
5972,Cancelled
11951,Processing
2045,Pending
10368,Delivered
771,Processing
529,Processing
14873,Delivered
9058,Pending
17468,Shipped
5778,Shipped
13370,Pending
1887,Cancelled
19724,Cancelled
10771,Pending
4160,Cancelled
15480,Delivered
18302,Pending
9970,Delivered
11190,Shipped
6784,Cancelled
8216,Processing
10307,Delivered
1308,Shipped
11012,Processing
3565,Pending
12789,Shipped
19086,Pending
10158,Pending
4713,Shipped
18479,Shipped
17290,Pending
15434,Cancelled
17383,Cancelled
7093,Delivered
11161,Delivered
10621,Shipped
15260,Cancelled
6772,Delivered
17157,Cancelled
14750,Delivered
13415,Processing
16273,Cancelled
6448,Shipped
9982,Pending
5864,Shipped
377,Processing
1969,Shipped
17593,Delivered
6169,Cancelled
2647,Shipped
17613,Processing
16163,Delivered
805,Delivered
5313,Pending
7513,Cancelled
2310,Delivered
6633,Delivered
7262,Pending
11237,Delivered
11430,Pending
8344,Processing
11281,Delivered
2848,Shipped
5337,Cancelled
4730,Shipped
15077,Shipped
10667,Cancelled
8055,Delivered
14238,Processing
2791,Pending
4627,Shipped
14371,Shipped
4641,Cancelled
19114,Shipped
6693,Delivered
14115,Pending
7423,Cancelled
8960,Shipped
6614,Cancelled
11454,Pending
15048,Shipped
16717,Delivered
9055,Pending
9598,Pending
5698,Delivered
2069,Pending
14781,Cancelled
19049,Shipped
1990,Cancelled
2028,Processing
11903,Shipped
863,Delivered
7913,Shipped
13181,Shipped
2942,Pending
18888,Processing
14427,Processing
625,Processing
9729,Pending
7939,Pending
5784,Shipped
11130,Pending
1859,Cancelled
13495,Pending
5122,Shipped
8601,Pending
14297,Delivered
1179,Shipped
5746,Processing
7247,Delivered
9436,Processing
2321,Processing
10788,Delivered
6970,Shipped
3110,Processing
3528,Pending
5812,Cancelled
19287,Cancelled
4089,Processing
8257,Shipped
4344,Cancelled
9880,Processing
5968,Delivered
19718,Processing
12218,Pending
15394,Delivered
15353,Cancelled
18512,Shipped
18664,Cancelled
10490,Pending
1210,Delivered
8729,Shipped
6026,Cancelled
9465,Delivered
2833,Delivered
19926,Shipped
12699,Cancelled
2173,Cancelled
10760,Processing
2921,Delivered
12495,Cancelled
11458,Cancelled
761,Shipped
6206,Pending
9154,Cancelled
7650,Processing
11936,Processing
4580,Processing
12613,Delivered
2482,Pending
10332,Processing
9330,Shipped
10390,Shipped
13455,Cancelled
17907,Pending
15237,Delivered
8300,Processing
5116,Cancelled
18303,Cancelled
7934,Delivered
3380,Cancelled
7486,Cancelled
11328,Pending
8523,Shipped
16192,Cancelled
8933,Cancelled
15391,Pending
7624,Delivered
10219,Shipped
7311,Processing
4348,Cancelled
14821,Cancelled
14807,Shipped
14317,Shipped
1503,Processing
2398,Pending
10401,Delivered
10253,Delivered
9503,Shipped
6325,Delivered
802,Pending
6172,Delivered
12797,Shipped
13528,Processing
213,Shipped
18717,Cancelled
2110,Shipped
13774,Shipped
12454,Processing
15824,Processing
6299,Delivered
2045,Delivered
8133,Cancelled
4720,Cancelled
15917,Cancelled
19716,Cancelled
13289,Cancelled
17187,Shipped
9566,Processing
17637,Shipped
12429,Cancelled
12029,Shipped
15576,Processing
11988,Cancelled
426,Cancelled
4945,Pending
5110,Cancelled
7986,Processing
15884,Shipped
16117,Pending
18938,Shipped
4042,Processing
10943,Shipped
7942,Pending
16318,Cancelled
6632,Shipped
4154,Cancelled
12646,Cancelled
4678,Delivered
15328,Pending
10371,Processing
2307,Shipped
7428,Shipped
15147,Shipped
11185,Shipped
14410,Delivered
19706,Shipped
3326,Pending
9817,Shipped
16196,Shipped
9110,Pending
8435,Cancelled
19610,Processing
1355,Delivered
19358,Cancelled
7707,Delivered
11290,Cancelled
7081,Pending
9046,Processing
346,Pending
4871,Processing
7016,Shipped
4254,Cancelled
18596,Delivered
19857,Processing
19003,Pending
13116,Shipped
13833,Delivered
12923,Pending
16014,Cancelled
11156,Cancelled
14530,Cancelled
1552,Delivered
14587,Delivered
18990,Shipped
10091,Delivered
5433,Pending
234,Processing
9182,Processing
89,Delivered
17073,Processing
2686,Shipped
19065,Pending
16102,Pending
15517,Delivered
7285,Delivered
3973,Cancelled
9395,Pending
1175,Processing
5848,Cancelled
14540,Delivered
10803,Shipped
18202,Cancelled
7445,Processing
14204,Delivered
14208,Pending
4271,Pending
3189,Cancelled
893,Shipped
4968,Processing
18419,Shipped
12025,Processing
19215,Delivered
19311,Delivered
19042,Cancelled
9950,Shipped
982,Pending
16480,Delivered
8387,Cancelled
7986,Pending
2876,Cancelled
10042,Delivered
3004,Delivered
15910,Cancelled
4385,Pending
12855,Shipped
15941,Processing
2140,Pending
16411,Processing
807,Delivered
16700,Processing
5499,Delivered
9484,Cancelled
6827,Delivered
195,Processing
6599,Cancelled
12816,Shipped
11912,Delivered
11628,Shipped
1665,Processing
9203,Cancelled
5959,Pending
9435,Shipped
12993,Processing
8029,Cancelled
10920,Shipped
6087,Processing
7265,Pending
6361,Shipped
1251,Pending
14164,Delivered
4915,Cancelled
3605,Pending
7073,Delivered
16568,Pending
3981,Shipped
14145,Pending
14536,Pending
11648,Cancelled
1611,Delivered
7418,Shipped
6426,Shipped
5500,Delivered
17663,Processing
16780,Delivered
4658,Delivered
7252,Pending
7647,Cancelled
1876,Pending
18522,Delivered
13366,Processing
11318,Shipped
4828,Pending
13871,Shipped
9929,Processing
5609,Cancelled
19689,Pending
16933,Pending
444,Pending
6511,Cancelled
18586,Processing
17010,Shipped
17995,Pending
14430,Pending
6045,Processing
2939,Shipped
3807,Shipped
1230,Processing
10970,Pending
7690,Delivered
18781,Delivered
5910,Processing
15828,Shipped
11968,Processing
6298,Delivered
15973,Cancelled
19028,Cancelled
13740,Delivered
5447,Cancelled
2763,Processing
11006,Delivered
19249,Shipped
17532,Delivered
11557,Processing
10284,Processing
15306,Delivered
12644,Cancelled
15886,Shipped
15861,Delivered
646,Shipped
15000,Processing
6009,Shipped
13485,Delivered
13347,Pending
15842,Delivered
8898,Cancelled
5695,Pending
15011,Processing
9826,Cancelled
2969,Cancelled
14776,Pending
12531,Delivered
9250,Pending
18143,Shipped
5324,Processing
2770,Processing
13145,Shipped
10905,Pending
4349,Shipped
4876,Processing
2738,Cancelled
13876,Processing
7679,Delivered
17796,Processing
17734,Cancelled
2011,Shipped
14276,Cancelled
4156,Delivered
3855,Pending
9266,Delivered
3009,Processing
7341,Delivered
6128,Shipped
12515,Pending
14024,Processing
13392,Processing
7218,Processing
13463,Delivered
12075,Shipped
353,Cancelled
6233,Shipped
11839,Delivered
2049,Delivered
18757,Processing
9010,Cancelled
5147,Pending
8167,Processing
3554,Pending
12347,Delivered
292,Delivered
917,Shipped
2226,Shipped
7161,Cancelled
5022,Processing
6037,Shipped
16729,Shipped
19380,Pending
7768,Shipped
3265,Processing
4250,Processing
5852,Delivered
2195,Cancelled
10786,Processing
982,Processing
12705,Shipped
7727,Processing
16905,Pending
1569,Cancelled
5172,Shipped
16191,Pending
18564,Pending
7829,Cancelled
420,Processing
5284,Pending
17429,Pending
15055,Pending
11355,Shipped
9401,Cancelled
2091,Pending
15009,Pending
18488,Processing
7004,Shipped
15542,Processing
4377,Delivered
9129,Cancelled
5034,Processing
8941,Shipped
14623,Delivered
12191,Delivered
1571,Pending
18678,Pending
9677,Cancelled
16086,Pending
17616,Shipped
11469,Shipped
19383,Shipped
421,Delivered
19331,Cancelled
9274,Shipped
19833,Delivered
5529,Cancelled
12340,Delivered
238,Processing
18520,Shipped
8040,Shipped
5923,Cancelled
16322,Cancelled
2445,Processing
3607,Pending
6414,Pending
7243,Cancelled
18023,Delivered
16590,Shipped
3416,Processing
145,Pending
11640,Processing
5088,Delivered
12801,Pending
4448,Cancelled
14190,Delivered
10052,Shipped
9453,Processing
10096,Delivered
7068,Pending
9632,Delivered
7352,Processing
1118,Pending
10868,Processing
4121,Pending
13356,Delivered
16368,Pending
5026,Cancelled
17157,Delivered
9317,Cancelled
1347,Pending
2816,Shipped
18511,Shipped
6346,Delivered
9942,Processing
1610,Shipped
769,Pending
17224,Cancelled
12628,Shipped
15581,Delivered
9892,Cancelled
5830,Delivered
9853,Delivered
16035,Pending
1136,Cancelled
9114,Shipped
10047,Shipped
14887,Cancelled
4668,Shipped
9202,Processing
8330,Cancelled
16148,Cancelled
1217,Processing
16917,Cancelled
11797,Processing
19214,Cancelled
9079,Shipped
19880,Cancelled
17007,Pending
135,Pending
12667,Cancelled
11371,Cancelled
13705,Processing
2461,Processing
18077,Delivered
5741,Delivered
15481,Pending
4256,Processing
16048,Cancelled
12986,Pending
8803,Processing
13457,Shipped
19827,Cancelled
9664,Shipped
3095,Delivered
1470,Pending
764,Processing
4837,Processing
12273,Cancelled
3060,Processing
4712,Processing
13594,Processing
872,Processing
15196,Cancelled
15839,Cancelled
16555,Shipped
5086,Cancelled
6661,Cancelled
2006,Cancelled
5495,Cancelled
13976,Delivered
5559,Delivered
9930,Pending
19657,Delivered
3257,Processing
9651,Pending
12044,Shipped
13165,Processing
3401,Cancelled
15829,Cancelled
6400,Delivered
8023,Pending
13867,Delivered
1809,Delivered
6276,Shipped
15015,Delivered
18938,Processing
6763,Cancelled
18129,Pending
12738,Delivered
863,Processing
13378,Pending
17502,Cancelled
5913,Shipped
4655,Shipped
10286,Cancelled
12629,Pending
18725,Processing
13082,Pending
63,Shipped
11404,Shipped
18640,Shipped
11645,Delivered
13820,Delivered
6250,Cancelled
10580,Shipped
7159,Processing
10050,Pending
13870,Delivered
8602,Processing
13574,Processing
1886,Delivered
12557,Pending
19828,Pending
902,Delivered
15977,Shipped
3763,Shipped
16811,Delivered
711,Processing
10120,Cancelled
19170,Pending
19234,Delivered
6629,Pending
2981,Cancelled
1147,Cancelled
7333,Shipped
5551,Cancelled
9455,Pending
11857,Cancelled
3323,Shipped
372,Cancelled
11922,Delivered
6951,Shipped
18984,Pending
10065,Delivered
15043,Processing
16070,Delivered
5889,Shipped
18043,Pending
19554,Shipped
3143,Cancelled
16173,Pending
1811,Processing
4346,Processing
4518,Processing
610,Processing
15471,Delivered
5783,Pending
9321,Shipped
1625,Processing
10627,Processing
5879,Shipped
8185,Processing
7670,Delivered
14056,Delivered
19392,Processing
14382,Pending
18463,Shipped
19370,Pending
10361,Cancelled
12482,Shipped
7850,Shipped
6501,Processing
15356,Pending
18944,Cancelled
18064,Shipped
17731,Pending
10322,Processing
4490,Pending
19262,Delivered
15078,Cancelled
14401,Processing
10590,Pending
3685,Processing
16867,Shipped
3831,Pending
19727,Processing
3557,Pending
16460,Processing
16028,Shipped
4707,Cancelled
507,Processing
414,Delivered
18525,Shipped
11540,Shipped
16846,Delivered
13006,Shipped
17827,Cancelled
19587,Delivered
3419,Processing
10798,Pending
3245,Pending
2110,Shipped
14902,Shipped
5287,Shipped
10127,Pending
3252,Processing
11809,Delivered
4115,Pending
6890,Delivered
2351,Processing
4894,Processing
17664,Processing
5917,Shipped
6789,Cancelled
15680,Delivered
3725,Pending
3378,Cancelled
7738,Shipped
8724,Shipped
7622,Delivered
11111,Shipped
9747,Pending
2288,Pending
2878,Processing
5783,Pending
13682,Cancelled
526,Cancelled
11183,Processing
3982,Delivered
8212,Cancelled
9747,Processing
145,Processing
6177,Cancelled
11355,Cancelled
6530,Processing
13685,Processing
13206,Cancelled
9721,Delivered
14145,Shipped
4969,Shipped
17145,Cancelled
17495,Delivered
17264,Processing
2005,Delivered
4200,Pending
5853,Pending
4245,Shipped
15597,Pending
3798,Delivered
4409,Pending
6952,Pending
12960,Delivered
15984,Shipped
18117,Processing
2621,Cancelled
2876,Shipped
6583,Cancelled
17037,Processing
14801,Pending
12165,Pending
6652,Cancelled
19115,Delivered
5963,Shipped
15083,Processing
11550,Delivered
19268,Processing
5622,Cancelled
490,Cancelled
19927,Cancelled
8967,Delivered
5329,Delivered
2749,Shipped
8459,Processing
6209,Shipped
18548,Pending
2171,Processing
13980,Processing
9788,Processing
16895,Pending
12529,Delivered
17090,Cancelled
7755,Cancelled
13811,Delivered
6029,Pending
3985,Processing
13802,Pending
14307,Pending
3822,Pending
932,Pending
5166,Delivered
10533,Processing
18595,Pending
14934,Pending
16715,Cancelled
18505,Shipped
14589,Cancelled
16454,Cancelled
18857,Pending
7383,Processing
1454,Delivered
4398,Cancelled
1700,Processing
12062,Pending
12708,Shipped
12479,Cancelled
6447,Processing
14736,Shipped
7364,Pending
8178,Shipped
2701,Shipped
5607,Shipped
6391,Pending
3107,Pending
17511,Pending
1114,Pending
3058,Delivered
18467,Processing
17140,Cancelled
15664,Processing
10506,Processing
8309,Pending
17646,Cancelled
17364,Cancelled
13152,Cancelled
12878,Processing
12247,Delivered
18075,Processing
3767,Shipped
767,Shipped
539,Pending
4188,Pending
10135,Processing
19101,Delivered
2933,Shipped
4519,Cancelled
9151,Pending
9583,Delivered
13831,Delivered
18995,Pending
9159,Delivered
9646,Cancelled
16716,Delivered
19118,Cancelled
8233,Pending
10322,Cancelled
8540,Delivered
1127,Pending
10489,Cancelled
18016,Processing
10754,Cancelled
5455,Shipped
17643,Processing
18832,Delivered
19690,Processing
4895,Cancelled
12716,Processing
4248,Shipped
6027,Pending
806,Processing
11746,Shipped
7864,Shipped
18103,Delivered
149,Pending
7182,Shipped
5923,Pending
10201,Processing
8795,Delivered
19656,Delivered
124,Pending
12908,Shipped
13664,Delivered
9755,Cancelled
7414,Processing
10059,Pending
16068,Shipped
19183,Delivered
19127,Shipped
9588,Cancelled
10038,Pending
6995,Cancelled
569,Cancelled
17601,Delivered
11812,Shipped
1005,Processing
10287,Cancelled
15978,Processing
2216,Cancelled
12353,Pending
11856,Pending
15471,Processing
12608,Cancelled
13783,Shipped
3982,Cancelled
15573,Processing
1690,Pending
18882,Cancelled
1005,Shipped
17564,Cancelled
17869,Cancelled
7321,Processing
13669,Processing
10890,Cancelled
186,Pending
4341,Cancelled
4120,Delivered
11900,Pending
7361,Shipped
16237,Processing
17357,Pending
13565,Delivered
10448,Shipped
17105,Shipped
2678,Delivered
7041,Shipped
3720,Processing
9146,Pending
5273,Processing
7715,Pending
2512,Shipped
2777,Cancelled
11225,Cancelled
19830,Processing
4951,Shipped
13817,Processing
17396,Processing
15744,Delivered
4836,Cancelled
11146,Processing
105,Processing
4817,Processing
3312,Pending
15298,Delivered
4296,Pending
8326,Processing
3255,Pending
7919,Cancelled
8424,Processing
9623,Delivered
2780,Delivered
19008,Shipped
8392,Cancelled
7434,Cancelled
5003,Processing
17252,Cancelled
19667,Processing
15786,Processing
14131,Cancelled
4335,Pending
8541,Shipped
14224,Shipped
3831,Pending
1947,Pending
8918,Cancelled
19482,Processing
13529,Cancelled
9111,Cancelled
5207,Cancelled
7408,Shipped
11403,Processing
13836,Delivered
2553,Delivered
12980,Pending
7305,Cancelled
6502,Shipped
15691,Delivered
4654,Processing
10946,Shipped
16570,Processing
17967,Cancelled
6273,Shipped
3813,Delivered
19466,Shipped
19623,Cancelled
11433,Delivered
16476,Shipped
759,Shipped
8812,Delivered
10698,Pending
4548,Delivered
3045,Shipped
2331,Delivered
2047,Pending
6056,Cancelled
2456,Shipped
14241,Shipped
17065,Cancelled
11083,Delivered
7215,Shipped
9976,Cancelled
11360,Pending
8980,Shipped
13598,Processing
14399,Shipped
4687,Processing
14238,Delivered
8316,Processing
5035,Pending
9433,Pending
3058,Shipped
6462,Delivered
15047,Shipped
18775,Delivered
18030,Shipped
8564,Pending
16056,Delivered
11921,Shipped
16224,Pending
11942,Cancelled
17867,Pending
16812,Shipped
6729,Cancelled
15840,Delivered
5061,Pending
15876,Pending
18309,Pending
17323,Delivered
17380,Cancelled
7045,Delivered
1534,Pending
6690,Delivered
11288,Processing
13742,Delivered
11829,Processing
17427,Delivered
9339,Processing
19392,Cancelled
7881,Delivered
4672,Processing
3601,Pending
13351,Shipped
17690,Cancelled
19078,Processing
10256,Cancelled
17558,Delivered
14038,Pending
3967,Processing
14284,Pending
3955,Shipped
5209,Pending
1761,Shipped
15251,Pending
6486,Processing
160,Shipped
14251,Cancelled
19033,Processing
2759,Cancelled
1907,Cancelled
13171,Delivered
6992,Shipped
9188,Shipped
8839,Processing
8541,Cancelled
12149,Processing
19416,Cancelled
3045,Pending
2986,Pending
1353,Cancelled
11014,Cancelled
17372,Shipped
1014,Pending
10016,Shipped
9401,Delivered
3537,Cancelled
15980,Cancelled
12434,Pending
612,Delivered
16786,Processing
453,Delivered
18840,Processing
12380,Delivered
3462,Delivered
15716,Pending
17690,Pending
2166,Delivered
1887,Pending
12963,Processing
7162,Delivered
16060,Shipped
10422,Processing
11838,Pending
11767,Pending
16781,Processing
1518,Shipped
10448,Cancelled
2901,Pending
1866,Shipped
343,Pending
2188,Cancelled
13652,Delivered
11684,Delivered
8723,Shipped
8824,Shipped
16922,Shipped
10650,Processing
1646,Processing
19552,Cancelled
17888,Cancelled
6091,Cancelled
7465,Delivered
8502,Shipped
17074,Processing
7927,Processing
3757,Delivered
17828,Cancelled
7849,Cancelled
7500,Cancelled
12286,Pending
2715,Delivered
1679,Cancelled
12964,Delivered
11938,Shipped
4449,Shipped
891,Processing
18866,Cancelled
10181,Delivered
5320,Processing
18218,Cancelled
19912,Pending
3880,Cancelled
18438,Shipped
1080,Cancelled
19787,Shipped
14410,Pending
9486,Delivered
12935,Pending
9399,Delivered
14384,Cancelled
323,Shipped
5794,Delivered
1562,Pending
15090,Shipped
15340,Delivered
13615,Delivered
18790,Delivered
6997,Delivered
16945,Shipped
3185,Cancelled
10363,Delivered
13050,Cancelled
16647,Pending
17459,Delivered
1305,Shipped
6759,Cancelled
12820,Cancelled
7328,Shipped
18007,Cancelled
15610,Delivered
6017,Pending
14885,Delivered
9431,Cancelled
7968,Cancelled
16363,Cancelled
6388,Pending
7902,Shipped
18476,Delivered
15733,Processing
7713,Shipped
7326,Processing
10286,Processing
14516,Cancelled
14238,Processing
14048,Cancelled
18224,Processing
11987,Delivered
5088,Processing
14407,Cancelled
2406,Cancelled
4422,Pending
6200,Shipped
14801,Delivered
19606,Pending
12507,Cancelled
13929,Pending
2060,Pending
10040,Shipped
9063,Cancelled
16441,Processing
8693,Delivered
8645,Cancelled
5429,Cancelled
4579,Delivered
2146,Cancelled
15851,Processing
16314,Shipped
330,Pending
9333,Cancelled
1345,Cancelled
1265,Shipped
17010,Cancelled
8863,Pending
3781,Cancelled
1534,Processing
16951,Pending
19696,Processing
3612,Shipped
11129,Shipped
1867,Pending
6802,Pending
9668,Processing
3355,Processing
15614,Processing
15835,Delivered
4238,Shipped
12844,Cancelled
17440,Delivered
15286,Cancelled
1009,Pending
2300,Pending
19112,Cancelled
16724,Pending
5052,Processing
15962,Pending
6395,Cancelled
12836,Shipped
5266,Cancelled
9894,Processing
17085,Shipped
2039,Pending
2749,Delivered
826,Processing
9297,Shipped
5671,Cancelled
11013,Processing
4543,Shipped
19700,Delivered
2358,Cancelled
16593,Shipped
1525,Delivered
3258,Delivered
5156,Delivered
10320,Cancelled
17390,Delivered
14973,Delivered
2756,Cancelled
2275,Processing
7855,Delivered
6812,Cancelled
101,Delivered
11140,Shipped
16499,Cancelled
2468,Cancelled
19762,Processing
19301,Shipped
8264,Shipped
1844,Processing
5031,Delivered
14381,Shipped
19461,Processing
606,Shipped
6210,Delivered
11896,Shipped
7252,Delivered
19052,Shipped
2408,Processing
15071,Delivered
7086,Cancelled
8483,Cancelled
5719,Pending
468,Cancelled
2730,Pending
15591,Pending
18925,Pending
5113,Pending
18038,Shipped
16030,Cancelled
5155,Cancelled
14124,Pending
2698,Delivered
11868,Delivered
16301,Cancelled
12874,Delivered
14463,Shipped
437,Shipped
12977,Processing
874,Cancelled
17542,Processing
8927,Delivered
13872,Delivered
10134,Cancelled
5056,Cancelled
5826,Processing
3062,Pending
2295,Shipped
6493,Shipped
11857,Shipped
2152,Processing
11028,Processing
18703,Pending
1070,Processing
6476,Shipped
3378,Cancelled
17310,Processing
10644,Shipped
6679,Cancelled
13668,Processing
8731,Pending
16077,Pending
17394,Shipped
10384,Cancelled
7120,Processing
18090,Delivered
10817,Delivered
616,Shipped
7330,Processing
18938,Shipped
957,Pending
3708,Delivered
8229,Cancelled
793,Pending
13631,Delivered
1359,Processing
15585,Pending
12160,Shipped
11070,Delivered
12191,Delivered
18495,Shipped
4438,Processing
248,Pending
16294,Pending
7443,Shipped
18817,Cancelled
10137,Pending
5266,Cancelled
3041,Pending
4080,Cancelled
16493,Pending
17459,Delivered
18606,Cancelled
5653,Cancelled
6072,Processing
10829,Shipped
17244,Delivered
7134,Pending
18561,Pending
19332,Processing
14591,Processing
17722,Pending
14594,Pending
8524,Pending
15757,Shipped
19572,Cancelled
2994,Pending
8260,Pending
10675,Shipped
16387,Delivered
11155,Processing
18235,Cancelled
9809,Shipped
5547,Pending
4510,Delivered
4771,Processing
6226,Delivered
9942,Shipped
579,Shipped
6149,Delivered
918,Processing
1478,Cancelled
5436,Cancelled
12480,Delivered
13138,Processing
18133,Delivered
16909,Processing
4848,Pending
1183,Processing
13933,Cancelled
3622,Processing
5476,Delivered
8298,Cancelled
14357,Pending
14362,Cancelled
19697,Pending
19162,Delivered
12617,Cancelled
8239,Pending
2208,Delivered
1217,Cancelled
3160,Shipped
7557,Delivered
182,Cancelled
10986,Processing
2276,Processing
4775,Processing
3892,Delivered
13323,Delivered
14818,Delivered
17778,Delivered
16920,Shipped
14086,Processing
16955,Delivered
5762,Pending
10817,Processing
4579,Pending
10179,Pending
2294,Pending
5048,Shipped
2630,Shipped
5326,Delivered
9166,Processing
6560,Pending
7385,Cancelled
7699,Pending
15823,Delivered
6750,Processing
2174,Shipped
15234,Pending
15757,Delivered
1606,Pending
6796,Shipped
5631,Cancelled
7291,Delivered
5693,Shipped
11780,Pending
15046,Shipped
3347,Shipped
5295,Pending
10348,Processing
151,Cancelled
1034,Cancelled
6756,Pending
19344,Shipped
9882,Processing
16382,Processing
8899,Delivered
15871,Pending
14790,Shipped
15568,Delivered
10083,Processing
2654,Cancelled
15083,Cancelled
14532,Delivered
17365,Processing
15913,Shipped
16681,Shipped
7514,Shipped
4884,Pending
2887,Pending
9260,Delivered
13352,Delivered
18321,Shipped
5165,Pending
14761,Cancelled
7457,Shipped
1367,Delivered
4318,Pending
603,Processing
13250,Delivered
14988,Shipped
12313,Delivered
16537,Delivered
18488,Processing
4957,Pending
10675,Shipped
18452,Shipped
14769,Processing
19399,Pending
17988,Cancelled
17029,Processing
3544,Processing
17880,Pending
7131,Cancelled
15095,Cancelled
66,Pending
8455,Shipped
10128,Shipped
5507,Shipped
326,Cancelled
18225,Cancelled
5976,Cancelled
12352,Delivered
5964,Shipped
17490,Shipped
14542,Pending
10445,Processing
18765,Shipped
15587,Delivered
9769,Processing
13193,Cancelled
12182,Cancelled
19366,Delivered
13955,Processing
1658,Processing
14300,Delivered
505,Cancelled
16378,Pending
4267,Cancelled
15521,Processing
5983,Cancelled
6024,Pending
17522,Pending
19873,Shipped
11520,Processing
15764,Shipped
3159,Delivered
15820,Delivered
7260,Processing
9645,Delivered
11722,Pending
11631,Cancelled
14942,Delivered
143,Shipped
8100,Delivered
1420,Processing
19217,Shipped
6757,Pending
17871,Shipped
9247,Processing
14016,Cancelled
15285,Shipped
14014,Processing
7504,Delivered
12494,Pending
5252,Processing
14770,Processing
8288,Shipped
16308,Delivered
18186,Processing
8498,Processing
18253,Delivered
6684,Pending
16694,Delivered
1381,Shipped
17473,Pending
14640,Cancelled
18879,Pending
8828,Shipped
16421,Processing
10353,Processing
4194,Shipped
9003,Shipped
2898,Cancelled
11353,Processing
827,Shipped
3365,Pending
4042,Cancelled
6353,Delivered
1366,Shipped
16612,Processing
7219,Shipped
2387,Shipped
7387,Processing
12339,Delivered
1269,Cancelled
3274,Processing
4306,Cancelled
18987,Processing
9295,Shipped
10281,Pending
9187,Cancelled
7169,Cancelled
1274,Delivered
15737,Delivered
3892,Cancelled
8967,Delivered
7507,Processing
17184,Cancelled
4048,Delivered
7150,Processing
11839,Pending
12918,Delivered
7735,Shipped
18767,Processing
18878,Cancelled
13795,Processing
1534,Pending
13419,Delivered
19135,Shipped
7442,Shipped
18948,Shipped
17503,Shipped
649,Pending
14092,Pending
807,Processing
7153,Pending
316,Delivered
12917,Processing
3337,Shipped
18761,Delivered
7401,Pending
8856,Delivered
3347,Processing
12631,Pending
3704,Pending
9410,Shipped
11084,Shipped
10252,Shipped
17857,Cancelled
7297,Shipped
1202,Cancelled
9900,Processing
6479,Cancelled
1438,Shipped
9774,Shipped
19898,Processing
10123,Pending
10624,Delivered
18790,Cancelled
2925,Cancelled
1518,Delivered
8728,Delivered
9887,Delivered
18712,Cancelled
14000,Cancelled
887,Processing
1363,Shipped
8504,Cancelled
8729,Shipped
7592,Pending
5397,Delivered
14923,Shipped
5958,Cancelled
3312,Shipped
10143,Processing
8204,Pending
14241,Processing
7268,Cancelled
15464,Pending
18501,Cancelled
16706,Pending
4226,Shipped
3960,Cancelled
1685,Delivered
278,Shipped
2469,Processing
6687,Delivered
5034,Delivered
9109,Pending
885,Cancelled
16050,Pending
4031,Processing
14590,Cancelled
7287,Delivered
18188,Delivered
13127,Delivered
15647,Delivered
7610,Delivered
19686,Cancelled
18334,Processing
12342,Shipped
13505,Shipped
15687,Processing
8796,Pending
7704,Pending
11011,Pending
11912,Cancelled
17738,Shipped
3812,Processing
1677,Processing
18484,Processing
19134,Processing
12209,Pending
13630,Pending
13541,Processing
6313,Processing
6244,Delivered
11296,Processing
109,Pending
8715,Delivered
19796,Delivered
18818,Shipped
9587,Delivered
16651,Cancelled
553,Cancelled
8095,Cancelled
5813,Processing
2283,Delivered
19883,Pending
8310,Shipped
13617,Processing
4693,Pending
9461,Delivered
7073,Cancelled
1822,Cancelled
3775,Shipped
588,Processing
14162,Shipped
15699,Cancelled
969,Shipped
15535,Pending
14663,Processing
17554,Delivered
13333,Delivered
19241,Shipped
17202,Pending
17889,Delivered
19178,Delivered
5873,Cancelled
17186,Pending
17971,Shipped
13555,Delivered
9849,Shipped
12472,Pending
6729,Shipped
12007,Pending
8716,Delivered
7233,Shipped
3593,Cancelled
7990,Pending
18886,Cancelled
1104,Shipped
11020,Shipped
5642,Processing
3883,Pending
7430,Processing
7266,Shipped
926,Cancelled
1443,Processing
9946,Shipped
11646,Pending
7125,Cancelled
6109,Cancelled
16556,Cancelled
8139,Shipped
12782,Pending
14926,Delivered
15334,Pending
9555,Shipped
8826,Pending
6079,Processing
11307,Cancelled
19312,Delivered
18565,Cancelled
420,Delivered
7712,Processing
17039,Processing
14861,Pending
7723,Cancelled
6006,Cancelled
7696,Cancelled
7246,Processing
13585,Shipped
3014,Pending
5693,Cancelled
11437,Cancelled
9943,Cancelled
4657,Cancelled
2,Pending
3542,Pending
973,Shipped
8313,Cancelled
17361,Processing
9616,Cancelled
14054,Shipped
5696,Delivered
10011,Shipped
4022,Delivered
11264,Pending
4743,Delivered
2559,Pending
2823,Cancelled
1186,Cancelled
17519,Cancelled
5679,Delivered
14444,Delivered
4906,Shipped
3612,Cancelled
405,Cancelled
16785,Processing
805,Shipped
8664,Delivered
12108,Shipped
12417,Pending
17550,Shipped
18198,Shipped
193,Cancelled
12694,Shipped
5008,Cancelled
388,Pending
6800,Cancelled
14741,Delivered
11173,Cancelled
642,Cancelled
7916,Cancelled
16357,Delivered
10365,Cancelled
7423,Pending
12113,Shipped
6093,Pending
17443,Processing
1822,Processing
1114,Processing
5796,Pending
742,Cancelled
16858,Pending
6158,Cancelled
9288,Shipped
36,Shipped
12095,Pending
3997,Delivered
15024,Cancelled
19376,Pending
18053,Delivered
15017,Processing
2259,Shipped
11950,Pending
2616,Cancelled
4771,Pending
7018,Processing
10324,Pending
4733,Delivered
4249,Delivered
16625,Shipped
12539,Processing
12497,Cancelled
5263,Processing
1425,Pending
16245,Processing
11804,Delivered
10236,Delivered
10671,Delivered
10952,Processing
12216,Shipped
11559,Processing
5085,Shipped
13420,Delivered
7028,Shipped
10512,Shipped
10804,Delivered
16685,Pending
15082,Pending
7814,Cancelled
5104,Pending
6710,Cancelled
19544,Shipped
7498,Processing
3920,Processing
1634,Shipped
1860,Delivered
3826,Cancelled
7186,Processing
10852,Shipped
13991,Shipped
730,Delivered
7345,Cancelled
2866,Delivered
18724,Cancelled
12411,Delivered
2731,Processing
12397,Delivered
12402,Cancelled
9019,Shipped
12925,Processing
18661,Pending
11644,Processing
17226,Shipped
9934,Processing
12032,Delivered
4444,Pending
4730,Pending
3356,Processing
11587,Processing
14371,Processing
5027,Pending
9247,Delivered
152,Delivered
578,Processing
19379,Delivered
16033,Delivered
5253,Shipped
4753,Processing
3082,Cancelled
5573,Shipped
1111,Pending
5302,Cancelled
62,Pending
10048,Processing
18773,Processing
11772,Cancelled
13675,Processing
2025,Pending
17987,Pending
5142,Cancelled
3868,Pending
4044,Shipped
11332,Processing
7930,Pending
10234,Cancelled
9210,Cancelled
9591,Processing
19045,Cancelled
8096,Pending
5240,Processing
4534,Delivered
19481,Shipped
7488,Processing
19930,Delivered
130,Pending
2989,Delivered
11017,Shipped
5674,Processing
3979,Shipped
14866,Shipped
7177,Pending
3235,Pending
7491,Delivered
4395,Pending
4543,Processing
9634,Pending
11308,Processing
15786,Pending
9606,Cancelled
11648,Cancelled
12332,Pending
739,Pending
18619,Processing
1507,Cancelled
11715,Processing
10310,Shipped
19085,Cancelled
5618,Processing
2291,Shipped
3684,Cancelled
1303,Pending
10274,Delivered
6002,Shipped
18099,Cancelled
79,Processing
8458,Shipped
3532,Shipped
552,Pending
481,Cancelled
1220,Shipped
15527,Shipped
2501,Pending
15965,Processing
12801,Delivered
15623,Delivered
11180,Pending
10485,Processing
15633,Cancelled
9899,Processing
5185,Processing
5718,Cancelled
2317,Processing
15788,Shipped
1237,Shipped
17433,Cancelled
10098,Shipped
1608,Delivered
16752,Cancelled
13467,Delivered
7547,Shipped
15489,Processing
15496,Processing
1551,Cancelled
1263,Shipped
7361,Delivered
6431,Cancelled
4729,Shipped
96,Cancelled
10226,Shipped
3635,Cancelled
12770,Pending
13739,Shipped
11834,Shipped
603,Processing
7875,Shipped
14851,Shipped
14572,Cancelled
14029,Delivered
12640,Delivered
10306,Processing
1307,Shipped
3622,Pending
3148,Processing
15449,Pending
17213,Cancelled
6981,Pending
2202,Cancelled
12492,Cancelled
10208,Pending
6518,Cancelled
14019,Cancelled
6180,Processing
19507,Delivered
7825,Cancelled
6434,Cancelled
2643,Pending
2753,Delivered
18106,Processing
6191,Processing
2402,Processing
7556,Processing
2417,Delivered
8,Delivered
2294,Pending
762,Cancelled
13864,Delivered
1588,Processing
16499,Shipped
3261,Pending
18449,Cancelled
1876,Shipped
13802,Processing
5376,Delivered
13964,Cancelled
16633,Pending
16307,Cancelled
18833,Processing
9729,Processing
11526,Delivered
16186,Delivered
5007,Delivered
18922,Delivered
12063,Pending
11804,Pending
1696,Delivered
16688,Shipped
2715,Cancelled
11892,Shipped
4970,Cancelled
12858,Delivered
7632,Shipped
15036,Processing
3717,Shipped
2313,Delivered
11115,Pending
11279,Delivered
16407,Cancelled
4181,Pending
7294,Shipped
14110,Delivered
5292,Delivered
15298,Shipped
3175,Pending
16486,Processing
4610,Shipped
11544,Pending
10250,Processing
19624,Cancelled
3536,Cancelled
19720,Pending
18007,Processing
4169,Pending
8124,Delivered
13390,Cancelled
6905,Pending
17797,Pending
6969,Cancelled
16289,Processing
8916,Cancelled
18615,Shipped
9212,Processing
12616,Processing
4460,Shipped
13258,Shipped
10310,Processing
1168,Pending
18017,Delivered
9055,Shipped
8527,Cancelled
10858,Processing
12600,Cancelled
6691,Delivered
16842,Pending
8646,Pending
11186,Shipped
17092,Shipped
6924,Shipped
15401,Cancelled
13582,Shipped
15117,Delivered
4555,Delivered
1401,Processing
4868,Processing
16149,Processing
4973,Processing
11625,Cancelled
16051,Delivered
7098,Shipped
10709,Shipped
7373,Processing
5842,Pending
1025,Processing
19147,Shipped
16762,Cancelled
10632,Processing
13126,Cancelled
3020,Processing
5713,Pending
16960,Cancelled
7267,Shipped
11804,Cancelled
18997,Delivered
3683,Processing
7061,Delivered
11011,Shipped
16802,Delivered
6619,Shipped
14253,Cancelled
13624,Pending
3256,Shipped
9141,Shipped
16658,Delivered
8321,Processing
16822,Pending
5768,Delivered
7735,Cancelled
1204,Delivered
697,Shipped
4313,Shipped
19868,Delivered
6768,Pending
19502,Pending
3629,Shipped
15196,Processing
6301,Cancelled
2324,Delivered
5569,Delivered
6861,Delivered
7561,Shipped
6154,Shipped
4694,Pending
10797,Pending
5602,Processing
18062,Cancelled
12370,Cancelled
6269,Delivered
1317,Delivered
9468,Processing
13641,Delivered
17141,Shipped
8482,Processing
4917,Delivered
16011,Cancelled
2741,Delivered
18150,Processing
11545,Pending
18,Shipped
12871,Processing
5194,Delivered
18291,Delivered
9362,Delivered
13780,Delivered
14177,Shipped
9147,Pending
4876,Shipped
1888,Pending
14690,Delivered
6598,Delivered
16705,Cancelled
6241,Shipped
3929,Delivered
330,Delivered
1004,Delivered
19955,Pending
17857,Pending
10103,Shipped
19174,Delivered
8458,Shipped
60,Cancelled
19648,Delivered
11931,Delivered
8871,Processing
15257,Pending
10950,Delivered
18783,Processing
15525,Pending
13732,Delivered
10089,Delivered
11335,Cancelled
5729,Shipped
16516,Pending
10612,Shipped
1062,Processing
438,Processing
15321,Pending
17164,Cancelled
6412,Delivered
216,Cancelled
17139,Delivered
16332,Cancelled
101,Delivered
1733,Shipped
1028,Cancelled
319,Cancelled
15435,Pending
10910,Shipped
492,Cancelled
19089,Delivered
2157,Pending
4769,Shipped
7610,Delivered
15845,Shipped
15904,Delivered
14233,Cancelled
7488,Pending
7748,Delivered
19175,Shipped
12744,Pending
3465,Processing
6190,Shipped
19065,Shipped
403,Processing
14007,Delivered
6776,Delivered
3435,Shipped
7274,Pending
15751,Shipped
14304,Delivered
698,Processing
9461,Cancelled
6167,Processing
6047,Cancelled
5423,Delivered
13131,Delivered
10319,Cancelled
19989,Cancelled
19355,Cancelled
16808,Cancelled
7088,Cancelled
19283,Cancelled
9565,Shipped
18286,Processing
5315,Shipped
11954,Delivered
14553,Pending
18348,Pending
10268,Pending
7235,Processing
19965,Pending
12729,Shipped
13380,Shipped
6842,Pending
902,Cancelled
6472,Processing
7100,Processing
14118,Shipped
16019,Cancelled
11005,Pending
19589,Delivered
17062,Shipped
1813,Cancelled
7757,Shipped
16970,Pending
15148,Shipped
15832,Processing
16003,Pending
19800,Processing
10588,Cancelled
11943,Cancelled
304,Cancelled
19380,Shipped
18347,Pending
9055,Delivered
371,Shipped
5914,Shipped
362,Cancelled
6573,Processing
12038,Delivered
3585,Pending
18816,Shipped
794,Processing
19507,Processing
5443,Cancelled
7968,Shipped
11174,Shipped
19399,Shipped
18543,Cancelled
6754,Delivered
19471,Processing
16498,Pending
1328,Processing
18959,Processing
12376,Cancelled
18320,Delivered
8150,Pending
9294,Processing
10054,Pending
13026,Cancelled
7808,Processing
12170,Pending
13243,Cancelled
7806,Delivered
11859,Delivered
1524,Processing
3468,Cancelled
7329,Delivered
1566,Pending
5175,Cancelled
15156,Delivered
6323,Pending
17451,Shipped
5484,Processing
11724,Processing
19608,Pending
18595,Shipped
18166,Cancelled
5514,Cancelled
1973,Delivered
15269,Processing
18839,Processing
12172,Cancelled
10323,Processing
6896,Cancelled
15079,Processing
329,Shipped
19637,Shipped
6996,Pending
9269,Delivered
15085,Shipped
16887,Processing
19554,Pending
3080,Delivered
805,Cancelled
12299,Pending
10195,Delivered
1862,Processing
13164,Shipped
3978,Cancelled
10327,Pending
1428,Processing
16156,Delivered
1553,Delivered
13401,Cancelled
10712,Processing
17124,Processing
3038,Pending
15090,Delivered
13087,Pending
5995,Pending
7524,Processing
4208,Processing
3343,Delivered
13703,Processing
1344,Delivered
2924,Pending
5170,Processing
19608,Processing
13317,Delivered
12703,Delivered
2978,Delivered
4981,Shipped
17675,Processing
3642,Delivered
6283,Pending
10928,Shipped
11169,Processing
4727,Processing
2597,Processing
15233,Processing
15797,Shipped
411,Cancelled
3621,Shipped
6958,Processing
17644,Pending
13128,Pending
11838,Cancelled
12705,Shipped
578,Cancelled
19227,Delivered
5332,Processing
7515,Delivered
7975,Pending
2000,Cancelled
6284,Processing
9399,Pending
504,Cancelled
3234,Pending
16600,Delivered
5122,Cancelled
1335,Processing
18890,Processing
12081,Shipped
608,Cancelled
16901,Shipped
5090,Delivered
17812,Cancelled
13464,Delivered
8009,Pending
14576,Cancelled
8668,Pending
16475,Shipped
2607,Delivered
16760,Shipped
9587,Processing
123,Shipped
18891,Processing
2041,Delivered
4901,Shipped
746,Delivered
17167,Pending
8410,Shipped
17922,Pending
4480,Pending
19891,Delivered
117,Cancelled
11591,Processing
8757,Delivered
15691,Pending
12544,Pending
15512,Cancelled
8179,Cancelled
7406,Shipped
9939,Delivered
5847,Pending
4440,Pending
9251,Processing
19760,Delivered
15299,Processing
8838,Shipped
17509,Pending
8932,Cancelled
18713,Cancelled
16072,Shipped
19056,Pending
360,Cancelled
1490,Processing
18040,Shipped
12619,Pending
19185,Processing
17636,Shipped
3865,Delivered
17034,Pending
9315,Shipped
4320,Shipped
17721,Cancelled
16725,Delivered
4075,Processing
9420,Processing
5994,Delivered
9271,Delivered
12513,Shipped
7743,Processing
6951,Cancelled
6855,Pending
4978,Delivered
8513,Pending
558,Pending
13551,Shipped
4482,Shipped
4578,Cancelled
8676,Shipped
9306,Cancelled
17040,Processing
7219,Pending
314,Pending
1096,Processing
13448,Shipped
8882,Delivered
18088,Processing
15738,Shipped
18608,Cancelled
4741,Pending
16241,Processing
14525,Pending
8316,Delivered
3956,Cancelled
7600,Cancelled
2329,Delivered
19146,Delivered
18254,Pending
10296,Delivered
11693,Cancelled
10349,Shipped
2978,Pending
2787,Pending
5486,Shipped
16760,Delivered
2358,Shipped
7258,Delivered
15923,Cancelled
531,Cancelled
9871,Delivered
6619,Pending
14553,Processing
532,Delivered
12245,Processing
6305,Pending
7668,Shipped
3583,Pending
16905,Shipped
14524,Delivered
19898,Pending
8156,Shipped
2189,Processing
4784,Pending
19540,Delivered
18768,Pending
2054,Shipped
10395,Delivered
11790,Delivered
7639,Shipped
4419,Delivered
280,Delivered
9406,Delivered
2150,Processing
17192,Pending
8886,Pending
174,Shipped
18042,Cancelled
12958,Shipped
15252,Processing
5858,Pending
1791,Cancelled
17208,Pending
8220,Cancelled
9342,Cancelled
7155,Cancelled
3082,Delivered
9622,Delivered
13256,Processing
5281,Cancelled
15899,Cancelled
9754,Cancelled
6594,Processing
17840,Shipped
12160,Shipped
3482,Processing
16435,Processing
10153,Pending
11816,Cancelled
13860,Cancelled
18486,Processing
736,Processing
3958,Processing
6157,Cancelled
1977,Pending
1410,Shipped
8586,Delivered
19747,Pending
19186,Cancelled
3364,Processing
12411,Cancelled
8453,Cancelled
165,Shipped
17655,Shipped
16697,Delivered
10845,Delivered
18291,Shipped
742,Pending
15462,Delivered
4590,Processing
17641,Delivered
9393,Delivered
11629,Processing
13260,Processing
13353,Cancelled
18249,Cancelled
11018,Delivered
8249,Pending
10733,Processing
8235,Processing
808,Cancelled
10073,Delivered
13991,Shipped
5121,Processing
4689,Delivered
6001,Shipped
12380,Pending
17431,Cancelled
14355,Pending
18473,Shipped
5137,Cancelled
7521,Cancelled
9093,Pending
8721,Delivered
7867,Pending
7729,Processing
5768,Cancelled
3058,Pending
18998,Cancelled
11765,Pending
12834,Cancelled
6851,Cancelled
15370,Shipped
9539,Processing
18701,Delivered
19126,Shipped
12778,Delivered
6032,Shipped
6837,Shipped
15820,Delivered
18912,Cancelled
10690,Cancelled
19203,Pending
9067,Processing
9685,Pending
1807,Shipped
7506,Cancelled
5706,Processing
3581,Cancelled
8112,Shipped
6278,Pending
993,Cancelled
3625,Delivered
8450,Processing
12717,Pending
10218,Pending
10195,Pending
3644,Cancelled
8349,Cancelled
10721,Processing
2270,Processing
17135,Processing
2727,Delivered
3051,Cancelled
9934,Processing
5787,Pending
10934,Cancelled
8721,Processing
6737,Delivered
8574,Delivered
18589,Delivered
6482,Cancelled
17936,Cancelled
461,Cancelled
5333,Processing
17919,Processing
5085,Delivered
10557,Cancelled
2859,Shipped
7843,Pending
10648,Delivered
12582,Pending
12037,Pending
3404,Pending
6005,Shipped
6388,Processing
5400,Processing
4456,Cancelled
5205,Delivered
4650,Processing
13056,Shipped
14789,Pending
10553,Cancelled
15096,Processing
16725,Delivered
509,Shipped
13937,Shipped
8502,Delivered
10154,Shipped
1591,Pending
14720,Delivered
11166,Pending
11946,Delivered
6427,Shipped
16469,Shipped
3164,Pending
11485,Pending
390,Processing
9984,Pending
3054,Pending
15072,Delivered
5331,Cancelled
11558,Shipped
8698,Shipped
10123,Cancelled
8617,Cancelled
11640,Processing
6091,Cancelled
12790,Delivered
7142,Cancelled
14371,Cancelled
12264,Pending
2140,Delivered
5786,Shipped
10350,Pending
13328,Delivered
307,Cancelled
10983,Delivered
13031,Delivered
9657,Shipped
10712,Processing
16629,Shipped
11576,Processing
17546,Pending
5429,Delivered
13676,Shipped
14366,Processing
17654,Pending
9874,Pending
5007,Pending
7127,Delivered
11173,Shipped
5005,Pending
12112,Processing
14169,Delivered
17496,Processing
17471,Pending
18336,Shipped
4907,Shipped
8351,Processing
4609,Shipped
17706,Cancelled
8711,Cancelled
8709,Processing
11521,Delivered
5022,Pending
15276,Pending
8145,Processing
17941,Pending
1443,Shipped
5766,Processing
19589,Delivered
15848,Processing
6886,Processing
13530,Pending
11618,Pending
12557,Shipped
10107,Cancelled
17060,Pending
3103,Delivered
1439,Shipped
12128,Cancelled
10648,Delivered
5093,Pending
10065,Shipped
2700,Pending
5901,Processing
718,Pending
9462,Delivered
19578,Pending
17518,Processing
12008,Shipped
9984,Cancelled
16883,Pending
18398,Processing
10037,Shipped
3620,Processing
15978,Pending
245,Cancelled
15048,Delivered
17554,Processing
3149,Processing
19584,Delivered
6732,Pending
17558,Pending
3777,Pending
13382,Cancelled
12642,Pending
18505,Pending
13315,Cancelled
8967,Delivered
5796,Cancelled
8284,Cancelled
9761,Cancelled
12969,Cancelled
8287,Pending
9268,Cancelled
19798,Processing
11287,Pending
12527,Shipped
12301,Cancelled
6306,Processing
7057,Cancelled
10282,Delivered
5569,Pending
113,Shipped
1376,Cancelled
11842,Delivered
4254,Cancelled
8738,Cancelled
9764,Pending
2108,Cancelled
19914,Processing
16826,Cancelled
18902,Delivered
3522,Delivered
3460,Processing
14259,Cancelled
15431,Delivered
8303,Processing
8809,Cancelled
17753,Shipped
14354,Delivered
11044,Processing
4253,Processing
14948,Pending
1980,Delivered
4459,Cancelled
10783,Pending
16705,Shipped
7880,Delivered
10573,Cancelled
18194,Processing
14797,Shipped
11717,Shipped
8194,Pending
13854,Pending
5637,Shipped
12271,Pending
11322,Pending
3800,Processing
18810,Shipped
19079,Cancelled
1524,Cancelled
5444,Processing
6327,Pending
16916,Processing
12690,Cancelled
7770,Pending
18796,Processing
14440,Shipped
5755,Cancelled
15859,Shipped
10542,Processing
2289,Pending
2772,Delivered
8938,Shipped
4467,Delivered
1631,Delivered
2154,Delivered
3369,Processing
4363,Cancelled
9357,Pending
1044,Processing
7433,Delivered
10720,Shipped
15057,Shipped
10724,Delivered
14124,Pending
233,Cancelled
5384,Pending
11918,Pending
18947,Shipped
12123,Cancelled
9552,Shipped
12641,Shipped
17605,Cancelled
12653,Shipped
1305,Shipped
17824,Pending
19733,Cancelled
19542,Delivered
3302,Shipped
12885,Processing
2002,Processing
5090,Cancelled
12071,Delivered
5856,Shipped
7010,Cancelled
5909,Pending
12344,Delivered
14060,Processing
15973,Delivered
10637,Processing
19930,Pending
5167,Processing
14521,Pending
15816,Pending
19005,Cancelled
16862,Cancelled
591,Processing
5333,Cancelled
8132,Pending
3886,Pending
7542,Pending
1313,Pending
15588,Pending
12941,Pending
19924,Delivered
15970,Processing
2438,Processing
13675,Shipped
10122,Cancelled
12012,Cancelled
17174,Delivered
9914,Processing
19921,Cancelled
12672,Cancelled
11872,Cancelled
8649,Shipped
1681,Processing
11442,Cancelled
3910,Pending
8957,Pending
15172,Shipped
816,Pending
3005,Processing
19018,Processing
2794,Delivered
15625,Processing
11643,Processing
196,Pending
19734,Cancelled
19128,Shipped
4111,Processing
16453,Processing
14270,Processing
928,Cancelled
8355,Cancelled
18102,Delivered
19699,Processing
3101,Pending
18534,Processing
14444,Delivered
3745,Processing
2923,Delivered
18491,Processing
16300,Processing
12384,Processing
1489,Pending
15343,Delivered
13426,Processing
3612,Processing
16130,Processing
1174,Pending
19325,Cancelled
3112,Shipped
11548,Cancelled
13435,Processing
14415,Shipped
2042,Processing
12255,Delivered
17035,Delivered
12519,Cancelled
771,Shipped
11933,Delivered
3874,Delivered
16631,Pending
2416,Delivered
5757,Processing
10539,Processing
521,Shipped
3492,Shipped
10734,Cancelled
8389,Delivered
16466,Cancelled
165,Shipped
18144,Pending
15984,Processing
18182,Delivered
9920,Pending
16588,Processing
11936,Delivered
19130,Delivered
7319,Shipped
2977,Shipped
6250,Pending
5086,Pending
18321,Pending
1239,Processing
16164,Cancelled
6963,Pending
16511,Delivered
15208,Processing
19132,Pending
17569,Processing
2195,Pending
18902,Cancelled
4947,Processing
5958,Shipped
18217,Cancelled
12139,Processing
11345,Pending
17009,Shipped
10847,Delivered
2118,Processing
6531,Processing
10309,Shipped
17747,Cancelled
10952,Delivered
5409,Shipped
16214,Processing
9161,Shipped
12117,Cancelled
15641,Processing
14943,Cancelled
19340,Cancelled
13169,Pending
12947,Delivered
11714,Processing
4533,Cancelled
11036,Delivered
3064,Delivered
1184,Cancelled
1722,Shipped
18797,Delivered
19603,Cancelled
2341,Shipped
15742,Delivered
18861,Cancelled
15518,Pending
2321,Processing
15955,Delivered
11776,Cancelled
13860,Shipped
16224,Shipped
6391,Cancelled
962,Delivered
16737,Delivered
16671,Delivered
691,Delivered
644,Shipped
7498,Processing
11409,Shipped
17374,Processing
9362,Processing
13800,Cancelled
12881,Processing
13753,Processing
15671,Processing
6242,Pending
3900,Cancelled
2373,Pending
16531,Cancelled
12934,Pending
2967,Shipped
14594,Processing
1856,Shipped
14382,Processing
16169,Cancelled
10721,Pending
15268,Delivered
10361,Cancelled
2026,Pending
6077,Delivered
14529,Delivered
302,Shipped
4727,Cancelled
12675,Pending
13063,Delivered
18595,Processing
6521,Shipped
11651,Shipped
12897,Processing
436,Delivered
12699,Processing
3907,Processing
13790,Shipped
19524,Shipped
4039,Shipped
7598,Cancelled
8702,Delivered
9420,Processing
4047,Delivered
11194,Delivered
16990,Shipped
957,Delivered
6894,Pending
12845,Processing
11550,Cancelled
7756,Processing
18024,Delivered
4463,Shipped
555,Delivered
3201,Shipped
6734,Processing
7677,Pending
6215,Cancelled
1091,Processing
2190,Processing
8994,Shipped
17225,Processing
269,Pending
17390,Delivered
12241,Pending
961,Cancelled
14459,Delivered
11591,Cancelled
4629,Delivered
19766,Cancelled
7515,Processing
12366,Cancelled
5220,Shipped
17875,Cancelled
347,Shipped
6230,Delivered
2395,Delivered
13823,Cancelled
17020,Shipped
7882,Delivered
18616,Processing
5990,Pending
17431,Delivered
10585,Delivered
10243,Cancelled
16310,Pending
14240,Processing
4309,Processing
19122,Cancelled
1243,Delivered
15748,Shipped
1607,Delivered
13584,Cancelled
11590,Shipped
3774,Shipped
6009,Cancelled
16848,Processing
9050,Cancelled
9205,Cancelled
6502,Processing
19360,Processing
298,Delivered
4290,Shipped
10414,Processing
5465,Delivered
19126,Shipped
19408,Cancelled
12731,Shipped
2507,Pending
11300,Cancelled
16171,Pending
7047,Delivered
8836,Processing
3808,Cancelled
10120,Delivered
4612,Cancelled
2906,Delivered
6547,Delivered
10354,Shipped
18875,Delivered
11698,Processing
6134,Shipped
14164,Cancelled
7059,Cancelled
5358,Processing
19578,Processing
9824,Delivered
9365,Shipped
7315,Delivered
14867,Pending
18349,Processing
3541,Shipped
8652,Delivered
6775,Delivered
2356,Delivered
15331,Pending
19545,Pending
632,Processing
2426,Pending
4494,Delivered
12977,Shipped
14750,Processing
6586,Shipped
18534,Processing
3989,Shipped
5592,Processing
10603,Shipped
3291,Shipped
26,Cancelled
12337,Cancelled
4215,Delivered
2072,Shipped
2378,Pending
13547,Pending
2216,Shipped
6554,Processing
16997,Delivered
17392,Processing
5912,Processing
6643,Pending
9920,Cancelled
10612,Processing
3789,Cancelled
18160,Cancelled
18963,Processing
4284,Pending
5745,Cancelled
7585,Pending
2469,Pending
14528,Pending
1377,Pending
9229,Shipped
15932,Pending
1321,Shipped
14005,Delivered
15052,Pending
18773,Processing
13317,Delivered
10073,Pending
8420,Pending
15551,Pending
9001,Shipped
10696,Cancelled
18613,Shipped
875,Delivered
19341,Pending
9699,Delivered
19954,Delivered
19670,Delivered
17796,Delivered
5970,Delivered
659,Cancelled
13893,Pending
3090,Delivered
9122,Shipped
7632,Pending
14347,Delivered
14692,Processing
2466,Shipped
11519,Processing
4365,Pending
1284,Cancelled
5047,Shipped
4420,Processing
7088,Cancelled
16052,Processing
19731,Shipped
12156,Shipped
17175,Delivered
19641,Delivered
11044,Shipped
9967,Shipped
14288,Delivered
13322,Cancelled
10970,Shipped
4180,Processing
11853,Cancelled
17489,Pending
511,Cancelled
11651,Cancelled
13726,Delivered
4758,Cancelled
17774,Delivered
10386,Pending
12446,Cancelled
3399,Delivered
1922,Delivered
12859,Shipped
8468,Shipped
10276,Shipped
11077,Shipped
10192,Delivered
18496,Pending
17683,Pending
18139,Cancelled
549,Processing
9675,Pending
1468,Pending
4253,Pending
15754,Shipped
13262,Processing
1008,Delivered
1210,Delivered
16674,Delivered
16168,Pending
1328,Pending
16738,Processing
8728,Shipped
10196,Processing
15884,Processing
13860,Pending
4998,Processing
19936,Processing
587,Processing
1838,Cancelled
19367,Pending
15196,Processing
10660,Processing
1282,Pending
4406,Processing
3710,Delivered
7639,Delivered
550,Pending
12687,Cancelled
5544,Pending
8814,Pending
15879,Pending
14213,Shipped
5869,Cancelled
12135,Pending
19572,Delivered
18145,Processing
9001,Pending
1185,Delivered
18004,Pending
6457,Processing
12474,Shipped
318,Shipped
6434,Pending
11113,Cancelled
5403,Pending
19094,Delivered
3329,Delivered
17165,Processing
2104,Delivered
18627,Cancelled
1198,Cancelled
15588,Delivered
15630,Processing
7521,Cancelled
6962,Processing
4021,Pending
332,Processing
12152,Shipped
9975,Shipped
17740,Cancelled
9250,Cancelled
2554,Cancelled
9209,Shipped
17785,Pending
1277,Shipped
5751,Pending
3890,Processing
5280,Shipped
7859,Shipped
12963,Delivered
15595,Cancelled
4574,Pending
7637,Delivered
7794,Cancelled
17385,Delivered
6630,Cancelled
19601,Pending
7679,Pending
9626,Cancelled
13988,Processing
1040,Processing
15473,Pending
9591,Processing
5178,Cancelled
15785,Cancelled
17234,Pending
13901,Pending
11525,Cancelled
15289,Shipped
6157,Cancelled
970,Pending
13544,Cancelled
15711,Shipped
17383,Delivered
5971,Cancelled
2063,Shipped
8710,Cancelled
4706,Delivered
2392,Processing
2752,Processing
15540,Processing
633,Pending
17866,Processing
10029,Shipped
2327,Cancelled
13670,Shipped
13416,Pending
6217,Delivered
13980,Cancelled
7140,Processing
3541,Cancelled
1347,Shipped
18677,Cancelled
786,Pending
13782,Delivered
374,Pending
17586,Pending
1032,Cancelled
538,Delivered
4719,Pending
14983,Shipped
404,Shipped
10387,Processing
12746,Pending
15493,Shipped
6400,Delivered
19111,Pending
17879,Shipped
13100,Shipped
11856,Processing
9100,Processing
19136,Pending
2288,Delivered
4659,Cancelled
13389,Pending
16389,Delivered
14574,Shipped
1298,Pending
10876,Shipped
4271,Pending
579,Cancelled
7347,Shipped
3441,Processing
9322,Processing
6453,Cancelled
6119,Pending
10285,Delivered
5566,Cancelled
1729,Shipped
12530,Processing
4642,Shipped
10177,Shipped
19874,Shipped
4729,Delivered
18453,Delivered
19644,Processing
19016,Processing
274,Shipped
8667,Shipped
6852,Cancelled
11877,Processing
17326,Cancelled
12059,Processing
4564,Processing
15777,Delivered
12488,Delivered
12701,Cancelled
18002,Delivered
15156,Processing
6366,Processing
5372,Pending
2083,Cancelled
12777,Pending
14749,Pending
15444,Shipped
9194,Cancelled
15095,Delivered
19298,Shipped
4142,Processing
911,Shipped
6545,Delivered
9680,Processing
11090,Shipped
19619,Cancelled
10060,Shipped
4098,Cancelled
4839,Shipped
8610,Cancelled
961,Delivered
17442,Pending
219,Delivered
18572,Cancelled
228,Cancelled
18264,Processing
13691,Processing
17214,Cancelled
2888,Pending
14498,Pending
17397,Cancelled
1333,Cancelled
19826,Processing
3906,Cancelled
6820,Pending
7232,Processing
3311,Processing
3996,Shipped
5340,Shipped
621,Shipped
17867,Delivered
6140,Processing
16794,Shipped
13542,Delivered
18204,Processing
6707,Shipped
2551,Cancelled
15125,Cancelled
14012,Shipped
2313,Pending
14399,Processing
10260,Shipped
14738,Pending
6063,Processing
4763,Cancelled
6993,Shipped
14132,Pending
15424,Shipped
17610,Shipped
12974,Delivered
1507,Delivered
11891,Cancelled
1214,Delivered
16386,Processing
1000,Delivered
3237,Cancelled
17311,Cancelled
10550,Shipped
5285,Processing
15336,Shipped
17451,Shipped
8827,Shipped
10743,Pending
12938,Processing
13029,Pending
12950,Cancelled
5310,Delivered
3586,Shipped
239,Delivered
7442,Delivered
3496,Processing
15189,Delivered
19765,Delivered
10754,Cancelled
18444,Delivered
6024,Cancelled
4412,Processing
13911,Shipped
4657,Shipped
6727,Processing
8529,Cancelled
11527,Delivered
9946,Shipped
16804,Cancelled
6126,Processing
11580,Cancelled
12864,Cancelled
17934,Processing
5173,Processing
11871,Shipped
5892,Shipped
7584,Processing
14709,Processing
6224,Delivered
17011,Processing
11086,Processing
9749,Cancelled
5027,Pending
1109,Delivered
707,Processing
16727,Delivered
18256,Shipped
13417,Delivered
9970,Processing
14070,Pending
6004,Processing
7927,Delivered
5661,Pending
15762,Shipped
2689,Cancelled
8591,Delivered
5223,Processing
1501,Processing
16723,Cancelled
12461,Delivered
4635,Pending
3920,Processing
12715,Cancelled
5010,Cancelled
390,Processing
18771,Processing
18859,Cancelled
9109,Delivered
9430,Pending
1381,Processing
12817,Shipped
7235,Cancelled
8379,Processing
19464,Delivered
5025,Pending
10220,Delivered
1832,Delivered
11430,Cancelled
4608,Shipped
11836,Cancelled
19437,Cancelled
1689,Delivered
2502,Shipped
2905,Shipped
11108,Shipped
18872,Pending
1245,Cancelled
5257,Shipped
15783,Pending
13424,Cancelled
11726,Processing
1194,Processing
15950,Shipped
2264,Pending
2548,Shipped
1699,Pending
16110,Cancelled
11596,Processing
1288,Pending
18889,Processing
19386,Cancelled
11858,Cancelled
13253,Pending
8145,Processing
16820,Shipped
12361,Pending
250,Processing
15637,Delivered
16008,Cancelled
2904,Cancelled
8651,Pending
1066,Pending
9951,Cancelled
7240,Processing
10013,Pending
17421,Pending
2014,Pending
5464,Cancelled
12653,Shipped
12888,Cancelled
587,Pending
10293,Shipped
12750,Shipped
3188,Processing
16142,Delivered
7109,Delivered
13025,Delivered
18049,Cancelled
1808,Pending
16064,Delivered
19649,Cancelled
19350,Shipped
8684,Cancelled
6775,Pending
6233,Processing
14823,Pending
10985,Processing
2936,Pending
16854,Delivered
12826,Delivered
18770,Cancelled
18870,Cancelled
7459,Shipped
3312,Delivered
17786,Delivered
2888,Shipped
1200,Shipped
4829,Shipped
13942,Delivered
9736,Shipped
8465,Shipped
782,Cancelled
16030,Pending
14691,Shipped
15630,Processing
15485,Delivered
13744,Cancelled
4497,Shipped
2669,Processing
8949,Shipped
9500,Cancelled
14728,Delivered
3150,Shipped
2649,Cancelled
5105,Shipped
16203,Pending
12760,Delivered
15396,Cancelled
6617,Pending
19738,Processing
12684,Cancelled
16291,Cancelled
11131,Shipped
1786,Shipped
17219,Cancelled
6400,Processing
15780,Cancelled
13719,Shipped
18081,Shipped
13449,Shipped
7823,Cancelled
16243,Pending
2967,Shipped
7992,Cancelled
8123,Cancelled
10313,Processing
14753,Delivered
3748,Delivered
6368,Processing
11865,Processing
8868,Processing
11188,Processing
1244,Delivered
476,Processing
11051,Cancelled
4161,Cancelled
2737,Pending
5607,Shipped
18122,Delivered
2674,Processing
16747,Delivered
16192,Delivered
4248,Processing
10288,Cancelled
15731,Delivered
132,Processing
12222,Pending
15567,Processing
9998,Processing
1629,Cancelled
19329,Cancelled
6794,Pending
6136,Cancelled
17527,Processing
12830,Shipped
7901,Pending
7290,Shipped
15341,Cancelled
5631,Pending
17717,Pending
17271,Delivered
16508,Cancelled
13453,Cancelled
10759,Pending
12749,Shipped
11856,Processing
2249,Shipped
2760,Pending
7722,Cancelled
13824,Delivered
14356,Cancelled
3136,Shipped
16496,Processing
9150,Delivered
13566,Processing
16888,Processing
16037,Processing
16018,Delivered
1749,Delivered
12201,Processing
6095,Delivered
3674,Delivered
1537,Processing
5886,Shipped
5482,Cancelled
10249,Processing
15224,Processing
11802,Processing
15764,Processing
16137,Pending
1852,Pending
18610,Processing
442,Cancelled
1695,Pending
7726,Cancelled
2962,Cancelled
18840,Pending
6680,Processing
5028,Delivered
6512,Shipped
2192,Processing
11199,Delivered
11604,Shipped
15007,Pending
19867,Processing
11320,Pending
5488,Delivered
384,Cancelled
25,Processing
3090,Processing
17937,Cancelled
11380,Delivered
19454,Cancelled
14055,Processing
9219,Cancelled
4179,Delivered
13367,Cancelled
10505,Delivered
6279,Cancelled
15732,Pending
7298,Shipped
11885,Processing
18844,Processing
9538,Delivered
18467,Cancelled
4757,Pending
9918,Processing
419,Shipped
3897,Cancelled
14173,Pending
3085,Pending
18851,Cancelled
17110,Pending
10130,Delivered
13655,Pending
18729,Pending
11512,Processing
11963,Cancelled
658,Pending
12646,Pending
18207,Pending
836,Delivered
11907,Pending
11214,Delivered
15964,Shipped
9327,Delivered
4095,Delivered
14503,Pending
13635,Delivered
10948,Cancelled
10002,Delivered
6074,Pending
13574,Pending
18024,Shipped
4574,Pending
16243,Delivered
15810,Cancelled
11798,Shipped
12588,Cancelled
17359,Cancelled
7030,Shipped
12344,Pending
14325,Processing
7571,Cancelled
13360,Cancelled
4154,Pending
14948,Cancelled
19206,Shipped
5503,Shipped
19854,Processing
2100,Delivered
16679,Processing
14176,Pending
4255,Processing
3344,Cancelled
3354,Cancelled
12133,Cancelled
6045,Processing
10002,Cancelled
16886,Cancelled
4760,Processing
19206,Delivered
19874,Shipped
15200,Processing
8972,Delivered
7738,Pending
16604,Cancelled
1042,Cancelled
6469,Shipped
14813,Processing
11946,Cancelled
11848,Processing
5685,Shipped
3967,Processing
541,Shipped
14171,Shipped
14997,Delivered
15745,Pending
6322,Pending
5407,Delivered
11833,Pending
19443,Delivered
8832,Shipped
10871,Processing
14371,Delivered
4728,Shipped
7593,Cancelled
16358,Processing
1814,Shipped
4096,Processing
5445,Cancelled
10330,Shipped
16883,Processing
7190,Processing
7484,Delivered
1906,Shipped
13259,Pending
4840,Delivered
5651,Pending
14413,Delivered
13377,Shipped
14574,Shipped
2441,Delivered
8608,Delivered
14066,Processing
14767,Pending
3652,Pending
256,Pending
10776,Shipped
12070,Delivered
148,Cancelled
4470,Shipped
19879,Shipped
12065,Shipped
8221,Processing
4449,Pending
5714,Shipped
16292,Cancelled
15102,Processing
18678,Delivered
6930,Shipped
16227,Cancelled
19036,Processing
3271,Delivered
12411,Shipped
19835,Cancelled
2001,Cancelled
4889,Pending
14341,Pending
19355,Pending
11750,Pending
1655,Pending
7499,Shipped
8482,Pending
7983,Shipped
13135,Shipped
11459,Delivered
1969,Pending
17041,Pending
11537,Processing
13824,Cancelled
8311,Shipped
5460,Pending
1895,Shipped
16095,Cancelled
149,Pending
15029,Shipped
9783,Cancelled
1516,Shipped
15797,Delivered
1806,Pending
8588,Pending
13215,Delivered
3063,Delivered
14722,Delivered
6982,Delivered
5936,Cancelled
7885,Pending
8702,Delivered
882,Pending
7761,Shipped
9758,Delivered
13360,Pending
14860,Shipped
12607,Shipped
342,Delivered
8893,Pending
1857,Pending
10848,Delivered
2763,Pending
12255,Pending
17027,Delivered
18821,Processing
532,Delivered
19651,Delivered
10661,Delivered
17577,Cancelled
13954,Processing
1016,Cancelled
5236,Shipped
5856,Shipped
12281,Delivered
7679,Cancelled
5309,Pending
3242,Delivered
8890,Shipped
15347,Delivered
19970,Cancelled
8384,Processing
15239,Delivered
19074,Pending
4564,Shipped
10906,Delivered
14073,Pending
10430,Shipped
14371,Pending
15171,Pending
1163,Processing
42,Shipped
17238,Pending
8686,Shipped
7470,Shipped
4472,Processing
6550,Delivered
333,Shipped
10799,Pending
17212,Cancelled
6980,Pending
11456,Processing
17378,Delivered
15004,Delivered
19402,Processing
7976,Cancelled
8481,Delivered
8178,Shipped
97,Cancelled
17797,Cancelled
3819,Processing
5467,Processing
14300,Delivered
2352,Processing
5277,Processing
7888,Processing
1218,Pending
15519,Delivered
17396,Cancelled
10609,Delivered
15749,Shipped
7808,Cancelled
9816,Shipped
9780,Processing
13463,Pending
19478,Shipped
4563,Processing
8201,Shipped
13073,Delivered
8128,Processing
4150,Pending
7041,Pending
3551,Processing
17381,Shipped
9339,Delivered
10373,Processing
10395,Delivered
484,Pending
5491,Delivered
2578,Pending
8226,Shipped
8297,Cancelled
10270,Cancelled
6409,Delivered
9089,Processing
15893,Pending
321,Shipped
17202,Cancelled
13159,Shipped
12237,Delivered
8935,Delivered
19975,Shipped
2704,Processing
946,Shipped
1954,Processing
2469,Processing
5520,Shipped
7991,Pending
13094,Cancelled
9300,Shipped
193,Cancelled
12185,Cancelled
284,Processing
18568,Pending
844,Cancelled
14258,Pending
13541,Cancelled
8646,Cancelled
6936,Shipped
7606,Cancelled
2514,Pending
19887,Cancelled
11609,Processing
16319,Delivered
1051,Cancelled
14163,Cancelled
1511,Pending
10921,Delivered
957,Shipped
18703,Shipped
17909,Cancelled
5426,Cancelled
12740,Shipped
14315,Cancelled
4743,Processing
860,Processing
4603,Shipped
8751,Shipped
19454,Pending
8675,Pending
17763,Delivered
19504,Pending
6803,Pending
13429,Pending
9541,Pending
13738,Cancelled
5271,Cancelled
14025,Shipped
110,Cancelled
2006,Delivered
7384,Cancelled
17181,Cancelled
8373,Shipped
19463,Pending
11871,Cancelled
795,Delivered
19363,Pending
14064,Shipped
9361,Shipped
10787,Delivered
18018,Shipped
8235,Delivered
10226,Pending
18014,Delivered
901,Processing
18508,Processing
16483,Cancelled
5317,Shipped
8253,Cancelled
649,Processing
13032,Processing
17612,Delivered
12320,Shipped
17869,Processing
11391,Shipped
11108,Shipped
6596,Shipped
6065,Delivered
6476,Cancelled
19655,Pending
11110,Processing
6461,Processing
6279,Delivered
19596,Shipped
14337,Processing
11476,Shipped
11512,Processing
12961,Processing
12336,Shipped
18027,Cancelled
6799,Cancelled
5451,Delivered
16619,Shipped
354,Processing
1928,Pending
10969,Delivered
8634,Processing
18296,Pending
17470,Delivered
18138,Pending
14607,Shipped
11420,Delivered
11816,Processing
15958,Processing
15245,Shipped
711,Pending
13682,Shipped
12178,Processing
6473,Cancelled
14013,Cancelled
8180,Pending
19497,Delivered
19859,Pending
18663,Shipped
6940,Delivered
9756,Shipped
4105,Processing
15864,Shipped
1110,Shipped
10707,Pending
16197,Shipped
8105,Shipped
16129,Processing
7852,Processing
6819,Pending
8022,Cancelled
19815,Pending
13141,Processing
11183,Shipped
8476,Pending
4206,Processing
10373,Pending
9816,Delivered
7981,Cancelled
10907,Pending
11034,Processing
1498,Delivered
7242,Delivered
5219,Delivered
6994,Delivered
5885,Pending
7191,Processing
19982,Shipped
5721,Pending
192,Shipped
15290,Shipped
7596,Processing
16367,Cancelled
5207,Processing
11382,Cancelled
10897,Pending
13446,Shipped
13084,Cancelled
11375,Pending
15722,Processing
5945,Shipped
9841,Delivered
8543,Delivered
10773,Processing
21,Processing
12464,Delivered
11934,Pending
15147,Delivered
7611,Pending
17388,Pending
15365,Delivered
8150,Cancelled
12500,Cancelled
19331,Shipped
18401,Pending
19708,Processing
17183,Delivered
19585,Shipped
10123,Shipped
19542,Processing
14762,Delivered
13606,Shipped
16021,Delivered
16535,Processing
5260,Cancelled
18258,Processing
3568,Pending
9463,Pending
13298,Cancelled
5930,Shipped
19201,Cancelled
18886,Shipped
1807,Processing
15847,Processing
14846,Processing
10040,Cancelled
5902,Processing
5508,Shipped
15689,Cancelled
1083,Processing
5718,Delivered
10795,Delivered
1048,Shipped
4327,Processing
67,Processing
12298,Delivered
18086,Shipped
13585,Pending
12637,Pending
6574,Cancelled
4064,Pending
10660,Delivered
11740,Cancelled
5404,Processing
2529,Processing
17362,Cancelled
2662,Shipped
19248,Processing
12155,Cancelled
11136,Pending
14727,Cancelled
2577,Cancelled
18226,Shipped
10889,Cancelled
11683,Processing
17620,Shipped
7943,Pending
1910,Delivered
13817,Processing
15247,Processing
14918,Shipped
8012,Cancelled
5621,Cancelled
138,Pending
9823,Pending
4410,Delivered
213,Pending
9211,Shipped
12290,Processing
7312,Delivered
2239,Cancelled
18420,Pending
18630,Pending
5448,Processing
19596,Pending
8124,Delivered
19641,Shipped
16066,Delivered
17669,Pending
13778,Pending
19051,Delivered
5449,Delivered
7804,Cancelled
19382,Delivered
16223,Processing
11901,Processing
11552,Delivered
8913,Shipped
16687,Shipped
1143,Cancelled
9158,Processing
2684,Processing
18498,Shipped
9649,Shipped
15059,Processing
11211,Pending
18550,Delivered
5298,Delivered
8122,Processing
11022,Shipped
12220,Shipped
332,Shipped
18558,Pending
15884,Processing
14599,Processing
13186,Cancelled
11299,Cancelled
7939,Pending
17405,Cancelled
11464,Processing
16502,Cancelled
836,Delivered
17543,Cancelled
11739,Pending
7839,Pending
16796,Delivered
12360,Processing
19707,Shipped
16114,Shipped
4260,Delivered
15266,Cancelled
11663,Processing
1719,Shipped
2717,Pending
4476,Cancelled
15950,Shipped
3830,Cancelled
10311,Pending
18881,Delivered
6835,Pending
12101,Cancelled
19967,Pending
16262,Shipped
6504,Pending
11051,Cancelled
10352,Cancelled
7029,Delivered
193,Shipped
7842,Pending
1478,Cancelled
2911,Delivered
4624,Processing
4552,Delivered
6651,Processing
16348,Delivered
6603,Delivered
19929,Shipped
7994,Processing
12285,Delivered
9406,Shipped
16761,Pending
17759,Cancelled
6006,Delivered
768,Processing
15630,Cancelled
9772,Processing
10896,Processing
15196,Delivered
15935,Pending
15397,Pending
13631,Processing
9945,Processing
13445,Pending
18674,Delivered
4183,Cancelled
13949,Shipped
76,Processing
19374,Shipped
12789,Shipped
7358,Processing
14513,Pending
15624,Processing
12491,Cancelled
14842,Shipped
5591,Cancelled
13940,Shipped
10329,Cancelled
8029,Pending
6485,Pending
8532,Pending
9519,Shipped
8893,Pending
14197,Delivered
3435,Delivered
17581,Processing
3433,Pending
10700,Shipped
17792,Cancelled
12970,Processing
14979,Delivered
7422,Shipped
17578,Pending
18011,Processing
2161,Pending
15194,Pending
6350,Delivered
8261,Shipped
18659,Cancelled
14675,Shipped
8502,Delivered
10968,Delivered
8146,Shipped
6837,Processing
2497,Delivered
13162,Processing
12417,Processing
16662,Delivered
7681,Pending
8532,Shipped
17786,Processing
13051,Shipped
18819,Delivered
15994,Delivered
12623,Cancelled
12428,Processing
14599,Shipped
19979,Shipped
18421,Shipped
8480,Shipped
14679,Cancelled
10115,Pending
9957,Cancelled
12999,Cancelled
4045,Cancelled
12211,Processing
3174,Cancelled
19095,Cancelled
773,Shipped
2059,Cancelled
1049,Shipped
9010,Delivered
1708,Pending
7894,Delivered
3615,Pending
13005,Pending
5595,Cancelled
16705,Pending
6219,Processing
7818,Shipped
2584,Delivered
1970,Delivered
14446,Cancelled
13860,Delivered
15442,Pending
14954,Pending
14445,Shipped
15389,Pending
7549,Delivered
17516,Cancelled
2350,Processing
19398,Delivered
9373,Cancelled
12708,Delivered
944,Pending
16682,Delivered
9575,Shipped
17780,Delivered
15933,Delivered
19595,Delivered
15863,Pending
13304,Delivered
9271,Delivered
14848,Shipped
17019,Cancelled
1004,Cancelled
1391,Shipped
1463,Cancelled
19674,Shipped
968,Cancelled
9914,Pending
14495,Cancelled
17136,Cancelled
1487,Shipped
9662,Pending
2082,Pending
14120,Pending
19484,Pending
13244,Pending
1376,Shipped
6107,Delivered
14934,Pending
2045,Cancelled
10839,Shipped
17423,Cancelled
19468,Pending
17563,Processing
19048,Pending
12565,Shipped
18126,Processing
3012,Processing
9448,Shipped
1304,Processing
9075,Processing
3243,Delivered
16123,Cancelled
3054,Pending
14026,Shipped
5105,Shipped
16674,Delivered
15586,Pending
538,Delivered
14924,Delivered
10102,Processing
14497,Delivered
3097,Processing
11874,Cancelled
973,Pending
17001,Processing
11064,Processing
13695,Shipped
14863,Pending
3731,Cancelled
1717,Processing
1025,Shipped
9278,Delivered
4988,Cancelled
10708,Pending
15129,Delivered
10218,Processing
9706,Shipped
8503,Shipped
6762,Shipped
1306,Pending
3212,Delivered
7938,Processing
16417,Cancelled
653,Processing
17420,Shipped
3969,Cancelled
14068,Shipped
14489,Processing
6466,Pending
3759,Delivered
3029,Cancelled
5848,Cancelled
5467,Cancelled
6283,Pending
29,Shipped
6848,Shipped
15845,Processing
4120,Pending
9883,Cancelled
19259,Processing
14506,Pending
3737,Shipped
103,Pending
5923,Delivered
7424,Delivered
5491,Pending
1265,Cancelled
17066,Delivered
4494,Pending
6043,Processing
8633,Processing
10407,Shipped
19429,Shipped
4233,Delivered
8179,Delivered
165,Processing
5711,Pending
7721,Pending
14112,Pending
1123,Cancelled
11797,Shipped
12531,Shipped
10366,Delivered
15970,Processing
19385,Pending
4677,Cancelled
2395,Pending
13938,Pending
7717,Pending
16733,Cancelled
13947,Cancelled
5178,Pending
4868,Processing
13875,Pending
6972,Cancelled
5595,Shipped
2053,Cancelled
5463,Delivered
15519,Delivered
3400,Processing
4732,Cancelled
17431,Cancelled
18834,Shipped
15823,Shipped
13200,Shipped
12954,Pending
17464,Shipped
12512,Processing
11400,Pending
11223,Shipped
2011,Processing
13293,Pending
9567,Pending
12877,Shipped
15824,Delivered
6762,Pending
3678,Cancelled
7304,Pending
180,Delivered
11249,Delivered
17901,Pending
11823,Shipped
16563,Delivered
16173,Shipped
6159,Processing
15890,Cancelled
8359,Processing
14527,Delivered
11506,Processing
18275,Pending
14967,Processing
15532,Delivered
14273,Processing
15710,Processing
7810,Shipped
17673,Shipped
15549,Processing
4881,Pending
11464,Shipped
5480,Processing
3656,Pending
16883,Shipped
16132,Pending
8267,Shipped
7011,Shipped
11203,Pending
4147,Delivered
10407,Shipped
1150,Delivered
16702,Cancelled
5120,Shipped
19846,Delivered
1203,Pending
9686,Cancelled
8731,Cancelled
1220,Cancelled
5737,Processing
5851,Pending
16675,Delivered
4752,Pending
10352,Pending
13241,Delivered
6017,Shipped
19817,Processing
14174,Processing
6493,Pending
9720,Shipped
12464,Pending
6932,Delivered
7876,Shipped
12313,Pending
11288,Delivered
9325,Processing
8421,Pending
538,Processing
19694,Cancelled
13870,Pending
18977,Shipped
1888,Shipped
5755,Pending
16567,Pending
8679,Shipped
2700,Delivered
6809,Shipped
18837,Shipped
12801,Cancelled
7491,Processing
10833,Shipped
14409,Delivered
989,Delivered
11566,Cancelled
11149,Cancelled
17262,Pending
8373,Shipped
6513,Pending
3820,Shipped
7721,Cancelled
6211,Shipped
3584,Shipped
5243,Shipped
9421,Pending
5028,Cancelled
11076,Cancelled
3302,Shipped
14236,Shipped
18359,Cancelled
2588,Pending
13549,Shipped
11029,Processing
19544,Delivered
14757,Cancelled
7175,Delivered
5425,Shipped
3388,Processing
10870,Shipped
2512,Pending
14832,Shipped
8742,Cancelled
12106,Cancelled
203,Shipped
1345,Delivered
7387,Processing
11288,Cancelled
12497,Cancelled
9239,Delivered
8423,Shipped
18590,Pending
911,Pending
14837,Delivered
15121,Pending
7996,Cancelled
2487,Cancelled
995,Pending
19706,Processing
7876,Pending
7590,Delivered
10063,Shipped
7507,Pending
4133,Cancelled
6600,Processing
18961,Cancelled
9828,Pending
19144,Pending
1837,Shipped
17347,Processing
11278,Shipped
6971,Cancelled
15645,Shipped
2155,Cancelled
11541,Pending
9293,Pending
10619,Processing
12389,Shipped
3949,Processing
13200,Shipped
5652,Pending
18950,Cancelled
7893,Processing
4866,Processing
12510,Pending
12214,Pending
656,Shipped
3960,Pending
1882,Pending
15961,Processing
531,Delivered
9540,Pending
15761,Processing
3280,Cancelled
7596,Pending
6816,Cancelled
8291,Pending
5041,Processing
13322,Shipped
9472,Processing
258,Delivered
17680,Processing
5338,Delivered
9678,Delivered
9380,Delivered
11387,Pending
6942,Shipped
4596,Shipped
5643,Delivered
434,Shipped
1110,Delivered
14663,Delivered
12076,Cancelled
6731,Processing
12965,Cancelled
17659,Cancelled
2485,Shipped
3936,Delivered
19239,Pending
15235,Cancelled
12546,Delivered
13203,Pending
11848,Processing
3028,Processing
5693,Pending
14089,Processing
4926,Cancelled
11704,Pending
18626,Delivered
5004,Processing
9657,Pending
16563,Processing
4093,Shipped
18250,Delivered
9469,Delivered
17401,Processing
12480,Processing
13550,Processing
9142,Delivered
5582,Delivered
17542,Delivered
12400,Delivered
464,Shipped
7848,Delivered
13290,Shipped
2660,Processing
2201,Pending
9762,Cancelled
4957,Processing
16417,Shipped
12862,Processing
18406,Cancelled
9931,Processing
18886,Pending
17224,Shipped
12629,Processing
16972,Processing
19158,Cancelled
19718,Delivered
18102,Processing
17774,Shipped
4896,Cancelled
1797,Processing
16928,Shipped
16576,Pending
6565,Cancelled
19170,Shipped
18210,Cancelled
12621,Delivered
16850,Cancelled
5094,Pending
9397,Shipped
4016,Pending
2896,Delivered
8740,Processing
10523,Pending
11595,Shipped
418,Shipped
9902,Pending
5103,Pending
4635,Cancelled
748,Processing
15606,Processing
4832,Delivered
8926,Pending
8953,Shipped
298,Pending
388,Pending
7967,Delivered
18446,Shipped
10141,Processing
7828,Shipped
7628,Pending
13583,Pending
3075,Delivered
13350,Delivered
18092,Processing
19127,Pending
1109,Shipped
14732,Pending
18521,Processing
7614,Cancelled
2908,Shipped
5942,Shipped
18494,Delivered
11237,Processing
4179,Shipped
19015,Processing
17989,Pending
10192,Processing
6710,Delivered
17516,Processing
16157,Delivered
7027,Shipped
19857,Cancelled
1709,Processing
6691,Shipped
6069,Pending
19482,Cancelled
8296,Pending
14272,Processing
5448,Shipped
7198,Processing
10153,Pending
3336,Delivered
11594,Shipped
3891,Processing
15184,Shipped
4951,Shipped
3901,Pending
16786,Pending
7591,Cancelled
16690,Delivered
9919,Shipped
5338,Delivered
15579,Shipped
12687,Processing
1912,Processing
1005,Delivered
7167,Shipped
2193,Processing
15489,Processing
18960,Delivered
3401,Processing
7586,Delivered
4771,Processing
2095,Pending
9348,Processing
6411,Shipped
1895,Pending
1645,Processing
3338,Pending
9845,Processing
17112,Pending
15348,Shipped
5567,Shipped
130,Cancelled
13203,Delivered
17232,Pending
2110,Cancelled
9778,Delivered
19650,Cancelled
13539,Pending
2922,Cancelled
3406,Processing
9374,Cancelled
1805,Pending
7420,Processing
10047,Processing
5526,Shipped
13389,Pending
7466,Pending
10956,Processing
17769,Shipped
10891,Delivered
9956,Delivered
14986,Processing
11993,Pending
3055,Pending
1915,Delivered
12480,Processing
4101,Processing
5368,Pending
4991,Processing
2976,Delivered
9841,Delivered
1799,Cancelled
17655,Pending
10207,Shipped
5223,Processing
10425,Pending
1234,Cancelled
16061,Pending
2139,Pending
5734,Processing
12225,Cancelled
349,Delivered
11079,Cancelled
12750,Processing
17695,Shipped
1532,Delivered
19796,Cancelled
9464,Processing
4535,Processing
4905,Shipped
6039,Delivered
14198,Cancelled
8982,Processing
646,Processing
11131,Processing
53,Shipped
3912,Delivered
13132,Shipped
18,Shipped
5563,Cancelled
14109,Delivered
15777,Processing
778,Shipped
949,Processing
11891,Processing
13649,Cancelled
19332,Delivered
4747,Delivered
10515,Pending
13070,Cancelled
5469,Shipped
1815,Cancelled
19546,Processing
14674,Cancelled
15142,Cancelled
19152,Processing
12705,Delivered
8292,Pending
16485,Pending
2632,Processing
2528,Shipped
13280,Processing
13699,Delivered
18329,Processing
5430,Cancelled
16867,Shipped
19514,Processing
14049,Cancelled
11611,Shipped
18862,Cancelled
8535,Processing
14697,Cancelled
5658,Shipped
18850,Cancelled
17561,Shipped
15084,Processing
6061,Delivered
6943,Shipped
4734,Delivered
11227,Cancelled
18038,Cancelled
13266,Pending
16205,Cancelled
13381,Pending
6991,Pending
18651,Cancelled
1732,Shipped
14692,Delivered
7780,Shipped
11123,Processing
17325,Processing
16414,Delivered
7247,Shipped
13828,Processing
9066,Delivered
179,Delivered
10115,Pending
16526,Shipped
14148,Processing
5888,Delivered
4442,Pending
13311,Delivered
13466,Cancelled
11103,Shipped
9694,Processing
17086,Processing
19410,Shipped
11126,Delivered
2325,Cancelled
819,Pending
12968,Shipped
14734,Cancelled
9379,Shipped
1763,Delivered
6074,Pending
17902,Shipped
17059,Processing
17951,Shipped
8981,Delivered
14395,Processing
8762,Pending
11927,Processing
18220,Shipped
3482,Shipped
8309,Cancelled
7412,Pending
7422,Cancelled
12008,Cancelled
10166,Delivered
7133,Cancelled
4211,Shipped
13557,Cancelled
8114,Processing
5865,Cancelled
2713,Processing
12925,Shipped
2006,Shipped
1335,Processing
2526,Pending
19266,Cancelled
18508,Pending
2696,Pending
11071,Shipped
7300,Pending
7598,Shipped
16963,Delivered
17084,Delivered
19380,Processing
13337,Shipped
11190,Pending
18186,Shipped
13871,Delivered
1010,Shipped
4712,Cancelled
17490,Shipped
16293,Shipped
17189,Pending
11810,Cancelled
14261,Delivered
1420,Delivered
15542,Shipped
14749,Cancelled
14504,Processing
4912,Pending
14699,Shipped
15327,Processing
10215,Delivered
6821,Delivered
19302,Delivered
2788,Cancelled
5776,Cancelled
12806,Pending
12574,Delivered
18943,Delivered
14278,Pending
7325,Pending
12393,Shipped
8700,Processing
14582,Processing
18371,Cancelled
5978,Processing
2954,Processing
16233,Pending
17971,Processing
2642,Shipped
2556,Delivered
311,Pending
16290,Pending
1256,Processing
2485,Delivered
12810,Pending
9058,Cancelled
6035,Cancelled
16678,Processing
3014,Shipped
8689,Delivered
15535,Shipped
3783,Delivered
6154,Cancelled
14411,Processing
692,Delivered
17606,Processing
19994,Processing
6322,Pending
19703,Processing
18067,Shipped
1474,Delivered
856,Shipped
10053,Cancelled
15087,Pending
18878,Processing
15122,Cancelled
6748,Shipped
9956,Delivered
18821,Delivered
13313,Processing
16882,Cancelled
7907,Processing
11151,Shipped
12133,Cancelled
17796,Shipped
8596,Delivered
6229,Processing
13169,Processing
15963,Delivered
10484,Cancelled
17027,Pending
10560,Cancelled
13163,Cancelled
19235,Delivered
15580,Delivered
17719,Delivered
942,Delivered
6188,Processing
14904,Delivered
12710,Cancelled
14900,Shipped
6968,Delivered
4462,Cancelled
12160,Cancelled
1574,Pending
4371,Cancelled
8335,Pending
2415,Shipped
4242,Processing
5254,Processing
9520,Delivered
1430,Cancelled
1356,Processing
6025,Processing
17336,Shipped
1592,Cancelled
15149,Processing
15319,Shipped
1897,Processing
14831,Shipped
2723,Shipped
10069,Delivered
16473,Cancelled
5623,Shipped
17862,Shipped
1411,Shipped
3500,Pending
15818,Pending
4845,Pending
9669,Shipped
15188,Delivered
482,Processing
3085,Shipped
17644,Delivered
16876,Delivered
16263,Shipped
5388,Processing
18492,Delivered
9731,Processing
12998,Shipped
15510,Pending
5648,Processing
618,Delivered
18731,Shipped
12307,Cancelled
5280,Cancelled
4848,Pending
5569,Delivered
6548,Pending
3438,Cancelled
5961,Delivered
15625,Processing
18420,Processing
835,Shipped
17882,Shipped
1326,Shipped
457,Pending
2325,Shipped
12192,Cancelled
2339,Processing
15073,Processing
17552,Pending
16235,Shipped
5539,Processing
3386,Delivered
6733,Delivered
12632,Cancelled
8439,Pending
10936,Processing
12010,Delivered
6192,Processing
17935,Shipped
4592,Shipped
890,Cancelled
1570,Cancelled
11763,Cancelled
17683,Pending
6910,Shipped
4623,Processing
5884,Delivered
6472,Pending
8580,Pending
16879,Delivered
4145,Cancelled
5753,Shipped
18533,Delivered
19419,Pending
5264,Pending
16421,Cancelled
13958,Delivered
18688,Pending
19545,Cancelled
5603,Shipped
16101,Shipped
2369,Cancelled
17906,Cancelled
5756,Delivered
18451,Shipped
7268,Processing
7682,Cancelled
8755,Pending
15150,Cancelled
8584,Pending
5873,Shipped
7155,Shipped
9451,Shipped
7131,Delivered
8341,Cancelled
3823,Processing
2456,Processing
10118,Cancelled
4154,Shipped
18561,Processing
1199,Delivered
5339,Delivered
10176,Pending
5898,Delivered
10353,Pending
6759,Cancelled
17812,Processing
5097,Cancelled
7824,Pending
18702,Pending
12444,Shipped
10582,Pending
8969,Delivered
18464,Processing
15580,Processing
17280,Cancelled
6448,Delivered
8409,Processing
12543,Delivered
3156,Processing
10792,Shipped
304,Shipped
15550,Delivered
6534,Cancelled
15098,Shipped
12921,Shipped
5352,Pending
7740,Delivered
2421,Delivered
8338,Processing
9436,Pending
8054,Shipped
3830,Delivered
12859,Pending
6526,Processing
7840,Processing
18325,Pending
19732,Pending
16640,Delivered
6141,Processing
5178,Cancelled
1147,Shipped
3755,Processing
11908,Pending
14665,Cancelled
12309,Shipped
9373,Shipped
8096,Cancelled
4615,Processing
16485,Cancelled
11993,Processing
18802,Pending
3997,Cancelled
10366,Processing
7259,Processing
16568,Cancelled
5888,Cancelled
11208,Delivered
3308,Delivered
16560,Delivered
17269,Pending
15762,Shipped
17667,Pending
19683,Processing
8059,Processing
9841,Cancelled
3691,Delivered
12210,Cancelled
13819,Processing
4284,Cancelled
6695,Processing
12324,Processing
14145,Processing
3269,Processing
4978,Processing
10747,Processing
17510,Shipped
10793,Cancelled
13458,Delivered
8550,Delivered
8062,Shipped
6107,Processing
4168,Delivered
15677,Pending
3011,Pending
17177,Processing
15272,Cancelled
3908,Pending
8502,Processing
7621,Cancelled
4522,Pending
5755,Cancelled
12213,Cancelled
8606,Cancelled
5328,Pending
12686,Processing
4453,Pending
7899,Shipped
4718,Cancelled
1066,Processing
1316,Delivered
2155,Pending
8815,Processing
3820,Cancelled
14139,Cancelled
9528,Delivered
13859,Shipped
18441,Shipped
17729,Shipped
19698,Cancelled
15650,Cancelled
18900,Shipped
10198,Delivered
1277,Delivered
9010,Shipped
10395,Pending
7139,Shipped
14696,Processing
8337,Cancelled
12283,Shipped
428,Cancelled
13781,Shipped
5245,Delivered
18723,Pending
18052,Shipped
7335,Pending
11944,Shipped
17818,Shipped
12309,Pending
7139,Processing
18935,Shipped
6356,Processing
10941,Delivered
15358,Delivered
15601,Shipped
6384,Delivered
16811,Pending
5726,Shipped
7369,Pending
9150,Delivered
19240,Shipped
6063,Shipped
2009,Pending
10621,Cancelled
16411,Shipped
16020,Delivered
13268,Delivered
5940,Processing
4269,Cancelled
14698,Processing
8764,Shipped
13017,Cancelled
14747,Shipped
18989,Delivered
10080,Pending
10416,Cancelled
7460,Shipped
18166,Pending
492,Delivered
12544,Pending
11624,Pending
13289,Delivered
16334,Cancelled
10241,Cancelled
9602,Pending
2395,Pending
13062,Delivered
10837,Processing
5049,Pending
18868,Delivered
13001,Pending
13720,Shipped
12215,Pending
12130,Pending
8116,Shipped
11681,Delivered
11511,Shipped
5223,Shipped
4909,Processing
7821,Pending
5257,Delivered
19672,Cancelled
6990,Processing
911,Cancelled
12974,Shipped
6722,Pending
7114,Delivered
12895,Shipped
14121,Pending
1168,Delivered
1102,Pending
4721,Shipped
17618,Pending
19099,Shipped
11735,Pending
11701,Delivered
11034,Delivered
19040,Shipped
6698,Cancelled
6172,Pending
11667,Processing
12715,Cancelled
9110,Processing
10303,Delivered
13208,Delivered
15567,Processing
11568,Shipped
19769,Shipped
2651,Processing
5718,Shipped
14737,Shipped
13820,Cancelled
13174,Processing
13201,Shipped
5821,Shipped
2395,Delivered
4819,Processing
4587,Cancelled
6111,Shipped
17651,Pending
387,Pending
4806,Cancelled
14948,Cancelled
3171,Delivered
10902,Cancelled
13756,Shipped
19272,Processing
8193,Delivered
555,Processing
7706,Processing
12455,Shipped
2251,Processing
18067,Processing
15596,Cancelled
1827,Shipped
4728,Cancelled
9917,Cancelled
6542,Delivered
16363,Pending
12271,Cancelled
7256,Cancelled
2866,Cancelled
15243,Shipped
8694,Pending
16434,Cancelled
17770,Pending
2737,Pending
4741,Delivered
15905,Cancelled
16631,Shipped
8772,Shipped
7544,Processing
13101,Cancelled
19974,Pending
2326,Processing
13194,Delivered
12448,Cancelled
19978,Cancelled
19935,Pending
9355,Delivered
3574,Shipped
3660,Pending
16254,Shipped
16213,Cancelled
10034,Processing
7645,Pending
10307,Shipped
19761,Pending
8876,Processing
18052,Shipped
16528,Processing
12602,Cancelled
17082,Delivered
16101,Delivered
3865,Shipped
19698,Delivered
8517,Pending
10954,Cancelled
15287,Delivered
17062,Processing
6110,Delivered
15538,Delivered
4824,Shipped
2281,Pending
5326,Pending
8244,Delivered
626,Shipped
12810,Processing
10691,Delivered
993,Delivered
7517,Shipped
18574,Pending
6065,Cancelled
14116,Processing
15894,Shipped
8106,Processing
14773,Processing
5089,Cancelled
5154,Delivered
173,Shipped
18356,Processing
16154,Processing
16257,Delivered
14424,Delivered
4888,Pending
18559,Processing
12839,Processing
1184,Pending
6324,Shipped
2135,Processing
8081,Delivered
2197,Cancelled
16858,Cancelled
9726,Pending
5820,Pending
11193,Processing
15737,Cancelled
12109,Delivered
15110,Processing
9854,Delivered
18288,Shipped
16109,Cancelled
17426,Pending
11518,Delivered
16890,Pending
16039,Processing
18868,Cancelled
8930,Cancelled
16346,Cancelled
3854,Processing
17212,Delivered
589,Pending
2209,Cancelled
2256,Processing
14465,Pending
2416,Pending
1768,Pending
12236,Cancelled
13721,Pending
10564,Processing
19034,Cancelled
3819,Shipped
3138,Processing
2521,Processing
14148,Shipped
8327,Pending
19935,Pending
9504,Shipped
3867,Delivered
18496,Pending
17667,Shipped
17353,Cancelled
7035,Pending
16851,Cancelled
17404,Processing
1614,Cancelled
19859,Processing
11598,Shipped
15695,Cancelled
2262,Cancelled
4722,Delivered
18275,Pending
3680,Cancelled
12338,Pending
4660,Shipped
8922,Delivered
3978,Processing
7150,Shipped
9859,Shipped
7348,Processing
16436,Shipped
6580,Processing
4224,Cancelled
18586,Delivered
15996,Delivered
14695,Delivered
2390,Processing
19365,Delivered
3592,Shipped
2321,Delivered
7464,Shipped
12651,Pending
1848,Processing
14574,Cancelled
13225,Shipped
7295,Processing
6408,Cancelled
5450,Pending
105,Shipped
9927,Processing
14357,Shipped
11654,Processing
6685,Cancelled
16173,Processing
12225,Pending
14859,Shipped
12650,Cancelled
1053,Cancelled
5051,Shipped
2274,Pending
19062,Pending
2494,Processing
18948,Delivered
4140,Cancelled
6135,Shipped
800,Pending
2998,Processing
14904,Processing
689,Pending
14663,Pending
19744,Processing
15065,Pending
16437,Shipped
14883,Cancelled
6371,Shipped
7211,Cancelled
16281,Cancelled
11004,Delivered
628,Shipped
9409,Delivered
10278,Shipped
13211,Cancelled
2681,Pending
16860,Processing
19029,Delivered
17297,Cancelled
17288,Cancelled
14034,Shipped
17353,Cancelled
18631,Shipped
9394,Pending
10535,Shipped
8859,Processing
8708,Pending
15166,Shipped
5907,Shipped
16944,Processing
10146,Pending
5626,Shipped
13118,Shipped
19082,Pending
4737,Shipped
17374,Processing
16379,Cancelled
6397,Delivered
16854,Pending
10761,Pending
6818,Processing
12751,Delivered
12942,Pending
11806,Processing
3251,Delivered
6132,Pending
3858,Cancelled
14494,Delivered
12074,Shipped
15147,Processing
19440,Delivered
18009,Cancelled
14619,Cancelled
19919,Shipped
588,Processing
18689,Shipped
12794,Delivered
18774,Pending
13534,Delivered
11501,Delivered
9216,Pending
249,Delivered
8475,Pending
6075,Cancelled
7386,Shipped
13469,Processing
3829,Cancelled
18590,Processing
17721,Cancelled
12706,Shipped
3970,Pending
5752,Pending
9038,Pending
1519,Shipped
5755,Processing
16840,Processing
2368,Delivered
9560,Processing
19249,Shipped
18524,Shipped
1319,Cancelled
6855,Delivered
3366,Pending
9458,Processing
13470,Delivered
7265,Pending
8426,Processing
4445,Delivered
18171,Cancelled
13295,Shipped
8455,Delivered
17270,Cancelled
11488,Pending
13621,Delivered
1126,Delivered
2601,Shipped
13438,Cancelled
17568,Cancelled
12434,Processing
9787,Shipped
15721,Pending
17229,Processing
3392,Cancelled
13192,Cancelled
13344,Processing
16008,Delivered
368,Processing
7743,Pending
17358,Processing
5644,Delivered
19255,Cancelled
10941,Delivered
7565,Pending
1853,Processing
4326,Processing
2325,Processing
621,Delivered
13152,Pending
8669,Shipped
1899,Processing
2185,Processing
14493,Shipped
16108,Pending
19778,Cancelled
6080,Shipped
7832,Cancelled
10291,Pending
16903,Shipped
12187,Delivered
12575,Pending
16049,Processing
5501,Delivered
14075,Delivered
18686,Shipped
6956,Shipped
19870,Delivered
15022,Shipped
6224,Pending
622,Processing
12854,Processing
10083,Delivered
19262,Pending
16751,Delivered
13315,Pending
19474,Delivered
8643,Processing
14048,Processing
14187,Pending
12479,Delivered
19643,Pending
6012,Cancelled
9701,Delivered
11490,Shipped
15348,Delivered
9469,Shipped
15476,Cancelled
2684,Shipped
5325,Cancelled
10911,Cancelled
18826,Delivered
15801,Delivered
7395,Cancelled
4570,Pending
11348,Pending
5156,Pending
12479,Shipped
5660,Processing
11343,Pending
11460,Processing
9741,Cancelled
19908,Cancelled
18992,Shipped
15703,Processing
18142,Delivered
8802,Pending
12517,Cancelled
1131,Shipped
2754,Cancelled
2189,Shipped
5607,Shipped
15953,Delivered
14112,Shipped
14129,Cancelled
19997,Pending
10216,Delivered
17052,Pending
12392,Shipped
17091,Pending
12463,Cancelled
8883,Pending
2358,Pending
4803,Delivered
14485,Delivered
2628,Pending
943,Pending
648,Delivered
2602,Delivered
15350,Delivered
18304,Cancelled
5794,Cancelled
5489,Delivered
1233,Shipped
16374,Cancelled
17510,Processing
11470,Processing
5592,Processing
13926,Processing
1216,Pending
18598,Cancelled
7196,Shipped
9842,Cancelled
16414,Processing
5336,Cancelled
19682,Shipped
15724,Pending
18276,Processing
974,Processing
1578,Shipped
11382,Processing
2714,Pending
11542,Processing
1122,Shipped
19853,Cancelled
100,Delivered
15477,Processing
2929,Shipped
15020,Cancelled
15364,Shipped
14166,Delivered
4144,Pending
6423,Cancelled
5240,Pending
11125,Processing
19205,Cancelled
2909,Processing
13508,Delivered
8987,Delivered
13622,Delivered
10870,Processing
16236,Shipped
9702,Cancelled
286,Cancelled
18036,Pending
6467,Processing
575,Pending
342,Shipped
10028,Cancelled
6251,Pending
2063,Shipped
1054,Shipped
815,Delivered
1704,Cancelled
14158,Cancelled
2029,Pending
1220,Cancelled
16056,Pending
6733,Delivered
17287,Shipped
17223,Pending
4223,Shipped
9112,Shipped
10428,Shipped
5208,Pending
7826,Shipped
10170,Processing
15513,Pending
276,Cancelled
11874,Delivered
3234,Cancelled
4310,Cancelled
14970,Shipped
2885,Cancelled
6597,Pending
16775,Pending
3003,Cancelled
15056,Delivered
17129,Delivered
15665,Shipped
14899,Cancelled
16744,Pending
13560,Shipped
18023,Delivered
19605,Delivered
6193,Shipped
14892,Cancelled
15395,Pending
2161,Delivered
16628,Shipped
6759,Delivered
1214,Cancelled
2527,Shipped
1282,Shipped
3880,Delivered
7197,Cancelled
18376,Shipped
18064,Cancelled
11763,Pending
378,Pending
3255,Cancelled
255,Processing
13794,Shipped
12704,Shipped
16806,Shipped
15859,Shipped
12730,Delivered
4468,Pending
8353,Shipped
1345,Shipped
16961,Processing
16044,Cancelled
3778,Pending
7697,Processing
2172,Pending
18823,Processing
14071,Pending
5574,Pending
17104,Processing
19671,Pending
2823,Processing
1453,Cancelled
16720,Delivered
18844,Shipped
7588,Pending
5823,Pending
18299,Pending
1102,Pending
17293,Pending
17147,Delivered
3565,Delivered
7073,Delivered
19488,Processing
7042,Cancelled
656,Processing
16915,Processing
7352,Processing
11166,Processing
8308,Pending
1897,Cancelled
18506,Cancelled
1744,Pending
604,Pending
9422,Delivered
1926,Pending
11555,Processing
14603,Delivered
18936,Processing
565,Delivered
6386,Shipped
12270,Shipped
4820,Processing
14102,Processing
12081,Processing
15358,Shipped
10750,Delivered
8353,Shipped
13954,Delivered
7880,Cancelled
10846,Delivered
6119,Pending
3075,Pending
10449,Delivered
14133,Cancelled
2115,Cancelled
16967,Processing
10330,Delivered
9521,Processing
15477,Processing
2833,Delivered
1457,Delivered
4554,Cancelled
19757,Delivered
17073,Delivered
1402,Delivered
10588,Cancelled
13664,Processing
13619,Processing
12734,Cancelled
17912,Shipped
13948,Cancelled
11159,Pending
5371,Delivered
13877,Processing
9646,Delivered
11365,Pending
9483,Cancelled
17654,Cancelled
2057,Shipped
5574,Shipped
3039,Shipped
17296,Delivered
7820,Processing
4300,Pending
18337,Pending
19738,Delivered
2232,Pending
10541,Processing
19617,Processing
18746,Delivered
9069,Pending
3543,Shipped
9678,Shipped
5652,Pending
10844,Cancelled
2241,Processing
11090,Pending
19516,Processing
5968,Shipped
11248,Delivered
2319,Cancelled
7752,Delivered
15497,Shipped
12433,Cancelled
10298,Delivered
4049,Cancelled
10442,Delivered
11422,Cancelled
6048,Processing
11244,Cancelled
17070,Delivered
10290,Delivered
5746,Delivered
990,Cancelled
7144,Pending
14377,Delivered
20,Cancelled
14508,Cancelled
13927,Delivered
10110,Delivered
1627,Cancelled
11636,Cancelled
15240,Cancelled
5170,Pending
17675,Pending
19581,Delivered
16556,Processing
11468,Delivered
14054,Shipped
3077,Delivered
4578,Cancelled
4700,Delivered
12518,Delivered
16293,Delivered
15604,Shipped
16170,Processing
5721,Delivered
8540,Processing
18596,Cancelled
11168,Cancelled
6869,Pending
3193,Delivered
11977,Shipped
3571,Pending
42,Processing
1311,Cancelled
12678,Cancelled
12283,Delivered
8601,Shipped
17717,Shipped
5141,Delivered
17338,Pending
8160,Delivered
6749,Pending
10080,Processing
4003,Processing
4715,Pending
6745,Delivered
1857,Pending
7140,Shipped
4027,Shipped
10727,Processing
5139,Cancelled
1973,Shipped
8222,Pending
3588,Delivered
1408,Shipped
9708,Processing
19622,Cancelled
1312,Cancelled
19914,Shipped
11869,Processing
16409,Cancelled
3377,Cancelled
3140,Delivered
5221,Processing
8280,Delivered
1941,Shipped
9705,Processing
6160,Shipped
16270,Pending
5358,Cancelled
2862,Shipped
15220,Shipped
19626,Pending
7928,Cancelled
6780,Cancelled
15120,Pending
3448,Processing
3696,Cancelled
17538,Delivered
11251,Pending
12404,Pending
2855,Shipped
10239,Cancelled
19420,Processing
18266,Pending
11884,Delivered
15635,Cancelled
15944,Shipped
10660,Pending
448,Pending
2433,Processing
11772,Shipped
15115,Processing
18630,Delivered
12675,Delivered
15260,Delivered
8440,Cancelled
4631,Processing
11745,Cancelled
15964,Cancelled
4860,Cancelled
12361,Delivered
19716,Shipped
9994,Pending
10816,Delivered
14243,Shipped
15582,Cancelled
17205,Processing
14028,Pending
16957,Pending
750,Cancelled
5192,Processing
11301,Pending
16854,Pending
5939,Shipped
2855,Cancelled
7747,Processing
6491,Processing
15090,Delivered
12245,Shipped
17555,Delivered
8588,Cancelled
9751,Shipped
2024,Cancelled
6564,Shipped
6625,Shipped
16275,Cancelled
3736,Processing
13193,Pending
14841,Pending
868,Shipped
2171,Delivered
10326,Pending
18527,Delivered
13071,Cancelled
14361,Pending
3563,Shipped
2433,Delivered
14289,Delivered
18933,Processing
10577,Delivered
5421,Shipped
6479,Cancelled
9782,Pending
378,Cancelled
5954,Delivered
16337,Cancelled
2469,Delivered
3403,Pending
15749,Delivered
13776,Processing
16557,Shipped
16584,Pending
13649,Pending
14938,Pending
3626,Processing
13335,Pending
8805,Processing
12886,Shipped
15144,Delivered
13608,Processing
15132,Processing
10242,Shipped
18152,Delivered
9843,Delivered
17512,Pending
13130,Pending
4946,Shipped
12196,Shipped
5437,Processing
5802,Cancelled
13218,Cancelled
3430,Shipped
17205,Cancelled
10760,Cancelled
17760,Delivered
14757,Shipped
14672,Pending
8814,Processing
12117,Pending
14768,Pending
15674,Cancelled
19638,Cancelled
9711,Pending
7868,Delivered
19554,Pending
12308,Shipped
3831,Shipped
13078,Pending
16609,Cancelled
5786,Delivered
14878,Shipped
3790,Shipped
12621,Delivered
17611,Cancelled
19941,Pending
10842,Shipped
12760,Cancelled
13823,Cancelled
2130,Cancelled
17258,Delivered
8449,Processing
14884,Shipped
11244,Processing
9708,Cancelled
2831,Pending
768,Processing
13586,Delivered
3969,Cancelled
17987,Processing
16016,Shipped
11411,Cancelled
9365,Shipped
13356,Processing
4504,Delivered
16361,Shipped
3324,Cancelled
11583,Shipped
17411,Pending
10637,Shipped
11792,Delivered
14866,Cancelled
11042,Shipped
16973,Delivered
19631,Processing
18844,Processing
10972,Delivered
13395,Pending
15018,Pending
1863,Pending
9794,Processing
12281,Pending
3216,Cancelled
6952,Delivered
17335,Delivered
14687,Delivered
2347,Cancelled
12143,Delivered
3951,Pending
3693,Delivered
16947,Shipped
4481,Processing
9439,Cancelled
18717,Processing
13468,Processing
15336,Processing
2574,Cancelled
2263,Delivered
12538,Processing
10692,Delivered
10764,Cancelled
3072,Shipped
15406,Delivered
11650,Processing
1777,Shipped
19036,Delivered
14250,Cancelled
12048,Cancelled
3367,Processing
4728,Delivered
15034,Processing
10143,Shipped
9642,Processing
3317,Pending
3212,Pending
6772,Delivered
8400,Cancelled
14223,Cancelled
18624,Delivered
9813,Pending
8279,Delivered
4184,Processing
2615,Pending
19986,Shipped
13775,Pending
19626,Shipped
14180,Pending
809,Pending
2883,Pending
3263,Delivered
3128,Pending
9812,Cancelled
17153,Cancelled
1411,Delivered
452,Delivered
7214,Pending
9636,Pending
5872,Pending
14431,Cancelled
19388,Cancelled
9760,Pending
17667,Pending
13389,Pending
12085,Pending
15574,Processing
9545,Cancelled
8039,Delivered
3874,Shipped
18601,Processing
10123,Delivered
9012,Shipped
355,Processing
12579,Pending
19597,Cancelled
2247,Shipped
19817,Shipped
9739,Pending
11740,Processing
16547,Cancelled
7675,Cancelled
2778,Pending
3356,Delivered
14324,Processing
5306,Pending
3417,Delivered
4947,Delivered
849,Shipped
7022,Pending
17480,Pending
13456,Pending
16020,Pending
3267,Processing
4791,Pending
9104,Shipped
11968,Delivered
2560,Processing
15563,Delivered
10057,Shipped
18370,Pending
11340,Delivered
7263,Shipped
9408,Pending
8632,Pending
6414,Shipped
3188,Shipped
13271,Cancelled
13352,Delivered
13174,Pending
177,Cancelled
9432,Pending
12409,Processing
18781,Processing
3319,Delivered
14870,Cancelled
14820,Processing
6541,Delivered
6874,Cancelled
5673,Shipped
17530,Pending
14820,Processing
13024,Delivered
3386,Pending
15425,Shipped
11159,Cancelled
12750,Shipped
15594,Cancelled
4838,Processing
15852,Delivered
13086,Processing
10580,Delivered
4447,Processing
8603,Delivered
7156,Delivered
16801,Delivered
9329,Delivered
9598,Cancelled
17186,Delivered
7479,Delivered
13142,Pending
11942,Pending
7605,Pending
1898,Shipped
2483,Delivered
4999,Shipped
11096,Delivered
6057,Cancelled
5596,Pending
16594,Delivered
16950,Pending
14648,Delivered
19432,Cancelled
9002,Shipped
6046,Delivered
9723,Shipped
4451,Delivered
12827,Pending
935,Cancelled
5041,Cancelled
16175,Processing
18871,Pending
14201,Delivered
2802,Shipped
18761,Pending
18413,Pending
3998,Delivered
7436,Pending
2490,Cancelled
8356,Processing
2368,Shipped
1256,Delivered
17942,Delivered
11252,Pending
13724,Processing
17737,Processing
4848,Pending
9924,Cancelled
12475,Delivered
605,Pending
12609,Processing
5437,Shipped
1164,Processing
12766,Shipped
3620,Processing
10138,Delivered
9922,Processing
18970,Cancelled
10163,Cancelled
5034,Processing
14215,Cancelled
4052,Pending
3528,Delivered
5934,Delivered
15626,Delivered
12836,Processing
7345,Delivered
11356,Delivered
13987,Pending
8382,Delivered
13856,Pending
18458,Shipped
8785,Pending
13440,Cancelled
5385,Processing
5819,Shipped
8274,Delivered
3003,Pending
12384,Shipped
3140,Pending
17627,Delivered
18920,Shipped
2366,Shipped
8055,Shipped
16646,Shipped
13978,Cancelled
10180,Processing
2393,Cancelled
19260,Shipped
9947,Delivered
4894,Delivered
10126,Processing
6237,Pending
19120,Shipped
3799,Pending
13075,Delivered
5282,Shipped
301,Delivered
11401,Processing
16976,Processing
15593,Processing
10124,Shipped
17931,Delivered
11715,Shipped
2009,Pending
2224,Pending
17884,Pending
19126,Pending
3576,Delivered
14471,Processing
9604,Shipped
9088,Shipped
4245,Shipped
15581,Processing
12169,Pending
9099,Cancelled
1611,Processing
10496,Shipped
19503,Shipped
5783,Cancelled
1832,Processing
6361,Delivered
9915,Processing
3533,Shipped
7286,Delivered
12640,Processing
16080,Processing
18641,Shipped
13876,Shipped
16952,Pending
6702,Pending
1021,Pending
18223,Processing
13592,Cancelled
10627,Shipped
2869,Pending
912,Shipped
16354,Pending
1547,Delivered
5675,Cancelled
14125,Cancelled
6975,Processing
356,Shipped
7389,Pending
3333,Shipped
16070,Shipped
2748,Pending
16046,Processing
2168,Processing
16800,Processing
46,Delivered
4902,Cancelled
17344,Delivered
9380,Pending
13484,Processing
176,Processing
10504,Pending
4999,Delivered
6526,Shipped
7144,Shipped
14979,Cancelled
2419,Processing
8034,Cancelled
4673,Delivered
10313,Shipped
13055,Shipped
16654,Cancelled
10016,Delivered
14990,Shipped
549,Cancelled
19563,Pending
18687,Delivered
9506,Cancelled
8240,Shipped
657,Delivered
2933,Pending
1102,Cancelled
13703,Cancelled
771,Pending
18043,Processing
4439,Delivered
14139,Pending
13358,Delivered
8476,Delivered
2213,Shipped
13899,Shipped
4521,Cancelled
7613,Delivered
1925,Processing
10914,Cancelled
6579,Delivered
9737,Delivered
6803,Delivered
9777,Processing
17755,Delivered
19949,Shipped
4449,Shipped
16722,Processing
1194,Pending
1044,Processing
4384,Processing
497,Cancelled
1359,Delivered
19547,Shipped
10917,Delivered
2882,Delivered
12081,Pending
12656,Pending
14884,Processing
17937,Pending
438,Delivered
13600,Delivered
18212,Processing
12385,Processing
9450,Delivered
3189,Delivered
2809,Pending
10182,Shipped
8328,Delivered
1821,Cancelled
12299,Delivered
4973,Processing
572,Cancelled
3327,Cancelled
15863,Delivered
2449,Pending
2016,Delivered
4906,Pending
13792,Cancelled
6413,Delivered
2171,Pending
17956,Pending
13835,Delivered
1519,Cancelled
12181,Shipped
5883,Delivered
16166,Delivered
11665,Pending
5858,Cancelled
17957,Pending
18884,Processing
19876,Processing
5452,Delivered
8347,Delivered
7194,Processing
17296,Pending
15715,Processing
17341,Delivered
304,Pending
17508,Delivered
220,Cancelled
15702,Processing
14880,Cancelled
2638,Processing
11919,Delivered
6296,Shipped
7371,Processing
12156,Cancelled
18878,Cancelled
12148,Pending
5255,Cancelled
13093,Cancelled
15641,Processing
16586,Processing
1086,Shipped
12997,Delivered
3498,Shipped
10507,Shipped
13869,Pending
2824,Processing
14605,Delivered
2107,Processing
14645,Processing
11954,Cancelled
4795,Pending
12537,Cancelled
9674,Processing
4717,Cancelled
5711,Processing
3055,Delivered
6905,Pending
16737,Processing
17591,Processing
2766,Shipped
12291,Pending
1539,Processing
15600,Cancelled
11500,Processing
19709,Processing
10095,Cancelled
16390,Shipped
8718,Pending
3777,Pending
2207,Pending
10315,Processing
18229,Shipped
5564,Pending
8018,Delivered
19345,Pending
6290,Delivered
10983,Cancelled
11021,Processing
1405,Shipped
1529,Delivered
9031,Pending
10640,Shipped
442,Shipped
10091,Pending
10981,Processing
7572,Processing
14899,Cancelled
2654,Pending
10472,Delivered
114,Delivered
11522,Processing
17447,Cancelled
9192,Cancelled
9974,Shipped
17600,Shipped
11265,Processing
8213,Pending
17233,Cancelled
6640,Pending
12154,Shipped
16930,Cancelled
15305,Pending
3197,Shipped
9512,Processing
1488,Processing
7029,Processing
17587,Pending
8016,Pending
7067,Shipped
3669,Shipped
18883,Cancelled
606,Processing
18076,Pending
3238,Cancelled
5439,Cancelled
839,Pending
6653,Shipped
1223,Processing
2256,Shipped
6657,Cancelled
10763,Shipped
13241,Pending
3017,Cancelled
13410,Processing
18435,Shipped
10195,Delivered
14198,Cancelled
14697,Delivered
17921,Shipped
12734,Processing
16197,Shipped
8884,Shipped
1063,Cancelled
6633,Delivered
4041,Shipped
743,Processing
4189,Delivered
2013,Delivered
10191,Shipped
410,Processing
11986,Shipped
19895,Pending
2081,Shipped
3284,Delivered
371,Delivered
7704,Shipped
11707,Pending
6280,Delivered
10179,Pending
16488,Pending
842,Delivered
2372,Processing
4517,Cancelled
12192,Processing
8666,Cancelled
9531,Pending
351,Shipped
7852,Cancelled
18611,Processing
13441,Cancelled
18527,Processing
16586,Processing
6928,Delivered
10390,Cancelled
2448,Processing
8487,Shipped
14530,Shipped
6500,Shipped
9341,Delivered
5618,Delivered
15574,Pending
9092,Cancelled
5300,Pending
14484,Shipped
1004,Processing
2446,Shipped
202,Delivered
15143,Shipped
15168,Cancelled
3812,Shipped
939,Shipped
16095,Processing
1348,Cancelled
4659,Shipped
2414,Delivered
13048,Pending
8437,Pending
19878,Pending
8159,Delivered
4125,Shipped
4372,Cancelled
11154,Processing
19742,Shipped
11866,Cancelled
12899,Shipped
2324,Shipped
9788,Pending
13103,Shipped
2874,Delivered
13805,Processing
5913,Cancelled
17631,Pending
824,Processing
13226,Cancelled
4880,Delivered
13090,Cancelled
16013,Shipped
16071,Cancelled
18644,Delivered
2169,Pending
3043,Processing
18042,Delivered
18304,Processing
694,Delivered
19651,Delivered
19486,Delivered
19531,Delivered
2007,Shipped
18212,Cancelled
976,Shipped
16223,Cancelled
2797,Shipped
434,Delivered
7874,Pending
9686,Processing
4627,Shipped
3687,Shipped
3833,Delivered
7405,Pending
6562,Delivered
3667,Shipped
1763,Delivered
4279,Delivered
8459,Delivered
6159,Pending
1457,Pending
2459,Processing
2460,Cancelled
15855,Delivered
2536,Delivered
2182,Delivered
483,Processing
726,Delivered
19026,Processing
6941,Shipped
2484,Delivered
16918,Pending
16724,Processing
10561,Delivered
14986,Cancelled
3580,Pending
4687,Shipped
19684,Processing
9655,Delivered
16853,Processing
15000,Processing
14244,Cancelled
4518,Cancelled
6222,Pending
8774,Shipped
17489,Processing
14800,Delivered
18141,Delivered
18310,Cancelled
12313,Cancelled
2782,Cancelled
18452,Shipped
7368,Pending
4009,Shipped
16975,Delivered
19725,Delivered
17589,Processing
18797,Cancelled
18838,Shipped
10404,Processing
11640,Shipped
15383,Cancelled
9405,Cancelled
12281,Shipped
3355,Processing
1981,Pending
17121,Delivered
11469,Processing
7679,Pending
19262,Pending
18615,Pending
13521,Pending
4124,Processing
1049,Shipped
3125,Delivered
11956,Cancelled
16127,Processing
13466,Shipped
10381,Cancelled
10892,Pending
9473,Pending
14785,Cancelled
6328,Delivered
13795,Cancelled
11696,Processing
3308,Pending
10300,Delivered
10272,Pending
17990,Cancelled
14952,Processing
17641,Delivered
17874,Delivered
6015,Processing
8095,Cancelled
13128,Cancelled
3695,Cancelled
17471,Shipped
602,Shipped
4268,Processing
13991,Shipped
18504,Processing
14058,Cancelled
37,Cancelled
12155,Delivered
755,Processing
11251,Pending
12291,Shipped
17322,Shipped
8806,Pending
18025,Pending
8643,Pending
3480,Delivered
16463,Processing
1348,Processing
15651,Shipped
809,Delivered
17989,Shipped
1206,Processing
14372,Processing
18875,Pending
44,Processing
15049,Pending
10123,Pending
1384,Delivered
983,Pending
6139,Cancelled
19450,Delivered
7021,Delivered
4288,Cancelled
15280,Processing
2821,Processing
5345,Shipped
801,Delivered
15168,Processing
13350,Shipped
17840,Shipped
19421,Delivered
105,Delivered
8338,Shipped
11426,Processing
6028,Shipped
11951,Delivered
14967,Processing
17483,Pending
10168,Delivered
13876,Delivered
315,Pending
5801,Processing
5794,Processing
13076,Pending
14314,Processing
13570,Cancelled
4535,Delivered
19085,Shipped
18543,Delivered
15752,Shipped
5484,Processing
7255,Processing
1765,Cancelled
19119,Delivered
11458,Shipped
2972,Shipped
9680,Shipped
11776,Cancelled
16096,Processing
3222,Shipped
1288,Processing
4842,Processing
12126,Processing
12605,Pending
15148,Delivered
8712,Delivered
8344,Cancelled
6346,Shipped
7294,Cancelled
18330,Cancelled
14294,Delivered
18147,Cancelled
15855,Processing
18825,Cancelled
16291,Pending
1734,Cancelled
6782,Cancelled
10691,Processing
14684,Delivered
3803,Pending
2767,Cancelled
14247,Shipped
6411,Pending
12328,Cancelled
14109,Pending
11687,Pending
10694,Shipped
12007,Pending
14316,Cancelled
8389,Cancelled
2857,Cancelled
13894,Cancelled
2565,Shipped
2576,Delivered
2407,Delivered
16806,Shipped
1600,Processing
442,Processing
18441,Delivered
16159,Cancelled
12425,Shipped
12540,Processing
314,Cancelled
14812,Cancelled
13733,Pending
13988,Processing
7844,Pending
5128,Delivered
18149,Processing
17159,Delivered
437,Pending
8858,Shipped
10274,Cancelled
16882,Processing
1716,Delivered
7782,Processing
6887,Processing
18896,Pending
19212,Pending
1964,Pending
13725,Processing
890,Cancelled
4358,Pending
13446,Pending
16197,Cancelled
16197,Processing
12287,Processing
16005,Pending
17331,Cancelled
9529,Delivered
19646,Cancelled
15819,Delivered
8113,Processing
5684,Processing
15433,Shipped
19471,Shipped
1794,Delivered
5231,Processing
8152,Delivered
6668,Shipped
5408,Processing
6019,Processing
19356,Cancelled
1081,Pending
3105,Processing
10390,Shipped
1302,Processing
7314,Cancelled
4512,Shipped
19403,Processing
11679,Shipped
17642,Shipped
16872,Delivered
17967,Processing
941,Cancelled
17015,Pending
8871,Pending
19325,Delivered
13487,Cancelled
4703,Cancelled
8569,Pending
15997,Processing
9635,Shipped
16123,Shipped
14644,Processing
8490,Processing
423,Pending
2117,Shipped
12097,Shipped
5490,Delivered
18863,Processing
5420,Pending
18409,Cancelled
17009,Shipped
11563,Processing
10951,Cancelled
5063,Delivered
7531,Shipped
7201,Pending
18779,Pending
19096,Shipped
3702,Shipped
1919,Delivered
7318,Delivered
11951,Delivered
16096,Delivered
12506,Shipped
8088,Delivered
2752,Processing
17052,Shipped
3324,Processing
14963,Pending
7647,Shipped
1752,Shipped
12493,Processing
5028,Processing
6824,Cancelled
2965,Processing
3895,Shipped
4450,Pending
578,Cancelled
15539,Delivered
16228,Delivered
15966,Pending
2397,Delivered
11251,Shipped
18768,Pending
10881,Delivered
1906,Cancelled
16623,Shipped
12958,Delivered
15296,Cancelled
15990,Pending
726,Processing
4907,Delivered
1116,Shipped
19465,Pending
5636,Delivered
16168,Delivered
5090,Processing
6029,Cancelled
12152,Processing
5380,Delivered
5855,Cancelled
17634,Shipped
14626,Pending
11632,Delivered
2056,Pending
14428,Delivered
12010,Shipped
19616,Cancelled
4920,Cancelled
13380,Processing
1657,Delivered
13536,Pending
6181,Delivered
3118,Processing
2576,Delivered
10147,Shipped
6365,Shipped
753,Pending
6068,Cancelled
18788,Processing
8864,Processing
6607,Pending
18444,Cancelled
7768,Shipped
11516,Cancelled
11495,Cancelled
11013,Cancelled
4976,Shipped
19497,Pending
12232,Processing
18408,Cancelled
12028,Pending
18921,Cancelled
47,Processing
13352,Processing
12635,Delivered
9082,Delivered
3878,Delivered
10549,Shipped
1689,Delivered
5040,Cancelled
4034,Delivered
216,Delivered
12469,Processing
6198,Cancelled
8566,Processing
884,Pending
1368,Shipped
11303,Processing
16303,Cancelled
8352,Processing
16329,Cancelled
18431,Shipped
6378,Delivered
18023,Cancelled
1174,Shipped
15153,Shipped
18899,Cancelled
14632,Pending
12532,Delivered
10390,Delivered
8399,Processing
5078,Pending
17185,Pending
16540,Shipped
3678,Pending
14762,Delivered
5254,Shipped
18653,Cancelled
10235,Delivered
16127,Cancelled
13765,Cancelled
18672,Delivered
6008,Shipped
3269,Delivered
53,Delivered
4030,Processing
4051,Delivered
8823,Delivered
8596,Pending
13009,Cancelled
8218,Pending
1832,Cancelled
6725,Processing
9622,Pending
11304,Pending
226,Pending
5076,Processing
12255,Pending
19303,Pending
18965,Processing
12474,Pending
567,Pending
6166,Shipped
12550,Delivered
6309,Pending
4493,Shipped
1081,Cancelled
18520,Shipped
15364,Cancelled
2973,Cancelled
15979,Cancelled
11002,Shipped
14851,Shipped
19862,Cancelled
7443,Processing
12308,Delivered
8287,Shipped
9413,Cancelled
997,Processing
15745,Shipped
9052,Delivered
11553,Pending
3482,Delivered
3687,Pending
9013,Processing
18328,Delivered
8028,Delivered
4494,Processing
16235,Pending
12643,Pending
16558,Processing
2068,Cancelled
19690,Pending
13050,Delivered
10969,Delivered
2981,Processing
9910,Delivered
11979,Cancelled
6167,Cancelled
16700,Cancelled
12146,Shipped
4410,Shipped
15355,Processing
17313,Delivered
19980,Pending
13366,Cancelled
4156,Pending
9940,Cancelled
5157,Shipped
1600,Cancelled
11489,Delivered
16801,Cancelled
18953,Pending
886,Cancelled
15180,Cancelled
8358,Pending
12040,Shipped
5028,Processing
13230,Processing
6207,Cancelled
11548,Delivered
16710,Shipped
13952,Cancelled
12165,Pending
9776,Delivered
9214,Pending
5811,Shipped
16058,Shipped
4630,Processing
4221,Delivered
9019,Cancelled
11755,Shipped
226,Shipped
18302,Cancelled
18332,Cancelled
7162,Cancelled
19039,Cancelled
9425,Processing
8335,Delivered
19515,Processing
8982,Shipped
11832,Shipped
7790,Pending
5063,Pending
4825,Cancelled
4274,Delivered
7551,Delivered
5149,Processing
10490,Cancelled
1377,Processing
14348,Cancelled
8794,Shipped
9182,Shipped
4812,Shipped
7013,Pending
19510,Cancelled
19199,Processing
3032,Shipped
7087,Delivered
1462,Pending
7153,Cancelled
8048,Processing
2060,Cancelled
11877,Cancelled
15275,Cancelled
11504,Processing
1349,Pending
19424,Processing
6931,Pending
3102,Shipped
912,Shipped
17188,Shipped
17490,Pending
6678,Processing
5775,Delivered
8506,Shipped
3857,Pending
8133,Processing
18903,Pending
15442,Shipped
19921,Processing
6662,Pending
10322,Delivered
15404,Delivered
3773,Pending
2676,Processing
10467,Cancelled
2869,Shipped
19868,Shipped
19436,Pending
2364,Processing
445,Delivered
18300,Cancelled
8145,Processing
2229,Delivered
4258,Processing
19859,Pending
11580,Cancelled
19545,Shipped
2874,Pending
17101,Pending
13955,Delivered
12077,Pending
6895,Delivered
11226,Shipped
6597,Delivered
19796,Shipped
18716,Cancelled
4687,Shipped
16743,Delivered
17536,Shipped
14649,Delivered
298,Delivered
8828,Processing
1608,Cancelled
16604,Cancelled
1221,Processing
14031,Cancelled
12653,Processing
5289,Shipped
19231,Shipped
17377,Shipped
6864,Shipped
314,Pending
5475,Cancelled
13698,Delivered
16130,Processing
3499,Cancelled
17314,Pending
12999,Cancelled
2447,Pending
12854,Pending
5309,Pending
1184,Shipped
4044,Shipped
4291,Processing
15167,Delivered
10660,Delivered
17538,Processing
17236,Processing
15251,Shipped
15932,Shipped
4825,Pending
5965,Delivered
1669,Processing
4781,Cancelled
2443,Delivered
8429,Cancelled
19154,Cancelled
9331,Shipped
8452,Shipped
5110,Shipped
7434,Shipped
16230,Processing
7917,Shipped
19030,Shipped
15617,Processing
3276,Processing
5913,Processing
13451,Pending
14745,Processing
13942,Pending
11913,Shipped
10118,Processing
4836,Pending
5524,Processing
17619,Cancelled
16641,Shipped
8682,Processing
14942,Processing
15882,Shipped
8872,Pending
3094,Delivered
5494,Processing
9891,Shipped
16556,Pending
10491,Pending
4871,Shipped
15561,Delivered
1122,Pending
12141,Pending
1724,Delivered
15630,Pending
18808,Processing
4972,Delivered
3760,Delivered
17254,Shipped
10035,Shipped
11606,Delivered
7717,Cancelled
5937,Cancelled
1157,Pending
16756,Cancelled
19226,Processing
17108,Cancelled
3153,Cancelled
13222,Cancelled
9610,Pending
1477,Cancelled
15409,Delivered
91,Delivered
12911,Pending
6790,Shipped
19243,Shipped
17741,Delivered
1959,Pending
2588,Delivered
1361,Cancelled
7839,Processing
13399,Pending
5207,Cancelled
4465,Shipped
431,Processing
8623,Cancelled
16677,Cancelled
8934,Shipped
16839,Cancelled
6372,Pending
10316,Delivered
14178,Delivered
12783,Cancelled
3644,Delivered
11091,Shipped
5090,Processing
13544,Cancelled
14776,Processing
14846,Cancelled
6220,Cancelled
9429,Processing
14325,Shipped
786,Pending
8466,Pending
16480,Pending
10059,Cancelled
18641,Cancelled
12684,Pending
12091,Processing
4090,Delivered
13914,Pending
8904,Pending
6352,Shipped
4355,Shipped
5118,Shipped
4520,Processing
7244,Delivered
19426,Pending
14792,Shipped
8858,Shipped
17189,Cancelled
15349,Pending
2317,Cancelled
18504,Processing
13520,Pending
11490,Shipped
11693,Shipped
3248,Cancelled
10056,Pending
10020,Delivered
6389,Processing
3708,Processing
17530,Cancelled
15712,Delivered
6983,Processing
14151,Shipped
11672,Processing
9470,Pending
18084,Processing
1550,Shipped
7739,Delivered
8072,Cancelled
221,Delivered
17855,Cancelled
18608,Processing
1252,Processing
5247,Shipped
14391,Shipped
2130,Cancelled
2981,Cancelled
6683,Processing
14161,Shipped
9561,Cancelled
4293,Pending
3857,Processing
19554,Processing
8396,Delivered
15927,Delivered
9558,Processing
14168,Delivered
8772,Delivered
18753,Pending
11910,Pending
10956,Pending
17661,Pending
11774,Delivered
7799,Processing
12164,Delivered
7923,Shipped
6955,Processing
18195,Pending
171,Cancelled
5110,Pending
19028,Cancelled
13726,Processing
8790,Cancelled
7911,Delivered
2907,Pending
3765,Processing
2526,Cancelled
7503,Pending
2462,Delivered
10906,Pending
12299,Pending
6684,Cancelled
6116,Cancelled
7898,Delivered
7461,Shipped
18868,Pending
17498,Processing
10161,Shipped
7734,Shipped
2977,Processing
6069,Pending
17022,Delivered
9408,Cancelled
5716,Processing
10618,Shipped
11930,Processing
1990,Delivered
3924,Delivered
3228,Delivered
9818,Cancelled
10823,Cancelled
7752,Delivered
13915,Cancelled
8115,Processing
1889,Cancelled
12861,Pending
743,Pending
13693,Shipped
9518,Delivered
10385,Pending
12631,Pending
16293,Shipped
9181,Processing
5839,Processing
17910,Pending
7767,Pending
15007,Cancelled
19788,Processing
2589,Pending
13302,Cancelled
6230,Processing
2042,Cancelled
5225,Shipped
12039,Cancelled
3493,Shipped
10418,Pending
193,Processing
18406,Pending
1497,Delivered
14308,Pending
17305,Shipped
653,Delivered
12197,Processing
13963,Pending
14279,Shipped
17857,Shipped
4738,Shipped
10583,Pending
7157,Shipped
18955,Cancelled
1240,Shipped
14257,Processing
3133,Delivered
16300,Processing
2326,Shipped
7448,Delivered
14493,Pending
3387,Cancelled
8783,Pending
2997,Shipped
494,Shipped
11919,Cancelled
15061,Cancelled
4027,Delivered
10498,Cancelled
14074,Delivered
17907,Pending
5544,Delivered
15167,Shipped
17291,Shipped
18573,Shipped
10333,Delivered
6886,Processing
13370,Processing
5261,Pending
16,Processing
15178,Cancelled
18571,Shipped
16614,Shipped
17143,Processing
8008,Processing
1811,Cancelled
16780,Processing
16621,Pending
2072,Processing
17530,Pending
12064,Pending
10617,Delivered
3965,Processing
10106,Delivered
1676,Shipped
11040,Pending
11450,Pending
626,Delivered
12341,Processing
12877,Processing
5638,Cancelled
4194,Delivered
16177,Delivered
13716,Processing
17120,Cancelled
13699,Processing
9439,Cancelled
6912,Shipped
15512,Shipped
15685,Shipped
8177,Delivered
3272,Delivered
7763,Processing
9464,Pending
376,Pending
8692,Delivered
1377,Shipped
11203,Shipped
16445,Cancelled
12173,Delivered
19675,Processing
6359,Cancelled
6155,Processing
4476,Shipped
4914,Delivered
8165,Pending
1287,Processing
5693,Shipped
10001,Cancelled
18488,Shipped
18754,Cancelled
2763,Shipped
12132,Delivered
19200,Pending
15672,Cancelled
15868,Delivered
2630,Shipped
3266,Delivered
5945,Processing
10318,Pending
18350,Pending
9818,Processing
8596,Cancelled
13378,Shipped
10239,Pending
15815,Pending
6531,Shipped
2402,Delivered
18065,Processing
4350,Shipped
12994,Cancelled
7287,Cancelled
18383,Shipped
16820,Delivered
14618,Pending
17748,Pending
16343,Processing
9255,Cancelled
13479,Delivered
5901,Delivered
3971,Cancelled
10063,Delivered
16112,Cancelled
11303,Cancelled
9297,Processing
3134,Cancelled
6592,Shipped
17322,Cancelled
5368,Delivered
5060,Processing
13424,Shipped
18293,Cancelled
16008,Cancelled
9574,Processing
3088,Delivered
12376,Cancelled
15199,Pending
17414,Pending
17552,Delivered
2988,Shipped
12092,Cancelled
1612,Delivered
9617,Shipped
2293,Delivered
10783,Processing
17830,Shipped
9430,Pending
5298,Processing
16288,Cancelled
8562,Pending
12577,Shipped
16478,Shipped
5023,Delivered
19570,Shipped
10433,Shipped
7869,Delivered
2781,Shipped
8690,Pending
12561,Delivered
19325,Cancelled
9635,Cancelled
7071,Processing
5549,Delivered
897,Delivered
10536,Cancelled
15391,Delivered
18501,Processing
7926,Delivered
3684,Processing
8311,Shipped
14739,Processing
12108,Cancelled
3693,Pending
16424,Delivered
17029,Delivered
11613,Delivered
16271,Cancelled
4076,Shipped
9119,Processing
4142,Cancelled
7214,Shipped
15183,Delivered
12319,Pending
18067,Pending
2387,Pending
8580,Cancelled
11417,Cancelled
18857,Delivered
2581,Delivered
6379,Pending
11437,Pending
12143,Processing
19795,Delivered
17876,Delivered
18250,Processing
6044,Shipped
13192,Delivered
11831,Processing
15107,Cancelled
4622,Processing
4855,Shipped
7333,Processing
10059,Pending
15580,Pending
19157,Delivered
1646,Delivered
12629,Pending
6124,Cancelled
16296,Cancelled
3281,Pending
13377,Pending
15764,Pending
4891,Delivered
7253,Processing
15089,Shipped
10979,Pending
16006,Processing
19106,Cancelled
18191,Processing
18521,Pending
3126,Cancelled
8255,Pending
15518,Pending
3958,Processing
16890,Shipped
873,Shipped
17830,Delivered
15368,Delivered
369,Shipped
18258,Cancelled
15951,Delivered
4267,Delivered
15574,Delivered
7268,Shipped
8770,Pending
7928,Shipped
6548,Pending
18280,Processing
9239,Delivered
11294,Shipped
4514,Pending
16483,Processing
13205,Shipped
17899,Cancelled
1902,Pending
16191,Shipped
5029,Delivered
15385,Cancelled
4601,Pending
11146,Delivered
14491,Pending
167,Processing
5673,Shipped
16484,Pending
19740,Processing
1296,Pending
12287,Pending
217,Pending
2820,Pending
15631,Delivered
18581,Shipped
12015,Pending
1806,Pending
3938,Processing
18124,Pending
10535,Cancelled
2506,Delivered
14672,Pending
6002,Processing
43,Shipped
12107,Pending
14095,Pending
19819,Shipped
7040,Shipped
17270,Cancelled
15073,Pending
4076,Cancelled
14495,Shipped
13599,Processing
11495,Cancelled
19602,Processing
18887,Processing
5338,Cancelled
13531,Shipped
2700,Cancelled
3279,Cancelled
2233,Shipped
2581,Processing
7490,Shipped
2306,Pending
9053,Cancelled
18150,Pending
3284,Processing
17804,Cancelled
6915,Processing
10396,Cancelled
686,Cancelled
12097,Processing
15852,Shipped
4261,Cancelled
17341,Cancelled
15079,Cancelled
12574,Processing
11660,Delivered
18853,Cancelled
1323,Pending
18828,Delivered
9232,Shipped
9406,Shipped
5074,Cancelled
4083,Delivered
2371,Cancelled
15799,Shipped
18517,Processing
18672,Processing
2955,Shipped
11540,Pending
17213,Pending
16160,Shipped
6023,Cancelled
10752,Shipped
11618,Delivered
11195,Processing
12847,Shipped
19812,Pending
1709,Delivered
5020,Delivered
12368,Processing
5752,Delivered
14986,Processing
6717,Delivered
9025,Processing
11004,Cancelled
8192,Shipped
6433,Shipped
10463,Pending
621,Shipped
12848,Cancelled
13182,Delivered
14717,Shipped
15356,Pending
12955,Processing
19726,Shipped
18035,Processing
17442,Processing
5610,Cancelled
7890,Pending
3119,Processing
991,Shipped
15346,Shipped
10698,Cancelled
19391,Processing
14266,Processing
6204,Cancelled
17209,Delivered
12432,Delivered
5507,Delivered
19789,Cancelled
4086,Pending
9425,Shipped
7251,Processing
5193,Cancelled
8961,Cancelled
14718,Pending
1334,Cancelled
4505,Processing
7339,Delivered
4000,Pending
4058,Cancelled
16901,Shipped
19848,Processing
18500,Shipped
16782,Cancelled
13249,Pending
1908,Delivered
2616,Delivered
2577,Processing
19168,Shipped
1455,Processing
19773,Delivered
18765,Shipped
7775,Delivered
4022,Cancelled
3396,Processing
18532,Pending
18094,Cancelled
17755,Pending
3500,Delivered
508,Cancelled
8318,Cancelled
11295,Pending
2459,Processing
18779,Pending
4482,Cancelled
1401,Pending
16984,Pending
15388,Cancelled
11304,Cancelled
7820,Processing
4627,Cancelled
9676,Shipped
17090,Processing
997,Delivered
9600,Delivered
18063,Processing
9044,Pending
10069,Shipped
5341,Delivered
13370,Shipped
19619,Processing
14593,Processing
9207,Shipped
15637,Pending
19291,Processing
13947,Delivered
10842,Shipped
12080,Processing
17261,Cancelled
18229,Shipped
16803,Processing
16279,Pending
17982,Shipped
4453,Delivered
17770,Delivered
19194,Pending
2257,Delivered
10688,Pending
3009,Processing
18106,Cancelled
6787,Pending
9505,Delivered
16722,Delivered
13508,Cancelled
820,Processing
1736,Cancelled
4266,Delivered
14133,Delivered
1991,Pending
14937,Pending
9456,Cancelled
203,Cancelled
6699,Processing
11487,Cancelled
9296,Delivered
16376,Processing
7921,Cancelled
2432,Delivered
11422,Delivered
17202,Delivered
5224,Delivered
8730,Cancelled
6694,Delivered
15112,Cancelled
19321,Cancelled
16948,Shipped
8911,Shipped
7712,Processing
12382,Pending
11388,Processing
14799,Delivered
11922,Processing
17489,Pending
4515,Cancelled
6566,Shipped
3694,Processing
18278,Processing
11232,Delivered
6665,Delivered
12347,Shipped
19516,Delivered
12702,Shipped
3631,Delivered
1087,Processing
12965,Pending
15850,Shipped
16128,Shipped
4169,Shipped
6527,Cancelled
4712,Cancelled
8973,Delivered
3787,Shipped
8516,Processing
4744,Delivered
11684,Cancelled
6524,Delivered
12617,Processing
8915,Processing
3378,Pending
17668,Delivered
6547,Processing
13925,Pending
14896,Delivered
13995,Processing
5819,Shipped
16128,Cancelled
10965,Processing
7261,Processing
19238,Shipped
1388,Pending
6543,Cancelled
16208,Shipped
935,Delivered
10492,Pending
13329,Shipped
598,Processing
17841,Cancelled
14462,Pending
18363,Processing
1907,Processing
14178,Delivered
6946,Cancelled
15106,Pending
18786,Pending
17667,Delivered
19058,Delivered
6241,Processing
16073,Delivered
13628,Processing
14888,Processing
4368,Shipped
17305,Processing
9806,Processing
3517,Delivered
10393,Delivered
17870,Shipped
8826,Shipped
8733,Delivered
10789,Pending
6270,Shipped
14946,Shipped
19707,Shipped
12249,Pending
104,Pending
1790,Pending
5694,Processing
3231,Processing
10050,Shipped
18392,Pending
62,Pending
7223,Processing
8867,Cancelled
9755,Processing
1423,Shipped
13509,Cancelled
11878,Processing
3934,Pending
9888,Delivered
904,Cancelled
11012,Pending
598,Cancelled
313,Pending
19902,Processing
14104,Cancelled
14935,Pending
12757,Pending
18888,Shipped
8064,Cancelled
7328,Delivered
19372,Pending
5153,Cancelled
8465,Pending
3049,Pending
13657,Cancelled
11862,Pending
3358,Pending
2971,Cancelled
16256,Cancelled
9152,Delivered
15414,Processing
5473,Pending
4829,Pending
11443,Processing
9475,Cancelled
16566,Shipped
14818,Pending
6468,Cancelled
594,Processing
7971,Delivered
9210,Cancelled
7054,Processing
763,Delivered
3246,Shipped
14503,Shipped
16287,Shipped
9593,Cancelled
13354,Delivered
12031,Processing
14793,Cancelled
6958,Pending
9995,Shipped
3672,Cancelled
14414,Pending
3602,Pending
17591,Cancelled
12930,Processing
14737,Delivered
3906,Delivered
6484,Pending
10868,Shipped
5100,Pending
1819,Delivered
14297,Cancelled
5395,Shipped
11290,Shipped
2704,Delivered
13543,Pending
6546,Delivered
12379,Shipped
8138,Pending
15530,Cancelled
14151,Shipped
15740,Pending
16872,Processing
8684,Delivered
54,Delivered
13525,Processing
18994,Pending
14493,Processing
4,Pending
15339,Shipped
9102,Shipped
17981,Pending
10506,Delivered
19053,Pending
9972,Delivered
1451,Shipped
4972,Processing
19769,Shipped
3298,Shipped
8048,Cancelled
4552,Processing
2813,Delivered
11993,Delivered
4177,Delivered
12853,Processing
15031,Processing
13006,Delivered
11369,Cancelled
17929,Delivered
9630,Cancelled
19345,Delivered
1247,Pending
15144,Shipped
9471,Shipped
18754,Delivered
6837,Processing
7442,Cancelled
8334,Shipped
5098,Cancelled
1486,Shipped
5150,Pending
3688,Pending
3428,Shipped
4172,Cancelled
13676,Cancelled
1183,Cancelled
7697,Processing
13643,Delivered
2426,Cancelled
6408,Delivered
10123,Shipped
17982,Pending
2148,Processing
15468,Shipped
19827,Pending
16281,Processing
3839,Delivered
10139,Cancelled
17972,Pending
7247,Shipped
931,Shipped
1634,Cancelled
8956,Delivered
12610,Shipped
2762,Processing
10270,Cancelled
12716,Processing
12877,Shipped
17561,Processing
4021,Delivered
13211,Pending
9355,Processing
530,Delivered
12068,Pending
6744,Delivered
1308,Shipped
16575,Processing
6898,Processing
11319,Cancelled
1483,Delivered
335,Shipped
3372,Delivered
6130,Delivered
9842,Delivered
11884,Cancelled
1343,Delivered
11426,Shipped
519,Pending
7964,Delivered
9717,Delivered
2614,Cancelled
8217,Shipped
2206,Delivered
2656,Processing
3564,Delivered
10483,Processing
1513,Delivered
2251,Processing
9700,Shipped
2217,Shipped
16781,Shipped
2251,Pending
18486,Processing
15890,Delivered
19057,Cancelled
12708,Delivered
632,Shipped
9195,Shipped
9581,Shipped
1350,Pending
6015,Processing
8281,Cancelled
5675,Shipped
1285,Pending
16489,Cancelled
4349,Processing
16127,Shipped
5334,Pending
95,Shipped
7858,Cancelled
1984,Processing
4265,Shipped
2309,Processing
17404,Delivered
107,Delivered
12400,Shipped
2115,Shipped
19766,Cancelled
5382,Cancelled
13996,Shipped
11190,Pending
10528,Shipped
18446,Delivered
3955,Shipped
13630,Processing
10232,Shipped
11239,Pending
17758,Cancelled
14645,Pending
4377,Pending
12421,Cancelled
19239,Shipped
15516,Pending
16945,Cancelled
15434,Cancelled
4692,Cancelled
18250,Cancelled
4074,Pending
13072,Pending
3363,Cancelled
5183,Processing
3731,Delivered
12803,Shipped
1990,Shipped
4063,Delivered
19465,Pending
8728,Processing
6358,Pending
4702,Shipped
16298,Processing
3407,Shipped
16804,Shipped
18384,Shipped
10670,Cancelled
426,Shipped
17979,Cancelled
7985,Shipped
7576,Processing
2514,Processing
12976,Cancelled
19214,Shipped
10968,Shipped
1638,Processing
6832,Pending
10380,Processing
5400,Cancelled
16724,Cancelled
1398,Cancelled
6406,Shipped
8491,Delivered
5246,Pending
19158,Processing
11706,Shipped
3722,Delivered
8021,Processing
6715,Delivered
1260,Delivered
6670,Delivered
6884,Cancelled
7176,Pending
3290,Shipped
213,Shipped
13399,Processing
7122,Cancelled
10435,Delivered
1966,Cancelled
14475,Pending
1375,Processing
16343,Shipped
2107,Pending
13655,Cancelled
11204,Processing
18731,Cancelled
12803,Delivered
3086,Pending
1195,Pending
7522,Shipped
4159,Cancelled
19318,Shipped
10220,Pending
10152,Delivered
6824,Cancelled
8918,Delivered
5675,Delivered
14931,Cancelled
3191,Pending
7223,Delivered
12337,Pending
4833,Delivered
14494,Delivered
15582,Delivered
8129,Cancelled
9184,Pending
16204,Processing
7181,Pending
3190,Pending
3483,Pending
4246,Shipped
17949,Delivered
15494,Delivered
3640,Delivered
17590,Delivered
2891,Processing
2625,Pending
11499,Pending
12275,Processing
17442,Cancelled
18903,Delivered
2542,Shipped
3918,Shipped
2997,Delivered
16189,Shipped
2048,Shipped
13406,Shipped
19330,Pending
15031,Shipped
5754,Processing
17997,Delivered
19150,Cancelled
12014,Shipped
3941,Processing
19889,Cancelled
2012,Delivered
59,Shipped
1742,Pending
5286,Pending
12333,Cancelled
18687,Cancelled
12995,Shipped
2252,Cancelled
2393,Shipped
16430,Cancelled
8593,Cancelled
3045,Delivered
12526,Processing
12327,Shipped
4491,Pending
2384,Processing
5639,Processing
6182,Delivered
15130,Cancelled
7369,Shipped
6935,Delivered
16746,Processing
9832,Pending
15049,Processing
17302,Shipped
12825,Cancelled
5468,Cancelled
18738,Processing
3565,Processing
10345,Cancelled
9428,Shipped
4412,Delivered
12693,Shipped
14667,Pending
3899,Delivered
12222,Shipped
19044,Shipped
17235,Processing
7806,Shipped
2521,Delivered
16637,Cancelled
5771,Cancelled
16864,Delivered
13014,Processing
2556,Shipped
2748,Pending
3714,Pending
5444,Cancelled
13376,Cancelled
14671,Delivered
11324,Cancelled
1216,Pending
4165,Processing
7774,Pending
11334,Pending
11895,Cancelled
8471,Processing
7078,Delivered
11044,Processing
18956,Processing
2454,Delivered
1048,Processing
3907,Delivered
1687,Delivered
1855,Processing
3035,Delivered
10093,Pending
4160,Pending
1455,Pending
14586,Delivered
566,Pending
11214,Processing
1161,Delivered
19939,Shipped
9893,Delivered
86,Pending
10996,Pending
3089,Processing
9408,Delivered
1765,Cancelled
3087,Processing
18601,Processing
11500,Delivered
13357,Cancelled
6949,Pending
4216,Processing
17064,Pending
19288,Cancelled
14631,Shipped
11640,Processing
8810,Processing
984,Delivered
17929,Shipped
1372,Shipped
9804,Delivered
2508,Cancelled
11920,Shipped
17139,Delivered
363,Shipped
10003,Processing
7837,Shipped
11988,Shipped
16453,Delivered
6901,Pending
13340,Cancelled
4167,Processing
10080,Pending
17682,Pending
1547,Processing
16440,Cancelled
9979,Pending
2605,Cancelled
1594,Processing
16723,Processing
18570,Cancelled
7187,Pending
477,Delivered
8899,Cancelled
7431,Processing
11089,Shipped
4053,Cancelled
8666,Delivered
13162,Cancelled
14455,Cancelled
15575,Delivered
8,Delivered
4464,Processing
804,Processing
4719,Pending
4090,Delivered
10642,Cancelled
7002,Shipped
11896,Shipped
714,Delivered
13236,Processing
5999,Cancelled
9643,Delivered
7715,Pending
10588,Delivered
18478,Shipped
7643,Pending
2781,Shipped
588,Pending
5174,Cancelled
12653,Pending
11848,Pending
7120,Cancelled
15677,Delivered
10447,Shipped
18187,Delivered
233,Cancelled
17771,Pending
1029,Shipped
9761,Processing
13639,Cancelled
8702,Pending
12860,Shipped
6730,Cancelled
14499,Cancelled
19745,Delivered
13902,Shipped
8660,Processing
13441,Processing
16781,Cancelled
2960,Cancelled
14421,Cancelled
12431,Shipped
16408,Pending
1636,Cancelled
18476,Shipped
7053,Cancelled
4817,Delivered
9951,Shipped
14434,Delivered
15372,Processing
299,Cancelled
8285,Processing
16749,Shipped
1579,Shipped
14233,Processing
19129,Processing
9153,Cancelled
4044,Delivered
10809,Delivered
17713,Delivered
8267,Delivered
10413,Delivered
4096,Cancelled
4292,Pending
1491,Pending
3649,Shipped
19956,Delivered
4567,Shipped
17986,Delivered
11180,Processing
16360,Processing
4273,Pending
6304,Shipped
3996,Cancelled
13715,Processing
11001,Pending
3671,Delivered
10139,Delivered
16201,Shipped
18004,Processing
2285,Delivered
1976,Shipped
5087,Cancelled
16041,Pending
15559,Cancelled
16027,Shipped
7637,Delivered
3038,Shipped
14243,Cancelled
11044,Pending
5132,Cancelled
569,Delivered
3439,Delivered
12315,Shipped
13714,Delivered
10997,Delivered
765,Cancelled
6145,Processing
12962,Delivered
8260,Shipped
3124,Cancelled
2043,Shipped
6802,Pending
2728,Shipped
18233,Processing
17198,Shipped
7960,Pending
18337,Processing
17060,Processing
4779,Pending
12404,Delivered
10137,Shipped
11608,Shipped
3092,Cancelled
4214,Cancelled
6471,Delivered
11795,Processing
17196,Delivered
8790,Cancelled
16917,Delivered
11797,Processing
13400,Cancelled
14906,Processing
10335,Pending
19929,Processing
19571,Processing
12273,Shipped
17587,Delivered
197,Delivered
11920,Shipped
16150,Processing
5439,Processing
17218,Processing
7320,Delivered
13664,Pending
14128,Shipped
17423,Processing
13103,Cancelled
7383,Shipped
14707,Cancelled
15383,Shipped
15237,Cancelled
16803,Processing
5029,Shipped
19814,Pending
14685,Processing
207,Shipped
13705,Shipped
15083,Delivered
10344,Delivered
3602,Shipped
8445,Cancelled
7968,Processing
10691,Processing
4796,Pending
6718,Processing
8949,Pending
3999,Delivered
10645,Shipped
9150,Processing
6735,Delivered
7957,Processing
16960,Pending
4491,Pending
11569,Pending
4969,Pending
16458,Delivered
11892,Delivered
5142,Delivered
2453,Shipped
8516,Pending
17322,Shipped
5321,Pending
5032,Delivered
16194,Cancelled
8493,Delivered
17885,Delivered
17899,Pending
12211,Cancelled
19069,Processing
19857,Delivered
5082,Processing
12316,Cancelled
10106,Delivered
7047,Cancelled
5200,Processing
17429,Delivered
4176,Shipped
15412,Delivered
14522,Delivered
8540,Cancelled
19946,Shipped
4921,Pending
9189,Shipped
8302,Shipped
13632,Processing
18271,Shipped
818,Cancelled
7294,Pending
9869,Pending
4500,Cancelled
13860,Processing
9831,Shipped
162,Processing
8734,Delivered
13695,Delivered
14764,Delivered
3081,Pending
17295,Cancelled
18072,Pending
8302,Cancelled
19992,Cancelled
759,Pending
11897,Cancelled
3870,Cancelled
7345,Pending
5865,Processing
19979,Shipped
16459,Processing
13031,Cancelled
8093,Cancelled
11840,Delivered
6246,Pending
19519,Shipped
2958,Pending
10946,Pending
14266,Shipped
6783,Pending
11348,Cancelled
14383,Processing
8608,Delivered
4725,Processing
8707,Delivered
16183,Processing
4395,Shipped
2750,Shipped
7087,Delivered
19101,Shipped
4770,Cancelled
10960,Processing
8548,Pending
9777,Cancelled
12425,Shipped
19018,Pending
2109,Delivered
6067,Delivered
16889,Pending
9303,Cancelled
7545,Cancelled
3351,Delivered
8625,Processing
4988,Cancelled
19934,Processing
10658,Cancelled
2752,Shipped
5044,Processing
6731,Delivered
9662,Delivered
13365,Delivered
4454,Pending
15492,Shipped
5229,Delivered
10721,Shipped
6437,Pending
848,Cancelled
7183,Processing
15002,Shipped
13089,Shipped
3222,Delivered
17099,Delivered
11084,Processing
2579,Delivered
2717,Shipped
16612,Pending
18741,Processing
7516,Shipped
1440,Delivered
17641,Pending
9054,Delivered
1438,Processing
11952,Shipped
3066,Processing
5159,Processing
4394,Pending
9696,Delivered
11726,Processing
11451,Pending
13652,Shipped
1497,Cancelled
15567,Shipped
1761,Delivered
14301,Shipped
16631,Cancelled
1759,Cancelled
16097,Processing
698,Shipped
18453,Delivered
15569,Cancelled
12324,Shipped
990,Shipped
5798,Cancelled
1076,Delivered
5740,Pending
10573,Delivered
16072,Pending
7904,Shipped
979,Cancelled
10215,Shipped
5472,Shipped
8773,Processing
2743,Cancelled
7085,Cancelled
15939,Pending
10352,Shipped
6981,Processing
19764,Cancelled
11944,Delivered
1916,Cancelled
2678,Cancelled
8738,Shipped
18157,Cancelled
13138,Processing
1353,Delivered
1163,Cancelled
2619,Processing
14112,Delivered
13671,Pending
1405,Pending
5086,Processing
16722,Delivered
17239,Delivered
3570,Cancelled
14736,Delivered
9151,Delivered
10270,Shipped
17689,Shipped
7528,Cancelled
7820,Cancelled
13390,Delivered
17209,Processing
11371,Shipped
6693,Shipped
12111,Shipped
5386,Delivered
10140,Shipped
9201,Delivered
696,Cancelled
6572,Cancelled
2162,Delivered
19536,Pending
5568,Delivered
967,Cancelled
1660,Processing
2458,Delivered
7931,Pending
10385,Shipped
11083,Shipped
4463,Cancelled
7490,Delivered
16914,Processing
13490,Processing
6481,Shipped
18980,Shipped
3032,Processing
3885,Shipped
15510,Processing
17791,Delivered
15819,Shipped
1962,Delivered
1420,Delivered
17594,Cancelled
12677,Delivered
15299,Pending
6610,Processing
18363,Shipped
7736,Cancelled
804,Cancelled
1578,Shipped
154,Processing
6976,Delivered
8273,Cancelled
6085,Pending
10636,Pending
11688,Cancelled
5849,Processing
17724,Delivered
13034,Processing
881,Pending
5958,Pending
15798,Cancelled
12731,Processing
1523,Processing
14571,Delivered
2394,Cancelled
12049,Pending
2148,Pending
3327,Pending
16847,Processing
13565,Cancelled
19224,Cancelled
10984,Processing
10015,Pending
18507,Shipped
847,Delivered
18964,Pending
11609,Shipped
12037,Pending
6640,Shipped
3806,Pending
8589,Cancelled
9536,Pending
2510,Delivered
17078,Pending
6835,Delivered
4562,Cancelled
9673,Shipped
8486,Pending
11422,Delivered
11216,Shipped
9956,Delivered
13304,Delivered
7351,Processing
2659,Pending
9267,Pending
17940,Pending
17680,Pending
4128,Processing
10818,Cancelled
8538,Shipped
10286,Delivered
47,Cancelled
11263,Shipped
17213,Shipped
14350,Cancelled
1366,Processing
18944,Shipped
18548,Shipped
13508,Shipped
11775,Shipped
8458,Shipped
2240,Processing
7566,Pending
12193,Pending
1409,Pending
4497,Pending
10399,Delivered
13394,Delivered
486,Delivered
11004,Processing
18021,Delivered
3342,Delivered
1332,Pending
9338,Shipped
2482,Shipped
19565,Pending
14903,Processing
12625,Cancelled
16175,Shipped
3578,Cancelled
1786,Processing
8595,Pending
3661,Shipped
11978,Shipped
4337,Processing
9349,Shipped
14307,Pending
3345,Delivered
7418,Delivered
3897,Shipped
17442,Delivered
15658,Cancelled
4192,Cancelled
11223,Delivered
16232,Pending
12941,Cancelled
14576,Processing
13365,Shipped
5024,Delivered
2222,Shipped
14886,Shipped
422,Shipped
15604,Delivered
19600,Cancelled
4304,Pending
1604,Delivered
1737,Pending
10958,Shipped
13645,Processing
9585,Delivered
2252,Cancelled
17561,Delivered
10325,Delivered
16209,Shipped
1829,Shipped
10523,Processing
11488,Delivered
13264,Shipped
4355,Cancelled
2412,Shipped
7003,Processing
9382,Delivered
10633,Shipped
16604,Delivered
4680,Cancelled
15113,Pending
7410,Shipped
9237,Delivered
17827,Processing
6304,Shipped
13831,Cancelled
10913,Cancelled
19898,Pending
8936,Shipped
5272,Processing
2811,Cancelled
14802,Shipped
12197,Delivered
10646,Pending
16122,Shipped
12082,Pending
5595,Cancelled
16940,Processing
1155,Delivered
466,Cancelled
4115,Cancelled
6221,Shipped
13980,Pending
12741,Processing
6904,Cancelled
14737,Processing
1380,Pending
2317,Processing
16643,Delivered
10314,Shipped
19387,Pending
13080,Shipped
5485,Cancelled
12604,Pending
16402,Pending
3711,Shipped
8605,Shipped
6998,Pending
5598,Shipped
10784,Processing
15270,Delivered
3020,Pending
8760,Delivered
1338,Cancelled
18506,Cancelled
1185,Shipped
15383,Delivered
13647,Shipped
2799,Processing
896,Cancelled
17801,Processing
5060,Delivered
2496,Delivered
8328,Cancelled
12419,Processing
7316,Shipped
19480,Processing
14510,Processing
18826,Processing
9326,Cancelled
18074,Processing
15523,Cancelled
16503,Pending
15999,Delivered
1509,Cancelled
18943,Cancelled
19676,Pending
13941,Pending
263,Delivered
7891,Delivered
10977,Shipped
12444,Delivered
18526,Processing
12781,Delivered
10543,Cancelled
7358,Pending
18002,Pending
5420,Shipped
4676,Cancelled
14430,Cancelled
6715,Cancelled
6798,Delivered
12433,Processing
8353,Pending
11330,Cancelled
19258,Pending
12256,Cancelled
13103,Shipped
4173,Pending
8875,Cancelled
8308,Shipped
12611,Processing
16717,Cancelled
2545,Delivered
18560,Processing
9345,Shipped
15396,Delivered
7047,Delivered
18393,Shipped
1300,Delivered
6271,Delivered
12435,Cancelled
2118,Delivered
3889,Delivered
16856,Shipped
10417,Pending
12802,Cancelled
16319,Processing
8192,Processing
17400,Cancelled
17120,Processing
11890,Delivered
5008,Shipped
13594,Processing
7262,Pending
4858,Pending
15856,Pending
967,Delivered
717,Delivered
15001,Pending
1941,Delivered
13077,Pending
15297,Pending
13804,Cancelled
638,Processing
11497,Processing
3225,Delivered
7400,Shipped
15087,Processing
618,Pending
15867,Cancelled
11328,Pending
13804,Pending
17039,Delivered
13863,Cancelled
5459,Pending
5935,Processing
12291,Shipped
12510,Pending
7011,Delivered
17189,Pending
17570,Processing
577,Pending
14574,Pending
17951,Processing
14164,Pending
8574,Processing
1765,Delivered
19262,Cancelled
9907,Delivered
4354,Delivered
17740,Delivered
14219,Delivered
15005,Cancelled
16891,Shipped
9480,Pending
6988,Delivered
11131,Processing
9117,Delivered
610,Pending
9411,Processing
17584,Cancelled
16063,Pending
774,Delivered
15250,Processing
9184,Shipped
13401,Shipped
5808,Pending
2353,Shipped
5472,Pending
3306,Shipped
1259,Pending
12113,Shipped
14173,Pending
14524,Processing
15777,Processing
19390,Pending
16158,Processing
689,Cancelled
8298,Processing
8053,Cancelled
4448,Shipped
9598,Pending
17096,Cancelled
19608,Pending
19373,Shipped
19838,Processing
9146,Delivered
16609,Delivered
6767,Delivered
13474,Delivered
9459,Shipped
17263,Cancelled
18446,Pending
2621,Delivered
16519,Cancelled
16035,Processing
15222,Processing
4139,Delivered
5958,Pending
15501,Cancelled
6759,Pending
10594,Shipped
17883,Processing
10599,Pending
9289,Delivered
17302,Shipped
4195,Cancelled
11938,Processing
13025,Pending
4177,Delivered
5432,Processing
16772,Shipped
8242,Cancelled
10643,Delivered
13499,Delivered
19827,Cancelled
3247,Shipped
10584,Cancelled
9158,Shipped
12368,Shipped
4965,Delivered
6354,Cancelled
12855,Delivered
12033,Shipped
11083,Shipped
16667,Shipped
16297,Cancelled
3686,Delivered
7223,Delivered
1341,Processing
17302,Cancelled
8182,Delivered
17149,Pending
9918,Shipped
1226,Pending
12965,Processing
17956,Pending
17969,Delivered
17510,Pending
19031,Shipped
18241,Processing
926,Shipped
16734,Cancelled
18897,Shipped
9672,Shipped
16372,Shipped
11316,Delivered
1466,Delivered
13647,Cancelled
12749,Processing
11197,Pending
5719,Delivered
6983,Pending
3113,Cancelled
14056,Shipped
9309,Processing
10273,Shipped
19685,Delivered
13986,Shipped
19467,Pending
13217,Processing
2985,Shipped
18098,Cancelled
4162,Pending
16085,Pending
1480,Processing
427,Cancelled
11329,Pending
15242,Cancelled
9643,Cancelled
11905,Delivered
6133,Delivered
13693,Cancelled
2251,Pending
4620,Pending
10880,Processing
5202,Cancelled
688,Processing
11480,Processing
13733,Cancelled
15628,Shipped
6228,Delivered
4352,Cancelled
1804,Cancelled
5465,Delivered
4253,Cancelled
16731,Delivered
9935,Cancelled
7018,Shipped
10987,Processing
9789,Processing
7921,Processing
17937,Pending
14089,Delivered
18158,Delivered
496,Delivered
9874,Pending
6387,Processing
17504,Processing
17748,Cancelled
629,Processing
18936,Pending
6446,Cancelled
9882,Processing
16129,Pending
17424,Delivered
8592,Processing
16697,Processing
16013,Cancelled
2456,Delivered
9383,Processing
10265,Processing
7778,Pending
12228,Cancelled
8596,Delivered
7624,Pending
5504,Cancelled
10789,Delivered
8405,Cancelled
3585,Delivered
10987,Pending
7506,Processing
12449,Cancelled
8433,Pending
9369,Pending
1422,Shipped
14109,Pending
8668,Shipped
5124,Cancelled
12972,Pending
18770,Pending
17186,Processing
6632,Processing
7218,Delivered
2392,Pending
9096,Pending
15301,Shipped
2284,Shipped
10949,Pending
15363,Pending
11332,Delivered
17612,Pending
15903,Shipped
18858,Shipped
4084,Cancelled
8413,Pending
13344,Cancelled
3410,Pending
7824,Cancelled
14775,Delivered
18645,Cancelled
12808,Shipped
3586,Pending
10547,Shipped
9040,Processing
17390,Processing
2130,Pending
3959,Cancelled
10032,Processing
18299,Cancelled
19209,Processing
8995,Pending
5868,Pending
6951,Processing
17998,Delivered
2118,Processing
18645,Delivered
6085,Delivered
3063,Pending
18124,Cancelled
12562,Shipped
15648,Pending
11131,Pending
5150,Pending
16122,Shipped
9391,Processing
11390,Shipped
10941,Cancelled
18187,Pending
5073,Cancelled
6038,Processing
10343,Processing
17971,Cancelled
10032,Processing
763,Cancelled
12279,Delivered
18500,Processing
10403,Processing
841,Cancelled
8119,Shipped
9328,Pending
250,Delivered
19363,Shipped
19204,Pending
7174,Processing
9529,Processing
3913,Pending
2413,Cancelled
13256,Processing
15661,Cancelled
6569,Cancelled
9560,Cancelled
9776,Pending
16834,Processing
2001,Processing
3611,Processing
17922,Cancelled
10262,Pending
2039,Delivered
15588,Shipped
1618,Delivered
2175,Pending
10178,Delivered
13598,Processing
11252,Pending
15569,Delivered
1163,Cancelled
17933,Pending
12663,Delivered
17406,Cancelled
7299,Processing
13901,Delivered
2386,Shipped
8460,Shipped
8157,Cancelled
2481,Delivered
151,Delivered
7860,Delivered
8381,Shipped
4051,Pending
1585,Processing
18678,Cancelled
11262,Processing
4816,Pending
3845,Cancelled
17437,Pending
5385,Cancelled
4274,Processing
10179,Pending
14268,Shipped
3719,Shipped
2923,Shipped
12736,Processing
16593,Shipped
14224,Processing
16768,Pending
19396,Pending
10390,Cancelled
7266,Delivered
10686,Processing
14391,Processing
1583,Processing
12187,Shipped
17514,Processing
16301,Shipped
5369,Shipped
13756,Pending
17049,Delivered
4645,Processing
940,Processing
6428,Pending
4372,Shipped
1206,Delivered
1742,Pending
11587,Delivered
1603,Delivered
10463,Shipped
9587,Cancelled
8688,Cancelled
13481,Cancelled
13795,Pending
19585,Shipped
2994,Cancelled
16451,Processing
18413,Processing
2192,Cancelled
9772,Processing
11186,Processing
6076,Cancelled
19700,Delivered
15543,Pending
14884,Cancelled
14037,Shipped
11636,Cancelled
12208,Pending
7341,Pending
9420,Processing
9907,Cancelled
8014,Processing
6637,Shipped
7043,Delivered
4116,Cancelled
1281,Cancelled
11863,Cancelled
482,Cancelled
15306,Processing
14181,Cancelled
372,Delivered
17361,Delivered
14749,Cancelled
1344,Cancelled
1243,Delivered
5036,Shipped
10470,Pending
540,Delivered
14767,Shipped
9937,Processing
15232,Delivered
8734,Processing
11228,Cancelled
13368,Delivered
19992,Shipped
19937,Pending
14124,Cancelled
4359,Cancelled
4047,Pending
8449,Cancelled
13586,Processing
290,Processing
18379,Pending
10335,Shipped
17446,Pending
940,Pending
7873,Shipped
12886,Shipped
1090,Cancelled
2023,Cancelled
2308,Processing
8885,Pending
5031,Processing
13653,Shipped
19503,Processing
14808,Delivered
8782,Shipped
1893,Cancelled
14405,Shipped
1282,Delivered
10613,Processing
16195,Cancelled
736,Processing
14572,Processing
9058,Shipped
19010,Delivered
8763,Processing
9491,Delivered
8321,Processing
2024,Cancelled
10678,Processing
8162,Delivered
15409,Processing
15825,Processing
2251,Shipped
9861,Pending
5387,Delivered
6527,Pending
11498,Processing
3000,Processing
8396,Cancelled
15871,Processing
5784,Processing
19931,Shipped
14680,Delivered
12744,Delivered
17221,Pending
1797,Cancelled
4925,Delivered
10714,Pending
2056,Shipped
3427,Processing
17851,Pending
17750,Shipped
9616,Pending
3275,Cancelled
18669,Cancelled
17552,Shipped
19373,Cancelled
15111,Processing
18213,Cancelled
13937,Delivered
5527,Pending
6415,Delivered
17723,Pending
12929,Cancelled
16628,Pending
5369,Delivered
17425,Cancelled
9665,Pending
10526,Processing
12831,Shipped
19914,Delivered
11885,Delivered
11334,Shipped
2995,Cancelled
16891,Cancelled
7137,Processing
3408,Processing
5958,Cancelled
17343,Pending
623,Cancelled
3268,Cancelled
13848,Processing
13198,Processing
6958,Delivered
7190,Cancelled
3132,Cancelled
15543,Processing
13796,Processing
1832,Processing
12018,Shipped
7332,Cancelled
12266,Delivered
5667,Delivered
11863,Processing
15391,Delivered
4432,Delivered
1607,Delivered
4071,Cancelled
3672,Cancelled
4892,Cancelled
6326,Shipped
16424,Shipped
10831,Processing
12511,Delivered
4719,Delivered
18469,Shipped
8306,Delivered
3756,Shipped
7631,Cancelled
9510,Delivered
12175,Pending
5006,Pending
17667,Shipped
11465,Shipped
516,Delivered
12410,Shipped
5915,Processing
11400,Cancelled
17204,Shipped
12849,Delivered
18329,Pending
19840,Processing
11285,Cancelled
2336,Delivered
333,Pending
11249,Shipped
17501,Processing
2093,Cancelled
15033,Delivered
217,Delivered
13621,Shipped
17287,Delivered
8660,Pending
17893,Processing
14801,Pending
15531,Processing
16923,Processing
17336,Pending
1196,Processing
6869,Delivered
12988,Processing
11863,Shipped
7587,Cancelled
3516,Processing
8827,Cancelled
9623,Pending
6703,Processing
7604,Pending
5559,Processing
14204,Pending
2173,Cancelled
9512,Shipped
18353,Shipped
15762,Pending
3179,Delivered
12666,Cancelled
17857,Delivered
12131,Delivered
18343,Processing
19310,Pending
13950,Delivered
5123,Shipped
18926,Shipped
16197,Cancelled
5544,Pending
7169,Shipped
15431,Processing
5137,Shipped
8112,Shipped
8462,Delivered
4577,Processing
6064,Shipped
1293,Pending
4845,Delivered
10233,Pending
15895,Pending
5510,Shipped
10786,Cancelled
17016,Processing
4745,Pending
10825,Pending
7659,Pending
7267,Processing
18898,Processing
4336,Pending
18133,Shipped
7000,Shipped
165,Delivered
10363,Shipped
8508,Cancelled
7968,Shipped
6800,Cancelled
17128,Cancelled
4987,Cancelled
462,Processing
12483,Processing
9288,Pending
6620,Cancelled
11928,Shipped
18750,Pending
14917,Pending
18033,Shipped
2401,Processing
5520,Shipped
10370,Cancelled
15647,Processing
10196,Shipped
6270,Delivered
8509,Processing
19296,Processing
6231,Delivered
13689,Processing
2605,Delivered
9094,Pending
10796,Pending
17584,Delivered
12902,Pending
7165,Delivered
17803,Delivered
11505,Shipped
880,Pending
13910,Delivered
7421,Delivered
2809,Delivered
14982,Pending
9121,Delivered
15402,Cancelled
14054,Shipped
6771,Delivered
201,Processing
5319,Pending
5442,Delivered
1966,Cancelled
4036,Pending
19195,Cancelled
15577,Shipped
822,Shipped
18314,Pending
11432,Delivered
16896,Delivered
13841,Cancelled
8601,Pending
19947,Processing
9621,Shipped
11943,Delivered
2704,Cancelled
18318,Cancelled
2990,Delivered
6645,Cancelled
7381,Pending
6028,Cancelled
12147,Shipped
3918,Delivered
11566,Shipped
17652,Shipped
13216,Pending
15089,Pending
2090,Pending
5659,Shipped
481,Pending
14386,Shipped
9620,Delivered
7888,Delivered
15562,Shipped
17703,Cancelled
19857,Pending
19765,Delivered
6361,Pending
334,Pending
9747,Shipped
2299,Processing
16861,Cancelled
5413,Cancelled
10926,Cancelled
2563,Delivered
5001,Cancelled
6211,Processing
14189,Delivered
10417,Processing
7943,Cancelled
5042,Processing
9765,Shipped
15040,Shipped
19098,Pending
10531,Cancelled
12544,Cancelled
14396,Delivered
11901,Delivered
10428,Shipped
6396,Cancelled
15867,Pending
14701,Processing
2158,Cancelled
6537,Shipped
12686,Pending
9556,Shipped
15578,Processing
16555,Shipped
4495,Processing
14177,Cancelled
18738,Shipped
16203,Pending
18477,Cancelled
3842,Delivered
16040,Processing
10145,Cancelled
17934,Delivered
17455,Cancelled
4300,Delivered
3112,Shipped
17091,Processing
4355,Shipped
267,Delivered
13882,Shipped
3489,Cancelled
6771,Pending
12482,Processing
17636,Pending
6350,Shipped
19021,Pending
4236,Processing
6081,Shipped
623,Pending
7345,Cancelled
19597,Delivered
16610,Pending
7426,Cancelled
4677,Delivered
3377,Shipped
19384,Shipped
2038,Processing
3950,Processing
7497,Processing
10236,Cancelled
13126,Delivered
1170,Processing
14758,Cancelled
1758,Delivered
9798,Processing
14615,Pending
15135,Delivered
16686,Delivered
11286,Cancelled
10132,Pending
19995,Processing
17456,Processing
16175,Pending
10069,Shipped
17546,Cancelled
8301,Pending
6866,Pending
6662,Pending
3848,Processing
6330,Processing
3170,Cancelled
4725,Cancelled
7125,Shipped
18353,Shipped
1479,Delivered
3301,Processing
10458,Cancelled
6614,Processing
4663,Pending
5936,Shipped
10123,Delivered
4292,Pending
19187,Pending
13361,Shipped
19957,Delivered
1429,Shipped
14101,Pending
8617,Delivered
9571,Delivered
12860,Delivered
8635,Delivered
585,Shipped
17450,Cancelled
19121,Delivered
13665,Delivered
7735,Processing
196,Delivered
11592,Shipped
15200,Processing
10049,Cancelled
17790,Processing
13888,Pending
12517,Delivered
11832,Pending
3116,Processing
9045,Delivered
4716,Pending
13205,Processing
18085,Cancelled
16253,Pending
5571,Cancelled
13267,Pending
4960,Delivered
6254,Pending
13643,Delivered
173,Delivered
3013,Shipped
5030,Delivered
5914,Delivered
9863,Pending
988,Delivered
2581,Pending
2809,Delivered
19414,Delivered
11644,Shipped
4727,Processing
4169,Pending
3516,Cancelled
4981,Pending
14140,Delivered
14938,Delivered
14581,Cancelled
3393,Processing
18205,Pending
10722,Delivered
10371,Pending
540,Shipped
3083,Processing
13607,Pending
733,Shipped
8805,Pending
3693,Shipped
17590,Delivered
14076,Processing
4429,Cancelled
578,Cancelled
11671,Delivered
4121,Shipped
547,Processing
2272,Processing
3070,Delivered
13904,Cancelled
18657,Processing
3547,Shipped
7151,Shipped
9799,Delivered
14240,Processing
16293,Shipped
12459,Delivered
13028,Delivered
10174,Processing
13827,Processing
11159,Cancelled
11837,Shipped
15469,Pending
610,Shipped
5879,Processing
12205,Cancelled
13804,Delivered
2423,Processing
12459,Shipped
6515,Processing
6795,Delivered
2932,Cancelled
11104,Shipped
7725,Delivered
18832,Delivered
19076,Shipped
12598,Delivered
740,Shipped
3077,Pending
3895,Delivered
11891,Delivered
677,Shipped
6472,Processing
1887,Cancelled
15580,Pending
2116,Pending
14638,Shipped
19354,Delivered
19260,Delivered
4166,Shipped
4456,Cancelled
10314,Shipped
17310,Pending
1070,Processing
16355,Shipped
1409,Processing
830,Delivered
6881,Pending
269,Shipped
19521,Delivered
19339,Processing
13024,Cancelled
8668,Pending
11182,Shipped
18660,Cancelled
4445,Pending
6229,Delivered
19414,Pending
10919,Cancelled
7148,Delivered
17327,Delivered
5266,Delivered
14961,Pending
9123,Delivered
1726,Cancelled
11313,Shipped
15857,Cancelled
2485,Delivered
10386,Delivered
7917,Cancelled
8361,Shipped
19185,Cancelled
1058,Pending
16644,Processing
7873,Delivered
15654,Processing
17404,Processing
1660,Cancelled
10026,Delivered
10962,Pending
11344,Shipped
15764,Shipped
11078,Processing
6516,Shipped
16535,Pending
3927,Delivered
3471,Cancelled
17999,Shipped
17123,Delivered
7524,Delivered
9200,Shipped
14677,Pending
4178,Shipped
3122,Processing
15282,Delivered
8076,Processing
2256,Cancelled
5932,Processing
634,Delivered
6371,Delivered
14326,Cancelled
155,Processing
10347,Pending
4,Processing
9251,Delivered
9024,Processing
682,Delivered
11378,Processing
12298,Delivered
12342,Processing
2673,Shipped
12760,Processing
1895,Processing
4278,Cancelled
5812,Pending
10475,Pending
19835,Shipped
5580,Cancelled
16403,Cancelled
7772,Processing
8863,Processing
8981,Cancelled
2731,Cancelled
18446,Processing
10512,Shipped
1405,Shipped
1955,Cancelled
6172,Processing
10020,Processing
18309,Cancelled
7143,Delivered
17755,Pending
1144,Cancelled
19025,Delivered
7898,Cancelled
8183,Cancelled
4769,Delivered
8610,Cancelled
10349,Cancelled
6203,Pending
5099,Shipped
3163,Cancelled
8466,Cancelled
19332,Delivered
1804,Shipped
5883,Delivered
3132,Cancelled
9760,Cancelled
5695,Pending
19225,Pending
16114,Delivered
616,Shipped
15269,Shipped
17146,Shipped
5602,Delivered
3789,Shipped
2019,Cancelled
7795,Delivered
15152,Processing
12897,Cancelled
15811,Delivered
16347,Delivered
12068,Delivered
9205,Processing
2287,Shipped
11731,Cancelled
19565,Pending
13530,Processing
1849,Shipped
2958,Delivered
7630,Pending
8068,Cancelled
19135,Shipped
1682,Processing
6600,Pending
2950,Delivered
10771,Shipped
1456,Delivered
9816,Processing
17994,Shipped
18621,Cancelled
1756,Processing
9330,Shipped
320,Delivered
17585,Processing
9747,Processing
18559,Delivered
6194,Processing
12330,Delivered
16863,Delivered
9951,Processing
2424,Delivered
16113,Shipped
17271,Cancelled
15898,Processing
3673,Shipped
8994,Pending
12586,Cancelled
1114,Shipped
10110,Pending
4364,Delivered
3457,Cancelled
5644,Processing
17497,Cancelled
530,Processing
3450,Processing
15501,Pending
10433,Pending
13683,Delivered
4465,Processing
4464,Cancelled
858,Processing
10112,Cancelled
10779,Pending
2215,Pending
14778,Cancelled
7724,Delivered
17372,Processing
6794,Cancelled
5546,Pending
8778,Shipped
6961,Processing
1838,Processing
17549,Pending
7235,Processing
3565,Cancelled
13667,Pending
2613,Delivered
7560,Processing
11853,Shipped
4248,Pending
9279,Delivered
8137,Processing
13341,Processing
2354,Delivered
15944,Pending
427,Cancelled
16453,Shipped
3838,Delivered
2138,Delivered
1551,Processing
1069,Processing
7272,Shipped
1671,Pending
8998,Delivered
11475,Processing
5772,Shipped
17626,Shipped
6185,Pending
6362,Pending
8825,Shipped
10680,Shipped
15387,Processing
19841,Delivered
19261,Processing
18897,Delivered
7114,Processing
1710,Delivered
9005,Shipped
14132,Processing
15774,Delivered
3940,Shipped
16262,Pending
11271,Delivered
112,Processing
5405,Shipped
2943,Delivered
13016,Pending
1622,Shipped
4562,Shipped
365,Cancelled
1032,Pending
2283,Cancelled
7529,Shipped
11618,Processing
7626,Pending
10102,Cancelled
1443,Shipped
11752,Pending
1157,Cancelled
15444,Cancelled
10792,Delivered
14866,Processing
4518,Pending
1311,Processing
5978,Processing
12548,Delivered
7842,Pending
8111,Pending
19354,Delivered
4366,Cancelled
10738,Processing
3646,Processing
8960,Processing
6715,Processing
6710,Processing
13647,Pending
9398,Shipped
17563,Shipped
3177,Shipped
16206,Pending
11001,Pending
19454,Processing
15549,Cancelled
12206,Shipped
13942,Pending
19753,Cancelled
1610,Delivered
2152,Pending
4745,Processing
2786,Pending
10496,Pending
12091,Pending
16378,Delivered
13048,Delivered
11639,Cancelled
2669,Cancelled
12794,Delivered
4853,Delivered
2195,Delivered
10921,Shipped
4091,Shipped
1950,Pending
7710,Shipped
16716,Processing
1625,Shipped
8239,Delivered
8021,Pending
11984,Shipped
3357,Processing
6603,Shipped
19159,Shipped
330,Delivered
9517,Shipped
19046,Delivered
15761,Shipped
1825,Shipped
9597,Processing
6597,Processing
11949,Processing
17000,Delivered
9032,Shipped
14769,Processing
11345,Processing
14914,Pending
4435,Shipped
8384,Shipped
9837,Shipped
4251,Pending
15622,Shipped
15048,Cancelled
6488,Processing
5532,Processing
2720,Delivered
16460,Pending
3985,Delivered
2723,Pending
12143,Pending
9338,Shipped
6401,Delivered
9716,Processing
15391,Shipped
16771,Processing
16821,Processing
164,Shipped
7439,Delivered
1984,Cancelled
6818,Delivered
1265,Delivered
1124,Processing
14401,Processing
16177,Delivered
15780,Processing
5973,Delivered
5106,Delivered
9896,Pending
19821,Processing
11198,Delivered
10094,Delivered
18407,Processing
2800,Cancelled
13492,Cancelled
2756,Cancelled
1,Shipped
6870,Processing
15822,Processing
19511,Cancelled
13912,Pending
17932,Processing
4144,Processing
13060,Delivered
1164,Shipped
16949,Pending
14688,Cancelled
19131,Delivered
5410,Processing
15155,Processing
6070,Cancelled
11410,Pending
18935,Delivered
15436,Cancelled
14198,Delivered
17839,Delivered
8615,Shipped
11637,Delivered
14837,Pending
8544,Pending
7076,Pending
11072,Delivered
12656,Pending
16119,Pending
9149,Delivered
3639,Cancelled
6798,Delivered
17325,Pending
1163,Shipped
6095,Processing
12878,Pending
7697,Cancelled
10829,Delivered
11222,Pending
10272,Processing
8938,Shipped
16095,Cancelled
12334,Processing
19765,Cancelled
8575,Delivered
2564,Shipped
5140,Cancelled
12262,Processing
6620,Processing
17729,Pending
14472,Pending
984,Cancelled
18573,Delivered
13724,Cancelled
1829,Delivered
5727,Delivered
7222,Delivered
12571,Shipped
8475,Pending
4028,Pending
19057,Shipped
5214,Shipped
11334,Delivered
13694,Processing
3444,Shipped
5297,Cancelled
1995,Delivered
17907,Shipped
564,Processing
514,Shipped
2325,Pending
9762,Delivered
7153,Pending
7755,Delivered
2885,Delivered
17537,Cancelled
974,Cancelled
19574,Shipped
19831,Cancelled
15663,Shipped
7574,Pending
9347,Cancelled
16948,Pending
8996,Processing
3423,Processing
9860,Processing
591,Pending
4158,Processing
4108,Delivered
14920,Shipped
14447,Cancelled
9198,Delivered
3037,Cancelled
3430,Shipped
13783,Shipped
3757,Delivered
2348,Processing
5795,Pending
3082,Delivered
9323,Pending
13798,Cancelled
1595,Shipped
2921,Shipped
2787,Shipped
15549,Cancelled
8860,Shipped
6714,Delivered
18033,Delivered
347,Cancelled
13538,Processing
7306,Cancelled
199,Delivered
2578,Delivered
9873,Pending
14233,Processing
6311,Pending
5150,Pending
5237,Processing
5594,Shipped
7927,Processing
19149,Cancelled
6916,Processing
8502,Processing
2553,Shipped
2761,Shipped
8695,Shipped
18236,Cancelled
1218,Processing
11607,Pending
14510,Shipped
11975,Shipped
12447,Delivered
13136,Cancelled
18974,Delivered
3522,Shipped
17730,Delivered
17536,Delivered
9383,Pending
13081,Pending
16342,Processing
465,Processing
13988,Pending
1447,Pending
7276,Pending
18537,Cancelled
13932,Pending
5934,Processing
7034,Shipped
3705,Processing
9395,Pending
19839,Pending
7221,Processing
18952,Shipped
16493,Shipped
15025,Cancelled
18884,Shipped
15153,Pending
4217,Shipped
3283,Cancelled
1514,Processing
16893,Cancelled
2357,Pending
19656,Shipped
11332,Cancelled
4723,Pending
16349,Cancelled
12594,Pending
10189,Delivered
5071,Delivered
11000,Processing
4928,Cancelled
11462,Cancelled
15258,Delivered
16791,Delivered
3181,Pending
8188,Processing
13673,Cancelled
11510,Shipped
4312,Processing
6701,Pending
8035,Shipped
7860,Processing
12676,Pending
9344,Cancelled
10732,Processing
12033,Processing
1825,Pending
878,Shipped
15990,Shipped
14514,Delivered
11898,Pending
17359,Processing
2354,Shipped
5866,Cancelled
17984,Cancelled
3978,Cancelled
16323,Delivered
150,Processing
14183,Delivered
12315,Processing
6875,Processing
8569,Delivered
139,Cancelled
17434,Cancelled
1082,Delivered
5533,Shipped
1168,Shipped
3148,Processing
9738,Pending
18635,Processing
10863,Shipped
11129,Delivered
2902,Processing
7542,Shipped
14604,Processing
3068,Delivered
4103,Delivered
14242,Cancelled
17093,Pending
10427,Pending
17473,Cancelled
1114,Pending
5530,Pending
4660,Delivered
12023,Processing
11958,Delivered
2063,Processing
12402,Delivered
14979,Delivered
16511,Processing
9089,Delivered
12554,Cancelled
5202,Processing
3543,Cancelled
4989,Shipped
19326,Pending
6504,Cancelled
16208,Delivered
17278,Pending
19209,Shipped
6248,Delivered
10946,Processing
13179,Shipped
11703,Pending
16303,Processing
14453,Cancelled
11062,Delivered
3752,Delivered
6060,Delivered
18400,Shipped
16850,Delivered
1886,Shipped
7834,Cancelled
6559,Shipped
1402,Shipped
7949,Pending
12558,Cancelled
3441,Shipped
1387,Cancelled
2534,Processing
13321,Pending
14691,Pending
17035,Shipped
6842,Shipped
1272,Cancelled
11737,Cancelled
9366,Processing
9803,Cancelled
4072,Processing
8584,Delivered
14414,Pending
4889,Delivered
13354,Delivered
7537,Cancelled
15589,Shipped
13223,Cancelled
13491,Pending
13273,Cancelled
4356,Delivered
6913,Cancelled
8781,Shipped
12123,Shipped
8825,Delivered
2513,Cancelled
6842,Pending
10812,Cancelled
10653,Processing
14021,Delivered
15975,Cancelled
1803,Shipped
3057,Shipped
2309,Shipped
6223,Processing
14107,Delivered
10127,Shipped
14068,Cancelled
2481,Processing
13980,Shipped
6279,Cancelled
14401,Processing
16788,Pending
13945,Processing
11884,Pending
845,Delivered
14646,Delivered
5464,Pending
721,Shipped
17110,Shipped
12267,Pending
1391,Shipped
12503,Cancelled
6523,Processing
7377,Cancelled
15653,Shipped
7228,Shipped
5344,Processing
14284,Shipped
10434,Pending
12958,Delivered
14055,Pending
4837,Delivered
11509,Delivered
15943,Processing
7823,Processing
15446,Cancelled
7216,Pending
11946,Delivered
6753,Pending
6499,Processing
7154,Cancelled
8304,Shipped
10152,Processing
8057,Cancelled
2745,Processing
19016,Processing
10010,Processing
10951,Shipped
5335,Delivered
810,Cancelled
18776,Cancelled
14227,Delivered
1431,Cancelled
5456,Shipped
5978,Shipped
11153,Pending
9995,Pending
17392,Pending
670,Processing
17382,Shipped
15300,Delivered
12165,Delivered
5907,Processing
8071,Shipped
9486,Cancelled
18327,Shipped
13452,Processing
13126,Pending
14728,Cancelled
10665,Cancelled
5699,Pending
13372,Cancelled
18326,Delivered
12906,Cancelled
14947,Cancelled
7812,Delivered
454,Processing
357,Processing
2765,Pending
13442,Pending
9271,Pending
9201,Pending
7418,Cancelled
7005,Pending
15055,Shipped
10146,Shipped
9224,Processing
11216,Delivered
15755,Delivered
14419,Pending
501,Cancelled
2103,Shipped
6541,Shipped
15567,Delivered
2399,Cancelled
2482,Cancelled
12875,Shipped
1989,Delivered
5165,Delivered
7911,Shipped
14830,Cancelled
15834,Cancelled
11422,Shipped
16613,Delivered
15617,Shipped
605,Delivered
2015,Pending
3385,Cancelled
14473,Cancelled
16,Pending
14025,Processing
17216,Shipped
6812,Processing
8768,Delivered
916,Delivered
3148,Pending
14339,Delivered
9799,Delivered
14952,Delivered
12438,Delivered
17099,Delivered
12389,Shipped
5743,Pending
13181,Pending
12625,Shipped
66,Processing
1011,Pending
7803,Pending
14292,Pending
699,Cancelled
462,Pending
2445,Shipped
15415,Pending
2295,Pending
9612,Delivered
15489,Shipped
17949,Processing
8927,Pending
5564,Pending
8059,Pending
4928,Delivered
7171,Cancelled
12111,Cancelled
17556,Cancelled
7178,Shipped
6745,Shipped
14037,Processing
2663,Processing
18312,Cancelled
5667,Cancelled
15159,Delivered
672,Shipped
962,Pending
10559,Pending
852,Pending
11268,Cancelled
16339,Delivered
6128,Delivered
19978,Shipped
7736,Shipped
5340,Delivered
10060,Pending
9059,Shipped
2213,Delivered
19142,Processing
2397,Cancelled
6712,Delivered
15823,Shipped
12161,Processing
17368,Pending
11732,Processing
14407,Shipped
19459,Shipped
18955,Shipped
7467,Shipped
12592,Cancelled
596,Cancelled
18787,Shipped
11964,Cancelled
9898,Shipped
18752,Shipped
14106,Shipped
14211,Pending
14367,Delivered
7349,Pending
4955,Pending
3902,Shipped
17132,Shipped
13368,Shipped
17238,Cancelled
10637,Shipped
11751,Pending
4898,Pending
10541,Processing
18074,Cancelled
2338,Pending
2595,Processing
4274,Pending
15935,Cancelled
9524,Pending
13121,Cancelled
9878,Processing
17523,Cancelled
11360,Pending
2536,Pending
7910,Shipped
13368,Cancelled
19732,Shipped
6623,Delivered
15823,Processing
2281,Pending
6654,Shipped
13444,Cancelled
5100,Delivered
16922,Processing
13382,Delivered
7198,Delivered
17303,Pending
17756,Pending
18980,Delivered
1315,Processing
9212,Pending
15766,Pending
13712,Delivered
9494,Delivered
16463,Shipped
9177,Processing
11264,Shipped
6074,Pending
16526,Cancelled
7150,Cancelled
14624,Delivered
3366,Pending
8577,Shipped
13126,Cancelled
8477,Delivered
2624,Cancelled
6381,Delivered
16345,Processing
7706,Pending
878,Cancelled
5493,Delivered
7138,Processing
3062,Processing
12204,Cancelled
13133,Pending
4267,Cancelled
3491,Shipped
19230,Pending
2203,Pending
15194,Processing
19157,Pending
18520,Pending
6372,Pending
186,Shipped
9915,Processing
17479,Processing
3713,Pending
14458,Processing
2372,Processing
13083,Delivered
3403,Delivered
1507,Processing
13023,Pending
8945,Processing
18693,Shipped
5536,Processing
14469,Pending
16748,Shipped
6716,Delivered
7124,Cancelled
3272,Processing
13028,Processing
10303,Delivered
10313,Shipped
4356,Cancelled
2686,Processing
11863,Cancelled
17908,Processing
2945,Shipped
745,Delivered
14249,Cancelled
317,Processing
19653,Shipped
1046,Processing
12029,Processing
1195,Shipped
17684,Pending
4320,Delivered
14107,Processing
9589,Pending
6598,Delivered
6486,Pending
469,Pending
338,Processing
1043,Shipped
7725,Shipped
9630,Pending
9366,Cancelled
14393,Shipped
18938,Cancelled
12280,Shipped
8650,Cancelled
1508,Pending
18708,Pending
7918,Processing
3575,Pending
8089,Shipped
8640,Cancelled
3984,Cancelled
6659,Delivered
269,Delivered
11502,Shipped
13015,Processing
3665,Processing
12971,Processing
443,Cancelled
626,Shipped
14283,Processing
12227,Delivered
11247,Delivered
7671,Processing
19586,Pending
16935,Shipped
4659,Processing
17478,Processing
6988,Processing
7216,Pending
9965,Shipped
1466,Pending
18106,Processing
13424,Delivered
3645,Shipped
11782,Shipped
3134,Cancelled
7858,Pending
17164,Processing
7260,Delivered
5541,Delivered
9197,Cancelled
8518,Shipped
7975,Pending
7707,Delivered
7200,Processing
17605,Pending
19708,Pending
15564,Delivered
12602,Shipped
11663,Delivered
6590,Shipped
13408,Cancelled
15427,Cancelled
5715,Shipped
19023,Pending
10567,Shipped
8675,Shipped
7584,Cancelled
16931,Pending
5425,Shipped
13277,Shipped
436,Shipped
2758,Processing
2725,Cancelled
3127,Processing
9668,Delivered
3849,Pending
15078,Delivered
7962,Pending
12994,Shipped
9493,Shipped
1079,Delivered
11159,Cancelled
18946,Processing
19161,Cancelled
19976,Cancelled
15942,Delivered
1709,Shipped
12403,Shipped
9842,Processing
17533,Cancelled
19520,Pending
17814,Processing
13283,Delivered
6267,Cancelled
5414,Delivered
8048,Cancelled
2629,Delivered
9910,Shipped
13857,Shipped
19059,Processing
2035,Delivered
14274,Shipped
12153,Processing
5717,Pending
18584,Shipped
19942,Delivered
657,Processing
9578,Delivered
842,Cancelled
3855,Shipped
700,Delivered
15090,Shipped
21,Processing
15842,Delivered
13081,Delivered
12003,Delivered
19838,Shipped
5436,Delivered
2695,Cancelled
7756,Cancelled
15627,Delivered
11145,Shipped
9000,Pending
16764,Shipped
3349,Pending
4730,Cancelled
1849,Processing
8623,Processing
13751,Pending
17295,Pending
13911,Delivered
12678,Pending
6728,Delivered
16603,Cancelled
13016,Shipped
2328,Cancelled
9353,Pending
16142,Shipped
14285,Shipped
9703,Cancelled
3898,Shipped
17602,Processing
7176,Pending
2698,Shipped
17675,Pending
6120,Pending
10302,Shipped
7285,Cancelled
8317,Cancelled
10719,Delivered
12177,Pending
3373,Cancelled
5907,Delivered
14306,Cancelled
15699,Shipped
7868,Shipped
15553,Processing
5942,Processing
11589,Shipped
161,Pending
16474,Pending
1454,Shipped
17354,Delivered
14213,Cancelled
10168,Processing
19091,Delivered
15530,Delivered
16799,Shipped
1851,Processing
7618,Pending
17616,Processing
9393,Delivered
9775,Pending
8018,Delivered
3283,Shipped
8104,Cancelled
12775,Delivered
17565,Pending
3385,Delivered
8220,Shipped
7805,Cancelled
19918,Pending
17379,Delivered
19806,Shipped
6252,Pending
3745,Shipped
19335,Delivered
18930,Processing
18713,Shipped
7036,Delivered
521,Processing
3615,Pending
12341,Processing
15961,Shipped
10624,Shipped
14655,Cancelled
3073,Processing
5088,Processing
13155,Shipped
3474,Shipped
13848,Processing
9959,Processing
11009,Pending
3466,Cancelled
18729,Shipped
12765,Delivered
4892,Delivered
17139,Cancelled
4735,Pending
1699,Delivered
11754,Delivered
10291,Cancelled
12361,Processing
15574,Processing
860,Pending
7228,Pending
14070,Processing
2368,Cancelled
6092,Pending
11623,Delivered
10467,Pending
19521,Delivered
10484,Cancelled
7050,Processing
1711,Pending
16448,Processing
19246,Cancelled
19476,Pending
12799,Processing
9303,Cancelled
961,Delivered
2974,Delivered
14944,Delivered
14559,Processing
6346,Delivered
13345,Pending
2053,Processing
7265,Shipped
4377,Cancelled
16881,Shipped
16704,Pending
4074,Shipped
10524,Pending
3715,Pending
10452,Processing
10055,Shipped
2155,Delivered
4793,Shipped
22,Processing
10381,Shipped
17424,Shipped
4814,Pending
14897,Processing
11824,Delivered
5347,Cancelled
18474,Shipped
17907,Shipped
7984,Processing
19116,Processing
13491,Pending
9459,Pending
2404,Delivered
5516,Processing
1801,Cancelled
13042,Shipped
8952,Delivered
15889,Shipped
10784,Cancelled
8623,Pending
19458,Processing
8542,Processing
17649,Pending
9465,Pending
19460,Pending
14627,Cancelled
7408,Pending
5373,Processing
15194,Cancelled
15585,Pending
13356,Pending
13388,Pending
12718,Delivered
3556,Cancelled
10787,Delivered
5483,Delivered
5554,Delivered
17040,Cancelled
13122,Shipped
672,Shipped
15766,Pending
2384,Cancelled
17270,Cancelled
15432,Shipped
15273,Delivered
1214,Pending
11923,Delivered
8826,Pending
9570,Pending
694,Pending
5271,Delivered
10752,Cancelled
5940,Shipped
3814,Processing
12768,Cancelled
8893,Pending
14990,Pending
5582,Shipped
16829,Pending
4439,Delivered
3252,Shipped
13683,Pending
17546,Processing
19163,Shipped
2651,Shipped
15703,Delivered
12566,Cancelled
19602,Pending
1047,Delivered
17061,Processing
14495,Cancelled
8997,Cancelled
8167,Processing
5829,Pending
17514,Cancelled
19360,Processing
9516,Pending
6934,Cancelled
6189,Pending
18535,Processing
14738,Pending
16093,Pending
7131,Processing
8271,Cancelled
6604,Delivered
4538,Pending
9662,Pending
9778,Processing
14544,Shipped
17382,Delivered
10439,Shipped
563,Cancelled
19866,Processing
6834,Shipped
8706,Shipped
4441,Processing
12018,Shipped
18251,Shipped
9931,Cancelled
12404,Processing
6788,Shipped
4623,Shipped
9883,Shipped
8334,Delivered
3994,Processing
2878,Cancelled
12493,Shipped
10871,Shipped
5740,Processing
15901,Shipped
182,Pending
2850,Shipped
5249,Shipped
14647,Delivered
2940,Shipped
15348,Processing
16781,Cancelled
13244,Pending
6346,Cancelled
547,Delivered
3083,Pending
1207,Pending
5807,Cancelled
4870,Shipped
19305,Delivered
18769,Delivered
19709,Cancelled
13915,Cancelled
10420,Processing
18720,Pending
17743,Pending
6789,Cancelled
1462,Processing
5859,Shipped
3124,Processing
10820,Shipped
7696,Shipped
10039,Cancelled
10882,Pending
2999,Delivered
11915,Cancelled
13420,Processing
8294,Delivered
10583,Shipped
1644,Delivered
5667,Processing
15408,Cancelled
18827,Processing
14471,Delivered
6438,Delivered
10157,Pending
11325,Cancelled
88,Delivered
12528,Processing
10449,Processing
4950,Shipped
6210,Shipped
9141,Cancelled
5078,Delivered
16390,Shipped
5131,Processing
3861,Pending
2705,Processing
18076,Delivered
16080,Shipped
798,Shipped
10674,Processing
264,Shipped
17597,Shipped
1756,Cancelled
13372,Pending
10381,Cancelled
974,Cancelled
13015,Delivered
15550,Delivered
2429,Processing
15201,Cancelled
10783,Pending
15022,Delivered
6991,Processing
1578,Cancelled
11612,Delivered
7305,Cancelled
15427,Shipped
5098,Cancelled
2599,Processing
3460,Cancelled
6895,Pending
13923,Cancelled
3637,Processing
18956,Processing
12292,Cancelled
14720,Delivered
3387,Processing
11929,Processing
4975,Delivered
19073,Pending
15761,Processing
3595,Processing
2064,Pending
16575,Pending
3681,Cancelled
18971,Shipped
17972,Shipped
18137,Delivered
8787,Shipped
1724,Shipped
11645,Pending
3831,Cancelled
9975,Delivered
16640,Processing
2005,Processing
11468,Delivered
16747,Shipped
6039,Delivered
4493,Pending
16986,Processing
5942,Shipped
4798,Pending
16190,Cancelled
17200,Processing
4307,Processing
8886,Delivered
282,Shipped
565,Shipped
19695,Pending
2341,Delivered
7478,Cancelled
534,Delivered
7751,Cancelled
5233,Processing
3363,Shipped
18338,Delivered
2986,Cancelled
16406,Delivered
18832,Pending
1516,Processing
13522,Shipped
11682,Shipped
9353,Pending
15807,Shipped
5986,Shipped
14372,Shipped
19773,Processing
6065,Cancelled
19699,Delivered
2990,Shipped
8543,Cancelled
16502,Cancelled
7127,Delivered
11237,Processing
12125,Delivered
15472,Delivered
1204,Processing
6160,Cancelled
19667,Shipped
2958,Pending
4923,Processing
19902,Shipped
1449,Processing
9705,Shipped
14365,Cancelled
3660,Pending
8997,Cancelled
9724,Delivered
19388,Delivered
171,Delivered
4276,Shipped
10095,Delivered
2388,Cancelled
160,Processing
9462,Pending
911,Pending
576,Shipped
15304,Shipped
15871,Pending
11399,Cancelled
13774,Cancelled
19504,Cancelled
18320,Shipped
9031,Pending
10252,Delivered
19396,Cancelled
68,Cancelled
5507,Shipped
3768,Cancelled
4519,Delivered
19646,Cancelled
19289,Delivered
19993,Shipped
17942,Shipped
6983,Delivered
13851,Cancelled
12223,Processing
2501,Shipped
5511,Shipped
3934,Processing
7756,Processing
7445,Cancelled
18622,Cancelled
17070,Pending
15246,Shipped
13907,Cancelled
16221,Pending
5432,Pending
10962,Shipped
6933,Processing
4397,Processing
15770,Cancelled
13352,Pending
19612,Shipped
4821,Pending
1158,Shipped
1403,Delivered
11471,Cancelled
1609,Delivered
10185,Pending
19551,Processing
4645,Pending
10163,Cancelled
6755,Shipped
10318,Shipped
1269,Processing
19849,Delivered
15576,Cancelled
8135,Pending
14147,Pending
5904,Delivered
19149,Shipped
16428,Shipped
1377,Shipped
3894,Cancelled
11912,Processing
17766,Cancelled
3806,Cancelled
3844,Delivered
12238,Cancelled
11654,Shipped
14294,Delivered
5574,Delivered
16054,Shipped
15384,Shipped
3320,Cancelled
12136,Processing
9529,Processing
53,Cancelled
18667,Pending
417,Pending
5504,Cancelled
18409,Pending
2087,Cancelled
17929,Shipped
16246,Shipped
17608,Pending
11887,Cancelled
4938,Cancelled
8180,Delivered
15191,Shipped
15375,Processing
18198,Shipped
13164,Pending
16750,Pending
9478,Delivered
16456,Pending
2424,Processing
12753,Processing
4421,Cancelled
5973,Processing
1816,Processing
16953,Processing
7379,Processing
8541,Shipped
7788,Pending
15252,Cancelled
5399,Cancelled
6040,Cancelled
7317,Processing
10234,Delivered
19536,Processing
6446,Processing
5108,Delivered
14716,Shipped
16566,Cancelled
15719,Pending
18590,Delivered
4248,Processing
18833,Delivered
7207,Pending
14937,Delivered
14188,Delivered
9650,Processing
5477,Processing
588,Cancelled
8685,Shipped
6849,Pending
7696,Cancelled
7909,Shipped
17998,Processing
9465,Shipped
1672,Processing
6047,Cancelled
17563,Cancelled
6153,Cancelled
18186,Shipped
19401,Shipped
15997,Pending
18127,Processing
18934,Shipped
16442,Pending
6608,Pending
14128,Pending
11669,Delivered
5371,Processing
2157,Cancelled
13249,Pending
14154,Processing
291,Processing
17798,Shipped
11653,Pending
5020,Shipped
10010,Cancelled
18183,Cancelled
18371,Shipped
4604,Delivered
2742,Shipped
7991,Shipped
520,Delivered
9398,Shipped
3578,Cancelled
17003,Shipped
10189,Processing
1170,Shipped
16708,Cancelled
713,Shipped
9494,Cancelled
7591,Shipped
18869,Processing
18831,Delivered
9494,Processing
3648,Delivered
11677,Processing
19207,Processing
19344,Delivered
10032,Cancelled
8265,Delivered
5490,Processing
10338,Pending
4030,Pending
16056,Delivered
1709,Shipped
13775,Delivered
3773,Processing
17642,Processing
351,Delivered
15338,Shipped
8936,Processing
17642,Processing
16415,Shipped
8723,Processing
13555,Shipped
4052,Delivered
13321,Pending
16051,Delivered
13477,Cancelled
8855,Delivered
13462,Delivered
13349,Processing
3773,Delivered
10138,Processing
2392,Delivered
13026,Shipped
11591,Shipped
720,Cancelled
756,Cancelled
19315,Cancelled
11391,Pending
5873,Delivered
5870,Pending
19114,Processing
17742,Shipped
14850,Delivered
2070,Pending
5016,Pending
13390,Processing
19829,Cancelled
17281,Delivered
2845,Pending
13146,Processing
17820,Pending
1090,Cancelled
10689,Cancelled
7261,Cancelled
2893,Cancelled
1963,Delivered
6112,Processing
9662,Cancelled
13256,Processing
12427,Delivered
5068,Delivered
2455,Pending
19887,Delivered
6528,Cancelled
10818,Processing
1322,Processing
6522,Cancelled
8841,Cancelled
19428,Cancelled
4663,Processing
473,Processing
4441,Delivered
3339,Delivered
11898,Cancelled
8232,Shipped
5922,Cancelled
3161,Cancelled
2892,Pending
10528,Shipped
8246,Shipped
17811,Pending
2192,Pending
4837,Processing
15120,Shipped
9749,Delivered
19455,Processing
12906,Delivered
916,Shipped
11482,Shipped
9700,Delivered
14124,Delivered
13299,Shipped
1529,Processing
14704,Cancelled
12622,Delivered
15904,Cancelled
10996,Processing
4047,Pending
17771,Processing
17731,Shipped
12695,Delivered
6735,Processing
17606,Cancelled
4,Pending
1182,Cancelled
2467,Cancelled
5073,Cancelled
56,Pending
19915,Processing
8165,Delivered
13884,Pending
3893,Processing
6235,Pending
566,Cancelled
4054,Pending
17969,Shipped
17084,Delivered
13640,Delivered
16295,Shipped
6153,Pending
15964,Pending
14776,Pending
12636,Processing
5879,Delivered
19769,Pending
15640,Processing
4332,Cancelled
18439,Cancelled
4150,Pending
8205,Pending
10147,Cancelled
10276,Pending
15225,Shipped
19649,Shipped
12877,Cancelled
7441,Cancelled
17327,Delivered
11451,Processing
7077,Delivered
17164,Processing
10471,Cancelled
12340,Delivered
19256,Pending
980,Pending
6711,Processing
2414,Delivered
18865,Shipped
14622,Processing
16081,Delivered
395,Shipped
13977,Processing
19503,Processing
9718,Delivered
7309,Shipped
12293,Shipped
3388,Cancelled
13148,Shipped
8503,Processing
11429,Delivered
17503,Delivered
16144,Pending
4511,Processing
1563,Processing
11419,Pending
11067,Pending
3862,Cancelled
1260,Shipped
16725,Shipped
14581,Pending
12428,Delivered
11838,Delivered
913,Processing
14817,Shipped
5707,Cancelled
11584,Shipped
10513,Pending
2983,Processing
9693,Pending
14050,Processing
17364,Shipped
12153,Processing
6265,Shipped
11705,Pending
8127,Processing
7711,Delivered
1399,Cancelled
7085,Pending
4597,Shipped
12390,Pending
17012,Delivered
5562,Cancelled
449,Processing
13277,Shipped
13128,Pending
15634,Delivered
4691,Processing
16296,Cancelled
1196,Delivered
10311,Delivered
6677,Pending
8678,Processing
8896,Pending
12330,Delivered
14135,Processing
16578,Shipped
13640,Processing
4838,Pending
8170,Delivered
3746,Pending
15793,Pending
11847,Delivered
18070,Cancelled
11818,Cancelled
4995,Cancelled
2769,Shipped
1459,Processing
5292,Processing
3448,Pending
2973,Cancelled
15033,Processing
8124,Shipped
4000,Shipped
1092,Delivered
4131,Delivered
10449,Delivered
16158,Cancelled
16014,Delivered
3703,Cancelled
4756,Delivered
7066,Pending
1494,Processing
14372,Delivered
18050,Processing
1696,Delivered
16612,Shipped
7259,Processing
18813,Processing
17504,Cancelled
4888,Delivered
16343,Shipped
12602,Shipped
16524,Processing
13792,Cancelled
4934,Cancelled
2650,Delivered
16848,Processing
2193,Delivered
17538,Processing
16803,Cancelled
15571,Cancelled
16944,Pending
7357,Pending
15337,Cancelled
9253,Shipped
246,Processing
7165,Pending
1004,Pending
15276,Shipped
9860,Shipped
3486,Processing
2889,Delivered
16615,Shipped
11482,Delivered
12505,Cancelled
19467,Shipped
5679,Processing
11116,Pending
16160,Delivered
17790,Shipped
1411,Processing
5385,Shipped
15640,Delivered
1903,Pending
14602,Shipped
9821,Pending
17814,Delivered
14716,Delivered
9017,Shipped
13749,Cancelled
4578,Shipped
17565,Cancelled
14917,Pending
281,Cancelled
3403,Shipped
8333,Cancelled
17296,Processing
11390,Pending
10112,Pending
10378,Cancelled
15083,Cancelled
2986,Delivered
14782,Shipped
13034,Processing
701,Processing
379,Pending
11806,Pending
10697,Shipped
12141,Shipped
2653,Processing
5169,Pending
2352,Shipped
17689,Delivered
11260,Delivered
8699,Pending
5707,Pending
12356,Delivered
10005,Cancelled
1751,Pending
13859,Pending
8847,Shipped
6724,Shipped
19703,Processing
17655,Processing
9256,Processing
9098,Delivered
9355,Pending
1638,Processing
9024,Cancelled
4711,Processing
1532,Pending
19209,Delivered
7364,Processing
7742,Delivered
648,Pending
17539,Delivered
6703,Shipped
7461,Cancelled
13109,Cancelled
19491,Delivered
1391,Delivered
9037,Processing
4799,Shipped
8350,Processing
6997,Delivered
19236,Delivered
14115,Processing
13837,Delivered
8772,Processing
16847,Delivered
11869,Processing
13180,Cancelled
6470,Cancelled
7527,Delivered
10325,Processing
12682,Delivered
2962,Cancelled
13993,Delivered
11068,Shipped
7573,Pending
18567,Processing
4767,Processing
18489,Pending
9335,Cancelled
10135,Delivered
17898,Cancelled
14543,Shipped
11985,Shipped
19210,Pending
4494,Delivered
12099,Processing
10502,Delivered
15526,Pending
3609,Delivered
876,Shipped
15788,Processing
19109,Delivered
19473,Shipped
10127,Shipped
12321,Cancelled
16487,Pending
11712,Delivered
19425,Delivered
2312,Delivered
8840,Delivered
910,Pending
19629,Delivered
3337,Delivered
19089,Processing
511,Pending
15028,Shipped
17836,Pending
11558,Processing
1000,Delivered
2302,Pending
6624,Cancelled
6831,Cancelled
8982,Delivered
2217,Processing
11775,Processing
10392,Delivered
6076,Delivered
228,Delivered
13556,Shipped
6978,Cancelled
1030,Cancelled
2424,Shipped
13924,Processing
11013,Shipped
8915,Shipped
2473,Processing
19123,Shipped
8986,Processing
3273,Pending
15682,Cancelled
14845,Delivered
17311,Cancelled
5549,Shipped
13846,Pending
10762,Shipped
7426,Pending
7184,Shipped
4784,Cancelled
4418,Delivered
18803,Delivered
3624,Delivered
15782,Processing
7348,Delivered
12128,Processing
16539,Cancelled
9714,Processing
6856,Processing
16786,Cancelled
16864,Delivered
10654,Pending
7720,Pending
15550,Shipped
16517,Shipped
4670,Cancelled
4497,Pending
19590,Cancelled
11379,Delivered
2927,Cancelled
10725,Cancelled
18912,Shipped
13135,Cancelled
14092,Processing
5940,Pending
12126,Processing
10185,Delivered
8921,Delivered
1417,Pending
1245,Processing
878,Processing
7442,Shipped
7086,Shipped
2016,Delivered
1567,Shipped
1354,Delivered
17495,Cancelled
12932,Cancelled
19442,Delivered
18414,Pending
1297,Cancelled
15884,Shipped
4280,Pending
18509,Cancelled
11581,Processing
7430,Delivered
18402,Pending
15128,Pending
4308,Cancelled
19310,Cancelled
4433,Shipped
5043,Delivered
3124,Delivered
16351,Pending
711,Shipped
8869,Processing
11032,Delivered
1578,Shipped
7701,Processing
10230,Pending
18740,Pending
16228,Cancelled
8622,Cancelled
14020,Shipped
18546,Processing
1205,Cancelled
16257,Cancelled
14427,Delivered
7408,Pending
4468,Cancelled
18397,Cancelled
4170,Processing
1354,Delivered
14943,Shipped
15686,Shipped
19028,Processing
17173,Delivered
8836,Shipped
3884,Shipped
1791,Delivered
9123,Delivered
6121,Pending
14586,Processing
1629,Pending
10776,Processing
13717,Delivered
15310,Processing
12476,Delivered
9495,Processing
9228,Pending
8760,Processing
14283,Processing
10785,Processing
3972,Delivered
10444,Processing
18828,Processing
4320,Shipped
18495,Cancelled
11051,Shipped
19028,Delivered
3535,Shipped
7114,Shipped
12529,Shipped
7833,Shipped
18633,Processing
19552,Cancelled
15912,Shipped
19141,Shipped
12621,Pending
18420,Processing
13679,Delivered
17381,Delivered
11253,Cancelled
12312,Delivered
13141,Shipped
4864,Pending
12780,Pending
19016,Processing
10723,Delivered
687,Cancelled
11721,Delivered
16427,Pending
14317,Delivered
2165,Delivered
5481,Delivered
17254,Delivered
19755,Cancelled
3365,Delivered
7762,Processing
1225,Pending
9012,Shipped
7037,Delivered
15885,Shipped
11519,Delivered
17781,Processing
4153,Delivered
12995,Cancelled
17784,Delivered
7064,Cancelled
6787,Processing
9448,Processing
15912,Delivered
18872,Processing
4696,Shipped
14535,Cancelled
9552,Shipped
18039,Pending
11770,Cancelled
15598,Pending
9729,Delivered
2708,Processing
17562,Shipped
11974,Cancelled
10720,Shipped
9893,Pending
11926,Processing
18672,Pending
1979,Shipped
14733,Cancelled
2509,Pending
13056,Delivered
9457,Shipped
1607,Delivered
14179,Cancelled
5309,Cancelled
18228,Pending
4244,Pending
9453,Pending
19484,Processing
19730,Pending
19796,Pending
9897,Processing
2834,Processing
8522,Processing
12744,Delivered
7253,Delivered
11817,Cancelled
10002,Delivered
8723,Shipped
5744,Processing
1599,Shipped
8783,Pending
962,Pending
5112,Delivered
3217,Cancelled
3132,Pending
8341,Shipped
6388,Cancelled
18150,Pending
6363,Cancelled
7203,Pending
5357,Processing
5986,Cancelled
317,Shipped
14852,Pending
9554,Delivered
13502,Delivered
2992,Cancelled
899,Shipped
19278,Processing
8931,Shipped
11848,Processing
16796,Processing
5928,Processing
13236,Delivered
9444,Cancelled
3910,Cancelled
11679,Cancelled
2180,Pending
4163,Processing
14956,Delivered
10008,Processing
5698,Shipped
19993,Pending
1607,Pending
8584,Cancelled
12567,Cancelled
15315,Shipped
8229,Pending
1796,Cancelled
5126,Processing
10745,Cancelled
6393,Cancelled
12425,Cancelled
8456,Processing
8782,Processing
10977,Processing
18027,Cancelled
11486,Shipped
2822,Pending
5971,Pending
9458,Delivered
8829,Delivered
1318,Cancelled
8730,Shipped
17633,Delivered
367,Processing
16624,Pending
8995,Shipped
12822,Delivered
5583,Cancelled
5988,Delivered
9807,Cancelled
11017,Shipped
12134,Pending
4450,Processing
19789,Pending
11839,Pending
18200,Processing
5233,Delivered
11622,Delivered
16094,Pending
9780,Delivered
17349,Pending
5334,Shipped
17538,Pending
19475,Shipped
11835,Cancelled
7052,Processing
18557,Delivered
7115,Pending
508,Cancelled
847,Shipped
9157,Pending
12307,Pending
347,Pending
10751,Shipped
1729,Delivered
7358,Processing
9294,Processing
13398,Delivered
16643,Delivered
5783,Pending
9796,Pending
5123,Cancelled
19285,Delivered
13284,Shipped
16381,Delivered
13808,Pending
13880,Processing
14333,Delivered
14051,Pending
7251,Processing
9167,Shipped
19996,Cancelled
16970,Shipped
9185,Processing
12337,Delivered
16268,Cancelled
2184,Processing
1599,Processing
1670,Shipped
1138,Processing
7557,Cancelled
4718,Processing
13337,Delivered
2325,Cancelled
7053,Shipped
6011,Shipped
13356,Pending
9057,Delivered
18188,Delivered
3252,Delivered
2818,Processing
17214,Cancelled
13989,Cancelled
6904,Processing
12676,Shipped
12004,Shipped
12837,Pending
7639,Delivered
944,Processing
11,Cancelled
199,Shipped
16345,Pending
7789,Pending
16250,Processing
13319,Shipped
19459,Pending
19664,Processing
19846,Cancelled
7265,Pending
1164,Pending
15425,Cancelled
8176,Delivered
6112,Cancelled
17828,Processing
18346,Processing
17048,Pending
10367,Shipped
7793,Pending
470,Delivered
6034,Cancelled
3411,Processing
1376,Pending
18373,Delivered
18814,Cancelled
8342,Pending
9757,Shipped
5893,Processing
15456,Pending
9830,Pending
7524,Cancelled
6094,Processing
13301,Processing
2153,Processing
3339,Shipped
13284,Cancelled
496,Processing
6797,Shipped
16220,Processing
292,Pending
6649,Cancelled
10392,Delivered
18646,Processing
4571,Delivered
6931,Pending
12532,Processing
18867,Processing
11054,Delivered
3292,Pending
985,Pending
2706,Delivered
754,Delivered
16056,Processing
15937,Cancelled
16060,Processing
4632,Processing
8088,Shipped
3268,Shipped
7492,Processing
11218,Shipped
10825,Shipped
14713,Cancelled
4727,Shipped
2510,Delivered
929,Pending
11656,Delivered
15445,Cancelled
2012,Delivered
9171,Shipped
6786,Pending
9858,Cancelled
5533,Processing
15928,Shipped
15175,Shipped
18768,Delivered
8339,Processing
16689,Processing
14664,Cancelled
4003,Pending
18871,Cancelled
18127,Pending
15764,Shipped
11763,Delivered
15436,Cancelled
10528,Delivered
7726,Pending
10409,Delivered
7818,Processing
9748,Cancelled
3109,Shipped
14531,Pending
5381,Shipped
18586,Pending
1227,Pending
16717,Delivered
10515,Shipped
13260,Delivered
11805,Shipped
757,Pending
1291,Cancelled
3194,Processing
18206,Cancelled
8702,Shipped
2379,Cancelled
19137,Processing
13916,Processing
6889,Delivered
14999,Processing
18589,Pending
14358,Cancelled
15863,Cancelled
11269,Delivered
7939,Shipped
12187,Delivered
5556,Pending
1619,Processing
6848,Delivered
6824,Pending
8517,Cancelled
7267,Delivered
10862,Pending
8397,Cancelled
19952,Cancelled
13148,Delivered
15808,Pending
217,Pending
11237,Shipped
14686,Shipped
18089,Shipped
2584,Processing
3967,Pending
13802,Shipped
5499,Pending
17447,Delivered
8883,Delivered
7605,Shipped
4592,Cancelled
17268,Cancelled
412,Pending
4238,Delivered
10254,Shipped
2714,Pending
15567,Shipped
12690,Delivered
2831,Shipped
3197,Shipped
14279,Pending
19179,Shipped
273,Pending
11756,Processing
16583,Processing
1122,Pending
10918,Pending
15814,Shipped
7534,Shipped
7831,Shipped
3621,Delivered
4189,Shipped
12271,Processing
9073,Processing
15017,Processing
11216,Pending
4658,Delivered
4914,Processing
3518,Shipped
11005,Processing
14914,Shipped
297,Shipped
2974,Processing
15391,Processing
5089,Pending
7037,Cancelled
4178,Processing
10261,Delivered
15566,Processing
12613,Cancelled
7912,Delivered
3290,Processing
2227,Processing
10793,Pending
9158,Cancelled
17009,Pending
8724,Processing
147,Pending
7390,Delivered
8369,Pending
2141,Shipped
15045,Shipped
8483,Pending
19623,Pending
3315,Pending
5196,Processing
4740,Processing
185,Cancelled
19722,Delivered
18354,Cancelled
10902,Pending
519,Processing
12128,Delivered
11825,Shipped
14056,Pending
13401,Shipped
4574,Cancelled
8647,Processing
1603,Shipped
17458,Pending
3457,Delivered
8285,Delivered
15406,Delivered
885,Shipped
9377,Processing
4767,Delivered
19685,Processing
4027,Shipped
12859,Processing
2029,Processing
957,Shipped
12356,Shipped
17602,Delivered
5541,Pending
1077,Pending
13689,Shipped
4033,Cancelled
9064,Shipped
18881,Cancelled
876,Pending
15577,Delivered
12111,Processing
17852,Shipped
12642,Cancelled
917,Cancelled
19142,Cancelled
15576,Delivered
16103,Shipped
7407,Cancelled
3832,Pending
16360,Cancelled
7530,Processing
8052,Delivered
12539,Cancelled
11203,Pending
12718,Shipped
714,Delivered
1083,Pending
10838,Shipped
14385,Pending
9371,Pending
5510,Shipped
6889,Shipped
2638,Delivered
8605,Shipped
15075,Cancelled
9759,Cancelled
5635,Cancelled
7192,Pending
11642,Delivered
19015,Delivered
11717,Processing
4068,Delivered
2116,Pending
13340,Pending
16641,Pending
12421,Delivered
8458,Cancelled
14090,Delivered
16998,Processing
11488,Shipped
8661,Delivered
11301,Shipped
10233,Shipped
1989,Shipped
18720,Cancelled
6293,Cancelled
12361,Processing
476,Pending
18172,Cancelled
16687,Cancelled
19618,Cancelled
7568,Cancelled
18225,Pending
1071,Cancelled
13326,Processing
14046,Processing
9609,Shipped
84,Cancelled
12420,Delivered
3263,Shipped
13452,Shipped
9680,Processing
9492,Delivered
1611,Processing
5348,Delivered
18386,Delivered
7408,Shipped
3671,Cancelled
12474,Delivered
13347,Shipped
427,Cancelled
17398,Shipped
15292,Shipped
19359,Processing
16600,Delivered
10858,Processing
9518,Processing
8171,Cancelled
10103,Cancelled
18330,Shipped
10679,Processing
16642,Pending
11885,Shipped
16302,Pending
908,Delivered
11289,Processing
12239,Processing
8022,Processing
8037,Shipped
10471,Delivered
9909,Processing
3168,Processing
12380,Shipped
13942,Shipped
19480,Pending
12639,Delivered
3593,Shipped
5576,Processing
7270,Pending
5429,Processing
4411,Delivered
19766,Cancelled
8949,Processing
7599,Cancelled
16655,Processing
969,Delivered
447,Pending
15473,Processing
8353,Processing
13127,Delivered
2865,Shipped
8133,Cancelled
17856,Shipped
17367,Cancelled
2571,Delivered
9167,Shipped
5096,Cancelled
2912,Cancelled
6513,Cancelled
13075,Shipped
14517,Shipped
1398,Cancelled
1248,Processing
11854,Delivered
16496,Cancelled
10917,Processing
9104,Processing
1331,Delivered
8236,Pending
17931,Cancelled
9809,Processing
6981,Delivered
17326,Delivered
12012,Processing
6763,Processing
19877,Cancelled
6327,Pending
1619,Cancelled
12536,Pending
14383,Cancelled
9319,Shipped
18707,Delivered
19731,Cancelled
12441,Pending
922,Cancelled
15618,Shipped
12326,Shipped
8824,Delivered
1444,Shipped
4760,Pending
9562,Cancelled
14904,Shipped
18089,Delivered
14920,Processing
9046,Cancelled
4281,Shipped
11164,Shipped
8250,Cancelled
6691,Pending
16477,Pending
14498,Pending
12637,Pending
1837,Pending
11234,Cancelled
7043,Delivered
11072,Shipped
12086,Shipped
470,Pending
2754,Cancelled
7380,Pending
19399,Processing
6369,Shipped
1808,Processing
12549,Processing
12846,Cancelled
18277,Processing
19156,Shipped
13356,Processing
17648,Delivered
6687,Delivered
5841,Pending
14820,Delivered
11162,Processing
15325,Cancelled
12125,Shipped
15237,Processing
10256,Delivered
6131,Cancelled
399,Pending
998,Shipped
11768,Shipped
15070,Delivered
3630,Cancelled
4758,Shipped
14525,Shipped
1109,Processing
1371,Pending
11990,Processing
14297,Processing
9141,Shipped
15748,Delivered
14075,Cancelled
3623,Pending
2000,Shipped
9040,Cancelled
6784,Shipped
9666,Shipped
2417,Processing
4735,Pending
8434,Shipped
18383,Delivered
19745,Shipped
1111,Delivered
3052,Cancelled
10522,Pending
4674,Shipped
16568,Cancelled
6816,Pending
10339,Pending
15962,Cancelled
10925,Delivered
15043,Processing
5104,Processing
5026,Pending
18356,Pending
11290,Processing
5512,Delivered
8940,Pending
15069,Delivered
5957,Delivered
9427,Delivered
7374,Delivered
15087,Delivered
13468,Delivered
17915,Shipped
16486,Shipped
4439,Cancelled
240,Cancelled
9164,Shipped
6195,Pending
6898,Processing
15399,Shipped
5058,Delivered
14711,Cancelled
6950,Delivered
13826,Processing
14952,Cancelled
8309,Processing
19540,Shipped
2823,Shipped
16472,Delivered
11715,Cancelled
14345,Processing
10715,Processing
9464,Processing
18778,Processing
16227,Cancelled
7045,Delivered
17719,Processing
18582,Delivered
3944,Pending
14649,Cancelled
17831,Delivered
16680,Cancelled
6270,Processing
8439,Cancelled
10704,Delivered
13376,Delivered
10475,Processing
9190,Cancelled
11814,Delivered
5683,Pending
13175,Shipped
3085,Pending
6125,Shipped
6040,Pending
5233,Cancelled
19721,Pending
1630,Processing
19844,Cancelled
12000,Cancelled
15906,Processing
4989,Pending
14904,Pending
3998,Cancelled
6109,Pending
3275,Cancelled
2566,Delivered
158,Cancelled
7866,Processing
6095,Processing
18566,Processing
3305,Delivered
12591,Pending
6344,Processing
6649,Shipped
11822,Delivered
3137,Processing
3685,Delivered
17545,Shipped
12534,Pending
15590,Processing
6440,Processing
15966,Cancelled
18287,Shipped
2425,Processing
13396,Shipped
9022,Pending
4176,Delivered
12948,Delivered
13103,Cancelled
16899,Cancelled
6134,Pending
12643,Delivered
8443,Pending
2475,Processing
2106,Processing
18926,Cancelled
7907,Shipped
4947,Cancelled
1974,Processing
16811,Shipped
9134,Processing
2915,Pending
16296,Delivered
4165,Cancelled
1365,Cancelled
17052,Pending
7413,Cancelled
1888,Shipped
14810,Delivered
6095,Shipped
13167,Shipped
15074,Processing
9668,Shipped
5771,Cancelled
19176,Delivered
8611,Processing
9513,Processing
3354,Pending
4573,Pending
14435,Delivered
3442,Shipped
181,Pending
8650,Shipped
19766,Cancelled
1456,Shipped
364,Pending
7118,Shipped
9064,Processing
9838,Shipped
18,Delivered
18138,Delivered
5842,Processing
6703,Shipped
18683,Cancelled
8058,Processing
11350,Shipped
2856,Shipped
12904,Shipped
10638,Pending
5109,Shipped
17450,Processing
13133,Shipped
17053,Cancelled
10734,Delivered
9025,Processing
19776,Cancelled
8362,Processing
2374,Shipped
16288,Pending
3343,Cancelled
4011,Cancelled
2266,Pending
1230,Cancelled
9735,Processing
15384,Shipped
14130,Processing
5432,Processing
15197,Shipped
248,Processing
1825,Pending
7538,Processing
6452,Cancelled
7171,Shipped
3210,Pending
2824,Processing
11067,Pending
10684,Shipped
3245,Shipped
12420,Pending
16606,Processing
15518,Shipped
18305,Cancelled
10308,Pending
3512,Shipped
17885,Pending
19968,Cancelled
12454,Pending
14056,Shipped
13396,Pending
8521,Processing
19475,Processing
215,Delivered
5369,Pending
17101,Shipped
10909,Processing
582,Pending
12804,Shipped
17004,Processing
1490,Processing
10183,Cancelled
3397,Shipped
3950,Delivered
8350,Pending
7065,Pending
4373,Processing
17942,Shipped
12374,Pending
16219,Cancelled
6945,Shipped
13631,Processing
11243,Processing
636,Delivered
15322,Delivered
2090,Processing
4320,Shipped
5245,Pending
19942,Pending
1595,Delivered
15414,Delivered
6760,Shipped
1183,Pending
2797,Cancelled
11875,Cancelled
7532,Delivered
18276,Cancelled
6568,Shipped
6134,Pending
11799,Delivered
5974,Delivered
1840,Delivered
1249,Cancelled
9605,Pending
10348,Delivered
16723,Pending
13541,Pending
18042,Shipped
18217,Delivered
4811,Shipped
15999,Cancelled
3619,Processing
2990,Processing
5952,Cancelled
19566,Pending
5652,Cancelled
5614,Delivered
7437,Cancelled
18851,Cancelled
5826,Delivered
3638,Shipped
7748,Cancelled
16428,Pending
15164,Pending
14527,Processing
12902,Cancelled
14866,Pending
16381,Cancelled
19347,Shipped
8171,Pending
1819,Cancelled
17875,Cancelled
18773,Delivered
4435,Delivered
19486,Delivered
635,Cancelled
17496,Pending
11180,Shipped
7534,Processing
920,Pending
5528,Delivered
18652,Shipped
16907,Processing
1127,Processing
19559,Pending
5984,Processing
18316,Cancelled
15294,Processing
16235,Delivered
16594,Cancelled
6687,Processing
2987,Processing
12924,Pending
18650,Processing
16306,Delivered
3760,Shipped
14681,Shipped
19176,Shipped
13808,Delivered
5178,Processing
2060,Processing
3296,Shipped
16012,Delivered
13241,Cancelled
4169,Shipped
18149,Cancelled
7913,Processing
9591,Processing
16607,Pending
2928,Processing
1743,Pending
371,Shipped
8856,Shipped
9146,Delivered
5430,Shipped
3088,Cancelled
11705,Shipped
15572,Processing
13426,Cancelled
15297,Delivered
4202,Shipped
18945,Delivered
13225,Cancelled
154,Shipped
1387,Pending
13364,Pending
19821,Delivered
14796,Pending
5311,Processing
25,Shipped
5363,Delivered
15877,Shipped
8524,Processing
3353,Cancelled
13245,Pending
7852,Pending
7837,Processing
4,Cancelled
11546,Shipped
1,Delivered
1834,Shipped
15438,Delivered
2207,Pending
10658,Pending
13080,Delivered
1587,Processing
16321,Pending
9965,Pending
17973,Cancelled
906,Shipped
19914,Delivered
16616,Cancelled
5067,Processing
1389,Cancelled
3932,Delivered
6677,Shipped
14779,Shipped
8365,Cancelled
18250,Shipped
2032,Delivered
1605,Delivered
19451,Delivered
9067,Cancelled
910,Pending
1339,Processing
19598,Pending
16871,Delivered
18038,Delivered
9843,Pending
19651,Shipped
14788,Cancelled
973,Shipped
19788,Shipped
12721,Pending
3320,Processing
4221,Pending
7333,Processing
6810,Cancelled
3393,Delivered
14621,Pending
4689,Delivered
4460,Cancelled
13030,Processing
4052,Delivered
5662,Delivered
17978,Shipped
11983,Pending
15337,Shipped
212,Cancelled
17300,Pending
8735,Cancelled
9700,Pending
17821,Cancelled
6105,Pending
9100,Delivered
13482,Processing
5312,Delivered
5876,Delivered
17905,Pending
2786,Cancelled
17381,Processing
8828,Processing
9566,Processing
9327,Delivered
14682,Processing
18108,Delivered
5486,Cancelled
1520,Shipped
4907,Pending
19697,Pending
9603,Cancelled
6533,Pending
5469,Shipped
9594,Shipped
15808,Processing
10662,Shipped
17505,Processing
7393,Processing
18697,Delivered
8453,Shipped
9156,Processing
9037,Processing
14819,Shipped
15448,Processing
6877,Cancelled
13415,Shipped
5818,Processing
6982,Delivered
15780,Processing
1344,Delivered
16531,Cancelled
12874,Delivered
9055,Pending
11476,Cancelled
1872,Pending
12492,Processing
4783,Delivered
1435,Delivered
17337,Shipped
8884,Pending
6989,Shipped
8591,Pending
2525,Shipped
4022,Delivered
6734,Delivered
17445,Shipped
3756,Processing
14067,Delivered
7624,Processing
12813,Processing
10452,Shipped
7405,Processing
11850,Cancelled
11650,Shipped
3133,Delivered
12695,Pending
6557,Processing
18131,Shipped
15596,Processing
9029,Cancelled
16866,Cancelled
11662,Processing
10246,Cancelled
10764,Processing
15611,Delivered
8226,Processing
11311,Delivered
1889,Cancelled
17048,Processing
7398,Processing
17166,Shipped
11493,Delivered
1314,Pending
4062,Pending
19345,Processing
3866,Processing
7331,Shipped
16078,Shipped
7676,Shipped
2260,Cancelled
9937,Processing
3978,Pending
956,Processing
11635,Processing
16030,Cancelled
19422,Pending
16707,Processing
10662,Cancelled
3344,Processing
18765,Processing
10221,Cancelled
6517,Processing
6649,Pending
3886,Delivered
13379,Cancelled
12096,Pending
6351,Processing
10643,Pending
19057,Cancelled
17374,Pending
5442,Processing
11764,Pending
10317,Delivered
5800,Pending
8842,Pending
19722,Shipped
543,Delivered
16049,Pending
17279,Shipped
16215,Shipped
12737,Shipped
8209,Cancelled
543,Pending
2530,Cancelled
19400,Delivered
2308,Delivered
18975,Processing
10577,Delivered
2389,Pending
5054,Delivered
13594,Shipped
3323,Processing
5329,Delivered
3297,Cancelled
8631,Delivered
19348,Delivered
16241,Delivered
19110,Processing
5625,Shipped
1938,Delivered
16943,Processing
6151,Processing
16771,Shipped
2404,Delivered
16598,Processing
1397,Shipped
9792,Cancelled
19649,Pending
15056,Delivered
4493,Delivered
938,Processing
17788,Processing
18259,Pending
19083,Shipped
351,Delivered
7299,Pending
2394,Cancelled
5838,Processing
11931,Processing
235,Cancelled
14427,Cancelled
8370,Cancelled
702,Shipped
17800,Delivered
14429,Cancelled
15597,Delivered
12163,Pending
7550,Cancelled
1832,Cancelled
1233,Pending
7765,Processing
6292,Pending
18936,Shipped
11457,Delivered
736,Processing
1951,Delivered
11314,Delivered
19021,Pending
7749,Shipped
3465,Delivered
1907,Cancelled
16302,Cancelled
9939,Cancelled
9783,Cancelled
16188,Pending
7868,Cancelled
19694,Pending
19397,Pending
5543,Delivered
12597,Delivered
11944,Shipped
16777,Pending
10971,Delivered
18741,Shipped
1613,Processing
16620,Delivered
245,Pending
16776,Shipped
9988,Cancelled
14456,Shipped
16282,Processing
8097,Delivered
7534,Cancelled
6082,Processing
2074,Cancelled
4793,Shipped
11144,Shipped
16840,Cancelled
7795,Cancelled
14015,Delivered
19318,Pending
9481,Shipped
179,Delivered
14733,Processing
15365,Shipped
12916,Cancelled
17151,Delivered
4841,Processing
18034,Shipped
1768,Shipped
8582,Processing
18804,Pending
13266,Cancelled
7358,Shipped
3005,Cancelled
12399,Delivered
7096,Shipped
8350,Pending
12047,Pending
9958,Cancelled
19662,Delivered
15256,Pending
8131,Delivered
9106,Processing
13509,Processing
19400,Pending
12809,Cancelled
4160,Delivered
1483,Delivered
5054,Shipped
14621,Processing
19081,Cancelled
5586,Pending
5388,Delivered
12920,Cancelled
2378,Delivered
3929,Processing
6988,Cancelled
14546,Processing
6614,Delivered
9044,Pending
19403,Pending
17989,Processing
17613,Pending
5875,Pending
10433,Shipped
8407,Cancelled
2831,Cancelled
16439,Pending
15147,Processing
17284,Pending
17675,Delivered
16547,Shipped
14032,Cancelled
7494,Pending
8137,Shipped
19519,Cancelled
3665,Delivered
15601,Cancelled
12777,Processing
2168,Processing
15718,Processing
18727,Cancelled
1380,Shipped
1252,Pending
17503,Pending
13331,Cancelled
7563,Delivered
17533,Shipped
7534,Processing
2941,Pending
7259,Delivered
8533,Cancelled
15556,Shipped
2059,Delivered
3146,Shipped
6290,Processing
1479,Pending
11095,Cancelled
9254,Cancelled
3568,Shipped
15288,Processing
876,Pending
16276,Pending
4452,Delivered
18246,Cancelled
18450,Processing
477,Pending
17851,Processing
18681,Processing
383,Shipped
18728,Delivered
11792,Delivered
9454,Processing
13562,Cancelled
19066,Processing
196,Delivered
1829,Delivered
2717,Cancelled
1259,Cancelled
15835,Delivered
3622,Processing
5548,Delivered
8458,Processing
8799,Shipped
4961,Processing
8400,Processing
7540,Delivered
11377,Delivered
19044,Delivered
14017,Pending
1135,Cancelled
9153,Processing
11219,Pending
4457,Pending
8938,Shipped
6354,Shipped
9232,Cancelled
7860,Delivered
11888,Shipped
17689,Pending
10900,Processing
11816,Shipped
12671,Delivered
3219,Delivered
490,Pending
8463,Shipped
2770,Delivered
4657,Shipped
2321,Processing
17516,Pending
9437,Shipped
8570,Processing
18534,Pending
14540,Shipped
6933,Shipped
14651,Delivered
2334,Pending
17764,Delivered
3504,Shipped
4399,Shipped
4875,Shipped
12010,Delivered
12069,Delivered
8226,Pending
220,Pending
7123,Delivered
1949,Shipped
18265,Pending
18902,Shipped
5427,Shipped
330,Delivered
13242,Processing
11715,Pending
3608,Processing
2007,Delivered
12286,Processing
8323,Pending
786,Processing
10213,Processing
14537,Delivered
16339,Delivered
12075,Pending
2379,Cancelled
19269,Shipped
10346,Processing
17577,Cancelled
7413,Processing
3023,Processing
5794,Processing
10625,Shipped
508,Shipped
16254,Delivered
9059,Shipped
3229,Pending
10533,Processing
3037,Delivered
4920,Pending
12510,Processing
3356,Delivered
10823,Shipped
4428,Delivered
4920,Cancelled
8153,Pending
6893,Delivered
19828,Processing
13274,Cancelled
18826,Pending
497,Delivered
10698,Processing
1284,Shipped
7210,Delivered
2745,Cancelled
2480,Cancelled
10562,Delivered
8548,Delivered
10591,Shipped
5597,Cancelled
11045,Cancelled
15731,Cancelled
5250,Delivered
13445,Delivered
3361,Cancelled
10222,Cancelled
196,Processing
12173,Shipped
13370,Pending
19809,Processing
8738,Shipped
10288,Shipped
12185,Delivered
13002,Pending
16246,Pending
2102,Shipped
11306,Pending
7761,Processing
7971,Shipped
4307,Cancelled
8072,Processing
10051,Shipped
18671,Processing
14739,Shipped
12622,Pending
8202,Delivered
5949,Cancelled
5163,Delivered
14138,Pending
17746,Pending
1811,Delivered
11988,Shipped
17793,Pending
13846,Processing
12982,Shipped
5143,Shipped
4830,Processing
17801,Delivered
1318,Pending
5368,Processing
4839,Processing
3653,Shipped
10042,Pending
8908,Cancelled
18053,Pending
18130,Processing
5152,Shipped
4871,Cancelled
19096,Cancelled
5789,Cancelled
17780,Cancelled
8238,Delivered
14796,Processing
10347,Pending
1751,Cancelled
12224,Shipped
3764,Cancelled
15175,Pending
8979,Shipped
19436,Processing
5121,Cancelled
7626,Processing
2325,Pending
16524,Delivered
6540,Cancelled
7506,Pending
3218,Delivered
463,Delivered
13229,Processing
2139,Shipped
13200,Cancelled
348,Processing
16334,Processing
13237,Processing
11708,Pending
3179,Delivered
3427,Processing
12618,Cancelled
3873,Pending
4633,Delivered
12816,Cancelled
11160,Pending
11852,Delivered
7127,Pending
17590,Processing
14912,Cancelled
15774,Processing
19371,Cancelled
16918,Processing
16501,Pending
8592,Shipped
4227,Shipped
16323,Delivered
6226,Processing
15021,Shipped
9870,Processing
19376,Processing
17454,Processing
2301,Pending
5967,Pending
3722,Delivered
7481,Delivered
15074,Processing
19743,Shipped
8814,Delivered
4830,Cancelled
15379,Cancelled
1813,Shipped
12134,Shipped
11264,Shipped
5606,Delivered
13350,Cancelled
10758,Delivered
16437,Processing
16364,Delivered
839,Shipped
13867,Cancelled
4898,Shipped
13783,Cancelled
16826,Delivered
1046,Delivered
17477,Processing
5354,Delivered
3616,Shipped
4712,Delivered
17213,Pending
6427,Pending
1475,Processing
8485,Processing
1358,Shipped
2116,Shipped
14789,Cancelled
4892,Shipped
4035,Delivered
7183,Cancelled
12903,Processing
11773,Cancelled
2099,Pending
319,Pending
4983,Shipped
4447,Cancelled
5283,Pending
18358,Processing
7326,Cancelled
5167,Processing
15988,Delivered
10521,Delivered
705,Shipped
1920,Cancelled
12241,Cancelled
14926,Processing
18548,Delivered
10488,Pending
17881,Cancelled
14955,Pending
12859,Delivered
16430,Processing
19976,Processing
8697,Processing
13501,Cancelled
3855,Delivered
9536,Shipped
18852,Pending
7657,Processing
1522,Delivered
19417,Processing
15016,Delivered
19900,Delivered
16171,Pending
3607,Shipped
13566,Shipped
7550,Cancelled
1622,Shipped
18964,Cancelled
16115,Shipped
17977,Pending
10453,Cancelled
634,Shipped
12476,Delivered
4405,Cancelled
10369,Pending
2673,Processing
6500,Pending
11283,Pending
7279,Pending
7093,Shipped
4320,Delivered
5609,Shipped
14065,Delivered
11786,Delivered
8023,Shipped
2571,Shipped
1120,Cancelled
12023,Shipped
11946,Processing
5694,Processing
1663,Delivered
12714,Cancelled
3521,Processing
13947,Processing
4904,Shipped
9363,Processing
3640,Delivered
6494,Cancelled
6958,Delivered
15196,Pending
13083,Processing
3212,Pending
8722,Shipped
4716,Cancelled
7956,Pending
427,Processing
19709,Shipped
9161,Cancelled
15645,Processing
18641,Shipped
19897,Shipped
4652,Pending
1131,Cancelled
12563,Delivered
3344,Processing
12416,Shipped
1015,Pending
8017,Pending
14063,Shipped
6622,Processing
9789,Shipped
576,Shipped
3986,Cancelled
3546,Processing
885,Processing
19852,Pending
15280,Pending
2850,Shipped
15431,Pending
11163,Processing
18600,Processing
13,Shipped
28,Cancelled
15013,Shipped
10501,Pending
1630,Pending
9290,Shipped
19571,Shipped
7809,Shipped
15626,Processing
4884,Pending
16915,Shipped
9484,Pending
5108,Processing
12740,Shipped
4315,Shipped
10192,Shipped
10228,Delivered
7141,Shipped
124,Pending
15492,Pending
6251,Shipped
13925,Delivered
15028,Delivered
8019,Cancelled
10715,Shipped
4321,Shipped
1185,Shipped
2480,Delivered
8412,Pending
18829,Processing
16770,Pending
5958,Pending
8920,Pending
11146,Delivered
8543,Cancelled
8251,Processing
764,Pending
7704,Cancelled
384,Cancelled
3492,Delivered
4724,Pending
10902,Processing
1382,Delivered
2987,Delivered
19106,Cancelled
3129,Processing
12750,Delivered
19482,Delivered
3025,Processing
18701,Processing
15555,Delivered
13039,Shipped
2076,Shipped
7697,Cancelled
3627,Processing
3623,Processing
18447,Cancelled
8674,Cancelled
17535,Processing
15935,Shipped
7890,Pending
5158,Pending
8312,Shipped
18258,Pending
17306,Processing
12145,Delivered
14532,Processing
8885,Pending
10675,Processing
3793,Processing
9479,Cancelled
17647,Shipped
11228,Pending
11249,Pending
13110,Pending
4711,Shipped
262,Pending
697,Processing
3079,Processing
15300,Delivered
15370,Pending
1682,Shipped
19493,Delivered
29,Processing
6108,Delivered
10499,Processing
11748,Processing
184,Pending
9957,Processing
8380,Processing
9850,Shipped
709,Cancelled
15195,Pending
8249,Processing
1697,Shipped
3373,Pending
5222,Processing
16476,Pending
4869,Cancelled
10051,Pending
2425,Shipped
6346,Delivered
8802,Pending
15716,Pending
2647,Pending
6909,Shipped
12784,Cancelled
6591,Cancelled
15532,Processing
13122,Delivered
8023,Processing
9131,Delivered
3549,Shipped
9929,Delivered
18775,Cancelled
12996,Pending
17593,Processing
19209,Processing
2758,Pending
18904,Shipped
16580,Processing
130,Shipped
4989,Delivered
9065,Processing
4989,Pending
13709,Delivered
2838,Delivered
15058,Shipped
15025,Shipped
5922,Cancelled
17184,Pending
13261,Pending
17176,Pending
18181,Delivered
7883,Shipped
11006,Delivered
14041,Delivered
17679,Pending
2690,Delivered
11920,Delivered
5764,Shipped
9246,Cancelled
14703,Processing
19618,Delivered
8784,Processing
10619,Processing
5941,Processing
4415,Cancelled
18290,Processing
18445,Delivered
14656,Pending
16278,Processing
6583,Pending
1474,Cancelled
12706,Processing
7004,Delivered
3330,Pending
10181,Delivered
2964,Shipped
5783,Delivered
11340,Processing
11685,Cancelled
10276,Shipped
5823,Delivered
19584,Cancelled
17224,Cancelled
4641,Cancelled
18120,Pending
13092,Processing
14869,Processing
266,Pending
14563,Processing
16537,Shipped
9512,Delivered
12080,Cancelled
3092,Shipped
5871,Pending
3781,Cancelled
9587,Processing
1188,Cancelled
4416,Delivered
2786,Processing
2070,Shipped
2614,Cancelled
9029,Cancelled
3085,Pending
14369,Processing
12900,Pending
6889,Processing
7649,Cancelled
5678,Processing
7417,Cancelled
12288,Delivered
17954,Cancelled
11605,Delivered
798,Delivered
19476,Cancelled
16931,Delivered
19109,Delivered
1122,Delivered
17281,Processing
16948,Cancelled
18274,Shipped
8352,Cancelled
15299,Delivered
13899,Delivered
9882,Delivered
16577,Cancelled
10567,Processing
840,Shipped
10233,Pending
14790,Cancelled
18949,Cancelled
12992,Cancelled
6217,Processing
13416,Cancelled
18221,Delivered
3501,Shipped
2598,Shipped
4582,Processing
7775,Processing
10049,Processing
16111,Processing
10878,Processing
18733,Cancelled
7342,Pending
18155,Shipped
14010,Processing
14683,Processing
14700,Pending
2707,Pending
6131,Delivered
15365,Pending
13836,Shipped
5371,Shipped
16980,Pending
11679,Processing
6378,Shipped
16159,Delivered
16198,Delivered
18832,Pending
8311,Delivered
2088,Cancelled
10468,Shipped
15115,Cancelled
1870,Processing
4358,Delivered
19452,Pending
19898,Pending
7698,Delivered
18209,Cancelled
17887,Cancelled
15657,Processing
5147,Shipped
10333,Shipped
10670,Delivered
13932,Shipped
15811,Shipped
13172,Delivered
6857,Delivered
7402,Shipped
9738,Pending
16660,Shipped
10244,Cancelled
283,Cancelled
5448,Shipped
18110,Delivered
7166,Cancelled
16401,Cancelled
17728,Processing
12971,Delivered
4109,Pending
552,Shipped
13000,Pending
5320,Pending
11956,Delivered
321,Delivered
4777,Shipped
19785,Processing
7568,Processing
4483,Cancelled
7588,Shipped
15101,Pending
11240,Processing
4074,Processing
19776,Delivered
15013,Cancelled
531,Cancelled
1763,Pending
3157,Cancelled
7847,Delivered
14368,Pending
7830,Processing
15957,Shipped
18667,Pending
18148,Shipped
8721,Processing
18944,Delivered
13595,Processing
14676,Delivered
1409,Cancelled
19286,Pending
8105,Cancelled
7303,Cancelled
19781,Shipped
19411,Shipped
16167,Pending
15131,Shipped
7527,Shipped
2340,Shipped
16415,Pending
1941,Processing
2412,Pending
3725,Processing
16393,Shipped
3192,Pending
11864,Shipped
15007,Shipped
6837,Cancelled
7955,Cancelled
19872,Shipped
1091,Cancelled
1192,Cancelled
3392,Pending
3009,Delivered
6552,Pending
2173,Cancelled
4292,Delivered
11244,Shipped
8585,Pending
783,Shipped
1584,Delivered
5707,Pending
13851,Delivered
12766,Pending
4028,Delivered
13123,Processing
16194,Shipped
16310,Pending
14515,Cancelled
10283,Cancelled
16881,Pending
1223,Pending
3135,Shipped
19342,Cancelled
252,Pending
12654,Processing
10092,Cancelled
12082,Pending
19431,Pending
2120,Shipped
18345,Delivered
9215,Processing
8037,Delivered
12467,Delivered
2483,Cancelled
7665,Cancelled
13250,Delivered
9681,Shipped
18484,Delivered
12600,Cancelled
8747,Cancelled
10703,Shipped
9126,Shipped
6808,Shipped
517,Shipped
7832,Cancelled
11703,Delivered
619,Delivered
1785,Delivered
16765,Processing
802,Pending
16586,Delivered
15256,Processing
7806,Shipped
10678,Shipped
1508,Cancelled
2330,Shipped
1479,Cancelled
697,Cancelled
8882,Processing
10860,Shipped
4674,Shipped
3135,Cancelled
18595,Pending
18595,Processing
13915,Shipped
10999,Delivered
11847,Cancelled
8431,Pending
621,Delivered
9359,Processing
2783,Cancelled
19510,Shipped
6657,Cancelled
15195,Pending
15775,Delivered
17400,Processing
12797,Shipped
18068,Delivered
19396,Delivered
10174,Pending
11731,Shipped
4955,Cancelled
16896,Shipped
7540,Cancelled
10866,Pending
18276,Shipped
8229,Delivered
5,Pending
9042,Delivered
3737,Cancelled
10672,Processing
2743,Pending
13252,Pending
16504,Pending
16500,Cancelled
12047,Shipped
13655,Delivered
2724,Delivered
2843,Processing
2684,Shipped
11850,Delivered
8325,Pending
322,Processing
17817,Shipped
402,Delivered
13998,Pending
157,Shipped
4236,Pending
9833,Delivered
12262,Delivered
5547,Pending
16061,Pending
1112,Shipped
1157,Cancelled
17620,Delivered
1391,Cancelled
14728,Shipped
1297,Cancelled
961,Cancelled
11330,Shipped
12009,Cancelled
4880,Pending
18831,Pending
5802,Pending
15216,Pending
12113,Shipped
10683,Processing
4098,Cancelled
100,Cancelled
11583,Cancelled
9415,Cancelled
17357,Pending
6359,Cancelled
8721,Delivered
10672,Delivered
3840,Shipped
12985,Cancelled
12538,Shipped
6271,Shipped
4775,Pending
13672,Processing
14751,Shipped
16875,Cancelled
18686,Pending
8698,Delivered
13692,Shipped
4309,Shipped
2992,Pending
12575,Shipped
15525,Cancelled
12315,Delivered
8402,Cancelled
15194,Cancelled
8812,Processing
15477,Pending
17238,Cancelled
11708,Delivered
11285,Delivered
4101,Pending
4734,Cancelled
604,Cancelled
14287,Shipped
14783,Shipped
2969,Delivered
13666,Shipped
15890,Delivered
6772,Processing
12519,Shipped
11484,Processing
5926,Shipped
11721,Processing
13373,Processing
3091,Shipped
1228,Processing
8325,Pending
4245,Cancelled
14677,Delivered
9169,Cancelled
13327,Pending
15746,Cancelled
7525,Processing
14793,Cancelled
17439,Cancelled
2352,Delivered
243,Delivered
15300,Shipped
16472,Cancelled
11952,Cancelled
3712,Pending
12314,Pending
15600,Processing
16516,Processing
16289,Cancelled
5516,Cancelled
9355,Cancelled
4673,Pending
6996,Delivered
17623,Cancelled
5038,Pending
18002,Processing
1777,Processing
12230,Shipped
971,Shipped
17049,Processing
881,Processing
1701,Pending
6063,Cancelled
4261,Shipped
6726,Processing
7337,Cancelled
14656,Cancelled
17422,Cancelled
11004,Delivered
2264,Pending
12200,Pending
11777,Pending
7031,Pending
11359,Shipped
2025,Processing
9728,Pending
15313,Processing
12627,Shipped
17695,Cancelled
3590,Pending
16036,Processing
14434,Cancelled
14930,Processing
5990,Pending
18352,Shipped
16345,Delivered
2752,Delivered
18279,Cancelled
2603,Pending
2903,Delivered
4323,Cancelled
10429,Processing
17364,Shipped
1369,Shipped
10297,Shipped
10140,Pending
19336,Delivered
4215,Pending
10529,Cancelled
5381,Pending
5587,Pending
14563,Shipped
16713,Shipped
6813,Processing
9206,Processing
10757,Shipped
18950,Cancelled
15552,Pending
5299,Delivered
8372,Pending
13011,Delivered
3332,Delivered
15185,Delivered
18193,Delivered
16467,Delivered
12598,Shipped
5099,Shipped
2030,Cancelled
4141,Delivered
18724,Delivered
15771,Shipped
1561,Shipped
15405,Pending
12441,Processing
10583,Cancelled
16594,Delivered
5514,Shipped
12927,Processing
7754,Shipped
10451,Cancelled
13607,Pending
5910,Shipped
12916,Pending
11010,Pending
8691,Processing
6967,Shipped
3772,Shipped
5775,Delivered
8941,Delivered
10016,Delivered
13608,Pending
4795,Pending
11761,Pending
18142,Pending
13055,Delivered
12214,Shipped
10360,Delivered
6100,Processing
10362,Pending
12228,Processing
16693,Pending
4442,Processing
1640,Cancelled
16144,Processing
10673,Shipped
1715,Pending
18739,Delivered
15458,Pending
19931,Shipped
12427,Pending
154,Processing
7047,Pending
9116,Processing
16881,Delivered
17281,Cancelled
7834,Pending
2313,Shipped
8698,Delivered
9778,Shipped
13107,Processing
9256,Delivered
5119,Shipped
19275,Processing
19412,Delivered
3165,Delivered
1484,Processing
8494,Cancelled
17626,Delivered
344,Processing
6340,Shipped
14068,Shipped
15849,Pending
18063,Delivered
4427,Delivered
8011,Shipped
2599,Delivered
3159,Delivered
8464,Shipped
2537,Pending
5072,Pending
7427,Cancelled
8679,Processing
14027,Delivered
2786,Pending
12767,Shipped
9704,Cancelled
18735,Delivered
10532,Processing
15012,Pending
234,Delivered
18589,Delivered
1442,Processing
7555,Processing
2553,Shipped
12540,Shipped
16396,Pending
16120,Shipped
13272,Delivered
16050,Delivered
6626,Pending
12939,Cancelled
12311,Shipped
2735,Shipped
19021,Delivered
9344,Cancelled
11646,Shipped
13548,Shipped
15228,Delivered
5622,Delivered
7987,Cancelled
6645,Shipped
14949,Pending
3684,Delivered
4475,Cancelled
11587,Delivered
16759,Delivered
11677,Pending
8007,Delivered
9480,Processing
9834,Pending
18927,Processing
12592,Processing
8633,Delivered
15665,Pending
15794,Shipped
18058,Delivered
8630,Shipped
3585,Processing
1148,Shipped
13180,Processing
6055,Pending
16115,Pending
293,Delivered
4082,Shipped
13974,Processing
6451,Delivered
13892,Pending
12623,Shipped
7587,Cancelled
11131,Delivered
19755,Pending
668,Shipped
4475,Processing
5144,Processing
11899,Cancelled
9111,Shipped
7109,Delivered
11813,Processing
18871,Delivered
14137,Shipped
7823,Pending
11635,Pending
15208,Processing
10163,Delivered
14157,Processing
17780,Cancelled
5492,Shipped
2439,Cancelled
6919,Processing
18333,Processing
16415,Processing
12727,Delivered
10428,Processing
9807,Processing
17512,Cancelled
13846,Processing
9685,Processing
18830,Processing
18562,Cancelled
9415,Delivered
9766,Pending
461,Shipped
5042,Cancelled
15521,Delivered
3879,Pending
10876,Delivered
6684,Pending
2739,Processing
2529,Cancelled
12708,Shipped
13740,Cancelled
19001,Cancelled
19522,Delivered
10569,Shipped
3951,Delivered
9799,Processing
15542,Pending
4755,Delivered
7715,Processing
11105,Shipped
144,Pending
2404,Cancelled
3009,Delivered
17106,Cancelled
17620,Pending
15924,Pending
19955,Shipped
312,Pending
11302,Shipped
5406,Cancelled
12310,Shipped
5453,Pending
5705,Delivered
12815,Shipped
10821,Shipped
8121,Delivered
5913,Shipped
1496,Pending
6466,Pending
14671,Delivered
1043,Delivered
10643,Cancelled
9933,Shipped
15585,Delivered
18893,Cancelled
11181,Processing
18315,Shipped
8589,Cancelled
12240,Cancelled
4363,Cancelled
17821,Delivered
10680,Pending
10743,Processing
2471,Processing
14237,Cancelled
9827,Pending
8989,Delivered
16409,Cancelled
2951,Delivered
12904,Delivered
2794,Pending
3879,Cancelled
14490,Delivered
10000,Processing
6160,Cancelled
13526,Pending
1174,Processing
9935,Pending
2221,Processing
6108,Shipped
22,Shipped
3034,Delivered
8017,Pending
11540,Pending
12002,Shipped
17803,Cancelled
14056,Pending
692,Cancelled
9569,Shipped
8204,Pending
4108,Processing
8447,Delivered
13890,Processing
17079,Cancelled
11231,Processing
14173,Shipped
15268,Delivered
4447,Delivered
964,Pending
6492,Shipped
9201,Delivered
14948,Shipped
8571,Processing
4778,Delivered
518,Cancelled
8218,Cancelled
3256,Pending
10838,Pending
14789,Cancelled
18851,Delivered
9371,Cancelled
7750,Delivered
14803,Cancelled
10269,Cancelled
2241,Cancelled
3397,Cancelled
423,Delivered
10974,Shipped
19412,Shipped
17483,Processing
3687,Delivered
7356,Cancelled
4576,Cancelled
7050,Cancelled
14111,Processing
11818,Processing
11059,Delivered
1803,Delivered
8479,Processing
10515,Shipped
2243,Cancelled
8078,Delivered
545,Processing
8810,Delivered
18504,Delivered
1857,Cancelled
2793,Processing
2450,Cancelled
16265,Processing
2843,Pending
13782,Processing
15673,Pending
13541,Shipped
15749,Processing
11641,Cancelled
10060,Pending
5906,Delivered
347,Delivered
5330,Shipped
9355,Processing
14294,Pending
15697,Shipped
18923,Cancelled
12967,Cancelled
3739,Cancelled
18981,Processing
15981,Pending
10484,Processing
7768,Cancelled
5382,Delivered
8785,Cancelled
16563,Delivered
2752,Processing
19428,Processing
6457,Pending
16089,Delivered
1002,Shipped
19840,Processing
14461,Cancelled
16690,Shipped
18994,Pending
16199,Pending
1545,Processing
6815,Cancelled
19225,Pending
8765,Shipped
18388,Cancelled
18921,Cancelled
14749,Shipped
4399,Delivered
11783,Shipped
5631,Shipped
11879,Processing
7225,Pending
5547,Shipped
471,Shipped
819,Cancelled
1269,Shipped
11051,Shipped
5418,Processing
5922,Delivered
14193,Processing
3855,Shipped
17487,Pending
16559,Delivered
11157,Shipped
12150,Cancelled
10485,Shipped
15058,Delivered
10942,Shipped
10175,Shipped
13349,Pending
19372,Pending
19780,Delivered
19382,Delivered
14253,Cancelled
6205,Cancelled
4072,Shipped
3843,Pending
7529,Pending
11702,Delivered
11710,Cancelled
690,Cancelled
14096,Delivered
8739,Delivered
19884,Processing
3680,Shipped
16600,Delivered
1170,Shipped
19458,Processing
13016,Pending
6843,Pending
16984,Shipped
9423,Pending
14111,Cancelled
4723,Pending
14765,Cancelled
4507,Shipped
15947,Shipped
15458,Shipped
12418,Shipped
5635,Pending
3808,Shipped
6788,Pending
17418,Processing
2528,Shipped
16007,Delivered
11188,Delivered
4187,Processing
15034,Processing
6060,Processing
19045,Pending
14635,Cancelled
5790,Delivered
708,Cancelled
3278,Processing
9590,Delivered
12696,Processing
18396,Delivered
19198,Delivered
10696,Processing
4622,Delivered
17367,Processing
6183,Shipped
4719,Delivered
10027,Shipped
10913,Shipped
7325,Shipped
6997,Processing
9444,Shipped
118,Cancelled
1643,Shipped
8635,Delivered
4321,Pending
6729,Delivered
2451,Pending
13419,Delivered
16823,Delivered
6066,Cancelled
4548,Cancelled
8201,Shipped
2756,Processing
3151,Shipped
18777,Delivered
6616,Cancelled
6562,Delivered
2706,Processing
4275,Processing
12169,Shipped
16714,Processing
6959,Pending
18523,Processing
9463,Processing
9399,Processing
7060,Pending
6674,Shipped
2277,Delivered
17196,Cancelled
6591,Delivered
19842,Shipped
4211,Shipped
6637,Cancelled
923,Delivered
12819,Delivered
8245,Cancelled
1836,Cancelled
4642,Pending
7796,Cancelled
13142,Processing
8434,Delivered
8584,Shipped
13949,Pending
12686,Cancelled
5518,Processing
16472,Pending
18307,Shipped
12686,Pending
3907,Cancelled
7412,Pending
19744,Pending
2631,Processing
1399,Shipped
19479,Pending
12025,Processing
8844,Processing
14359,Processing
8436,Pending
8467,Pending
631,Pending
8128,Pending
16673,Processing
4214,Shipped
8636,Delivered
11432,Shipped
6198,Pending
17352,Shipped
7436,Cancelled
11438,Pending
4459,Shipped
2437,Pending
16158,Processing
1307,Delivered
15947,Processing
15640,Cancelled
17618,Cancelled
13215,Pending
7042,Shipped
18912,Cancelled
12554,Delivered
7713,Pending
4309,Processing
10637,Shipped
12273,Cancelled
1791,Processing
14372,Shipped
3387,Shipped
11824,Cancelled
19853,Cancelled
11555,Processing
10135,Processing
12352,Shipped
2174,Pending
4992,Delivered
11279,Delivered
2692,Pending
3286,Cancelled
2200,Processing
9103,Delivered
2937,Shipped
14374,Pending
3939,Shipped
7664,Cancelled
19496,Cancelled
1184,Pending
10246,Shipped
7300,Delivered
9294,Pending
14233,Shipped
7124,Processing
11090,Delivered
9081,Pending
5273,Shipped
11305,Pending
7149,Cancelled
2404,Shipped
15322,Shipped
5837,Processing
18838,Pending
13045,Delivered
7818,Processing
19754,Pending
6203,Processing
19881,Delivered
9414,Processing
12908,Processing
15818,Cancelled
15504,Delivered
12119,Delivered
8535,Processing
17482,Shipped
3669,Cancelled
19056,Pending
16672,Processing
12629,Processing
12335,Pending
7491,Cancelled
6295,Pending
5402,Processing
4850,Pending
13451,Cancelled
3086,Pending
10076,Cancelled
15454,Cancelled
2806,Pending
11339,Processing
6095,Processing
18016,Cancelled
16151,Pending
12003,Cancelled
14326,Shipped
133,Cancelled
11578,Processing
1082,Processing
5499,Shipped
19594,Delivered
13944,Processing
9942,Cancelled
8804,Cancelled
14278,Pending
6742,Pending
12185,Delivered
9039,Cancelled
5278,Cancelled
5693,Cancelled
17048,Pending
9238,Pending
4875,Pending
19558,Shipped
9420,Shipped
12918,Shipped
9415,Processing
10662,Processing
8841,Processing
14763,Delivered
5304,Shipped
11483,Shipped
2366,Shipped
14713,Processing
9792,Delivered
134,Pending
17444,Processing
8292,Processing
13482,Pending
7820,Processing
8596,Delivered
14864,Shipped
3086,Shipped
7836,Pending
3397,Processing
5478,Processing
15090,Processing
16282,Processing
2612,Cancelled
7927,Processing
5240,Cancelled
14153,Cancelled
9302,Delivered
10631,Processing
5237,Delivered
10929,Shipped
16379,Cancelled
12083,Cancelled
18261,Pending
7817,Shipped
14811,Pending
5483,Pending
4544,Processing
15678,Shipped
14862,Cancelled
9205,Cancelled
964,Processing
7975,Delivered
19972,Shipped
1162,Pending
10668,Pending
316,Shipped
18297,Delivered
19757,Cancelled
5637,Pending
9357,Pending
18262,Delivered
10063,Shipped
8098,Cancelled
2358,Shipped
11561,Pending
9668,Delivered
9133,Cancelled
17971,Pending
4759,Delivered
12234,Pending
12680,Cancelled
6935,Processing
441,Processing
1187,Cancelled
16383,Delivered
6784,Processing
3254,Pending
6868,Pending
3578,Processing
17817,Shipped
13361,Pending
12566,Shipped
535,Shipped
6053,Shipped
720,Shipped
1753,Delivered
19686,Shipped
779,Delivered
2765,Delivered
18307,Delivered
7519,Pending
15438,Shipped
17159,Delivered
4989,Shipped
19483,Pending
6163,Delivered
857,Delivered
7912,Delivered
12749,Shipped
16475,Shipped
3409,Processing
8685,Delivered
4962,Shipped
14140,Processing
17534,Shipped
19762,Delivered
7588,Processing
2906,Cancelled
12606,Delivered
6200,Pending
152,Processing
13945,Cancelled
14528,Pending
1885,Cancelled
642,Cancelled
3093,Shipped
18829,Pending
3173,Pending
4025,Shipped
17619,Cancelled
1887,Delivered
8595,Cancelled
6342,Delivered
3681,Cancelled
1922,Processing
11004,Shipped
6573,Cancelled
10767,Delivered
10570,Shipped
15282,Delivered
11860,Processing
11180,Pending
14673,Pending
3,Delivered
18708,Cancelled
16855,Pending
12861,Delivered
6635,Pending
15043,Shipped
429,Shipped
11186,Shipped
1340,Pending
12895,Delivered
13396,Shipped
2486,Delivered
10524,Delivered
15499,Shipped
6987,Delivered
19321,Delivered
7,Pending
12969,Shipped
686,Processing
5839,Pending
2281,Processing
1382,Delivered
17157,Cancelled
10461,Shipped
10932,Pending
10645,Cancelled
2194,Pending
10137,Shipped
17403,Cancelled
1422,Cancelled
15780,Shipped
8970,Delivered
19742,Pending
405,Delivered
1082,Cancelled
1858,Cancelled
3851,Delivered
15982,Delivered
15106,Pending
12288,Delivered
482,Shipped
9457,Processing
7302,Cancelled
15179,Pending
9274,Delivered
8518,Processing
136,Delivered
12903,Shipped
15786,Cancelled
5564,Shipped
3144,Processing
9057,Delivered
5350,Pending
14571,Cancelled
4072,Processing
4370,Shipped
19663,Delivered
405,Cancelled
12693,Processing
2972,Cancelled
9335,Pending
15881,Delivered
8553,Shipped
19741,Cancelled
13436,Pending
1176,Processing
3419,Processing
14978,Cancelled
7653,Shipped
7595,Processing
15156,Cancelled
5415,Processing
13431,Cancelled
6210,Shipped
3762,Delivered
10874,Cancelled
14153,Pending
9700,Pending
173,Processing
8590,Processing
15870,Shipped
18770,Cancelled
4557,Shipped
8919,Processing
13953,Cancelled
5954,Shipped
1010,Cancelled
11147,Cancelled
11686,Processing
18347,Shipped
786,Cancelled
14263,Pending
12649,Delivered
18530,Delivered
18004,Processing
2001,Shipped
9085,Cancelled
10974,Delivered
3963,Shipped
19333,Shipped
11758,Pending
19076,Delivered
1042,Pending
255,Cancelled
4903,Processing
14971,Processing
16580,Processing
17970,Cancelled
4471,Delivered
7150,Cancelled
17659,Delivered
7975,Shipped
18296,Shipped
15643,Shipped
17412,Cancelled
12892,Delivered
1580,Processing
11588,Pending
11781,Pending
4608,Cancelled
14782,Processing
13594,Shipped
9931,Pending
14198,Processing
8675,Cancelled
1407,Pending
10541,Cancelled
6580,Pending
16586,Pending
1777,Cancelled
10372,Shipped
10230,Shipped
11513,Cancelled
9004,Processing
824,Cancelled
6373,Pending
1358,Delivered
17380,Cancelled
8967,Processing
11955,Processing
12959,Cancelled
15424,Pending
6620,Cancelled
516,Shipped
10960,Shipped
7567,Delivered
4311,Pending
19097,Pending
14230,Shipped
15441,Processing
3349,Pending
13810,Shipped
15993,Cancelled
8235,Shipped
2251,Pending
3026,Processing
765,Pending
5891,Delivered
3648,Delivered
8668,Cancelled
19312,Pending
17446,Cancelled
1198,Shipped
2006,Cancelled
18415,Shipped
9811,Processing
1006,Delivered
2942,Cancelled
14144,Cancelled
17782,Cancelled
533,Shipped
13923,Shipped
14817,Shipped
17154,Delivered
12963,Pending
3329,Shipped
64,Pending
16353,Cancelled
4301,Shipped
17508,Cancelled
11224,Shipped
13898,Cancelled
12463,Delivered
1736,Delivered
16209,Shipped
11499,Shipped
19662,Shipped
1144,Processing
10251,Delivered
5071,Processing
6656,Pending
18448,Shipped
3881,Cancelled
9206,Processing
17971,Shipped
12720,Delivered
3515,Pending
16317,Delivered
3163,Cancelled
6605,Delivered
6375,Processing
13439,Shipped
5856,Cancelled
981,Delivered
13971,Shipped
2500,Delivered
7261,Delivered
16729,Delivered
1371,Pending
5475,Processing
9576,Cancelled
7866,Processing
13766,Processing
581,Processing
19957,Pending
19475,Pending
1210,Shipped
8483,Shipped
7678,Pending
6410,Processing
14422,Shipped
16513,Delivered
12760,Delivered
6382,Delivered
14569,Delivered
15508,Shipped
12386,Processing
8251,Shipped
15391,Shipped
16284,Pending
10080,Processing
12092,Cancelled
11123,Cancelled
3780,Shipped
13155,Shipped
8010,Cancelled
11456,Shipped
5177,Pending
6447,Processing
17945,Processing
9261,Cancelled
2813,Delivered
18584,Delivered
2961,Delivered
4692,Shipped
5569,Processing
14998,Shipped
16985,Cancelled
18737,Pending
10291,Processing
4284,Shipped
4849,Shipped
16040,Cancelled
1126,Delivered
10700,Shipped
16574,Processing
9346,Delivered
13304,Delivered
19414,Delivered
2278,Delivered
6734,Cancelled
5110,Shipped
10801,Cancelled
3932,Pending
13269,Processing
1801,Cancelled
3348,Cancelled
5431,Shipped
17862,Pending
2415,Cancelled
5550,Delivered
7945,Pending
12501,Cancelled
5723,Shipped
4516,Delivered
19966,Cancelled
3254,Pending
4832,Pending
19830,Shipped
5671,Processing
13391,Processing
17784,Cancelled
1699,Delivered
2009,Pending
11962,Shipped
14566,Cancelled
9374,Cancelled
12749,Delivered
5165,Shipped
3234,Shipped
12482,Pending
2619,Processing
13686,Processing
16416,Processing
14226,Processing
2066,Cancelled
15691,Pending
12885,Cancelled
19203,Processing
16525,Delivered
2530,Shipped
16995,Shipped
17082,Pending
8113,Shipped
15485,Delivered
693,Cancelled
8918,Shipped
444,Processing
4109,Cancelled
1800,Shipped
14585,Pending
10341,Delivered
19123,Shipped
16470,Pending
16495,Cancelled
12176,Cancelled
11271,Cancelled
16256,Cancelled
554,Pending
18144,Processing
1590,Shipped
3110,Pending
6485,Pending
12003,Processing
13820,Pending
6401,Shipped
11498,Pending
17612,Pending
5999,Processing
6891,Shipped
19877,Shipped
16727,Shipped
17468,Delivered
18577,Shipped
5261,Processing
9370,Processing
5386,Cancelled
16750,Shipped
18432,Shipped
5080,Delivered
358,Shipped
10036,Pending
408,Shipped
3293,Delivered
11018,Shipped
18175,Delivered
15965,Processing
17570,Processing
17677,Cancelled
15857,Cancelled
3952,Processing
7480,Cancelled
10408,Processing
5606,Delivered
16361,Cancelled
10432,Delivered
3574,Cancelled
611,Pending
19829,Shipped
17617,Processing
8722,Pending
14915,Cancelled
12394,Shipped
7604,Cancelled
11850,Shipped
4764,Pending
10150,Delivered
18762,Pending
367,Pending
16258,Cancelled
1371,Processing
5199,Cancelled
18163,Pending
7262,Shipped
5796,Cancelled
6999,Shipped
484,Pending
19205,Processing
16042,Shipped
2459,Delivered
18337,Delivered
4135,Pending
11339,Shipped
10508,Shipped
12295,Cancelled
15473,Cancelled
8149,Processing
8897,Shipped
15488,Pending
15301,Cancelled
15827,Delivered
14209,Pending
5012,Shipped
17684,Cancelled
6456,Processing
14122,Processing
4592,Delivered
5966,Delivered
6395,Processing
17644,Delivered
9876,Pending
6816,Cancelled
14979,Shipped
13,Delivered
7189,Shipped
5722,Pending
11076,Delivered
13922,Pending
8597,Processing
9845,Processing
15047,Cancelled
13501,Processing
9381,Pending
1213,Pending
19495,Pending
5910,Pending
16019,Delivered
11146,Shipped
4019,Shipped
17058,Cancelled
19852,Pending
7603,Pending
11412,Delivered
10658,Shipped
14505,Processing
11350,Shipped
18731,Delivered
330,Processing
8266,Shipped
8098,Processing
9001,Delivered
18138,Pending
6995,Processing
13214,Cancelled
9089,Delivered
5506,Pending
17314,Shipped
2530,Pending
11610,Cancelled
19136,Shipped
6874,Shipped
14138,Shipped
8160,Pending
5616,Processing
2602,Delivered
2494,Cancelled
8452,Pending
18660,Cancelled
9654,Delivered
14269,Cancelled
13688,Cancelled
11249,Delivered
8615,Cancelled
13723,Processing
12729,Cancelled
5415,Pending
531,Shipped
1948,Pending
9874,Cancelled
18774,Pending
8078,Pending
15580,Cancelled
8859,Pending
17054,Shipped
19151,Shipped
4093,Processing
15879,Shipped
5914,Delivered
2333,Processing
1164,Processing
9287,Delivered
8561,Processing
2759,Pending
12730,Cancelled
15637,Shipped
7464,Processing
16318,Pending
299,Delivered
16536,Processing
2057,Delivered
1870,Delivered
8823,Pending
558,Delivered
618,Cancelled
6249,Processing
17814,Cancelled
9180,Cancelled
17999,Pending
17467,Processing
8487,Pending
13131,Shipped
16601,Delivered
9396,Pending
6560,Cancelled
19854,Pending
7419,Delivered
10928,Shipped
12686,Processing
18303,Shipped
630,Processing
15605,Pending
3119,Cancelled
5562,Processing
19332,Cancelled
37,Delivered
13701,Shipped
18439,Processing
10114,Cancelled
12563,Pending
1164,Cancelled
10834,Shipped
1293,Shipped
1052,Processing
16872,Shipped
16006,Pending
14914,Pending
1823,Delivered
1581,Shipped
9459,Delivered
17436,Pending
8230,Pending
15617,Processing
6454,Cancelled
1170,Delivered
8783,Cancelled
17446,Processing
12025,Shipped
17760,Cancelled
13233,Shipped
12541,Cancelled
5558,Pending
3321,Shipped
1900,Processing
7428,Processing
16118,Processing
19433,Cancelled
6310,Cancelled
18404,Processing
6484,Shipped
977,Shipped
13727,Processing
16170,Shipped
5197,Cancelled
14395,Delivered
7160,Delivered
19119,Processing
8455,Delivered
11095,Shipped
17621,Delivered
18623,Cancelled
18162,Delivered
14982,Pending
7101,Processing
19339,Shipped
6860,Delivered
2247,Shipped
12725,Shipped
9969,Pending
1611,Cancelled
7684,Processing
4642,Processing
18189,Cancelled
10748,Pending
3783,Pending
8582,Delivered
6542,Shipped
9824,Pending
9673,Delivered
17953,Cancelled
18910,Delivered
10577,Cancelled
9763,Delivered
5886,Shipped
16441,Delivered
14009,Processing
12206,Processing
13370,Shipped
14986,Processing
11630,Cancelled
8536,Shipped
3204,Pending
16537,Shipped
6912,Processing
11495,Cancelled
19367,Shipped
14727,Cancelled
2994,Processing
13280,Delivered
1566,Processing
10631,Cancelled
16811,Processing
13941,Pending
16160,Processing
4739,Shipped
9242,Pending
16901,Processing
2568,Processing
9149,Shipped
14874,Shipped
8676,Shipped
6716,Delivered
3514,Delivered
12337,Delivered
1310,Processing
7237,Pending
2191,Shipped
9405,Delivered
5308,Processing
9565,Delivered
11284,Shipped
13783,Processing
19943,Delivered
18158,Pending
2616,Processing
18499,Pending
14608,Processing
11368,Shipped
14006,Delivered
12870,Cancelled
834,Processing
15594,Processing
3041,Delivered
306,Processing
12001,Cancelled
8344,Shipped
9070,Delivered
17884,Processing
15996,Pending
10906,Cancelled
2225,Shipped
6903,Processing
17751,Cancelled
7612,Pending
10212,Delivered
8797,Pending
9090,Shipped
8809,Shipped
3463,Delivered
15671,Shipped
9840,Processing
14739,Shipped
11347,Shipped
3972,Shipped
3524,Cancelled
8277,Delivered
14938,Shipped
1846,Shipped
2529,Processing
273,Pending
10630,Delivered
19255,Delivered
4727,Cancelled
4080,Processing
3610,Shipped
8299,Processing
11084,Shipped
7880,Pending
11339,Pending
18910,Delivered
8896,Cancelled
12098,Pending
19359,Shipped
727,Pending
12353,Pending
63,Delivered
2822,Pending
19203,Processing
10825,Cancelled
4928,Pending
11964,Delivered
16303,Delivered
11047,Shipped
12605,Cancelled
7540,Shipped
9208,Shipped
5629,Pending
14714,Delivered
12095,Processing
17449,Shipped
6002,Cancelled
10645,Delivered
5463,Pending
3816,Processing
19386,Shipped
5740,Shipped
2660,Delivered
2756,Shipped
10985,Processing
18934,Processing
9336,Pending
2191,Processing
17537,Pending
1784,Delivered
17975,Pending
4819,Cancelled
2211,Shipped
17119,Pending
18602,Pending
2167,Shipped
3576,Pending
6427,Cancelled
12897,Cancelled
6616,Processing
11122,Cancelled
1686,Processing
3070,Pending
18304,Processing
9374,Delivered
12759,Cancelled
8092,Pending
1,Pending
3436,Shipped
3636,Processing
14070,Processing
1569,Shipped
6271,Processing
14939,Cancelled
9353,Delivered
19978,Delivered
36,Shipped
10578,Pending
9542,Processing
2890,Shipped
3441,Pending
16298,Shipped
5826,Pending
15423,Delivered
12233,Shipped
13461,Shipped
16787,Delivered
8478,Cancelled
15049,Processing
7037,Shipped
16640,Shipped
9538,Pending
16142,Cancelled
18876,Processing
3426,Processing
7134,Pending
2307,Processing
10690,Processing
18991,Delivered
13794,Processing
19342,Delivered
1337,Pending
9856,Cancelled
3104,Cancelled
10238,Processing
6459,Cancelled
9084,Pending
18363,Pending
2225,Processing
4655,Shipped
7842,Processing
18336,Delivered
13514,Processing
10161,Cancelled
4533,Shipped
961,Pending
12506,Delivered
17466,Cancelled
15783,Delivered
9178,Pending
884,Pending
17488,Delivered
10801,Shipped
16136,Cancelled
12723,Delivered
8419,Pending
4377,Delivered
11227,Shipped
17965,Shipped
2193,Pending
4451,Shipped
16705,Processing
10757,Cancelled
2742,Pending
6141,Delivered
17161,Shipped
2930,Delivered
18700,Pending
10675,Pending
16810,Processing
15797,Delivered
17520,Processing
3996,Shipped
6238,Pending
6135,Pending
2765,Cancelled
14232,Processing
6558,Pending
11378,Cancelled
10003,Cancelled
15821,Delivered
158,Shipped
2647,Shipped
19155,Cancelled
17145,Delivered
17446,Shipped
4208,Cancelled
15711,Processing
11428,Processing
9628,Delivered
3168,Shipped
9965,Processing
16766,Cancelled
10230,Cancelled
5427,Pending
9095,Delivered
9953,Shipped
13888,Shipped
507,Processing
4468,Processing
19817,Shipped
11051,Pending
16107,Processing
16045,Cancelled
19523,Pending
5517,Shipped
8693,Cancelled
19155,Pending
1359,Processing
8224,Cancelled
8382,Pending
4963,Processing
19520,Cancelled
9945,Shipped
6542,Processing
2077,Delivered
18426,Cancelled
6823,Pending
14665,Processing
8795,Delivered
11587,Shipped
11713,Delivered
859,Cancelled
10548,Shipped
6434,Shipped
348,Pending
8475,Shipped
18935,Shipped
13217,Pending
18803,Processing
13549,Shipped
4980,Shipped
2837,Processing
13883,Delivered
5117,Delivered
486,Cancelled
8108,Pending
12470,Delivered
5176,Shipped
14895,Delivered
11521,Delivered
4089,Cancelled
12949,Delivered
11362,Cancelled
15249,Delivered
8362,Shipped
8313,Shipped
17890,Processing
19941,Processing
175,Processing
16063,Processing
1297,Shipped
17341,Pending
15608,Cancelled
15391,Processing
11916,Shipped
4194,Processing
10796,Cancelled
72,Processing
10164,Cancelled
17319,Shipped
3217,Cancelled
4134,Processing
14827,Cancelled
6973,Delivered
18026,Delivered
5180,Pending
16037,Processing
13921,Pending
4326,Processing
1900,Pending
6853,Delivered
10941,Cancelled
17665,Pending
15543,Pending
2758,Processing
5729,Delivered
7552,Processing
13766,Shipped
9518,Delivered
13919,Pending
876,Pending
7558,Cancelled
3182,Delivered
11532,Shipped
8738,Processing
3698,Pending
15963,Delivered
14439,Cancelled
2906,Processing
11988,Pending
7347,Cancelled
15268,Processing
10761,Processing
19225,Cancelled
15091,Processing
8711,Processing
5932,Pending
4459,Shipped
18978,Shipped
4473,Shipped
911,Shipped
3345,Pending
3408,Delivered
19466,Cancelled
13001,Delivered
890,Shipped
15962,Shipped
4397,Cancelled
4094,Shipped
8946,Delivered
6908,Pending
9929,Delivered
15180,Processing
2515,Shipped
1182,Pending
15401,Pending
9198,Shipped
18049,Delivered
1489,Pending
1104,Shipped
7826,Pending
3518,Processing
11441,Shipped
18087,Pending
1670,Pending
791,Cancelled
18890,Processing
15184,Cancelled
2640,Processing
6045,Delivered
16977,Cancelled
19351,Delivered
11947,Pending
12702,Pending
11224,Delivered
17524,Pending
2237,Processing
11624,Pending
18397,Processing
16690,Shipped
9196,Cancelled
1829,Pending
7088,Shipped
11447,Pending
2417,Delivered
13446,Processing
7266,Pending
15212,Pending
4423,Pending
2776,Delivered
14489,Shipped
897,Shipped
2127,Processing
16959,Processing
3317,Processing
1507,Shipped
11930,Shipped
265,Processing
1113,Shipped
12255,Processing
1288,Shipped
7433,Delivered
1585,Delivered
7946,Cancelled
14961,Shipped
4210,Processing
11350,Shipped
19097,Cancelled
13069,Processing
8043,Processing
14458,Cancelled
13742,Pending
3732,Shipped
3006,Processing
15443,Shipped
12749,Delivered
4451,Shipped
7603,Delivered
2098,Processing
6156,Pending
5483,Processing
17762,Processing
25,Delivered
2493,Processing
18663,Cancelled
10981,Delivered
2738,Shipped
704,Processing
1249,Processing
16041,Shipped
15955,Delivered
17375,Shipped
11,Pending
5150,Cancelled
18797,Processing
9776,Shipped
9001,Processing
14980,Processing
8694,Pending
13007,Pending
4373,Delivered
4807,Processing
10914,Pending
5404,Delivered
4033,Shipped
17,Cancelled
8106,Processing
7159,Processing
14530,Delivered
13355,Pending
8988,Processing
19164,Delivered
12279,Pending
3101,Pending
18108,Delivered
9908,Processing
12836,Processing
7387,Pending
5401,Shipped
14898,Cancelled
9687,Shipped
11129,Pending
14175,Cancelled
3651,Delivered
18390,Pending
16410,Delivered
5466,Cancelled
17764,Pending
3711,Delivered
11127,Delivered
5877,Shipped
11651,Shipped
1509,Shipped
9393,Processing
644,Shipped
3265,Processing
3043,Delivered
5866,Delivered
19003,Cancelled
15086,Cancelled
15589,Processing
15053,Pending
14387,Cancelled
4385,Pending
18660,Processing
8684,Pending
7533,Processing
15718,Delivered
12881,Pending
18877,Cancelled
18237,Cancelled
10938,Pending
15573,Pending
11713,Delivered
4475,Cancelled
7518,Cancelled
15040,Delivered
11525,Delivered
6006,Delivered
12209,Cancelled
4779,Processing
15490,Shipped
10859,Cancelled
488,Processing
8911,Delivered
4151,Delivered
1071,Cancelled
11071,Cancelled
15174,Pending
10819,Processing
9937,Processing
7525,Delivered
9019,Shipped
16619,Shipped
15206,Processing
11112,Delivered
14633,Cancelled
15346,Cancelled
1673,Processing
4254,Shipped
2701,Cancelled
14743,Shipped
2998,Processing
9371,Pending
16753,Processing
950,Shipped
5734,Shipped
19155,Delivered
18678,Processing
12990,Pending
10942,Cancelled
15214,Cancelled
8116,Shipped
3357,Processing
6987,Cancelled
4833,Shipped
16165,Delivered
1001,Delivered
19941,Delivered
19154,Cancelled
1575,Pending
9262,Cancelled
5590,Pending
8452,Shipped
7550,Delivered
168,Pending
19739,Pending
14592,Processing
10290,Delivered
8109,Processing
4789,Processing
19938,Cancelled
16524,Delivered
13123,Cancelled
5407,Shipped
169,Shipped
4638,Delivered
2163,Delivered
13111,Processing
15688,Delivered
5686,Pending
1198,Cancelled
15078,Shipped
13738,Shipped
10101,Delivered
17015,Cancelled
19679,Delivered
1244,Delivered
16593,Processing
14791,Cancelled
19562,Pending
6373,Delivered
10802,Delivered
19171,Cancelled
7702,Pending
1236,Processing
3908,Cancelled
12065,Processing
2049,Processing
14752,Pending
14602,Pending
12852,Delivered
17459,Shipped
12248,Delivered
9246,Pending
13291,Delivered
19149,Pending
16135,Shipped
2704,Pending
10135,Delivered
11099,Processing
7696,Delivered
4556,Pending
19690,Processing
14581,Processing
696,Cancelled
11555,Cancelled
9853,Processing
17383,Shipped
12504,Pending
1549,Cancelled
1717,Pending
10743,Cancelled
7848,Delivered
4782,Cancelled
14832,Pending
2032,Delivered
7040,Pending
6819,Processing
19697,Processing
16185,Pending
19223,Cancelled
2396,Cancelled
6523,Cancelled
13509,Pending
12653,Pending
3274,Cancelled
13939,Processing
8405,Processing
13156,Pending
7795,Cancelled
10215,Delivered
8948,Processing
1526,Processing
7587,Pending
7191,Pending
9583,Cancelled
12910,Cancelled
17683,Shipped
8851,Pending
10666,Cancelled
15836,Processing
11453,Shipped
12017,Processing
9499,Cancelled
16069,Cancelled
17954,Pending
12624,Shipped
16861,Pending
9413,Processing
18458,Cancelled
11050,Shipped
14423,Cancelled
3405,Processing
19842,Shipped
15634,Delivered
12963,Shipped
2071,Shipped
11053,Cancelled
17551,Shipped
13972,Shipped
10270,Cancelled
2862,Cancelled
16773,Delivered
18807,Delivered
2649,Pending
8753,Pending
17742,Cancelled
8902,Delivered
5872,Delivered
6127,Cancelled
16019,Delivered
14433,Delivered
3040,Pending
17170,Processing
13334,Pending
7406,Processing
14097,Delivered
2516,Delivered
19099,Cancelled
7727,Delivered
11947,Shipped
10357,Pending
348,Delivered
7469,Shipped
15093,Delivered
10129,Delivered
15762,Pending
15582,Processing
7094,Delivered
15299,Cancelled
8395,Processing
16936,Delivered
4840,Processing
14442,Processing
16272,Cancelled
5032,Processing
14424,Pending
2838,Delivered
19192,Pending
13906,Processing
10156,Shipped
1656,Shipped
19796,Processing
433,Processing
9680,Pending
7552,Cancelled
5053,Delivered
1100,Cancelled
15452,Pending
18543,Shipped
1925,Processing
3874,Cancelled
6943,Cancelled
18303,Delivered
5103,Delivered
18343,Shipped
13696,Shipped
12531,Processing
17108,Cancelled
9460,Pending
670,Delivered
14492,Cancelled
10605,Cancelled
10935,Processing
8472,Pending
12930,Processing
11169,Pending
13301,Cancelled
17331,Pending
8117,Cancelled
16975,Processing
6461,Pending
18790,Processing
10213,Cancelled
377,Processing
11190,Delivered
3752,Shipped
4034,Shipped
2870,Processing
4877,Processing
19055,Shipped
18087,Cancelled
5201,Delivered
674,Shipped
19442,Processing
6538,Pending
4413,Delivered
616,Processing
19345,Processing
13555,Shipped
4386,Cancelled
802,Cancelled
14222,Shipped
17425,Shipped
3803,Processing
10483,Pending
11907,Processing
6997,Cancelled
10639,Shipped
16092,Pending
6987,Processing
19391,Cancelled
10759,Pending
645,Processing
16222,Shipped
6087,Cancelled
10482,Pending
9648,Processing
9510,Processing
647,Processing
977,Pending
3487,Cancelled
5219,Processing
10994,Cancelled
15658,Pending
5184,Processing
17089,Cancelled
16079,Processing
2502,Shipped
10872,Delivered
18537,Shipped
10592,Pending
9229,Cancelled
14346,Pending
9926,Processing
3080,Processing
7613,Shipped
19687,Pending
2413,Pending
14777,Shipped
7323,Processing
11733,Pending
19810,Shipped
18254,Cancelled
7770,Pending
16154,Delivered
4406,Pending
5991,Delivered
9070,Pending
11379,Shipped
18143,Delivered
16846,Pending
5770,Pending
1047,Shipped
17126,Pending
5207,Delivered
13358,Delivered
17793,Processing
2194,Processing
13858,Delivered
10736,Delivered
9314,Cancelled
4262,Cancelled
18593,Cancelled
6808,Delivered
18329,Shipped
2183,Shipped
4904,Cancelled
1419,Delivered
2041,Shipped
2144,Pending
13323,Processing
9670,Delivered
2317,Processing
19436,Delivered
8409,Pending
6714,Delivered
3130,Cancelled
5183,Processing
1843,Shipped
4927,Cancelled
6747,Delivered
16718,Cancelled
6278,Delivered
9462,Pending
15535,Delivered
3132,Pending
6582,Delivered
16217,Cancelled
6836,Shipped
10715,Delivered
13324,Processing
18435,Shipped
214,Pending
9842,Processing
47,Shipped
3050,Cancelled
14997,Cancelled
10870,Shipped
13473,Delivered
12165,Cancelled
3373,Processing
15928,Delivered
9753,Shipped
7383,Processing
3110,Processing
12157,Cancelled
15317,Delivered
19302,Cancelled
1444,Processing
5948,Delivered
9020,Shipped
12443,Cancelled
16920,Pending
7453,Shipped
17985,Shipped
14123,Processing
4054,Cancelled
6960,Delivered
4254,Pending
4250,Shipped
5729,Delivered
18546,Delivered
7461,Delivered
12627,Delivered
292,Delivered
12116,Shipped
16638,Shipped
16917,Delivered
2418,Shipped
15593,Shipped
17907,Shipped
15994,Pending
13887,Delivered
3960,Processing
6232,Cancelled
8397,Pending
18800,Processing
15766,Processing
11200,Delivered
7883,Shipped
3507,Cancelled
15874,Pending
2613,Pending
7075,Cancelled
6009,Delivered
18096,Pending
14068,Cancelled
15722,Pending
15440,Delivered
14780,Cancelled
99,Cancelled
9498,Cancelled
2737,Processing
5318,Delivered
12109,Cancelled
1911,Shipped
5299,Shipped
14708,Shipped
12710,Pending
6922,Delivered
16765,Delivered
6544,Processing
6968,Delivered
14916,Pending
19294,Delivered
16655,Processing
717,Processing
7930,Processing
6168,Processing
5745,Delivered
10315,Pending
4046,Delivered
18140,Processing
3425,Pending
4524,Delivered
2155,Shipped
13532,Shipped
12357,Cancelled
7863,Shipped
3405,Processing
4289,Shipped
15874,Shipped
17202,Delivered
10567,Shipped
2288,Processing
19188,Cancelled
15494,Processing
17225,Delivered
10500,Shipped
7639,Pending
19694,Pending
7614,Shipped
8132,Cancelled
5322,Cancelled
3395,Delivered
12449,Shipped
14743,Pending
13433,Delivered
10750,Processing
10644,Processing
6934,Cancelled
11281,Shipped
5320,Shipped
4993,Cancelled
601,Cancelled
12257,Shipped
1520,Delivered
4660,Shipped
815,Cancelled
18880,Shipped
10481,Shipped
8719,Shipped
11854,Pending
13185,Pending
5656,Shipped
1284,Processing
12076,Cancelled
853,Processing
16713,Processing
9548,Cancelled
5487,Delivered
17316,Pending
14878,Pending
9554,Cancelled
13329,Delivered
14013,Shipped
17452,Processing
14970,Shipped
9842,Cancelled
5105,Pending
2313,Delivered
10302,Delivered
9742,Shipped
12210,Processing
8104,Pending
3834,Processing
18392,Pending
2393,Shipped
17425,Delivered
18186,Shipped
12989,Pending
7671,Pending
6939,Shipped
19280,Cancelled
15793,Delivered
10347,Processing
4227,Processing
325,Delivered
17622,Processing
3346,Delivered
234,Cancelled
4881,Cancelled
18118,Shipped
5862,Pending
16167,Delivered
9520,Shipped
8724,Delivered
3549,Processing
2994,Delivered
18969,Processing
5098,Delivered
17457,Shipped
16205,Delivered
14689,Cancelled
871,Delivered
12001,Cancelled
13952,Cancelled
11299,Processing
2928,Delivered
3606,Shipped
7461,Processing
8942,Shipped
2228,Delivered
5419,Pending
11947,Pending
13008,Pending
12176,Cancelled
15891,Shipped
17258,Processing
1091,Pending
6356,Delivered
11184,Shipped
19467,Shipped
17860,Shipped
5930,Cancelled
7039,Processing
4739,Cancelled
11481,Cancelled
10029,Pending
12962,Cancelled
10019,Processing
19128,Pending
12023,Cancelled
11450,Cancelled
1105,Processing
17221,Processing
6625,Pending
13982,Processing
13871,Pending
18310,Shipped
6436,Delivered
14746,Processing
12708,Delivered
6790,Delivered
2675,Pending
12063,Shipped
253,Cancelled
18706,Delivered
19528,Delivered
9605,Shipped
6179,Shipped
7580,Delivered
11107,Shipped
16652,Cancelled
13945,Shipped
8570,Cancelled
18754,Pending
1085,Shipped
1160,Shipped
5242,Cancelled
9319,Cancelled
7033,Pending
17834,Delivered
4132,Delivered
11894,Processing
9568,Cancelled
9274,Delivered
4763,Pending
12422,Pending
16776,Delivered
4847,Processing
8791,Shipped
7994,Processing
4582,Shipped
7339,Cancelled
6535,Cancelled
15918,Pending
9821,Delivered
973,Shipped
2648,Cancelled
18635,Processing
5532,Pending
15138,Delivered
8446,Cancelled
13944,Cancelled
13885,Cancelled
14466,Pending
16349,Processing
9192,Delivered
14089,Delivered
14691,Delivered
7837,Pending
12203,Processing
5107,Processing
8370,Cancelled
2537,Pending
14094,Cancelled
11840,Processing
16582,Shipped
1240,Pending
10462,Processing
16440,Cancelled
18434,Cancelled
16669,Shipped
8099,Processing
14702,Pending
15860,Processing
117,Processing
8735,Processing
4724,Processing
282,Shipped
12300,Cancelled
720,Pending
18264,Cancelled
5336,Cancelled
3883,Delivered
9327,Delivered
8126,Shipped
12102,Cancelled
18666,Pending
3557,Pending
7763,Pending
3384,Pending
17390,Processing
5470,Processing
16204,Cancelled
17215,Cancelled
7071,Cancelled
1428,Processing
3793,Cancelled
6529,Delivered
5149,Pending
9351,Delivered
2938,Delivered
10190,Cancelled
13369,Shipped
77,Delivered
5328,Cancelled
17150,Pending
13478,Pending
2438,Pending
12854,Shipped
5074,Processing
11862,Delivered
1232,Delivered
11881,Cancelled
2436,Delivered
15706,Shipped
17242,Shipped
8513,Shipped
1402,Shipped
8821,Shipped
9243,Cancelled
19084,Processing
10264,Processing
16467,Pending
18852,Pending
16634,Cancelled
13491,Cancelled
12367,Processing
7823,Pending
6846,Processing
10666,Delivered
12779,Processing
11807,Shipped
1870,Pending
16321,Delivered
9446,Delivered
15189,Cancelled
18830,Processing
6715,Shipped
4469,Pending
12197,Delivered
8757,Pending
701,Cancelled
9913,Shipped
1406,Cancelled
8604,Pending
279,Pending
1324,Pending
18779,Shipped
19578,Delivered
11451,Pending
6708,Processing
15073,Processing
7306,Shipped
8677,Processing
3093,Pending
3137,Delivered
17153,Processing
9913,Processing
8608,Shipped
4609,Shipped
17148,Cancelled
4225,Pending
18281,Cancelled
4767,Pending
13004,Processing
17799,Delivered
16597,Cancelled
4430,Pending
19035,Delivered
2198,Delivered
11347,Shipped
11128,Shipped
8938,Pending
12843,Delivered
9971,Shipped
9747,Shipped
16888,Pending
2530,Processing
7177,Shipped
11806,Cancelled
15676,Delivered
7383,Pending
11658,Pending
6650,Delivered
3667,Cancelled
10225,Delivered
6626,Delivered
10162,Cancelled
3813,Processing
1181,Shipped
5050,Shipped
792,Delivered
19562,Processing
609,Processing
18929,Pending
15533,Delivered
16100,Pending
5786,Cancelled
16401,Pending
1490,Cancelled
5025,Processing
11239,Delivered
3992,Delivered
17106,Shipped
14282,Shipped
7049,Cancelled
3274,Cancelled
12072,Delivered
5751,Cancelled
19476,Shipped
19887,Delivered
12997,Delivered
19450,Pending
4278,Cancelled
5430,Processing
16706,Cancelled
1069,Cancelled
1188,Cancelled
11923,Shipped
18967,Delivered
12307,Pending
1256,Shipped
8943,Cancelled
2910,Cancelled
10017,Processing
317,Delivered
7169,Delivered
8554,Processing
18572,Processing
8337,Delivered
10977,Shipped
257,Cancelled
1815,Processing
13285,Delivered
13177,Pending
8108,Delivered
6615,Shipped
2818,Pending
15035,Cancelled
7090,Shipped
13983,Processing
8735,Pending
9067,Processing
17169,Delivered
2298,Cancelled
1943,Shipped
6115,Cancelled
4169,Processing
12297,Shipped
1823,Pending
6093,Cancelled
10621,Delivered
19269,Processing
15315,Shipped
11446,Processing
3207,Pending
2595,Pending
6522,Shipped
865,Delivered
19122,Delivered
2076,Processing
19548,Pending
9348,Processing
17128,Delivered
19724,Pending
19554,Pending
30,Delivered
4149,Processing
18111,Pending
13989,Cancelled
4922,Pending
1845,Pending
10732,Delivered
19889,Delivered
9799,Shipped
6848,Processing
5642,Cancelled
6047,Cancelled
3276,Shipped
5802,Pending
6654,Pending
18963,Processing
7541,Delivered
16519,Delivered
10892,Cancelled
15837,Cancelled
14858,Pending
16800,Pending
15874,Delivered
3906,Cancelled
6001,Delivered
8085,Processing
13225,Shipped
18701,Processing
10011,Processing
14312,Cancelled
14007,Processing
8437,Processing
7086,Pending
6174,Pending
6607,Processing
19216,Pending
9893,Cancelled
11474,Shipped
15874,Shipped
11784,Cancelled
2575,Cancelled
8953,Processing
19258,Pending
2239,Shipped
9950,Cancelled
7557,Processing
6571,Cancelled
4781,Pending
8375,Delivered
2680,Cancelled
10285,Cancelled
15696,Delivered
9653,Delivered
17589,Shipped
16991,Processing
10076,Cancelled
7966,Cancelled
9703,Pending
16845,Pending
8074,Pending
2348,Pending
6007,Delivered
5992,Shipped
225,Delivered
10025,Cancelled
11007,Cancelled
16004,Delivered
9404,Processing
13298,Shipped
1899,Cancelled
18456,Delivered
18841,Pending
2656,Shipped
13365,Cancelled
220,Cancelled
19578,Shipped
16319,Cancelled
10326,Processing
7094,Cancelled
4649,Delivered
18886,Delivered
6713,Cancelled
14017,Delivered
6045,Cancelled
14360,Pending
13463,Delivered
3993,Pending
8213,Delivered
16628,Processing
12898,Delivered
17304,Processing
12492,Shipped
314,Delivered
2872,Cancelled
1397,Processing
7431,Pending
3012,Pending
8826,Shipped
16281,Cancelled
15707,Pending
10358,Pending
17487,Delivered
120,Pending
5371,Pending
7825,Delivered
4982,Shipped
19547,Processing
6192,Shipped
17175,Cancelled
9474,Shipped
4957,Cancelled
18989,Delivered
3568,Pending
6465,Delivered
9884,Cancelled
6947,Cancelled
7601,Shipped
1806,Cancelled
2981,Pending
3737,Cancelled
15119,Cancelled
299,Processing
5428,Shipped
17553,Delivered
10189,Cancelled
12201,Cancelled
9350,Processing
105,Cancelled
12035,Pending
3084,Pending
34,Cancelled
9327,Processing
9426,Pending
16387,Pending
50,Shipped
16141,Pending
11965,Processing
13752,Shipped
15991,Delivered
2090,Cancelled
2861,Delivered
9655,Delivered
10119,Pending
9359,Cancelled
18039,Cancelled
4156,Shipped
3913,Delivered
19371,Pending
12059,Shipped
2680,Processing
16844,Processing
7154,Processing
12315,Shipped
13612,Processing
2840,Shipped
4184,Shipped
11320,Delivered
6778,Processing
9921,Shipped
15276,Cancelled
18639,Delivered
1570,Cancelled
7912,Delivered
7552,Shipped
14845,Cancelled
1113,Processing
10466,Cancelled
12852,Shipped
12485,Processing
14110,Cancelled
1960,Processing
3745,Cancelled
15463,Delivered
18175,Processing
6433,Cancelled
1786,Delivered
3029,Processing
6637,Shipped
12535,Processing
1965,Processing
3188,Processing
6094,Delivered
16669,Pending
2909,Delivered
7679,Shipped
12819,Delivered
13520,Delivered
16909,Delivered
17601,Cancelled
9214,Processing
3314,Shipped
8907,Delivered
8214,Processing
10773,Shipped
16289,Delivered
7366,Shipped
7761,Pending
4122,Delivered
10221,Cancelled
9128,Shipped
11372,Pending
5285,Processing
611,Cancelled
7303,Shipped
8852,Delivered
10496,Shipped
7702,Processing
7334,Pending
19782,Pending
13000,Cancelled
16968,Shipped
14052,Shipped
19406,Processing
1513,Processing
11483,Cancelled
1552,Delivered
9378,Delivered
587,Cancelled
10949,Cancelled
17968,Pending
8516,Pending
12368,Cancelled
11485,Processing
10811,Cancelled
3174,Processing
4360,Delivered
10464,Cancelled
7616,Pending
878,Shipped
15152,Cancelled
9097,Pending
12140,Processing
12286,Processing
18823,Cancelled
13194,Cancelled
11812,Shipped
18191,Processing
3663,Cancelled
19246,Shipped
5214,Delivered
12650,Cancelled
16411,Shipped
8611,Delivered
16859,Shipped
13349,Processing
17490,Processing
8524,Delivered
14569,Processing
12155,Delivered
663,Processing
14273,Shipped
6485,Processing
439,Shipped
14185,Processing
18646,Processing
6877,Pending
5830,Processing
10662,Shipped
10565,Shipped
5473,Pending
5969,Cancelled
17917,Delivered
7520,Pending
8209,Shipped
17751,Cancelled
15097,Shipped
10465,Cancelled
4947,Delivered
10030,Delivered
19175,Shipped
12805,Processing
6812,Processing
12325,Processing
13509,Processing
2762,Pending
15390,Pending
1138,Cancelled
9505,Shipped
19110,Pending
2926,Processing
17634,Delivered
9973,Processing
6705,Cancelled
14473,Cancelled
17390,Processing
2597,Delivered
14631,Processing
7787,Processing
16496,Pending
8622,Delivered
14381,Cancelled
13062,Pending
14428,Pending
14813,Pending
682,Cancelled
18071,Cancelled
16247,Delivered
8664,Pending
4601,Pending
17705,Processing
19144,Delivered
11857,Pending
629,Cancelled
16961,Pending
19452,Shipped
942,Processing
12992,Pending
5856,Shipped
1281,Pending
8299,Processing
6639,Cancelled
6638,Cancelled
5067,Delivered
5738,Processing
13839,Processing
14629,Processing
8717,Delivered
18680,Processing
16945,Processing
16478,Shipped
8683,Cancelled
11652,Shipped
12684,Pending
14997,Shipped
11284,Cancelled
11416,Pending
17710,Cancelled
8805,Pending
11089,Pending
16013,Processing
12556,Processing
18313,Processing
8045,Delivered
2231,Shipped
218,Pending
18168,Cancelled
8218,Processing
18854,Shipped
5563,Delivered
1726,Shipped
6765,Delivered
12556,Delivered
9141,Shipped
18708,Pending
16616,Cancelled
4464,Cancelled
10060,Cancelled
6849,Cancelled
14665,Processing
7568,Processing
5742,Processing
11260,Shipped
6606,Processing
18234,Shipped
5144,Delivered
6071,Processing
11701,Pending
8106,Pending
2219,Shipped
5254,Processing
5602,Pending
19819,Pending
16372,Pending
2644,Shipped
10140,Delivered
4785,Processing
14433,Shipped
3850,Cancelled
6022,Cancelled
19318,Delivered
6781,Delivered
5376,Shipped
11047,Cancelled
9306,Processing
5056,Pending
5755,Pending
6361,Delivered
10845,Cancelled
10142,Cancelled
8237,Processing
9680,Delivered
16306,Processing
6481,Delivered
19079,Cancelled
14130,Processing
14159,Pending
17707,Delivered
15922,Delivered
9722,Cancelled
12001,Pending
10373,Processing
2749,Cancelled
491,Pending
12245,Pending
2672,Cancelled
4722,Processing
1909,Cancelled
1721,Processing
1425,Cancelled
2443,Shipped
10560,Delivered
3603,Shipped
16335,Delivered
1386,Processing
15786,Shipped
14752,Processing
3688,Cancelled
13918,Processing
18477,Shipped
2859,Pending
4509,Cancelled
19808,Processing
14747,Delivered
6363,Delivered
6315,Delivered
714,Delivered
17834,Pending
1708,Pending
6481,Cancelled
7315,Pending
3941,Shipped
8674,Delivered
11271,Processing
4581,Processing
15400,Shipped
11299,Delivered
16362,Delivered
3645,Processing
2431,Delivered
19265,Shipped
17681,Pending
797,Shipped
12846,Processing
13384,Processing
2880,Cancelled
13463,Processing
2668,Delivered
12743,Cancelled
6279,Pending
16961,Shipped
17975,Processing
18655,Cancelled
3177,Shipped
14755,Shipped
9451,Processing
12276,Processing
4029,Cancelled
9467,Processing
11926,Pending
16189,Processing
3626,Pending
4534,Cancelled
44,Processing
18735,Pending
4318,Delivered
7388,Delivered
4865,Processing
834,Delivered
5642,Processing
16512,Cancelled
4071,Delivered
3504,Cancelled
17960,Delivered
6281,Delivered
17976,Shipped
1859,Pending
6840,Processing
16920,Shipped
7304,Delivered
12057,Shipped
17468,Shipped
12944,Shipped
4164,Cancelled
6635,Processing
7606,Shipped
17668,Delivered
4997,Pending
18954,Pending
11136,Shipped
1069,Pending
18185,Delivered
8527,Cancelled
13748,Delivered
1929,Shipped
19431,Pending
5213,Delivered
14060,Delivered
3019,Cancelled
606,Delivered
11372,Processing
10823,Processing
7448,Delivered
3203,Shipped
3917,Cancelled
5383,Delivered
2688,Delivered
2965,Pending
15508,Shipped
19829,Cancelled
18362,Pending
12294,Delivered
3661,Cancelled
13569,Shipped
13915,Cancelled
1218,Processing
5356,Shipped
11577,Shipped
14587,Pending
14726,Pending
15210,Pending
10935,Cancelled
10074,Delivered
11277,Pending
599,Delivered
12446,Shipped
11445,Shipped
12958,Processing
16889,Delivered
14932,Pending
4530,Delivered
13851,Pending
18047,Delivered
16286,Pending
15666,Shipped
14291,Shipped
15463,Cancelled
3817,Pending
9588,Pending
12211,Delivered
19598,Shipped
16952,Processing
1037,Processing
16569,Shipped
6429,Delivered
15530,Delivered
2382,Cancelled
11636,Shipped
13101,Delivered
12363,Cancelled
11927,Shipped
6571,Cancelled
15385,Cancelled
10697,Shipped
16609,Delivered
7144,Pending
12692,Delivered
8770,Cancelled
14663,Pending
16444,Cancelled
12642,Shipped
2699,Delivered
2831,Pending
9028,Pending
8431,Cancelled
18556,Cancelled
3675,Delivered
2178,Processing
13718,Shipped
775,Pending
1494,Processing
951,Delivered
16252,Processing
3423,Pending
19169,Delivered
18460,Cancelled
941,Processing
373,Processing
7970,Cancelled
11189,Processing
19623,Cancelled
6572,Pending
17917,Pending
12876,Pending
11183,Delivered
17694,Shipped
19871,Delivered
3095,Delivered
11471,Pending
9882,Processing
2969,Processing
101,Delivered
18411,Pending
17481,Pending
12928,Delivered
4722,Shipped
15869,Cancelled
4465,Shipped
11875,Cancelled
5518,Pending
13398,Shipped
10909,Delivered
11727,Pending
8001,Processing
7394,Shipped
19955,Pending
8909,Delivered
18219,Shipped
918,Processing
4474,Processing
11745,Delivered
4761,Delivered
7049,Delivered
15300,Shipped
13180,Processing
6928,Cancelled
3349,Shipped
3904,Delivered
16332,Processing
16999,Delivered
2751,Shipped
13659,Delivered
3560,Shipped
11971,Pending
13680,Shipped
9834,Shipped
19103,Cancelled
7204,Processing
108,Delivered
12268,Shipped
10783,Cancelled
1684,Shipped
14911,Pending
5924,Processing
10380,Shipped
16554,Pending
13743,Shipped
4542,Shipped
14117,Delivered
1964,Shipped
10788,Processing
11234,Processing
6093,Shipped
15631,Processing
16650,Delivered
3627,Pending
10052,Pending
17708,Delivered
14922,Pending
2562,Delivered
2098,Delivered
19785,Pending
13975,Shipped
9456,Shipped
3121,Delivered
6666,Delivered
10878,Pending
6816,Delivered
11445,Processing
818,Processing
19232,Processing
7010,Pending
18026,Delivered
15739,Processing
6933,Cancelled
18140,Processing
2640,Pending
1123,Cancelled
7090,Cancelled
8153,Pending
7205,Shipped
11642,Shipped
12521,Pending
10898,Shipped
2508,Shipped
17841,Pending
4199,Delivered
15746,Delivered
8683,Pending
13121,Cancelled
11051,Processing
15110,Processing
11430,Pending
5883,Processing
14777,Cancelled
18887,Shipped
14492,Pending
19504,Pending
7732,Shipped
8383,Delivered
18689,Delivered
5386,Shipped
7485,Processing
10274,Cancelled
8578,Shipped
2451,Processing
10128,Delivered
8838,Pending
14653,Shipped
906,Pending
8280,Processing
6587,Cancelled
3923,Delivered
17209,Processing
14649,Delivered
3922,Shipped
160,Pending
16656,Pending
10868,Cancelled
1214,Delivered
7591,Cancelled
5561,Cancelled
8990,Cancelled
10211,Shipped
2543,Shipped
3671,Shipped
267,Pending
5282,Cancelled
4809,Shipped
6648,Shipped
12036,Shipped
14824,Delivered
7321,Delivered
18303,Processing
7625,Pending
18473,Shipped
15264,Delivered
5973,Cancelled
8354,Delivered
19670,Cancelled
1113,Cancelled
10029,Shipped
7633,Shipped
10325,Pending
16160,Pending
9548,Processing
7003,Pending
17969,Shipped
13466,Shipped
2601,Pending
7749,Delivered
5441,Delivered
13358,Delivered
12659,Shipped
2668,Shipped
4380,Delivered
4761,Cancelled
4356,Pending
7593,Cancelled
1438,Shipped
16955,Cancelled
17473,Cancelled
13511,Shipped
8123,Pending
8304,Shipped
7049,Shipped
4426,Shipped
15344,Delivered
9948,Cancelled
7422,Shipped
10496,Shipped
16724,Shipped
18310,Shipped
14766,Pending
13530,Cancelled
3744,Shipped
14552,Delivered
19758,Pending
3153,Shipped
1496,Pending
6944,Shipped
3239,Pending
16495,Shipped
19241,Cancelled
16827,Cancelled
15005,Pending
19133,Cancelled
5247,Shipped
13461,Shipped
1894,Cancelled
3319,Delivered
6226,Cancelled
9471,Shipped
10606,Pending
8495,Shipped
12754,Shipped
16789,Cancelled
4071,Cancelled
15323,Pending
9016,Shipped
13619,Pending
17949,Shipped
18528,Cancelled
839,Shipped
2426,Cancelled
8158,Cancelled
10102,Shipped
18912,Pending
18265,Pending
9800,Cancelled
8961,Shipped
9306,Cancelled
19743,Pending
19552,Cancelled
10375,Cancelled
13431,Pending
14476,Processing
474,Cancelled
7959,Delivered
19111,Processing
13972,Pending
7891,Shipped
13681,Pending
9812,Processing
6408,Shipped
402,Processing
18844,Processing
17996,Pending
6202,Cancelled
2748,Shipped
1429,Processing
1757,Delivered
1193,Cancelled
6279,Shipped
1794,Delivered
16388,Processing
9670,Cancelled
17589,Processing
18264,Cancelled
8728,Shipped
19144,Pending
2720,Cancelled
8705,Processing
3404,Processing
4136,Processing
5697,Pending
18969,Pending
4299,Delivered
12394,Processing
11916,Delivered
3145,Delivered
7100,Cancelled
15801,Shipped
15048,Pending
11628,Delivered
4782,Cancelled
9029,Delivered
18445,Processing
5730,Delivered
6398,Processing
12451,Processing
781,Processing
5051,Processing
3803,Cancelled
1321,Pending
13219,Processing
18629,Shipped
11566,Cancelled
1932,Cancelled
12271,Processing
6904,Processing
5315,Pending
8178,Pending
13141,Processing
14742,Shipped
5523,Shipped
6781,Shipped
1205,Cancelled
2465,Delivered
1072,Delivered
9935,Pending
2474,Processing
10342,Delivered
3317,Processing
5972,Pending
4913,Delivered
305,Pending
5087,Cancelled
15171,Processing
6536,Shipped
16971,Shipped
7425,Delivered
1652,Delivered
19520,Delivered
10164,Shipped
17937,Delivered
16120,Shipped
14413,Pending
19410,Processing
14017,Pending
17086,Shipped
4208,Pending
18002,Cancelled
3341,Delivered
7634,Processing
11077,Pending
4411,Delivered
15161,Processing
9322,Shipped
12501,Delivered
3770,Shipped
10871,Pending
13590,Shipped
16606,Shipped
12631,Shipped
7981,Processing
3298,Processing
12895,Processing
12599,Cancelled
19106,Processing
8384,Pending
506,Shipped
9776,Shipped
3137,Processing
5047,Cancelled
900,Shipped
3252,Cancelled
19359,Pending
5417,Delivered
15124,Cancelled
15908,Shipped
1235,Shipped
14248,Cancelled
19909,Cancelled
10432,Processing
10591,Processing
7300,Cancelled
3702,Cancelled
6828,Cancelled
10317,Delivered
12516,Shipped
9610,Cancelled
17217,Processing
9395,Shipped
19364,Processing
16756,Cancelled
8152,Processing
1418,Cancelled
13194,Shipped
18175,Pending
14043,Cancelled
12679,Pending
7108,Processing
6252,Delivered
2130,Shipped
8569,Pending
17330,Cancelled
4512,Delivered
2032,Processing
2659,Cancelled
16013,Pending
10543,Processing
2624,Processing
19904,Delivered
3614,Delivered
3176,Pending
2178,Processing
2440,Delivered
9859,Delivered
7984,Cancelled
7582,Cancelled
13134,Processing
8330,Pending
12415,Processing
7785,Delivered
7253,Processing
1523,Delivered
17270,Processing
14393,Shipped
1933,Cancelled
11412,Delivered
497,Processing
13878,Pending
7336,Pending
6171,Delivered
132,Processing
13259,Pending
8,Pending
14426,Delivered
1379,Shipped
1210,Shipped
18836,Delivered
1124,Pending
4032,Shipped
14034,Cancelled
9664,Shipped
8620,Shipped
19999,Processing
15509,Delivered
13624,Processing
12153,Pending
6392,Pending
16520,Cancelled
15117,Cancelled
5040,Pending
14963,Cancelled
10926,Shipped
17689,Processing
9395,Shipped
11684,Processing
172,Pending
14029,Delivered
3896,Delivered
1282,Pending
516,Cancelled
2792,Shipped
13405,Cancelled
8530,Processing
15206,Shipped
14993,Delivered
13044,Delivered
18209,Cancelled
16341,Processing
6423,Pending
15028,Pending
13619,Processing
12500,Shipped
10580,Delivered
1821,Pending
6509,Delivered
11173,Shipped
6591,Processing
9421,Shipped
1042,Shipped
18796,Shipped
14032,Processing
1999,Shipped
849,Delivered
18471,Pending
4223,Processing
13133,Shipped
15003,Processing
11253,Shipped
1516,Pending
12156,Processing
14377,Delivered
4036,Shipped
8958,Shipped
7597,Cancelled
1489,Processing
19983,Pending
3158,Pending
3363,Delivered
18110,Shipped
14565,Delivered
19722,Delivered
4402,Cancelled
8098,Shipped
19227,Shipped
4760,Shipped
13515,Processing
6086,Delivered
19556,Cancelled
16752,Processing
1556,Delivered
3434,Cancelled
12438,Cancelled
14218,Shipped
1465,Pending
86,Processing
4688,Delivered
4017,Processing
14459,Delivered
1275,Cancelled
1364,Pending
13643,Delivered
18004,Delivered
238,Cancelled
804,Shipped
1906,Delivered
3315,Shipped
16208,Cancelled
11422,Delivered
15988,Processing
11882,Processing
6845,Shipped
5557,Cancelled
3469,Cancelled
14227,Shipped
9920,Processing
6656,Shipped
19111,Shipped
997,Shipped
15175,Cancelled
8558,Cancelled
15372,Cancelled
1191,Delivered
17684,Shipped
380,Pending
18451,Cancelled
9663,Pending
1170,Pending
1762,Cancelled
2770,Delivered
3129,Pending
6386,Shipped
18530,Delivered
12171,Pending
1016,Delivered
12573,Processing
7056,Delivered
1035,Pending
2574,Processing
11083,Pending
19046,Pending
8257,Shipped
1208,Shipped
14688,Pending
5536,Processing
2246,Delivered
10828,Pending
8693,Delivered
6494,Pending
17540,Processing
8754,Cancelled
18575,Cancelled
4977,Pending
14905,Cancelled
1681,Delivered
6450,Pending
19993,Delivered
244,Cancelled
10828,Delivered
6149,Shipped
4918,Shipped
18483,Delivered
3151,Delivered
12340,Pending
6428,Cancelled
2311,Cancelled
12486,Delivered
1116,Cancelled
13972,Processing
96,Delivered
5713,Shipped
14500,Delivered
16466,Pending
19973,Cancelled
19509,Delivered
6293,Shipped
1898,Delivered
11324,Delivered
5524,Shipped
15,Cancelled
10472,Delivered
14614,Delivered
17216,Shipped
9303,Cancelled
245,Pending
6050,Pending
16448,Cancelled
78,Shipped
14285,Cancelled
9916,Delivered
18366,Pending
1009,Shipped
15402,Pending
15263,Pending
445,Pending
16288,Delivered
3403,Processing
7731,Shipped
7701,Shipped
1191,Pending
4716,Processing
1653,Shipped
3550,Processing
19170,Pending
7330,Delivered
18999,Processing
2500,Shipped
11123,Pending
13410,Cancelled
14273,Cancelled
4768,Pending
11083,Cancelled
13160,Pending
9005,Shipped
19902,Pending
3859,Delivered
6214,Cancelled
8488,Cancelled
1230,Delivered
15630,Processing
10843,Pending
9048,Processing
12314,Processing
15545,Pending
13676,Delivered
12225,Cancelled
11006,Pending
13008,Delivered
6182,Pending
9321,Cancelled
10687,Delivered
5710,Cancelled
8428,Pending
5171,Shipped
12149,Cancelled
18550,Shipped
17252,Cancelled
16442,Processing
4315,Pending
5232,Pending
16476,Delivered
1839,Cancelled
6727,Delivered
18869,Processing
10122,Cancelled
12122,Pending
3380,Pending
6737,Processing
8624,Cancelled
5954,Cancelled
2087,Shipped
9715,Cancelled
3244,Processing
4598,Pending
2794,Shipped
10801,Cancelled
10500,Delivered
17106,Delivered
19346,Processing
6936,Pending
7974,Delivered
15106,Processing
13435,Cancelled
16624,Pending
17647,Processing
18660,Delivered
1851,Shipped
4257,Shipped
16242,Shipped
18942,Shipped
9686,Delivered
7453,Cancelled
15989,Pending
47,Processing
9158,Shipped
8100,Cancelled
2443,Processing
14679,Shipped
17149,Processing
16856,Shipped
9580,Shipped
16882,Processing
19269,Processing
15161,Processing
2081,Cancelled
8754,Cancelled
9825,Cancelled
4660,Cancelled
8097,Processing
7045,Pending
18665,Cancelled
8515,Cancelled
3458,Shipped
13616,Pending
18279,Shipped
9522,Shipped
16220,Pending
10832,Processing
7561,Pending
15324,Shipped
10272,Shipped
6492,Shipped
6043,Delivered
10344,Shipped
15445,Cancelled
9669,Processing
12197,Processing
13853,Delivered
6234,Shipped
18092,Shipped
19799,Shipped
9711,Pending
5602,Cancelled
9238,Delivered
9269,Processing
13696,Cancelled
7441,Shipped
19014,Processing
11851,Shipped
3126,Pending
13603,Processing
15052,Shipped
2226,Cancelled
3337,Cancelled
19166,Delivered
18152,Pending
4733,Cancelled
8307,Shipped
17071,Cancelled
6343,Cancelled
5477,Cancelled
15033,Pending
4265,Pending
16239,Pending
19938,Pending
3723,Cancelled
1927,Shipped
4768,Cancelled
13446,Shipped
17953,Pending
13012,Cancelled
15059,Delivered
2788,Shipped
14547,Processing
3648,Shipped
4401,Processing
11257,Pending
11116,Delivered
13886,Delivered
17457,Delivered
10309,Shipped
9338,Delivered
16012,Delivered
15183,Cancelled
10962,Delivered
9319,Processing
16873,Shipped
1216,Processing
14587,Delivered
3460,Cancelled
9570,Cancelled
13791,Pending
3837,Cancelled
3579,Processing
18642,Processing
17124,Shipped
6621,Delivered
1933,Delivered
2770,Processing
12870,Cancelled
3023,Cancelled
19798,Cancelled
10110,Pending
8032,Cancelled
2741,Processing
14110,Shipped
12804,Processing
3105,Shipped
13574,Cancelled
14679,Processing
5376,Delivered
11107,Delivered
11287,Shipped
10795,Cancelled
10299,Cancelled
1686,Pending
13924,Shipped
6194,Shipped
1092,Cancelled
15306,Pending
16378,Cancelled
1424,Processing
4748,Delivered
8349,Delivered
1536,Pending
16120,Cancelled
2742,Pending
18193,Pending
18782,Delivered
19343,Delivered
2818,Delivered
4485,Shipped
18707,Pending
10819,Delivered
4804,Delivered
19210,Shipped
13559,Cancelled
10764,Pending
4100,Shipped
1868,Pending
9152,Cancelled
10257,Delivered
4417,Pending
7079,Shipped
11241,Pending
11448,Processing
7166,Pending
17622,Cancelled
14307,Cancelled
1901,Pending
14257,Processing
17853,Pending
8511,Cancelled
12372,Cancelled
9551,Delivered
13394,Delivered
5264,Pending
15295,Delivered
3423,Pending
1895,Processing
13148,Pending
19630,Pending
7223,Processing
12011,Pending
14405,Shipped
7338,Processing
17668,Shipped
13888,Shipped
8157,Delivered
7690,Pending
8325,Shipped
15665,Cancelled
16569,Processing
6902,Cancelled
9039,Processing
12922,Processing
17443,Shipped
11321,Pending
15769,Pending
13675,Cancelled
10770,Delivered
92,Shipped
12490,Delivered
16146,Shipped
8157,Shipped
7258,Pending
15094,Pending
14419,Shipped
10372,Delivered
9917,Cancelled
15808,Cancelled
12383,Shipped
1378,Cancelled
18898,Pending
18177,Pending
5997,Processing
1436,Shipped
4420,Cancelled
10776,Processing
3768,Pending
13902,Delivered
15851,Shipped
9173,Cancelled
4413,Shipped
11968,Pending
9495,Delivered
5167,Shipped
3309,Pending
16993,Processing
1400,Cancelled
19616,Pending
2834,Shipped
1944,Processing
19576,Shipped
9764,Shipped
3007,Cancelled
13188,Shipped
4641,Processing
11662,Pending
19638,Delivered
1669,Processing
9612,Cancelled
417,Pending
16032,Delivered
10322,Pending
1483,Cancelled
2427,Shipped
1885,Processing
2748,Processing
14498,Shipped
11286,Delivered
11135,Delivered
18790,Cancelled
1976,Pending
13582,Shipped
10085,Pending
17122,Shipped
2796,Cancelled
13776,Delivered
8676,Delivered
566,Cancelled
4719,Delivered
10687,Delivered
3696,Pending
19210,Shipped
11247,Processing
14029,Cancelled
5456,Pending
18210,Shipped
14840,Pending
16535,Pending
16302,Shipped
19884,Delivered
10552,Delivered
7417,Processing
2241,Cancelled
14071,Cancelled
9184,Shipped
13611,Delivered
18329,Shipped
8855,Delivered
11075,Delivered
4229,Delivered
15366,Processing
2235,Cancelled
16961,Shipped
17860,Processing
15654,Cancelled
11538,Delivered
4770,Cancelled
13618,Pending
9198,Shipped
19362,Shipped
7204,Processing
505,Processing
13773,Shipped
3349,Delivered
17096,Cancelled
8724,Cancelled
14387,Processing
560,Processing
6685,Processing
17449,Pending
15843,Processing
17581,Delivered
2405,Shipped
11827,Delivered
8366,Delivered
13037,Processing
9672,Shipped
16037,Delivered
8433,Processing
287,Shipped
7909,Delivered
4318,Processing
19784,Cancelled
6175,Delivered
8821,Processing
13400,Shipped
8153,Shipped
10101,Pending
11953,Cancelled
1551,Processing
8169,Pending
16752,Processing
2571,Shipped
6683,Pending
12761,Processing
19798,Shipped
12533,Shipped
11486,Processing
16225,Pending
14590,Cancelled
15224,Processing
1624,Processing
987,Cancelled
19361,Pending
6259,Pending
18020,Cancelled
4019,Cancelled
15265,Shipped
13204,Processing
19574,Processing
17480,Shipped
15956,Pending
11500,Cancelled
513,Pending
13236,Processing
10754,Pending
7985,Processing
6899,Shipped
14902,Delivered
2405,Cancelled
8167,Delivered
7376,Shipped
6198,Processing
2479,Processing
14141,Shipped
5001,Delivered
258,Processing
4306,Cancelled
12311,Delivered
16884,Shipped
1724,Pending
7409,Processing
19062,Processing
2322,Processing
16111,Delivered
1775,Pending
16812,Shipped
12590,Cancelled
17000,Processing
8793,Cancelled
12561,Processing
14450,Shipped
5898,Processing
4136,Pending
388,Delivered
3672,Delivered
19346,Cancelled
6757,Processing
14013,Cancelled
8077,Cancelled
5825,Cancelled
7103,Pending
17750,Delivered
9915,Processing
12243,Shipped
10798,Delivered
14408,Processing
7398,Cancelled
15552,Processing
19783,Delivered
12375,Shipped
3416,Pending
9202,Pending
10993,Pending
15834,Delivered
15765,Shipped
16578,Delivered
6612,Shipped
4109,Pending
722,Pending
7310,Pending
1012,Cancelled
4264,Shipped
141,Cancelled
13798,Cancelled
11497,Pending
11330,Delivered
2943,Delivered
708,Cancelled
13757,Processing
7594,Shipped
13430,Processing
610,Processing
18266,Shipped
19011,Processing
13298,Processing
3270,Shipped
2654,Shipped
17327,Processing
14228,Delivered
4854,Delivered
7186,Delivered
18277,Cancelled
8747,Delivered
16393,Pending
18769,Processing
18025,Delivered
8008,Pending
16607,Processing
6292,Pending
5141,Processing
17556,Pending
7274,Cancelled
8170,Shipped
7214,Pending
10167,Cancelled
10473,Shipped
8044,Cancelled
3203,Shipped
12227,Delivered
15307,Pending
16620,Cancelled
6862,Pending
11913,Shipped
13576,Pending
552,Cancelled
18808,Cancelled
6992,Pending
3755,Shipped
8990,Delivered
2432,Pending
2805,Pending
10283,Shipped
10211,Processing
5958,Pending
7202,Processing
18472,Processing
13197,Shipped
10605,Cancelled
712,Shipped
18989,Delivered
9094,Shipped
11032,Delivered
18341,Shipped
12172,Processing
2958,Delivered
10912,Pending
10809,Pending
11821,Cancelled
5652,Delivered
5590,Cancelled
9961,Processing
15339,Cancelled
11514,Delivered
292,Delivered
1186,Cancelled
11736,Shipped
18750,Shipped
2263,Processing
18803,Shipped
7004,Processing
2093,Pending
13822,Pending
10694,Shipped
766,Cancelled
17062,Processing
19886,Shipped
5225,Pending
11191,Delivered
4346,Cancelled
16696,Cancelled
16247,Shipped
13637,Cancelled
9392,Pending
8259,Cancelled
14830,Cancelled
9173,Shipped
13910,Shipped
706,Delivered
5851,Processing
1595,Delivered
14131,Cancelled
4620,Pending
3358,Processing
5083,Shipped
210,Processing
12152,Pending
18074,Cancelled
2250,Cancelled
4493,Shipped
13237,Pending
9420,Cancelled
321,Processing
17513,Cancelled
4850,Pending
14481,Delivered
9714,Cancelled
19832,Processing
18171,Pending
8221,Shipped
5640,Pending
18883,Shipped
10464,Processing
15591,Cancelled
7893,Pending
1018,Pending
10733,Delivered
15317,Cancelled
15093,Cancelled
689,Cancelled
2177,Cancelled
11872,Delivered
17254,Processing
17617,Processing
18547,Processing
15004,Delivered
15469,Processing
2610,Shipped
12794,Delivered
13367,Delivered
11065,Delivered
17613,Processing
10452,Cancelled
16185,Pending
15015,Shipped
1234,Processing
11548,Cancelled
9410,Processing
16451,Processing
16942,Processing
9637,Delivered
1998,Shipped
3137,Cancelled
7401,Shipped
15141,Shipped
12075,Cancelled
6520,Shipped
8900,Shipped
16995,Processing
2363,Delivered
8020,Delivered
5973,Pending
8983,Cancelled
680,Processing
11783,Delivered
12866,Pending
16440,Processing
6952,Cancelled
2751,Cancelled
1882,Delivered
1091,Processing
4582,Processing
12824,Processing
12197,Processing
18464,Delivered
13057,Pending
17768,Delivered
18684,Cancelled
7861,Cancelled
10593,Processing
13056,Shipped
3098,Processing
12731,Delivered
2385,Cancelled
11651,Delivered
14846,Shipped
4076,Pending
3221,Pending
1602,Delivered
9929,Pending
5753,Pending
19913,Pending
12113,Pending
16971,Shipped
11705,Shipped
15428,Delivered
16074,Shipped
16842,Shipped
17477,Shipped
17919,Pending
8547,Shipped
18753,Delivered
3677,Shipped
13551,Cancelled
5334,Processing
9168,Cancelled
17717,Pending
17523,Pending
9411,Delivered
18505,Cancelled
3571,Delivered
18966,Delivered
9058,Pending
5779,Shipped
11727,Pending
3528,Processing
17463,Processing
19495,Pending
19912,Cancelled
16523,Delivered
16223,Shipped
7073,Delivered
4241,Pending
2796,Delivered
18177,Delivered
5969,Pending
13575,Shipped
10330,Shipped
17178,Delivered
11804,Delivered
7239,Delivered
6117,Delivered
16508,Delivered
812,Cancelled
5110,Cancelled
8851,Cancelled
11348,Pending
10928,Cancelled
16801,Pending
6965,Cancelled
16416,Delivered
10152,Shipped
18022,Delivered
1926,Delivered
18987,Pending
2033,Pending
5754,Pending
13044,Shipped
14067,Delivered
11880,Processing
4446,Pending
19825,Processing
14934,Shipped
8132,Delivered
15812,Processing
17684,Pending
19131,Cancelled
18525,Pending
2404,Cancelled
10502,Shipped
6063,Cancelled
16802,Processing
3919,Processing
19113,Cancelled
19108,Processing
5995,Cancelled
2009,Shipped
12934,Pending
15154,Cancelled
4181,Delivered
1242,Pending
4143,Shipped
15677,Delivered
7990,Shipped
18124,Pending
3553,Shipped
9488,Pending
5226,Pending
4884,Cancelled
14058,Pending
4064,Delivered
8066,Shipped
15042,Cancelled
18052,Cancelled
14253,Processing
16492,Cancelled
13264,Pending
8483,Cancelled
17321,Pending
12399,Shipped
4411,Processing
1674,Delivered
19004,Processing
1947,Pending
11137,Cancelled
16994,Shipped
5492,Delivered
13335,Cancelled
7067,Cancelled
18032,Cancelled
16517,Delivered
3513,Pending
2857,Processing
1605,Delivered
9088,Pending
19917,Cancelled
1666,Cancelled
14931,Cancelled
5775,Cancelled
18508,Processing
552,Processing
11796,Delivered
919,Cancelled
3428,Processing
4967,Delivered
12577,Shipped
6060,Shipped
17976,Delivered
16620,Shipped
2290,Cancelled
13904,Delivered
3168,Cancelled
2140,Shipped
7521,Cancelled
9140,Pending
8332,Shipped
13165,Pending
19063,Shipped
3492,Delivered
5089,Cancelled
14693,Shipped
19943,Cancelled
5667,Cancelled
531,Cancelled
14379,Shipped
12344,Processing
12854,Shipped
1735,Shipped
941,Processing
13895,Pending
11463,Pending
8766,Cancelled
17690,Delivered
14391,Pending
1908,Cancelled
19652,Pending
5613,Pending
18043,Shipped
19409,Processing
17844,Delivered
7965,Delivered
11615,Delivered
1672,Pending
16299,Delivered
11367,Shipped
18012,Processing
14318,Pending
19084,Shipped
16969,Cancelled
6374,Delivered
14438,Shipped
14707,Cancelled
16464,Cancelled
14960,Delivered
8947,Processing
13025,Delivered
5381,Delivered
6600,Cancelled
16411,Processing
5359,Processing
4943,Cancelled
10641,Cancelled
17710,Cancelled
16391,Shipped
19671,Cancelled
14347,Shipped
3290,Delivered
10622,Cancelled
13462,Delivered
15956,Pending
18883,Pending
16450,Processing
6757,Cancelled
14147,Cancelled
12339,Pending
15632,Processing
23,Delivered
671,Shipped
13957,Shipped
15596,Shipped
4214,Delivered
10860,Delivered
7924,Delivered
12163,Processing
14379,Cancelled
2256,Shipped
193,Delivered
1369,Processing
15885,Processing
7212,Cancelled
14870,Processing
6788,Shipped
878,Cancelled
14596,Processing
11048,Processing
7708,Pending
208,Cancelled
17500,Delivered
12461,Shipped
13257,Pending
2320,Pending
6053,Shipped
9023,Cancelled
4243,Cancelled
16818,Delivered
8606,Pending
9142,Cancelled
9763,Shipped
7870,Shipped
7019,Cancelled
930,Cancelled
8889,Shipped
7424,Processing
1290,Processing
9933,Delivered
4579,Pending
2150,Cancelled
16924,Pending
6812,Shipped
4980,Cancelled
2493,Shipped
6807,Cancelled
195,Delivered
13973,Delivered
16397,Delivered
766,Delivered
11924,Shipped
1521,Pending
15925,Processing
13510,Processing
6610,Shipped
14933,Shipped
18368,Processing
9783,Processing
2986,Shipped
1991,Processing
19728,Pending
6686,Processing
9591,Cancelled
436,Delivered
1655,Shipped
5454,Shipped
8639,Processing
4503,Shipped
470,Pending
3411,Pending
9894,Cancelled
13962,Cancelled
12489,Shipped
13904,Processing
7933,Cancelled
16042,Pending
11389,Shipped
907,Cancelled
17905,Delivered
4237,Shipped
7550,Processing
15212,Processing
3858,Processing
14695,Shipped
18024,Cancelled
18646,Shipped
3231,Delivered
17870,Processing
1967,Shipped
13448,Pending
6948,Pending
15724,Pending
11758,Shipped
16530,Shipped
10827,Cancelled
5608,Shipped
11595,Delivered
16779,Shipped
5075,Shipped
8794,Delivered
16458,Pending
15104,Cancelled
1026,Pending
2387,Delivered
14498,Processing
14883,Processing
5133,Pending
7875,Pending
13861,Shipped
19187,Delivered
7091,Cancelled
17937,Processing
4767,Delivered
10982,Shipped
425,Delivered
9249,Pending
1792,Pending
3236,Cancelled
563,Pending
2180,Processing
834,Pending
12703,Delivered
8455,Delivered
2022,Cancelled
1148,Pending
5508,Delivered
11283,Processing
10377,Shipped
18549,Delivered
8896,Processing
9193,Delivered
8059,Delivered
1126,Delivered
19357,Pending
1355,Shipped
10226,Processing
258,Pending
2990,Pending
12665,Shipped
8087,Shipped
10677,Processing
9396,Delivered
13891,Shipped
17216,Shipped
9228,Cancelled
16316,Pending
12632,Cancelled
6811,Shipped
15242,Cancelled
18756,Processing
12917,Shipped
4398,Processing
8435,Shipped
6932,Processing
11911,Delivered
4505,Shipped
10077,Processing
4622,Processing
10704,Shipped
14310,Pending
9321,Shipped
12421,Pending
7361,Shipped
7345,Shipped
14171,Shipped
17217,Processing
53,Cancelled
16540,Processing
134,Pending
19525,Cancelled
16566,Processing
16804,Delivered
15852,Cancelled
4993,Delivered
19597,Shipped
2666,Shipped
6793,Processing
3835,Shipped
4968,Cancelled
10180,Pending
19239,Cancelled
2323,Shipped
6435,Delivered
9339,Processing
15845,Pending
19859,Delivered
564,Processing
2296,Processing
9061,Processing
19235,Processing
16122,Delivered
10168,Cancelled
9691,Pending
19015,Shipped
16243,Processing
890,Processing
13171,Pending
16464,Delivered
8,Delivered
16941,Processing
10908,Shipped
17323,Shipped
1839,Processing
2039,Shipped
18791,Shipped
15900,Shipped
6982,Pending
2391,Delivered
1212,Delivered
3716,Shipped
12632,Processing
10572,Delivered
14501,Processing
10867,Delivered
4875,Cancelled
3914,Pending
5153,Shipped
16388,Cancelled
8515,Shipped
4229,Pending
8343,Processing
18962,Processing
9890,Pending
10135,Pending
174,Delivered
3244,Pending
11915,Processing
9344,Delivered
17617,Pending
4802,Delivered
16470,Cancelled
17979,Processing
2235,Pending
13457,Shipped
7870,Delivered
19754,Delivered
19212,Cancelled
7414,Pending
13515,Cancelled
19922,Pending
2056,Delivered
16505,Cancelled
14765,Delivered
747,Pending
10910,Pending
11443,Delivered
17848,Processing
17793,Cancelled
9728,Pending
1680,Processing
12261,Cancelled
18863,Delivered
12608,Cancelled
512,Shipped
9095,Cancelled
12398,Delivered
4110,Pending
9541,Processing
17316,Shipped
4073,Delivered
6367,Processing
3523,Cancelled
6450,Delivered
17660,Cancelled
5892,Shipped
10001,Pending
18726,Delivered
387,Delivered
9284,Processing
14616,Shipped
3445,Cancelled
9952,Pending
3878,Shipped
17862,Cancelled
19496,Shipped
2141,Delivered
3345,Shipped
9705,Delivered
15715,Cancelled
22,Cancelled
11175,Pending
3424,Delivered
8362,Cancelled
6941,Shipped
4612,Cancelled
12715,Processing
14052,Processing
13423,Pending
14405,Cancelled
12622,Cancelled
13074,Cancelled
6434,Processing
45,Processing
13671,Cancelled
18833,Cancelled
19382,Shipped
19246,Processing
11506,Pending
3054,Processing
5081,Delivered
32,Shipped
18091,Pending
17763,Processing
2360,Processing
529,Shipped
2636,Pending
4635,Pending
12471,Shipped
18321,Processing
9887,Shipped
2048,Pending
14486,Cancelled
1472,Delivered
7141,Cancelled
13611,Delivered
5531,Shipped
17066,Pending
12066,Cancelled
4276,Pending
5054,Processing
19255,Pending
11305,Delivered
6032,Shipped
18502,Delivered
5277,Delivered
19777,Cancelled
3017,Shipped
7362,Shipped
1893,Processing
3813,Cancelled
911,Delivered
14203,Cancelled
13249,Processing
6374,Processing
6341,Shipped
1810,Delivered
17364,Pending
6334,Cancelled
8899,Shipped
11434,Pending
12673,Cancelled
12150,Cancelled
6075,Pending
1212,Processing
8205,Pending
8784,Shipped
9200,Cancelled
10670,Delivered
7599,Pending
3040,Processing
3141,Cancelled
17232,Processing
18929,Pending
5552,Processing
9972,Delivered
18362,Pending
13367,Delivered
4408,Cancelled
13430,Shipped
16025,Pending
17769,Processing
12122,Processing
8306,Processing
10114,Cancelled
14197,Shipped
5151,Shipped
17066,Cancelled
10472,Processing
6806,Cancelled
9046,Delivered
15702,Processing
15514,Pending
2091,Shipped
8312,Shipped
14682,Delivered
6896,Cancelled
15900,Cancelled
19253,Pending
19741,Processing
10839,Delivered
2505,Shipped
7591,Shipped
18070,Shipped
8478,Delivered
19996,Cancelled
8271,Cancelled
18682,Pending
17432,Shipped
9055,Shipped
10904,Shipped
6660,Processing
2546,Shipped
3461,Shipped
11812,Cancelled
548,Shipped
767,Pending
1591,Shipped
19373,Processing
18647,Cancelled
8853,Delivered
4421,Shipped
18901,Processing
1171,Processing
7375,Processing
11642,Pending
8130,Processing
2212,Shipped
6316,Delivered
15327,Processing
14342,Cancelled
2343,Processing
11854,Shipped
7379,Delivered
17405,Shipped
16753,Processing
16927,Pending
19865,Shipped
13880,Delivered
6958,Shipped
11560,Delivered
5211,Processing
1401,Shipped
1517,Processing
1803,Delivered
5979,Shipped
8322,Pending
5229,Shipped
2105,Pending
19989,Shipped
11834,Delivered
15864,Pending
2163,Processing
706,Cancelled
2852,Shipped
5283,Processing
14536,Pending
5087,Cancelled
8071,Cancelled
19405,Shipped
14379,Processing
2452,Delivered
3389,Cancelled
19818,Cancelled
14613,Delivered
14127,Pending
17623,Processing
19838,Pending
5157,Cancelled
4176,Cancelled
1674,Shipped
18742,Cancelled
19115,Cancelled
1113,Pending
2094,Cancelled
11797,Cancelled
18006,Pending
2135,Pending
514,Delivered
18319,Pending
10903,Cancelled
6849,Shipped
17997,Pending
10570,Shipped
12327,Pending
14128,Pending
7933,Pending
19326,Shipped
12327,Pending
17988,Shipped
13615,Pending
9079,Pending
2027,Processing
10730,Processing
16793,Shipped
8136,Pending
14836,Pending
11772,Processing
11620,Delivered
15245,Cancelled
2240,Cancelled
3276,Delivered
2060,Delivered
14087,Delivered
13680,Cancelled
15336,Processing
10370,Processing
10751,Shipped
5195,Processing
9695,Processing
8920,Shipped
13736,Cancelled
5761,Cancelled
7259,Delivered
16428,Processing
6089,Shipped
3007,Processing
12660,Shipped
15950,Shipped
4474,Cancelled
17603,Cancelled
14678,Processing
7450,Cancelled
17391,Processing
256,Shipped
13801,Delivered
1792,Cancelled
2833,Cancelled
18934,Shipped
10603,Shipped
6445,Cancelled
271,Processing
4344,Shipped
15550,Shipped
4989,Processing
12049,Pending
19959,Pending
18482,Delivered
19147,Cancelled
8984,Pending
544,Cancelled
19977,Cancelled
6833,Cancelled
14674,Shipped
15899,Cancelled
12263,Cancelled
19256,Processing
13940,Processing
18093,Delivered
3525,Shipped
4505,Shipped
15804,Shipped
10978,Processing
12714,Shipped
14443,Pending
3874,Cancelled
10500,Cancelled
3440,Shipped
1565,Pending
12121,Processing
13571,Processing
2364,Delivered
2968,Delivered
9810,Processing
18599,Cancelled
5927,Processing
12627,Shipped
9869,Delivered
19888,Shipped
6058,Processing
893,Shipped
15321,Delivered
2796,Delivered
19109,Delivered
9991,Processing
17893,Cancelled
10676,Processing
18717,Shipped
9173,Processing
6000,Shipped
10613,Shipped
11815,Delivered
2267,Cancelled
8453,Cancelled
797,Delivered
15639,Shipped
6060,Shipped
9518,Shipped
3452,Delivered
8033,Delivered
8053,Cancelled
10159,Delivered
1701,Processing
17676,Cancelled
6970,Cancelled
2284,Cancelled
8259,Cancelled
1608,Cancelled
1957,Delivered
11620,Pending
3959,Delivered
15835,Shipped
15282,Shipped
7772,Cancelled
11727,Processing
7806,Processing
9218,Delivered
17680,Processing
1256,Cancelled
13187,Processing
14316,Processing
3932,Cancelled
14676,Processing
6274,Processing
17589,Pending
17856,Processing
260,Delivered
8132,Pending
5049,Processing
13386,Delivered
14091,Pending
19781,Cancelled
2424,Delivered
7871,Pending
13230,Processing
13502,Cancelled
12368,Delivered
10367,Delivered
3268,Pending
8422,Cancelled
1794,Cancelled
7955,Cancelled
5158,Shipped
13715,Delivered
15123,Pending
16582,Cancelled
14852,Processing
4816,Delivered
189,Cancelled
2412,Delivered
4469,Shipped
13886,Delivered
8010,Delivered
74,Processing
13464,Delivered
18681,Shipped
17595,Cancelled
11692,Pending
10072,Pending
8911,Delivered
15770,Processing
12172,Cancelled
2631,Pending
15279,Shipped
7362,Processing
18708,Shipped
614,Processing
1662,Shipped
19487,Pending
11857,Processing
11922,Shipped
8868,Delivered
4645,Pending
3911,Pending
4990,Processing
8401,Pending
16859,Shipped
16761,Cancelled
4850,Cancelled
19609,Cancelled
15182,Cancelled
6471,Processing
12950,Delivered
708,Pending
16330,Shipped
10766,Delivered
13102,Processing
10572,Delivered
19860,Cancelled
30,Cancelled
8072,Cancelled
10267,Cancelled
7315,Processing
5514,Cancelled
5696,Pending
4369,Shipped
1603,Delivered
17220,Pending
3398,Processing
26,Delivered
8804,Cancelled
9,Processing
7161,Processing
10472,Shipped
19972,Pending
9913,Processing
10753,Pending
4019,Cancelled
4660,Processing
11491,Shipped
3296,Delivered
17190,Pending
18208,Delivered
633,Delivered
3816,Pending
18340,Delivered
4400,Delivered
13647,Shipped
831,Shipped
12522,Cancelled
14212,Processing
2994,Pending
11755,Processing
16564,Cancelled
15433,Processing
4380,Delivered
8629,Shipped
11534,Pending
18550,Shipped
9156,Shipped
4910,Shipped
2981,Pending
10327,Delivered
14957,Pending
17525,Cancelled
17878,Cancelled
8158,Delivered
16209,Pending
16976,Delivered
4175,Cancelled
9279,Shipped
1797,Cancelled
6275,Cancelled
5149,Cancelled
3894,Cancelled
14208,Delivered
13671,Pending
14489,Processing
6647,Shipped
3317,Shipped
16739,Pending
16538,Delivered
5882,Delivered
3676,Cancelled
13634,Shipped
12945,Cancelled
9776,Pending
5446,Cancelled
8335,Cancelled
13740,Pending
9988,Shipped
5734,Pending
9047,Processing
9580,Cancelled
17333,Shipped
1097,Delivered
11125,Shipped
19491,Cancelled
17314,Cancelled
1403,Shipped
2000,Pending
8432,Processing
12752,Cancelled
1264,Shipped
16665,Shipped
2571,Processing
12094,Delivered
9513,Cancelled
19079,Shipped
18219,Delivered
7369,Pending
18615,Pending
15711,Processing
10624,Cancelled
7374,Delivered
2302,Processing
3587,Pending
7856,Shipped
682,Cancelled
10753,Shipped
9253,Delivered
10865,Cancelled
19504,Delivered
2892,Cancelled
12887,Cancelled
15990,Cancelled
13752,Cancelled
13240,Pending
16839,Pending
3981,Processing
5989,Processing
5730,Delivered
11399,Cancelled
3588,Cancelled
12549,Processing
19262,Cancelled
15236,Delivered
3339,Delivered
11946,Pending
9291,Cancelled
10976,Pending
14259,Cancelled
9184,Delivered
7294,Processing
2124,Processing
56,Delivered
1053,Processing
15053,Cancelled
15846,Shipped
11117,Shipped
646,Cancelled
4394,Cancelled
5260,Processing
14134,Pending
5029,Delivered
680,Processing
10400,Delivered
13647,Pending
15011,Delivered
14707,Delivered
16025,Pending
17363,Pending
13723,Pending
14007,Delivered
15445,Processing
15165,Cancelled
674,Shipped
15719,Processing
2950,Delivered
11560,Delivered
10805,Pending
11777,Pending
16862,Processing
2712,Shipped
16928,Processing
12453,Shipped
5645,Processing
10524,Shipped
4762,Shipped
8946,Shipped
5250,Pending
3003,Cancelled
11022,Shipped
9844,Cancelled
19011,Shipped
16105,Processing
8921,Processing
546,Delivered
8001,Cancelled
8674,Shipped
9269,Processing
16085,Pending
11791,Processing
9464,Pending
8721,Shipped
4467,Cancelled
11468,Pending
13805,Pending
9423,Delivered
4699,Cancelled
7216,Processing
2457,Processing
11251,Delivered
2788,Processing
10373,Pending
4154,Cancelled
4112,Cancelled
784,Delivered
16998,Cancelled
14937,Pending
2059,Shipped
5538,Pending
7009,Pending
927,Delivered
12501,Cancelled
11074,Delivered
18608,Delivered
19732,Cancelled
10023,Delivered
17632,Cancelled
8377,Delivered
1815,Cancelled
11917,Processing
6609,Processing
18224,Pending
5723,Pending
18961,Processing
1072,Processing
13289,Processing
13958,Delivered
14711,Shipped
14299,Shipped
14467,Delivered
15292,Processing
15492,Pending
1346,Cancelled
12150,Delivered
4435,Pending
15911,Processing
8323,Cancelled
16686,Cancelled
17036,Cancelled
14518,Pending
19077,Shipped
1921,Shipped
3070,Shipped
4000,Pending
4033,Processing
10351,Cancelled
4548,Shipped
3351,Pending
11187,Processing
16273,Delivered
19844,Shipped
2731,Pending
2837,Processing
9515,Delivered
16970,Delivered
9447,Shipped
11746,Shipped
11349,Processing
2740,Delivered
3874,Shipped
10276,Processing
10713,Delivered
12732,Pending
10188,Cancelled
10015,Pending
15194,Delivered
7298,Cancelled
6023,Delivered
4242,Cancelled
5522,Shipped
14551,Pending
7172,Processing
16313,Delivered
14040,Processing
2513,Shipped
866,Pending
11336,Delivered
7080,Processing
18483,Shipped
15117,Pending
16703,Pending
7174,Shipped
7893,Cancelled
1992,Processing
7363,Shipped
8580,Cancelled
15672,Shipped
14119,Delivered
746,Delivered
864,Pending
1505,Processing
8451,Cancelled
13141,Pending
17364,Shipped
3813,Shipped
5383,Shipped
9179,Cancelled
6161,Cancelled
14726,Processing
10900,Shipped
10913,Cancelled
2582,Cancelled
4822,Shipped
9184,Pending
4410,Pending
4168,Pending
12173,Shipped
5589,Processing
8062,Pending
12934,Shipped
19741,Shipped
450,Cancelled
4514,Processing
15059,Cancelled
19729,Processing
74,Pending
1077,Delivered
9911,Processing
76,Shipped
18667,Pending
11308,Pending
12264,Shipped
3521,Delivered
17975,Shipped
2330,Delivered
6470,Processing
11365,Pending
7878,Processing
2077,Pending
10741,Processing
7655,Pending
2562,Delivered
2726,Pending
7136,Delivered
6066,Cancelled
2452,Shipped
16277,Shipped
16321,Delivered
12260,Delivered
2559,Pending
4033,Shipped
7104,Delivered
19926,Shipped
12071,Delivered
18889,Cancelled
4624,Cancelled
1741,Delivered
8728,Pending
18345,Shipped
19422,Pending
12025,Cancelled
14686,Delivered
5238,Pending
5668,Pending
18600,Processing
3367,Shipped
2424,Cancelled
16387,Pending
9777,Cancelled
8917,Pending
11477,Processing
12753,Processing
14581,Shipped
18779,Pending
838,Processing
15490,Processing
9741,Shipped
11404,Shipped
12666,Cancelled
624,Pending
1962,Shipped
14882,Pending
14860,Processing
16498,Pending
7106,Processing
19190,Shipped
2820,Delivered
7854,Shipped
7309,Delivered
9200,Delivered
2445,Cancelled
8007,Cancelled
7818,Delivered
2449,Pending
10607,Pending
17561,Shipped
3832,Pending
8366,Shipped
2761,Shipped
6778,Processing
7900,Delivered
18305,Shipped
3399,Processing
19958,Processing
1066,Pending
8814,Delivered
247,Cancelled
19610,Processing
11233,Cancelled
18340,Delivered
8674,Shipped
3628,Shipped
604,Processing
10094,Shipped
5872,Shipped
13415,Pending
4265,Shipped
6065,Processing
1609,Pending
18744,Cancelled
1455,Shipped
1505,Processing
8181,Cancelled
11189,Cancelled
5266,Shipped
17063,Pending
13466,Processing
16248,Delivered
12519,Delivered
18603,Processing
17038,Cancelled
5695,Delivered
1327,Shipped
324,Processing
10141,Processing
4651,Delivered
5777,Cancelled
18352,Processing
19552,Shipped
8709,Cancelled
3457,Processing
15656,Delivered
17720,Cancelled
14681,Processing
7595,Processing
1803,Processing
3046,Pending
12208,Processing
16595,Pending
9242,Cancelled
13653,Pending
12513,Pending
8069,Pending
15161,Processing
14952,Cancelled
11411,Processing
18881,Processing
18209,Cancelled
4781,Pending
10392,Shipped
10686,Processing
14823,Shipped
11007,Delivered
19773,Cancelled
16020,Cancelled
10009,Pending
13411,Delivered
19328,Pending
365,Processing
17275,Shipped
6259,Processing
8632,Processing
11428,Delivered
16437,Pending
8126,Pending
18904,Processing
17995,Cancelled
13850,Shipped
5165,Delivered
17194,Pending
19638,Delivered
11378,Processing
14864,Cancelled
3282,Pending
1485,Shipped
1612,Processing
19678,Shipped
18361,Processing
6319,Cancelled
1925,Delivered
19936,Shipped
15862,Delivered
14765,Processing
8692,Processing
15756,Delivered
9760,Delivered
11808,Cancelled
12541,Pending
15257,Cancelled
8618,Processing
17000,Pending
1519,Shipped
3964,Shipped
13896,Cancelled
17192,Delivered
5425,Shipped
3238,Pending
18925,Delivered
13282,Cancelled
4822,Shipped
14687,Pending
11211,Pending
2363,Processing
2059,Cancelled
6262,Cancelled
6563,Processing
16943,Processing
17867,Delivered
4627,Pending
4887,Delivered
13589,Cancelled
11124,Cancelled
15155,Pending
15131,Delivered
7726,Delivered
18532,Processing
3710,Pending
16657,Cancelled
2004,Delivered
14359,Shipped
15416,Cancelled
5477,Pending
336,Cancelled
18985,Delivered
15487,Pending
17783,Delivered
16041,Delivered
15726,Pending
15833,Pending
7180,Shipped
9997,Pending
18800,Processing
12911,Pending
9641,Shipped
5111,Shipped
6759,Shipped
11207,Cancelled
19163,Pending
12125,Pending
8387,Processing
16268,Pending
15773,Cancelled
1171,Cancelled
4391,Pending
4503,Delivered
15484,Shipped
5247,Delivered
7109,Shipped
5386,Shipped
12068,Cancelled
17681,Pending
4989,Pending
1011,Delivered
11593,Shipped
5901,Delivered
10788,Pending
14512,Pending
11161,Cancelled
10803,Shipped
8559,Delivered
16881,Shipped
17236,Delivered
17505,Cancelled
13478,Processing
8795,Cancelled
13654,Shipped
1062,Delivered
12543,Processing
11035,Delivered
14205,Pending
11940,Pending
18060,Cancelled
13610,Pending
1550,Processing
18855,Cancelled
7604,Processing
18804,Pending
10893,Cancelled
12949,Pending
15484,Shipped
9773,Pending
19563,Delivered
15025,Processing
6158,Pending
11077,Delivered
13677,Processing
6463,Pending
16073,Pending
5260,Delivered
7741,Cancelled
19232,Shipped
7009,Delivered
19007,Cancelled
12971,Pending
10052,Pending
3329,Cancelled
19435,Processing
2151,Pending
16245,Shipped
2690,Cancelled
5926,Shipped
8289,Cancelled
16761,Delivered
15275,Processing
4034,Pending
10782,Processing
8084,Shipped
16801,Delivered
626,Cancelled
536,Pending
11313,Pending
11090,Pending
10332,Pending
11045,Shipped
15893,Pending
14187,Shipped
5523,Shipped
12143,Shipped
7785,Shipped
2122,Shipped
9057,Delivered
3589,Processing
8695,Shipped
8159,Shipped
17296,Shipped
10879,Cancelled
12793,Pending
8401,Shipped
13496,Processing
7764,Shipped
13724,Pending
5188,Cancelled
14579,Shipped
15565,Processing
7002,Delivered
13563,Processing
11997,Cancelled
17336,Pending
13693,Cancelled
14386,Pending
7799,Cancelled
8294,Processing
1916,Shipped
13755,Pending
3792,Processing
5528,Cancelled
1830,Delivered
10211,Delivered
3191,Pending
13021,Shipped
19532,Processing
12639,Pending
7162,Processing
16800,Cancelled
2516,Shipped
11974,Cancelled
13545,Processing
9871,Shipped
7642,Pending
16944,Processing
9953,Shipped
11376,Shipped
13790,Shipped
5265,Shipped
18465,Shipped
15250,Cancelled
14209,Cancelled
15971,Shipped
10234,Pending
3983,Pending
11585,Processing
5683,Processing
2600,Pending
3271,Shipped
13833,Cancelled
7093,Cancelled
19135,Processing
15489,Processing
5649,Delivered
9693,Processing
16421,Pending
6037,Processing
1690,Pending
1181,Pending
13179,Delivered
6022,Delivered
11047,Delivered
10362,Cancelled
3533,Pending
18648,Shipped
20000,Delivered
2188,Cancelled
9339,Cancelled
308,Pending
16451,Processing
4702,Pending
7192,Processing
2595,Delivered
1334,Delivered
16464,Processing
9547,Cancelled
4499,Shipped
19129,Pending
2248,Cancelled
7459,Delivered
4324,Processing
17313,Processing
4929,Delivered
18465,Pending
8512,Cancelled
11857,Delivered
18160,Processing
12053,Delivered
6331,Processing
15025,Delivered
6635,Shipped
14337,Processing
2082,Cancelled
15985,Pending
10526,Pending
3686,Cancelled
2134,Pending
3343,Pending
6633,Processing
1724,Processing
17166,Cancelled
11158,Shipped
13162,Delivered
7203,Cancelled
7196,Pending
10296,Delivered
8879,Pending
828,Shipped
6606,Delivered
3012,Pending
12463,Cancelled
4238,Shipped
133,Processing
8661,Shipped
5382,Delivered
11446,Shipped
15826,Delivered
16996,Processing
7733,Processing
5063,Cancelled
15351,Cancelled
9343,Delivered
7084,Cancelled
19550,Cancelled
17460,Delivered
17074,Cancelled
13336,Processing
254,Shipped
10685,Shipped
15614,Shipped
12249,Cancelled
14228,Processing
10449,Pending
6704,Shipped
18815,Cancelled
6215,Processing
13276,Shipped
308,Delivered
14114,Cancelled
16446,Shipped
8730,Pending
16461,Delivered
4638,Shipped
12344,Cancelled
14677,Pending
2955,Pending
9292,Processing
7564,Shipped
17255,Pending
1804,Pending
2014,Pending
5058,Delivered
16677,Processing
11805,Processing
11559,Pending
11324,Processing
15129,Delivered
16612,Shipped
4357,Cancelled
8707,Processing
5636,Delivered
6038,Processing
16858,Delivered
2663,Delivered
3948,Shipped
18943,Cancelled
14840,Shipped
18664,Shipped
13562,Pending
12838,Shipped
683,Pending
8386,Pending
9322,Delivered
3849,Cancelled
3182,Cancelled
13948,Delivered
5226,Cancelled
5477,Pending
784,Pending
17183,Shipped
19628,Delivered
16770,Delivered
7862,Delivered
5761,Cancelled
15646,Shipped
8393,Processing
15353,Cancelled
13331,Pending
14752,Shipped
91,Pending
1170,Shipped
16528,Cancelled
12014,Delivered
1116,Delivered
19091,Pending
8108,Processing
16682,Processing
11261,Shipped
15279,Processing
973,Shipped
6653,Shipped
6443,Processing
15805,Delivered
8141,Processing
17935,Pending
3282,Pending
5857,Processing
3627,Shipped
14146,Cancelled
19159,Processing
9511,Cancelled
5048,Processing
6076,Cancelled
6243,Pending
12276,Shipped
11330,Cancelled
2813,Pending
368,Shipped
19566,Delivered
11328,Cancelled
9074,Delivered
16704,Cancelled
6531,Cancelled
13931,Pending
6253,Processing
2581,Cancelled
18602,Processing
7006,Delivered
19582,Processing
10074,Cancelled
18530,Cancelled
11709,Processing
4261,Pending
12581,Pending
2684,Processing
16469,Pending
14623,Shipped
394,Processing
15008,Cancelled
7647,Cancelled
748,Pending
14146,Shipped
19077,Delivered
13504,Delivered
10253,Processing
19026,Shipped
2873,Processing
5164,Shipped
14144,Pending
11249,Cancelled
12712,Pending
5559,Processing
15972,Pending
15578,Shipped
2622,Pending
10972,Shipped
19497,Pending
1248,Shipped
8566,Processing
6316,Delivered
1467,Pending
3977,Pending
17857,Pending
342,Pending
250,Delivered
16685,Cancelled
3177,Shipped
11131,Cancelled
7843,Shipped
3544,Delivered
16272,Cancelled
18285,Pending
16232,Pending
11905,Shipped
2289,Shipped
18806,Pending
18491,Pending
14545,Cancelled
7140,Shipped
5593,Cancelled
7528,Cancelled
8815,Cancelled
19473,Pending
19637,Processing
799,Pending
10216,Shipped
14653,Delivered
8879,Cancelled
18024,Pending
12560,Pending
8535,Pending
16841,Processing
17056,Cancelled
11115,Pending
9345,Shipped
9121,Pending
12470,Cancelled
11522,Pending
3417,Shipped
12239,Shipped
6851,Delivered
12108,Cancelled
6618,Delivered
14871,Delivered
16643,Pending
16995,Processing
7402,Cancelled
3001,Delivered
3615,Delivered
14280,Shipped
16915,Shipped
12641,Cancelled
3379,Cancelled
6012,Delivered
1895,Processing
3027,Processing
9918,Processing
2041,Shipped
8177,Shipped
4592,Processing
3191,Pending
7689,Pending
16951,Pending
7479,Processing
3496,Pending
12901,Pending
19439,Processing
4620,Shipped
18873,Shipped
15858,Pending
13921,Processing
9611,Shipped
8110,Processing
1592,Pending
8581,Delivered
15767,Shipped
18597,Delivered
1205,Pending
19963,Delivered
10671,Processing
1898,Delivered
14707,Delivered
16527,Processing
864,Cancelled
8587,Cancelled
6198,Processing
18385,Cancelled
9229,Shipped
5136,Pending
18915,Shipped
14699,Processing
3415,Shipped
8402,Shipped
5535,Shipped
4847,Delivered
6805,Shipped
10274,Cancelled
1799,Processing
10942,Cancelled
1451,Delivered
6440,Cancelled
13045,Pending
4830,Shipped
5680,Cancelled
10590,Delivered
10986,Shipped
14126,Pending
13453,Processing
12895,Pending
16375,Pending
19403,Cancelled
510,Cancelled
5253,Processing
4521,Processing
18734,Cancelled
4652,Pending
15346,Shipped
4264,Processing
6989,Pending
18236,Cancelled
13357,Delivered
14516,Cancelled
1409,Shipped
130,Cancelled
9297,Cancelled
18295,Delivered
7873,Delivered
19997,Delivered
2204,Processing
11372,Processing
5396,Cancelled
10443,Processing
17973,Cancelled
9067,Cancelled
8320,Delivered
12816,Delivered
12700,Delivered
12657,Shipped
11655,Cancelled
16154,Delivered
1707,Delivered
175,Delivered
3057,Pending
4708,Delivered
8655,Pending
6695,Shipped
7494,Delivered
2111,Delivered
14933,Delivered
6740,Pending
5209,Pending
2860,Processing
15178,Delivered
9437,Processing
12488,Processing
16560,Cancelled
8374,Delivered
15804,Processing
1388,Cancelled
2814,Delivered
15766,Processing
8856,Shipped
1080,Shipped
17455,Shipped
13670,Shipped
12244,Shipped
4813,Pending
11990,Processing
15421,Shipped
12228,Shipped
7668,Shipped
5692,Cancelled
13609,Pending
8200,Processing
19428,Delivered
2098,Delivered
10317,Pending
8119,Pending
15794,Shipped
18433,Processing
17620,Pending
712,Cancelled
15293,Processing
16822,Cancelled
3756,Cancelled
11959,Cancelled
18367,Shipped
11884,Delivered
12951,Delivered
17771,Pending
2963,Processing
2292,Processing
19480,Processing
6351,Shipped
12569,Shipped
6256,Shipped
15116,Pending
3988,Delivered
11618,Shipped
18572,Pending
17534,Pending
3993,Pending
5554,Shipped
6370,Delivered
11660,Delivered
4962,Processing
14477,Pending
17864,Delivered
876,Shipped
649,Cancelled
13462,Processing
13680,Cancelled
900,Cancelled
7998,Delivered
14081,Cancelled
19114,Processing
15369,Cancelled
11615,Processing
18864,Cancelled
18849,Delivered
15772,Pending
14313,Pending
8461,Delivered
16493,Cancelled
6584,Pending
10687,Cancelled
10805,Processing
3458,Cancelled
4187,Shipped
9214,Cancelled
10807,Delivered
6121,Cancelled
4756,Delivered
2497,Shipped
19122,Delivered
1567,Delivered
5538,Processing
5476,Shipped
771,Delivered
16499,Cancelled
6823,Pending
16834,Processing
19449,Shipped
11314,Delivered
10108,Processing
12185,Cancelled
1588,Cancelled
11473,Delivered
14243,Cancelled
1793,Pending
18643,Shipped
2444,Cancelled
10157,Shipped
2451,Delivered
17988,Cancelled
4655,Shipped
6828,Shipped
14098,Shipped
2585,Cancelled
13684,Cancelled
11912,Pending
11871,Cancelled
2995,Cancelled
17287,Delivered
12856,Processing
15870,Shipped
10019,Shipped
8250,Processing
9185,Delivered
17465,Cancelled
17361,Processing
14362,Shipped
3639,Delivered
18330,Delivered
3353,Delivered
8703,Shipped
6507,Processing
9822,Processing
2955,Cancelled
18841,Cancelled
5742,Shipped
5059,Pending
4983,Delivered
5401,Processing
19174,Cancelled
9362,Processing
13271,Processing
5359,Delivered
11531,Pending
11022,Shipped
3086,Cancelled
8426,Pending
2735,Shipped
9847,Delivered
74,Pending
5239,Shipped
11697,Delivered
13682,Processing
7492,Cancelled
15236,Pending
6696,Cancelled
1110,Pending
18757,Delivered
18184,Cancelled
7080,Pending
10697,Cancelled
14806,Cancelled
17514,Cancelled
16180,Cancelled
9060,Shipped
19392,Shipped
17820,Cancelled
13198,Delivered
10314,Delivered
5790,Shipped
2124,Processing
8527,Cancelled
6233,Processing
4575,Processing
12012,Cancelled
17811,Delivered
5170,Shipped
7306,Shipped
1981,Cancelled
16908,Cancelled
6241,Shipped
1229,Cancelled
18333,Cancelled
5519,Pending
2248,Pending
10752,Shipped
7447,Processing
3235,Pending
4248,Pending
5901,Pending
4730,Cancelled
1257,Processing
14493,Pending
14000,Cancelled
14775,Shipped
13355,Shipped
4896,Delivered
15422,Delivered
15576,Cancelled
18140,Shipped
7514,Cancelled
4916,Shipped
18434,Pending
12862,Cancelled
11533,Processing
13858,Cancelled
2486,Delivered
8271,Pending
17936,Processing
7801,Shipped
3938,Shipped
2093,Processing
5609,Cancelled
4810,Shipped
10412,Pending
12134,Delivered
17886,Pending
18277,Processing
8223,Pending
3564,Processing
13661,Processing
2046,Processing
3799,Pending
10327,Processing
7890,Processing
15923,Pending
16855,Cancelled
3951,Processing
6421,Shipped
13519,Delivered
2944,Cancelled
18532,Delivered
9660,Delivered
19384,Shipped
18150,Cancelled
16238,Cancelled
10972,Pending
3821,Pending
14065,Cancelled
3901,Cancelled
10447,Shipped
18521,Cancelled
875,Processing
2695,Cancelled
19893,Shipped
460,Cancelled
14218,Delivered
14045,Processing
7857,Cancelled
14618,Delivered
10805,Processing
15745,Pending
19614,Shipped
12205,Processing
1923,Delivered
13109,Shipped
4644,Cancelled
9248,Cancelled
18734,Delivered
4282,Cancelled
12824,Delivered
19719,Cancelled
1145,Shipped
10219,Cancelled
14975,Processing
18972,Delivered
3242,Processing
9534,Shipped
9399,Pending
771,Processing
19477,Pending
13555,Delivered
13750,Delivered
14977,Processing
10374,Pending
4336,Processing
17935,Delivered
8109,Processing
12007,Processing
7404,Delivered
16239,Delivered
12358,Shipped
18961,Cancelled
13906,Delivered
11268,Delivered
18524,Pending
15037,Cancelled
2828,Processing
11821,Processing
18680,Cancelled
8466,Shipped
12476,Pending
15750,Pending
15806,Delivered
13486,Processing
13737,Processing
2800,Delivered
13624,Processing
18581,Delivered
16004,Processing
3150,Cancelled
2537,Cancelled
2046,Shipped
14617,Delivered
10459,Delivered
7547,Pending
9549,Processing
10554,Delivered
8148,Pending
14024,Delivered
3376,Shipped
12797,Pending
2311,Processing
5049,Processing
14039,Cancelled
17708,Processing
663,Shipped
1819,Processing
14135,Processing
8628,Delivered
9920,Delivered
1875,Pending
4465,Shipped
17128,Shipped
9505,Pending
3865,Cancelled
4846,Pending
10479,Shipped
9705,Processing
8243,Pending
18353,Pending
3951,Delivered
14292,Delivered
4857,Pending
1190,Delivered
13062,Delivered
7296,Processing
16029,Delivered
16817,Pending
5792,Pending
17250,Processing
2356,Cancelled
16727,Cancelled
10950,Cancelled
16038,Delivered
239,Cancelled
6029,Cancelled
4434,Shipped
15334,Shipped
6155,Cancelled
12737,Shipped
5598,Delivered
4866,Delivered
5039,Delivered
8564,Cancelled
11735,Delivered
13933,Cancelled
13020,Processing
10821,Cancelled
10705,Pending
2667,Pending
4187,Processing
15,Delivered
11789,Shipped
16568,Delivered
19869,Delivered
812,Processing
14239,Processing
9486,Processing
14993,Pending
11605,Pending
5507,Processing
16918,Shipped
7420,Delivered
10180,Processing
3990,Pending
14096,Cancelled
18543,Delivered
11480,Cancelled
3553,Cancelled
784,Cancelled
1468,Delivered
6509,Cancelled
6054,Delivered
1010,Shipped
9040,Pending
4353,Shipped
16353,Pending
7174,Delivered
1702,Processing
1878,Shipped
3258,Shipped
11722,Delivered
8679,Processing
17158,Delivered
7118,Delivered
14651,Shipped
17975,Pending
19791,Shipped
4690,Cancelled
15493,Processing
17754,Cancelled
6220,Cancelled
10922,Cancelled
2727,Processing
6301,Pending
2808,Shipped
8123,Pending
11550,Cancelled
15580,Cancelled
6979,Delivered
11521,Processing
8121,Processing
13663,Delivered
13154,Cancelled
14551,Cancelled
3143,Pending
5660,Shipped
5719,Delivered
10298,Cancelled
13559,Cancelled
16714,Processing
3029,Pending
1830,Processing
4986,Processing
7590,Cancelled
11602,Delivered
1052,Delivered
9519,Pending
15953,Delivered
13108,Processing
17520,Cancelled
2805,Delivered
6508,Shipped
18516,Cancelled
6054,Pending
17054,Processing
7472,Processing
10678,Delivered
3582,Delivered
11037,Delivered
17124,Processing
13481,Shipped
12031,Processing
14651,Pending
10470,Cancelled
9998,Delivered
17186,Delivered
1112,Pending
4177,Shipped
17980,Pending
13049,Pending
11263,Shipped
8522,Pending
12695,Processing
14050,Pending
14349,Processing
1501,Processing
4189,Pending
19248,Shipped
1792,Delivered
2076,Pending
11886,Delivered
480,Shipped
107,Pending
9861,Delivered
9673,Cancelled
6414,Processing
16234,Shipped
14469,Shipped
15039,Cancelled
2891,Delivered
340,Pending
14758,Processing
13327,Processing
4680,Cancelled
6856,Delivered
15183,Delivered
10745,Delivered
2359,Delivered
11106,Shipped
7649,Processing
10704,Cancelled
174,Processing
5400,Shipped
16275,Shipped
18203,Pending
5933,Processing
1539,Cancelled
13101,Shipped
5694,Cancelled
5427,Processing
17890,Delivered
7465,Delivered
6917,Cancelled
9396,Cancelled
4949,Pending
13673,Cancelled
10890,Shipped
3516,Processing
3699,Processing
9371,Pending
2003,Processing
12819,Shipped
12360,Pending
13101,Cancelled
1192,Processing
40,Pending
6084,Delivered
3606,Pending
16808,Processing
14777,Processing
17079,Pending
11965,Cancelled
12155,Cancelled
16690,Cancelled
16449,Delivered
3775,Pending
19510,Processing
4996,Delivered
511,Delivered
10890,Processing
19405,Pending
12188,Shipped
4930,Delivered
17249,Cancelled
17663,Delivered
1321,Pending
3076,Delivered
14,Delivered
5974,Processing
11552,Shipped
326,Pending
2677,Processing
1090,Processing
19726,Pending
11403,Cancelled
16538,Cancelled
8519,Cancelled
11219,Cancelled
6143,Shipped
13398,Delivered
1408,Cancelled
9409,Pending
1698,Pending
623,Cancelled
14424,Pending
17918,Cancelled
5651,Cancelled
18682,Shipped
1956,Pending
6013,Pending
16567,Delivered
7686,Delivered
4644,Pending
15571,Pending
8900,Delivered
12420,Cancelled
4829,Shipped
472,Processing
3738,Processing
19042,Shipped
14522,Cancelled
11518,Processing
1492,Pending
13506,Processing
4486,Processing
9404,Pending
13115,Processing
15551,Processing
17707,Delivered
18946,Shipped
17296,Pending
11731,Processing
16802,Shipped
19287,Shipped
9431,Delivered
19320,Cancelled
10927,Pending
19965,Pending
16868,Pending
15162,Processing
1641,Cancelled
11220,Cancelled
12574,Delivered
9782,Pending
13814,Cancelled
18611,Delivered
2492,Delivered
12566,Pending
6858,Processing
9144,Shipped
447,Cancelled
11969,Cancelled
7970,Pending
15240,Cancelled
13136,Shipped
5116,Delivered
438,Processing
5817,Cancelled
15882,Pending
14553,Cancelled
6589,Pending
15126,Delivered
17501,Shipped
5129,Delivered
12080,Shipped
9914,Cancelled
8696,Processing
11950,Cancelled
19479,Processing
4430,Pending
17135,Cancelled
18659,Cancelled
111,Cancelled
12755,Cancelled
4477,Cancelled
15173,Pending
19931,Delivered
9236,Shipped
7418,Cancelled
2299,Shipped
9664,Processing
6909,Processing
6367,Cancelled
6176,Pending
9858,Processing
19145,Processing
9658,Delivered
3677,Processing
227,Pending
6040,Pending
14262,Pending
5161,Delivered
19717,Processing
14169,Cancelled
18005,Delivered
2654,Cancelled
9933,Shipped
18379,Shipped
10267,Delivered
1064,Delivered
16594,Pending
7007,Cancelled
12299,Processing
4151,Delivered
13211,Delivered
10272,Processing
15690,Shipped
16724,Processing
2243,Delivered
3483,Pending
14542,Shipped
2887,Shipped
16967,Shipped
6997,Pending
13731,Processing
18804,Processing
17690,Delivered
14238,Pending
9885,Cancelled
3664,Pending
9062,Pending
9967,Delivered
18209,Cancelled
12045,Pending
9239,Processing
2364,Processing
874,Processing
6030,Cancelled
3824,Pending
10384,Shipped
7299,Pending
2635,Pending
5331,Cancelled
11093,Shipped
11463,Processing
14187,Delivered
9398,Delivered
3,Shipped
18561,Delivered
3333,Cancelled
5229,Pending
7253,Cancelled
4546,Processing
2537,Delivered
13295,Cancelled
16921,Pending
19500,Shipped
13877,Pending
13669,Pending
16695,Delivered
1049,Shipped
13936,Cancelled
18375,Delivered
6529,Cancelled
14902,Processing
12075,Cancelled
11066,Pending
6752,Pending
17919,Delivered
6152,Cancelled
12027,Delivered
11527,Shipped
14784,Pending
16341,Processing
8004,Cancelled
13382,Pending
9256,Shipped
5436,Delivered
18623,Processing
2515,Pending
17826,Cancelled
3880,Cancelled
5227,Processing
13690,Delivered
12557,Cancelled
2813,Delivered
9607,Processing
151,Cancelled
7905,Cancelled
15333,Cancelled
6606,Processing
13339,Processing
2918,Pending
12039,Delivered
14801,Processing
6703,Shipped
2491,Pending
17179,Processing
18973,Processing
11073,Pending
7778,Delivered
2807,Delivered
10386,Delivered
16237,Cancelled
6932,Cancelled
5212,Delivered
11828,Processing
11588,Shipped
3185,Processing
3721,Delivered
17899,Pending
2599,Shipped
14511,Delivered
7881,Pending
14685,Processing
10524,Processing
2999,Cancelled
8843,Pending
15190,Delivered
10346,Delivered
15185,Shipped
11070,Pending
15056,Shipped
15981,Pending
17605,Delivered
1017,Delivered
8502,Shipped
4419,Shipped
93,Pending
18624,Shipped
10921,Processing
11885,Processing
19683,Processing
7979,Processing
1721,Processing
6843,Pending
5396,Cancelled
13831,Processing
18506,Delivered
16558,Pending
7693,Shipped
18411,Shipped
13726,Shipped
14005,Cancelled
11912,Delivered
15079,Pending
11767,Shipped
15339,Pending
2907,Shipped
7688,Shipped
11783,Pending
8182,Shipped
18393,Processing
5629,Pending
17191,Processing
18766,Shipped
14000,Shipped
19624,Pending
4532,Cancelled
3581,Delivered
815,Delivered
645,Shipped
2253,Cancelled
8815,Shipped
19495,Delivered
10054,Cancelled
9758,Cancelled
6492,Shipped
9956,Delivered
11224,Shipped
18885,Delivered
1619,Processing
17531,Shipped
18034,Pending
8740,Cancelled
5851,Shipped
3547,Processing
19914,Pending
19912,Delivered
6661,Pending
14824,Shipped
2938,Cancelled
15916,Delivered
15077,Delivered
16051,Processing
7669,Pending
1225,Pending
3908,Cancelled
8307,Cancelled
2678,Pending
16443,Shipped
3345,Cancelled
5035,Delivered
13800,Shipped
7990,Delivered
2768,Cancelled
10391,Cancelled
17891,Delivered
12038,Pending
16428,Processing
10578,Cancelled
12123,Pending
12197,Cancelled
11365,Cancelled
5389,Delivered
6261,Processing
16003,Delivered
10972,Cancelled
17524,Pending
4571,Shipped
3730,Delivered
6383,Cancelled
7890,Shipped
11045,Pending
12784,Cancelled
11452,Cancelled
4306,Delivered
19010,Pending
11195,Shipped
16161,Processing
4301,Shipped
16204,Delivered
12728,Pending
182,Delivered
4022,Cancelled
4712,Cancelled
19872,Delivered
11098,Cancelled
8029,Pending
243,Delivered
15702,Processing
3607,Processing
13960,Delivered
2836,Delivered
13736,Cancelled
8983,Shipped
5826,Delivered
15706,Delivered
3354,Delivered
12788,Cancelled
7749,Shipped
10906,Shipped
12334,Pending
14743,Cancelled
2368,Cancelled
13812,Delivered
1943,Delivered
17834,Pending
13610,Cancelled
15438,Cancelled
11274,Cancelled
13754,Processing
13085,Shipped
16407,Cancelled
5235,Pending
15104,Processing
11167,Processing
5080,Shipped
505,Pending
10711,Shipped
1288,Processing
16523,Cancelled
5328,Cancelled
17033,Pending
8823,Shipped
11360,Processing
16815,Shipped
4413,Cancelled
14660,Delivered
269,Processing
11469,Shipped
19141,Shipped
18802,Cancelled
16316,Pending
16983,Cancelled
13501,Delivered
4319,Cancelled
1901,Delivered
13379,Processing
19768,Processing
2467,Pending
4382,Processing
15108,Shipped
16013,Shipped
12319,Processing
18533,Processing
13678,Processing
10700,Processing
4712,Shipped
18280,Cancelled
8236,Processing
10498,Shipped
18237,Processing
17301,Cancelled
16266,Pending
9642,Processing
1008,Delivered
8225,Shipped
5719,Pending
541,Cancelled
12820,Processing
3512,Shipped
14311,Cancelled
16572,Pending
14785,Cancelled
17077,Delivered
3735,Shipped
11740,Processing
19303,Delivered
9457,Delivered
8057,Pending
19692,Shipped
6746,Processing
15857,Cancelled
16109,Pending
19171,Delivered
579,Pending
8719,Pending
9995,Delivered
9831,Shipped
11846,Shipped
11579,Shipped
6218,Delivered
14575,Cancelled
17485,Cancelled
9840,Cancelled
17791,Delivered
7144,Processing
6343,Cancelled
10753,Delivered
8431,Delivered
2473,Shipped
12436,Shipped
13223,Pending
13009,Processing
13321,Shipped
3594,Processing
1553,Cancelled
18443,Processing
11912,Processing
9842,Processing
4885,Processing
8456,Processing
5926,Delivered
12239,Delivered
16888,Shipped
14108,Delivered
12876,Pending
6428,Cancelled
16688,Pending
3468,Processing
902,Delivered
6687,Processing
5077,Delivered
13770,Cancelled
14004,Processing
9884,Delivered
16506,Cancelled
19759,Pending
8147,Pending
19617,Processing
7170,Shipped
6528,Shipped
3456,Pending
4539,Cancelled
15935,Cancelled
2603,Shipped
11726,Shipped
6843,Processing
5486,Shipped
53,Cancelled
1387,Delivered
2770,Processing
9293,Processing
13496,Shipped
12292,Processing
13070,Shipped
421,Cancelled
5242,Delivered
11521,Delivered
3784,Delivered
14264,Shipped
10501,Pending
13278,Pending
3269,Pending
1473,Delivered
499,Delivered
17451,Cancelled
12932,Pending
17350,Delivered
17304,Shipped
16859,Processing
18134,Shipped
5877,Shipped
16220,Shipped
7206,Shipped
12323,Cancelled
12925,Cancelled
4266,Shipped
6783,Pending
17189,Cancelled
15607,Cancelled
18556,Pending
8518,Processing
901,Processing
1629,Pending
5788,Pending
18752,Shipped
13024,Processing
15337,Processing
11179,Delivered
2577,Cancelled
18402,Pending
14794,Cancelled
4288,Pending
11516,Shipped
6260,Shipped
651,Delivered
14521,Shipped
6479,Shipped
13045,Delivered
4893,Cancelled
2708,Delivered
6318,Pending
3240,Delivered
19157,Shipped
14571,Pending
4477,Cancelled
5819,Pending
1287,Shipped
13762,Cancelled
9658,Pending
12956,Pending
7899,Cancelled
15776,Delivered
12928,Delivered
11255,Shipped
15779,Cancelled
8214,Cancelled
15543,Shipped
12821,Pending
19990,Processing
3644,Pending
16191,Delivered
6250,Pending
17979,Pending
1715,Shipped
9717,Cancelled
3164,Pending
15877,Delivered
16285,Shipped
6438,Cancelled
9128,Delivered
15546,Delivered
14903,Shipped
7638,Pending
19101,Shipped
15,Delivered
1532,Processing
19064,Shipped
1912,Pending
4014,Processing
19295,Shipped
8595,Delivered
13360,Processing
15036,Pending
8400,Delivered
13245,Cancelled
10149,Pending
6937,Delivered
3116,Delivered
1345,Delivered
13477,Shipped
11320,Pending
4677,Pending
14669,Processing
14025,Cancelled
16313,Processing
19293,Cancelled
783,Cancelled
12059,Cancelled
6458,Shipped
10022,Cancelled
12260,Processing
12488,Processing
9415,Pending
5116,Cancelled
19901,Cancelled
7986,Processing
3000,Shipped
3469,Cancelled
16681,Processing
11606,Pending
9051,Pending
3216,Delivered
14791,Processing
3015,Processing
8448,Cancelled
6293,Shipped
19577,Cancelled
8284,Pending
4972,Shipped
19059,Delivered
17758,Pending
1161,Processing
8216,Cancelled
15993,Shipped
6447,Processing
5098,Processing
17047,Processing
496,Cancelled
18155,Delivered
704,Pending
11368,Shipped
780,Pending
3632,Shipped
16431,Delivered
11543,Shipped
9856,Delivered
8655,Shipped
11492,Cancelled
1326,Shipped
1394,Delivered
6879,Shipped
10647,Processing
11227,Cancelled
14161,Delivered
2447,Delivered
3655,Cancelled
12593,Cancelled
12370,Cancelled
4691,Delivered
2820,Delivered
3338,Cancelled
6512,Processing
12350,Cancelled
4362,Pending
18711,Delivered
11888,Delivered
6222,Shipped
12528,Cancelled
5381,Cancelled
6143,Cancelled
8259,Processing
18335,Cancelled
7442,Pending
14089,Shipped
7065,Processing
19426,Delivered
14911,Pending
19792,Cancelled
7675,Pending
19692,Cancelled
8428,Shipped
4182,Pending
848,Pending
8057,Processing
17848,Processing
16735,Processing
7401,Shipped
3609,Delivered
17596,Pending
15655,Pending
2229,Delivered
16823,Shipped
14708,Cancelled
1093,Processing
5781,Pending
827,Delivered
615,Shipped
19783,Cancelled
16733,Processing
18777,Shipped
15648,Processing
2858,Shipped
6634,Cancelled
16319,Pending
7609,Cancelled
10038,Pending
7173,Processing
8900,Processing
13423,Delivered
11651,Delivered
11055,Cancelled
7858,Processing
10948,Pending
1709,Pending
18349,Cancelled
18060,Shipped
5408,Cancelled
9674,Shipped
1103,Processing
3516,Cancelled
14326,Cancelled
16880,Pending
19918,Pending
142,Shipped
3228,Delivered
12554,Delivered
9452,Processing
1117,Shipped
147,Pending
2223,Cancelled
15736,Delivered
10761,Delivered
781,Cancelled
63,Pending
18907,Processing
7547,Pending
13235,Processing
17007,Processing
10779,Pending
18206,Delivered
3033,Processing
4062,Pending
14688,Pending
10935,Processing
19093,Delivered
7846,Processing
16686,Cancelled
14442,Processing
11626,Pending
12587,Cancelled
9406,Processing
17491,Cancelled
4911,Shipped
17807,Processing
17793,Delivered
10304,Pending
9746,Delivered
14724,Cancelled
15037,Delivered
18574,Pending
7639,Cancelled
15111,Delivered
14655,Processing
5966,Shipped
13892,Processing
16073,Shipped
10719,Delivered
3642,Cancelled
8041,Pending
15818,Processing
982,Pending
26,Shipped
14725,Delivered
8468,Processing
13081,Processing
8514,Delivered
3056,Shipped
3205,Pending
4728,Shipped
54,Processing
2115,Processing
18247,Processing
4218,Processing
17729,Shipped
14715,Processing
11819,Delivered
8826,Cancelled
15519,Cancelled
6846,Cancelled
8820,Delivered
19717,Processing
11709,Delivered
7415,Processing
5058,Cancelled
6255,Shipped
5044,Delivered
12758,Cancelled
22,Pending
2176,Processing
12147,Pending
1420,Cancelled
3228,Shipped
3998,Processing
7831,Pending
15634,Cancelled
9823,Pending
2664,Cancelled
12369,Processing
5924,Shipped
19976,Delivered
15892,Pending
7424,Processing
18311,Shipped
3623,Shipped
13777,Delivered
7664,Processing
15814,Cancelled
10704,Shipped
8232,Shipped
4668,Cancelled
1779,Pending
11057,Pending
12798,Shipped
8146,Processing
8862,Pending
18646,Shipped
15780,Delivered
16158,Cancelled
3568,Cancelled
19873,Pending
18553,Cancelled
4694,Processing
13663,Shipped
9693,Shipped
2907,Processing
11552,Processing
16902,Delivered
17951,Pending
19572,Processing
6767,Processing
7370,Shipped
9089,Cancelled
18396,Shipped
9865,Delivered
15440,Shipped
18596,Cancelled
19395,Cancelled
7853,Processing
3383,Cancelled
19840,Shipped
13389,Delivered
18333,Processing
12990,Delivered
3275,Shipped
7305,Shipped
18282,Shipped
1886,Processing
13700,Pending
7532,Shipped
11755,Delivered
15668,Shipped
773,Delivered
16762,Processing
7431,Pending
16672,Cancelled
19239,Delivered
8978,Processing
6451,Processing
3712,Pending
8524,Delivered
15629,Delivered
12645,Cancelled
9915,Delivered
8939,Cancelled
10362,Pending
11892,Cancelled
15969,Delivered
16110,Pending
14052,Delivered
14868,Processing
5026,Shipped
14238,Shipped
16919,Pending
17213,Shipped
7532,Delivered
3412,Shipped
2506,Pending
6947,Processing
13891,Delivered
7444,Shipped
9354,Shipped
19220,Pending
16378,Shipped
12281,Processing
10024,Delivered
3266,Cancelled
1880,Pending
4614,Delivered
6298,Delivered
774,Pending
13475,Processing
10945,Processing
11390,Cancelled
515,Pending
16826,Cancelled
10577,Processing
403,Processing
2869,Shipped
8438,Delivered
17750,Pending
13917,Shipped
2973,Shipped
3255,Pending
16089,Shipped
3501,Processing
17769,Processing
9538,Shipped
12607,Pending
15413,Delivered
18358,Cancelled
18012,Shipped
3475,Pending
12251,Delivered
2313,Pending
15275,Shipped
16515,Pending
12163,Shipped
11774,Shipped
4081,Cancelled
12005,Shipped
4905,Delivered
5334,Shipped
14944,Processing
12474,Shipped
10605,Cancelled
16835,Pending
1939,Shipped
4455,Pending
4299,Shipped
5669,Pending
7016,Pending
14106,Delivered
4355,Processing
17337,Processing
10415,Pending
8279,Shipped
14704,Shipped
1728,Shipped
11932,Pending
2581,Cancelled
7521,Delivered
11341,Delivered
3423,Processing
9771,Cancelled
852,Delivered
8012,Delivered
12357,Processing
882,Shipped
18433,Processing
9998,Shipped
16242,Pending
2335,Pending
14138,Delivered
7302,Delivered
1372,Pending
5804,Cancelled
13188,Delivered
14353,Cancelled
16900,Cancelled
17132,Cancelled
19471,Pending
325,Delivered
3191,Shipped
17045,Processing
17957,Delivered
7320,Pending
15135,Delivered
2697,Shipped
5602,Processing
9949,Delivered
4238,Cancelled
4709,Shipped
17900,Processing
8721,Cancelled
17809,Cancelled
1583,Cancelled
18348,Pending
15434,Delivered
16302,Pending
224,Shipped
18205,Shipped
19598,Cancelled
4814,Cancelled
13726,Delivered
11374,Shipped
3881,Pending
19830,Processing
3829,Processing
1280,Processing
11600,Delivered
2515,Pending
13421,Delivered
17964,Pending
8876,Cancelled
5308,Pending
703,Delivered
2421,Delivered
17377,Delivered
3429,Shipped
345,Processing
14864,Pending
6251,Cancelled
8854,Pending
1630,Cancelled
3514,Processing
6647,Delivered
12774,Delivered
16392,Pending
11949,Cancelled
15526,Processing
13993,Cancelled
4022,Delivered
7841,Shipped
12345,Shipped
1978,Shipped
10695,Shipped
7538,Delivered
17775,Delivered
12671,Shipped
19798,Cancelled
15324,Processing
16434,Processing
15948,Processing
2895,Shipped
6923,Delivered
4618,Shipped
3760,Shipped
5610,Delivered
6953,Cancelled
10202,Pending
17087,Shipped
2881,Pending
5516,Processing
16488,Shipped
8000,Processing
4251,Delivered
8077,Cancelled
8389,Pending
3699,Processing
16229,Shipped
15111,Cancelled
5594,Cancelled
7576,Cancelled
8929,Shipped
13418,Delivered
10041,Delivered
2975,Pending
14432,Processing
15040,Delivered
497,Processing
11712,Shipped
12890,Cancelled
12386,Pending
12374,Delivered
12314,Processing
16998,Shipped
2561,Pending
8689,Cancelled
18394,Cancelled
14175,Delivered
14631,Pending
2346,Delivered
3819,Shipped
1322,Delivered
15478,Delivered
904,Pending
13378,Processing
975,Pending
14907,Processing
17416,Shipped
2368,Shipped
3484,Delivered
16321,Processing
15624,Cancelled
12603,Processing
6079,Pending
12722,Shipped
5506,Shipped
10097,Cancelled
7402,Delivered
10128,Processing
8750,Delivered
10281,Pending
9334,Pending
903,Pending
2501,Pending
17004,Cancelled
12720,Processing
11831,Cancelled
986,Delivered
1501,Shipped
11971,Cancelled
7387,Processing
17442,Cancelled
7948,Cancelled
17500,Pending
1708,Processing
12392,Pending
3319,Pending
18182,Pending
14522,Shipped
7780,Cancelled
17895,Processing
4296,Delivered
14838,Delivered
18130,Shipped
19169,Processing
4705,Processing
16178,Shipped
10275,Cancelled
4114,Processing
3229,Pending
11655,Cancelled
817,Cancelled
14262,Processing
11145,Pending
541,Processing
19181,Delivered
11439,Delivered
99,Pending
17092,Shipped
4223,Processing
4472,Cancelled
16887,Shipped
14827,Delivered
7794,Shipped
1101,Processing
1853,Processing
17827,Delivered
2719,Cancelled
1804,Processing
7402,Delivered
7843,Pending
17053,Cancelled
6644,Processing
3082,Cancelled
6430,Pending
4698,Processing
5098,Shipped
8379,Pending
16185,Cancelled
15597,Processing
15012,Delivered
1598,Delivered
14685,Shipped
10144,Pending
13141,Pending
3608,Shipped
3322,Shipped
14324,Pending
17439,Shipped
14212,Delivered
12332,Shipped
5368,Pending
15070,Processing
12589,Cancelled
7711,Shipped
4201,Shipped
18793,Cancelled
4213,Shipped
629,Cancelled
9614,Cancelled
16648,Shipped
16369,Shipped
8621,Delivered
19757,Shipped
13352,Shipped
11247,Delivered
1537,Delivered
18089,Shipped
13782,Delivered
8252,Processing
13435,Pending
2355,Pending
10603,Processing
14118,Pending
18664,Processing
7402,Pending
10882,Shipped
2675,Processing
6587,Cancelled
14431,Processing
17228,Delivered
1060,Pending
5030,Shipped
16907,Shipped
5761,Shipped
19285,Cancelled
14704,Processing
2728,Processing
10258,Pending
17229,Delivered
4304,Processing
7524,Processing
11068,Shipped
16239,Processing
9120,Processing
562,Processing
15543,Processing
1748,Pending
7257,Processing
9081,Cancelled
8499,Pending
19886,Processing
16321,Cancelled
17987,Shipped
13636,Processing
585,Processing
12274,Pending
14165,Shipped
3521,Pending
10869,Delivered
10377,Shipped
16784,Pending
4472,Processing
2393,Delivered
6312,Processing
4603,Cancelled
13453,Pending
19029,Shipped
4849,Pending
18605,Processing
780,Cancelled
7557,Shipped
8316,Shipped
1332,Processing
11599,Shipped
16290,Pending
11948,Pending
2178,Delivered
10942,Cancelled
1834,Pending
9842,Pending
14458,Delivered
129,Delivered
7020,Delivered
14490,Delivered
13843,Pending
5936,Cancelled
2738,Delivered
8672,Delivered
13527,Shipped
4385,Delivered
6879,Processing
6100,Pending
12008,Delivered
11729,Cancelled
3587,Cancelled
6913,Cancelled
6417,Delivered
14046,Cancelled
14263,Shipped
14860,Delivered
11810,Pending
16299,Shipped
17852,Cancelled
3245,Delivered
12847,Pending
4421,Shipped
12562,Processing
11635,Processing
1742,Delivered
667,Pending
9479,Processing
14701,Shipped
3570,Shipped
6369,Shipped
16003,Delivered
7205,Shipped
17659,Pending
12782,Shipped
3961,Delivered
10281,Processing
19089,Shipped
12102,Pending
4235,Cancelled
19518,Delivered
17799,Cancelled
7482,Delivered
14680,Shipped
12715,Cancelled
19714,Shipped
13125,Pending
19428,Processing
14466,Pending
962,Shipped
14283,Processing
19237,Cancelled
2286,Shipped
8766,Delivered
13991,Processing
4949,Pending
19645,Shipped
6938,Delivered
10539,Processing
7616,Delivered
5778,Processing
3921,Cancelled
922,Shipped
12316,Pending
19385,Cancelled
9210,Shipped
722,Pending
3477,Cancelled
3251,Processing
867,Pending
19930,Delivered
12011,Shipped
2473,Pending
6818,Delivered
72,Delivered
7031,Processing
5637,Cancelled
18564,Cancelled
9491,Processing
5710,Processing
1279,Cancelled
1829,Shipped
9423,Pending
196,Shipped
14184,Shipped
11052,Shipped
3950,Processing
8697,Delivered
6289,Cancelled
10194,Processing
5000,Processing
19027,Delivered
10710,Cancelled
7207,Pending
11243,Pending
6652,Processing
5955,Processing
620,Delivered
17225,Shipped
10080,Shipped
14920,Pending
8037,Shipped
19553,Shipped
16445,Cancelled
17472,Shipped
14339,Cancelled
2309,Processing
5289,Shipped
5132,Processing
13702,Processing
19938,Pending
8564,Delivered
19258,Shipped
18141,Delivered
15203,Delivered
9135,Shipped
12649,Cancelled
5300,Pending
12442,Delivered
6342,Shipped
17399,Shipped
9115,Cancelled
15506,Pending
13033,Processing
10054,Pending
19145,Pending
17944,Shipped
2003,Processing
19699,Processing
13383,Pending
5527,Shipped
19977,Processing
12653,Delivered
10964,Shipped
11957,Processing
10611,Shipped
15771,Cancelled
877,Processing
18202,Pending
65,Delivered
8498,Pending
16475,Pending
11802,Pending
13068,Pending
4245,Pending
12675,Cancelled
5106,Pending
4606,Delivered
3972,Shipped
8831,Cancelled
11656,Processing
17826,Pending
9150,Processing
10572,Cancelled
1393,Processing
3948,Shipped
1754,Shipped
18633,Shipped
11363,Cancelled
1957,Shipped
7568,Processing
14650,Pending
10168,Cancelled
16279,Processing
19008,Pending
17045,Shipped
16959,Delivered
8227,Cancelled
7330,Cancelled
4214,Pending
10630,Delivered
11051,Processing
7700,Delivered
8728,Cancelled
1301,Shipped
12917,Cancelled
9782,Delivered
13384,Pending
19571,Shipped
7297,Processing
16776,Processing
14764,Cancelled
18631,Pending
6758,Pending
17457,Processing
5230,Cancelled
18747,Processing
2653,Shipped
15457,Processing
10502,Pending
1007,Shipped
8500,Cancelled
4458,Cancelled
10033,Delivered
18579,Shipped
4013,Processing
6960,Pending
6819,Pending
3078,Pending
5616,Pending
11199,Delivered
7711,Shipped
7801,Processing
10303,Shipped
5824,Delivered
12146,Pending
3342,Processing
17235,Processing
6940,Cancelled
6655,Delivered
19307,Processing
15908,Pending
7258,Pending
5682,Processing
5531,Pending
16771,Delivered
13172,Delivered
8745,Processing
7975,Shipped
19153,Processing
12892,Cancelled
4274,Pending
4167,Processing
1751,Cancelled
1289,Cancelled
99,Delivered
16638,Processing
13854,Processing
99,Delivered
5060,Shipped
3109,Pending
985,Cancelled
12778,Shipped
1351,Shipped
11560,Pending
2156,Pending
11253,Processing
14411,Shipped
12592,Pending
14968,Cancelled
13485,Pending
15519,Shipped
7421,Processing
1049,Shipped
10042,Delivered
5816,Cancelled
343,Delivered
1385,Shipped
10358,Delivered
17392,Delivered
1187,Pending
9022,Shipped
7041,Processing
9020,Delivered
346,Delivered
6682,Processing
16481,Delivered
15814,Delivered
2873,Shipped
12067,Pending
10461,Pending
18445,Pending
7998,Cancelled
9878,Processing
439,Shipped
1002,Pending
12527,Shipped
19065,Shipped
13042,Shipped
7001,Shipped
7075,Cancelled
15201,Cancelled
15979,Shipped
12558,Processing
14330,Delivered
18293,Delivered
17085,Cancelled
9145,Pending
17447,Pending
11396,Delivered
19655,Processing
10996,Processing
4358,Cancelled
14089,Cancelled
17846,Shipped
13111,Shipped
8166,Shipped
8531,Cancelled
8912,Processing
10657,Shipped
12206,Cancelled
11045,Cancelled
16712,Pending
8086,Shipped
5468,Cancelled
1853,Cancelled
3905,Delivered
1595,Pending
2087,Processing
8851,Pending
14636,Pending
2167,Processing
10582,Shipped
2492,Processing
7856,Delivered
19830,Shipped
6881,Processing
12197,Delivered
12833,Cancelled
9241,Shipped
19268,Processing
15614,Processing
16721,Processing
8073,Processing
3190,Cancelled
4080,Shipped
18435,Shipped
6257,Processing
8693,Processing
9755,Pending
3237,Shipped
13117,Delivered
1375,Cancelled
3742,Shipped
13609,Processing
2739,Cancelled
4219,Cancelled
1675,Delivered
8227,Delivered
13634,Delivered
13520,Cancelled
8606,Delivered
3633,Shipped
5611,Delivered
4109,Cancelled
2381,Delivered
7035,Processing
18231,Delivered
16415,Shipped
16625,Cancelled
10626,Shipped
8431,Delivered
11861,Delivered
12685,Cancelled
2714,Shipped
3820,Shipped
17241,Shipped
6748,Delivered
9973,Cancelled
13494,Delivered
7396,Delivered
12117,Shipped
16236,Pending
3724,Pending
5938,Pending
6470,Pending
3872,Pending
9289,Processing
8202,Shipped
9344,Processing
16301,Delivered
14055,Processing
16201,Processing
15859,Pending
2550,Delivered
9857,Delivered
3285,Processing
7591,Processing
11643,Processing
3687,Pending
18778,Processing
12544,Pending
10237,Processing
7530,Pending
579,Cancelled
16098,Pending
3520,Pending
15101,Cancelled
16623,Shipped
16156,Processing
15890,Shipped
9459,Pending
15331,Delivered
3462,Shipped
7740,Shipped
3113,Processing
12101,Cancelled
17596,Delivered
8390,Delivered
18218,Delivered
11792,Pending
12276,Pending
5235,Pending
8175,Delivered
18784,Pending
17998,Pending
18731,Processing
12618,Pending
15585,Processing
15583,Delivered
17144,Cancelled
18008,Shipped
4269,Processing
905,Cancelled
12080,Processing
19084,Shipped
17196,Delivered
1828,Delivered
11575,Delivered
13531,Delivered
15637,Delivered
12550,Delivered
12059,Processing
18582,Delivered
3465,Delivered
8351,Shipped
12246,Processing
651,Delivered
16776,Pending
19372,Shipped
9604,Processing
14793,Shipped
3223,Pending
7172,Pending
12163,Pending
18007,Shipped
16371,Processing
4942,Delivered
17280,Delivered
1449,Cancelled
434,Delivered
8964,Cancelled
15634,Pending
12713,Shipped
2558,Shipped
7484,Pending
14955,Processing
16737,Processing
14835,Cancelled
14937,Processing
18883,Delivered
10447,Cancelled
7493,Cancelled
73,Pending
16525,Pending
14970,Shipped
9392,Delivered
9927,Shipped
11410,Processing
202,Pending
13863,Cancelled
16722,Processing
5718,Shipped
18569,Shipped
18706,Processing
19888,Cancelled
7675,Cancelled
8351,Cancelled
10691,Pending
3967,Delivered
7782,Cancelled
14537,Delivered
1942,Pending
119,Pending
6796,Pending
18665,Shipped
7363,Shipped
620,Cancelled
7161,Delivered
8668,Pending
16816,Pending
5447,Delivered
9253,Pending
2606,Delivered
15943,Pending
9672,Delivered
11855,Delivered
8823,Delivered
19257,Shipped
8445,Cancelled
9345,Pending
13894,Delivered
14943,Processing
15720,Shipped
4303,Cancelled
14872,Shipped
7858,Cancelled
13683,Pending
5064,Shipped
8205,Delivered
12141,Delivered
4763,Shipped
2042,Delivered
15398,Processing
14802,Shipped
15222,Pending
6829,Cancelled
8834,Shipped
5954,Shipped
113,Cancelled
11493,Delivered
18367,Cancelled
13975,Processing
6138,Processing
2013,Pending
11531,Cancelled
16124,Cancelled
6601,Cancelled
7101,Pending
6823,Cancelled
11164,Cancelled
15813,Shipped
16119,Processing
3730,Pending
3043,Shipped
8631,Processing
2258,Processing
17497,Processing
6393,Shipped
14818,Pending
8914,Cancelled
15453,Delivered
15802,Cancelled
1382,Processing
15265,Shipped
16969,Delivered
13030,Delivered
4222,Pending
11479,Delivered
17897,Delivered
9203,Shipped
15066,Processing
7097,Pending
1461,Delivered
9077,Shipped
8902,Delivered
5287,Delivered
19194,Shipped
8079,Cancelled
17676,Delivered
6869,Processing
13198,Cancelled
721,Delivered
11425,Pending
7640,Delivered
4882,Shipped
10634,Delivered
5773,Pending
7299,Pending
4625,Processing
9957,Delivered
9724,Delivered
11929,Pending
8726,Processing
2464,Delivered
2309,Cancelled
12309,Cancelled
18782,Processing
3502,Cancelled
5976,Pending
11461,Cancelled
17977,Delivered
16601,Cancelled
9921,Delivered
6385,Cancelled
6734,Cancelled
990,Processing
1053,Pending
3633,Delivered
5996,Processing
15362,Cancelled
19503,Cancelled
16831,Delivered
14346,Delivered
18076,Processing
6050,Cancelled
5836,Cancelled
3675,Cancelled
10083,Shipped
18323,Cancelled
2088,Cancelled
18728,Delivered
1967,Processing
17840,Cancelled
11682,Delivered
16214,Pending
8020,Pending
15162,Delivered
19654,Cancelled
7147,Cancelled
6067,Processing
4356,Cancelled
10809,Shipped
10544,Pending
4305,Cancelled
8054,Cancelled
5155,Cancelled
4076,Pending
18983,Delivered
961,Shipped
3557,Pending
3088,Pending
13100,Delivered
16768,Processing
10513,Pending
14437,Delivered
10824,Processing
10961,Processing
3226,Processing
16708,Shipped
2564,Delivered
17669,Cancelled
16214,Pending
740,Cancelled
2140,Cancelled
10171,Cancelled
9419,Pending
8289,Shipped
6657,Shipped
6979,Pending
18098,Shipped
7022,Delivered
14885,Shipped
7463,Processing
9377,Delivered
19098,Shipped
15267,Pending
18617,Processing
4140,Pending
1382,Shipped
10170,Pending
4266,Pending
16808,Cancelled
5619,Shipped
16165,Processing
16490,Delivered
15138,Processing
7463,Processing
541,Processing
2047,Pending
7721,Processing
695,Processing
12817,Cancelled
10053,Processing
7146,Shipped
17042,Processing
129,Shipped
10842,Delivered
12122,Delivered
16709,Pending
2607,Processing
11527,Delivered
678,Pending
18309,Delivered
12862,Cancelled
5086,Delivered
13824,Pending
10389,Shipped
9474,Shipped
15018,Processing
7262,Processing
11434,Cancelled
5420,Pending
18968,Pending
441,Shipped
7545,Cancelled
8931,Cancelled
2377,Shipped
19558,Pending
9143,Delivered
15107,Delivered
10936,Cancelled
13018,Pending
19482,Shipped
15316,Processing
12288,Cancelled
18059,Pending
9886,Cancelled
5221,Delivered
579,Cancelled
3187,Processing
13024,Shipped
9624,Processing
4476,Processing
9002,Pending
19580,Delivered
8296,Delivered
5166,Shipped
3082,Pending
17891,Delivered
12579,Delivered
1067,Delivered
3610,Shipped
2087,Shipped
8337,Processing
16168,Shipped
15796,Pending
11801,Processing
3070,Pending
11596,Pending
16348,Shipped
5181,Processing
67,Shipped
15376,Shipped
4656,Shipped
6006,Delivered
15341,Pending
419,Delivered
14150,Pending
9544,Delivered
292,Processing
5859,Pending
16874,Cancelled
18104,Processing
9089,Cancelled
3181,Delivered
12512,Processing
14086,Shipped
18429,Pending
5389,Processing
17458,Shipped
19755,Pending
19055,Shipped
8064,Shipped
7188,Processing
13549,Shipped
12731,Shipped
2977,Pending
4934,Cancelled
5043,Shipped
16778,Processing
13514,Delivered
19869,Pending
2788,Cancelled
8359,Cancelled
7223,Pending
8295,Cancelled
18156,Shipped
19990,Cancelled
6526,Processing
12956,Pending
2498,Shipped
4920,Delivered
13513,Cancelled
17190,Shipped
10792,Processing
14959,Processing
5456,Delivered
12646,Cancelled
405,Processing
9658,Processing
8142,Delivered
16183,Shipped
2184,Delivered
16829,Delivered
13403,Cancelled
3632,Pending
5894,Pending
15412,Delivered
18189,Shipped
14613,Pending
6772,Processing
11784,Cancelled
2784,Pending
19791,Delivered
11265,Pending
16364,Delivered
6367,Pending
12044,Delivered
3945,Delivered
16746,Shipped
1400,Delivered
10712,Delivered
14716,Pending
18870,Shipped
9535,Processing
2909,Cancelled
17122,Delivered
16747,Processing
6156,Shipped
100,Cancelled
6341,Cancelled
6105,Pending
12732,Delivered
10145,Shipped
15782,Shipped
14413,Shipped
926,Processing
11902,Cancelled
6300,Cancelled
12074,Shipped
18906,Processing
9755,Processing
17970,Pending
9492,Processing
2288,Pending
14094,Cancelled
8346,Shipped
4195,Processing
18950,Delivered
3604,Shipped
836,Cancelled
9596,Processing
6331,Delivered
1997,Cancelled
7898,Delivered
18647,Pending
10022,Shipped
13122,Pending
9530,Shipped
774,Shipped
8126,Cancelled
6980,Delivered
17244,Pending
9806,Shipped
7624,Shipped
4606,Processing
9281,Shipped
8905,Cancelled
18403,Delivered
8059,Cancelled
749,Processing
19072,Processing
15791,Pending
15743,Cancelled
6163,Pending
5381,Cancelled
17155,Cancelled
12007,Pending
14755,Processing
9466,Processing
5852,Delivered
12354,Shipped
19849,Processing
3306,Shipped
18314,Cancelled
14138,Processing
14179,Processing
16075,Pending
12277,Pending
10346,Pending
4539,Processing
1788,Pending
18928,Cancelled
18820,Shipped
1093,Shipped
1646,Pending
5047,Processing
14948,Shipped
6038,Pending
6130,Delivered
3594,Shipped
8590,Cancelled
10996,Pending
17155,Shipped
19004,Cancelled
12653,Cancelled
19951,Pending
18241,Delivered
1998,Processing
9919,Shipped
8968,Pending
8080,Processing
1396,Cancelled
10821,Shipped
9646,Cancelled
6786,Pending
4190,Delivered
2160,Cancelled
13012,Pending
5344,Cancelled
10819,Cancelled
9998,Processing
8536,Pending
11264,Pending
4480,Cancelled
15846,Processing
18529,Shipped
18021,Pending
19104,Delivered
6576,Delivered
2665,Delivered
10723,Delivered
19769,Cancelled
17672,Processing
19287,Cancelled
9459,Cancelled
12894,Cancelled
13496,Delivered
16846,Cancelled
10630,Pending
7780,Processing
3105,Shipped
4435,Shipped
18904,Shipped
13052,Shipped
6165,Processing
2283,Shipped
5745,Pending
480,Processing
422,Delivered
7772,Shipped
4260,Processing
10303,Processing
15976,Delivered
16143,Processing
4804,Delivered
17681,Processing
10508,Processing
13210,Pending
14994,Pending
5250,Cancelled
10187,Delivered
8102,Delivered
7305,Pending
11508,Shipped
11930,Processing
5380,Delivered
3,Shipped
13311,Cancelled
17304,Delivered
8662,Processing
13130,Cancelled
6733,Pending
1665,Shipped
19124,Delivered
9708,Processing
424,Delivered
19584,Cancelled
6578,Cancelled
7566,Delivered
408,Delivered
8231,Pending
12273,Delivered
14697,Delivered
14036,Shipped
15812,Processing
7648,Processing
12899,Delivered
7872,Delivered
566,Delivered
3128,Cancelled
18961,Pending
2264,Delivered
3734,Processing
6461,Pending
12521,Cancelled
17456,Pending
8586,Pending
5042,Cancelled
12396,Delivered
18183,Delivered
16823,Processing
7124,Delivered
10792,Cancelled
1798,Delivered
4718,Pending
2301,Cancelled
2867,Shipped
988,Pending
4163,Shipped
14818,Shipped
16081,Processing
17986,Pending
15983,Pending
14681,Pending
17836,Shipped
13658,Delivered
15633,Delivered
16824,Pending
641,Cancelled
18248,Shipped
4836,Shipped
11506,Pending
587,Processing
4688,Pending
4526,Pending
5491,Pending
11491,Shipped
12643,Processing
13846,Pending
6727,Processing
12699,Processing
5624,Delivered
12997,Pending
263,Pending
12723,Delivered
8066,Delivered
5433,Pending
18539,Shipped
13415,Cancelled
14379,Pending
11799,Processing
8736,Delivered
2274,Pending
8877,Delivered
7402,Processing
17833,Processing
8933,Processing
12455,Cancelled
15266,Pending
16207,Cancelled
14913,Pending
8731,Shipped
16964,Cancelled
1470,Cancelled
8842,Processing
8293,Shipped
18181,Pending
17730,Shipped
14392,Cancelled
11678,Cancelled
7257,Delivered
12634,Cancelled
12200,Delivered
6537,Shipped
9741,Cancelled
15842,Pending
12731,Shipped
18301,Pending
1020,Pending
15506,Delivered
19683,Cancelled
16531,Delivered
17742,Processing
9362,Delivered
17451,Shipped
18649,Delivered
5879,Pending
2790,Pending
17219,Delivered
15807,Shipped
38,Shipped
9190,Processing
4022,Pending
9332,Shipped
15973,Pending
12123,Pending
10202,Pending
13022,Delivered
12117,Delivered
1627,Shipped
9514,Processing
16161,Processing
7452,Pending
15580,Processing
5462,Shipped
1894,Processing
10789,Shipped
17189,Delivered
1246,Pending
17956,Delivered
10511,Delivered
5701,Processing
3464,Shipped
10782,Shipped
9234,Pending
18769,Pending
7547,Shipped
13788,Processing
7352,Delivered
908,Pending
15700,Delivered
18323,Delivered
4357,Pending
3723,Cancelled
16876,Shipped
11927,Processing
8430,Processing
2084,Cancelled
2871,Cancelled
17685,Cancelled
8712,Shipped
5647,Delivered
7715,Delivered
5751,Shipped
17109,Processing
9037,Delivered
4717,Pending
9897,Cancelled
5190,Processing
4237,Cancelled
18975,Shipped
1989,Processing
1791,Pending
6193,Cancelled
19346,Pending
19682,Pending
15021,Shipped
13608,Processing
12288,Pending
12908,Processing
12297,Delivered
4714,Pending
4530,Shipped
4111,Shipped
2795,Delivered
13662,Delivered
5492,Delivered
15759,Processing
5380,Shipped
5312,Delivered
7227,Processing
2178,Cancelled
11472,Shipped
1339,Processing
4203,Delivered
5856,Delivered
6747,Pending
579,Pending
9826,Cancelled
14521,Shipped
8122,Delivered
6030,Cancelled
9016,Delivered
12172,Cancelled
19854,Cancelled
7033,Shipped
1185,Pending
12099,Shipped
11489,Pending
13533,Pending
12049,Processing
10171,Delivered
11574,Delivered
17687,Shipped
8477,Cancelled
40,Cancelled
5638,Processing
4891,Pending
12825,Pending
7260,Pending
9422,Processing
18997,Processing
5119,Shipped
8070,Cancelled
11886,Shipped
5120,Pending
1560,Pending
13579,Cancelled
15548,Pending
11032,Pending
8275,Cancelled
17774,Cancelled
18776,Shipped
14205,Shipped
19977,Pending
7188,Cancelled
1728,Pending
13341,Delivered
9549,Delivered
12120,Pending
12559,Processing
889,Shipped
4244,Processing
19082,Processing
4755,Pending
2623,Cancelled
11713,Pending
11576,Processing
14818,Processing
10583,Processing
7545,Delivered
8151,Processing
13022,Pending
10107,Pending
13002,Shipped
16853,Shipped
5592,Processing
17247,Delivered
9261,Delivered
4983,Delivered
3452,Processing
4589,Processing
3402,Shipped
9702,Cancelled
17491,Cancelled
9292,Shipped
227,Processing
13146,Shipped
19737,Pending
17735,Pending
12343,Pending
4330,Delivered
7477,Cancelled
8846,Cancelled
11612,Delivered
12811,Processing
7763,Delivered
3153,Pending
9962,Delivered
16805,Cancelled
10545,Cancelled
4112,Processing
18732,Delivered
17457,Delivered
3677,Pending
198,Shipped
12550,Shipped
3816,Shipped
7528,Cancelled
4273,Shipped
1933,Pending
3399,Delivered
645,Shipped
15429,Cancelled
75,Cancelled
1506,Cancelled
17359,Delivered
1506,Processing
10736,Pending
19223,Processing
171,Delivered
19626,Shipped
2685,Delivered
19588,Processing
2075,Pending
14313,Cancelled
8148,Shipped
3004,Processing
4243,Shipped
1732,Processing
8962,Shipped
16354,Processing
19947,Cancelled
3420,Delivered
5190,Cancelled
11852,Cancelled
3031,Processing
7762,Cancelled
3050,Pending
6959,Processing
10461,Shipped
6616,Cancelled
13910,Delivered
292,Cancelled
6380,Cancelled
16289,Shipped
11558,Processing
6523,Processing
6214,Delivered
17963,Shipped
14282,Shipped
13366,Delivered
17786,Processing
4618,Cancelled
788,Processing
6605,Pending
9456,Cancelled
3100,Pending
1363,Processing
17153,Cancelled
10959,Shipped
1087,Cancelled
12966,Delivered
15187,Delivered
18438,Delivered
19618,Cancelled
2789,Pending
4739,Shipped
3299,Processing
15899,Pending
4682,Pending
17958,Processing
11118,Shipped
14126,Shipped
17427,Shipped
9690,Cancelled
6342,Delivered
13549,Processing
9401,Delivered
12747,Cancelled
10606,Shipped
13891,Processing
7423,Shipped
13012,Cancelled
6536,Delivered
12318,Pending
13475,Pending
9438,Pending
3796,Shipped
78,Processing
3796,Delivered
10396,Delivered
744,Shipped
16378,Processing
8727,Delivered
13465,Cancelled
12195,Delivered
17935,Shipped
166,Processing
3671,Cancelled
19352,Pending
19564,Processing
7110,Pending
18000,Pending
13915,Cancelled
11255,Processing
6011,Delivered
4317,Processing
12996,Shipped
2494,Processing
18049,Shipped
2049,Delivered
6102,Processing
5795,Processing
6044,Pending
15740,Cancelled
6163,Cancelled
11701,Shipped
6142,Processing
6529,Cancelled
15939,Processing
9299,Shipped
6046,Shipped
18577,Shipped
11110,Shipped
11998,Processing
5995,Delivered
18443,Delivered
3468,Processing
9174,Pending
5554,Cancelled
9541,Pending
7248,Processing
18397,Shipped
16842,Delivered
5913,Shipped
15703,Pending
9578,Pending
1330,Shipped
7193,Cancelled
1222,Cancelled
3921,Cancelled
376,Delivered
5650,Shipped
5138,Processing
5938,Processing
1287,Cancelled
11309,Shipped
18783,Pending
16137,Pending
13335,Delivered
8276,Pending
17270,Delivered
2223,Delivered
3228,Processing
1443,Pending
1699,Cancelled
19250,Shipped
16035,Delivered
8650,Processing
5127,Pending
5180,Delivered
10970,Shipped
10254,Pending
5311,Processing
19249,Cancelled
18361,Cancelled
7830,Pending
17943,Delivered
694,Pending
13178,Delivered
19420,Pending
7134,Shipped
6428,Shipped
19261,Pending
6117,Pending
753,Delivered
7895,Delivered
5637,Pending
14933,Delivered
2513,Delivered
1198,Pending
9389,Cancelled
18420,Shipped
8121,Processing
14641,Processing
9304,Shipped
6860,Delivered
9280,Shipped
3930,Cancelled
15345,Shipped
3987,Pending
10208,Processing
1091,Shipped
15784,Cancelled
15123,Shipped
8816,Delivered
14633,Pending
4865,Shipped
5431,Delivered
3966,Cancelled
7685,Processing
6119,Cancelled
10186,Cancelled
16031,Pending
3768,Cancelled
8160,Pending
10547,Cancelled
18056,Processing
8274,Shipped
19690,Cancelled
1751,Delivered
7299,Delivered
7954,Cancelled
14576,Cancelled
8958,Pending
9919,Delivered
16502,Cancelled
1076,Delivered
497,Cancelled
5742,Delivered
6125,Delivered
3421,Delivered
15661,Shipped
16151,Pending
1502,Shipped
11089,Cancelled
3586,Shipped
17837,Shipped
17987,Cancelled
19553,Cancelled
10908,Pending
13674,Pending
16225,Processing
811,Processing
1702,Pending
2164,Delivered
14914,Cancelled
14920,Processing
6904,Pending
11057,Processing
18086,Cancelled
6082,Pending
11675,Shipped
6988,Delivered
13158,Pending
4009,Processing
14147,Processing
2447,Shipped
9195,Shipped
8589,Shipped
3584,Pending
10723,Processing
6767,Shipped
404,Pending
7212,Cancelled
11418,Processing
16853,Cancelled
8002,Shipped
9245,Processing
12044,Processing
465,Cancelled
15579,Shipped
12782,Processing
6219,Shipped
6605,Cancelled
3539,Pending
4220,Delivered
14577,Shipped
13582,Cancelled
14393,Processing
5187,Pending
12353,Delivered
16451,Cancelled
3367,Pending
8101,Cancelled
17269,Cancelled
5798,Cancelled
6348,Pending
18942,Pending
16061,Pending
750,Pending
1494,Processing
6340,Shipped
8459,Pending
7222,Delivered
9657,Shipped
14526,Processing
4858,Processing
13303,Cancelled
18024,Processing
14554,Cancelled
17040,Pending
3903,Pending
2839,Processing
9091,Shipped
15136,Processing
7387,Delivered
13154,Processing
17318,Shipped
8803,Delivered
16918,Delivered
9579,Processing
10649,Shipped
19396,Processing
479,Cancelled
12345,Shipped
15244,Cancelled
18138,Shipped
3476,Shipped
6971,Pending
4750,Processing
14063,Shipped
19349,Pending
13930,Delivered
6698,Pending
13518,Pending
4812,Pending
8854,Pending
685,Delivered
5943,Shipped
11450,Shipped
19363,Shipped
6627,Delivered
17291,Pending
3696,Pending
304,Shipped
12710,Pending
7682,Pending
13955,Cancelled
2344,Processing
16802,Processing
3004,Cancelled
11419,Cancelled
10075,Shipped
11828,Delivered
13009,Delivered
19650,Pending
18816,Shipped
13373,Delivered
2157,Delivered
8416,Cancelled
8287,Shipped
8291,Pending
3681,Cancelled
16117,Cancelled
19611,Shipped
12766,Shipped
15693,Shipped
16295,Cancelled
9923,Pending
4867,Delivered
5913,Cancelled
16060,Shipped
10186,Cancelled
9906,Delivered
16857,Processing
4922,Pending
6950,Shipped
16977,Shipped
17976,Cancelled
7783,Pending
4960,Shipped
17032,Delivered
3597,Cancelled
15950,Processing
17918,Delivered
12368,Shipped
1386,Shipped
19113,Delivered
8050,Processing
16079,Cancelled
15919,Pending
7688,Shipped
952,Cancelled
7692,Cancelled
19003,Cancelled
3405,Shipped
16759,Pending
14850,Shipped
19721,Processing
18612,Cancelled
13247,Cancelled
14248,Processing
13300,Pending
13693,Pending
7836,Processing
12531,Delivered
13677,Shipped
19151,Pending
5436,Pending
4221,Pending
9994,Pending
14003,Delivered
4942,Shipped
3162,Pending
4836,Delivered
17517,Cancelled
18832,Pending
4509,Delivered
2630,Processing
6211,Shipped
4640,Delivered
8392,Pending
9370,Cancelled
3602,Delivered
15315,Processing
19987,Cancelled
554,Processing
19324,Processing
10642,Processing
2531,Delivered
9469,Shipped
14827,Cancelled
19539,Pending
19081,Shipped
3642,Shipped
4695,Shipped
9282,Pending
11978,Shipped
5089,Pending
17530,Cancelled
3550,Delivered
5395,Pending
5351,Delivered
13685,Processing
17888,Processing
12386,Pending
17083,Delivered
17807,Pending
15438,Cancelled
4685,Shipped
7593,Shipped
3801,Delivered
19852,Delivered
2401,Delivered
13199,Cancelled
11626,Pending
3825,Cancelled
8072,Delivered
13896,Processing
13666,Pending
10173,Pending
14540,Cancelled
10110,Cancelled
9706,Processing
10969,Cancelled
9256,Cancelled
17629,Cancelled
6358,Processing
14480,Pending
12523,Pending
10462,Pending
3755,Shipped
9203,Cancelled
15078,Pending
7089,Cancelled
8173,Processing
15740,Shipped
14229,Pending
17878,Shipped
8837,Delivered
3949,Processing
14619,Processing
2140,Shipped
2928,Shipped
9369,Cancelled
1322,Processing
6007,Processing
13376,Cancelled
5813,Processing
12927,Cancelled
15474,Pending
2141,Processing
4065,Cancelled
4381,Pending
1863,Cancelled
5554,Shipped
8401,Pending
5397,Delivered
10300,Pending
1416,Cancelled
13827,Cancelled
13460,Processing
15113,Delivered
9374,Delivered
9479,Pending
17116,Delivered
1363,Delivered
8710,Processing
9747,Cancelled
10653,Pending
275,Delivered
6806,Delivered
9758,Processing
18812,Pending
18959,Delivered
13229,Cancelled
11533,Cancelled
19332,Pending
9041,Cancelled
17216,Shipped
15784,Shipped
8156,Delivered
19797,Shipped
19807,Pending
19635,Shipped
17566,Shipped
13303,Pending
18324,Processing
18175,Cancelled
16696,Delivered
5099,Pending
8121,Cancelled
16954,Cancelled
16617,Cancelled
3859,Delivered
15470,Processing
7174,Processing
3593,Cancelled
17960,Shipped
16169,Processing
19381,Processing
5623,Processing
4482,Cancelled
10689,Processing
10488,Processing
2200,Pending
9853,Pending
14321,Pending
9730,Processing
8163,Processing
5440,Cancelled
11778,Shipped
1067,Delivered
18865,Delivered
12119,Delivered
14994,Cancelled
11533,Processing
19874,Cancelled
2336,Processing
13717,Cancelled
14242,Cancelled
2589,Processing
5784,Processing
6905,Pending
16902,Delivered
4871,Pending
4472,Shipped
8285,Cancelled
17592,Shipped
1980,Shipped
3022,Shipped
13271,Processing
5345,Cancelled
15106,Shipped
7982,Delivered
10305,Processing
3150,Delivered
360,Cancelled
15384,Processing
7950,Pending
10221,Pending
730,Shipped
15586,Delivered
2980,Delivered
2800,Pending
7328,Cancelled
7623,Shipped
18647,Pending
16997,Pending
14313,Shipped
1339,Processing
9061,Pending
312,Processing
9499,Delivered
13745,Pending
16584,Delivered
19798,Pending
11882,Delivered
4106,Pending
9792,Pending
14341,Delivered
17732,Delivered
979,Processing
17520,Pending
12987,Pending
14519,Shipped
2693,Processing
7027,Shipped
10498,Shipped
17198,Pending
3928,Processing
18743,Cancelled
8707,Pending
678,Delivered
11666,Cancelled
10175,Cancelled
11578,Cancelled
15036,Cancelled
15284,Delivered
13846,Shipped
6573,Processing
17523,Shipped
14292,Cancelled
11262,Pending
19713,Shipped
6152,Shipped
18328,Processing
12024,Shipped
7660,Cancelled
3189,Pending
9098,Pending
3551,Cancelled
19910,Shipped
13394,Shipped
16161,Cancelled
15488,Processing
11740,Delivered
14157,Cancelled
7847,Cancelled
4357,Pending
11770,Shipped
9855,Delivered
14801,Processing
11880,Pending
3410,Cancelled
674,Pending
373,Shipped
5061,Pending
15488,Shipped
13302,Processing
14995,Delivered
7314,Processing
15813,Pending
2509,Shipped
2747,Delivered
13691,Processing
1610,Shipped
10773,Pending
6675,Delivered
13867,Cancelled
8898,Cancelled
16186,Delivered
8719,Pending
19684,Shipped
10689,Cancelled
16025,Pending
2124,Shipped
2885,Shipped
11695,Pending
1399,Delivered
5309,Processing
8991,Cancelled
14173,Pending
3299,Cancelled
1633,Cancelled
12832,Processing
6429,Delivered
16874,Processing
2861,Pending
18953,Pending
1731,Pending
15797,Cancelled
6048,Delivered
17203,Pending
6874,Processing
16059,Pending
1307,Processing
14214,Shipped
15822,Processing
12944,Delivered
13081,Delivered
8392,Shipped
13142,Cancelled
19861,Processing
9791,Processing
16106,Shipped
2108,Delivered
547,Shipped
7791,Delivered
17024,Shipped
1002,Processing
2013,Pending
12131,Cancelled
7410,Cancelled
980,Delivered
12374,Delivered
3317,Processing
5184,Processing
12664,Processing
7048,Processing
5040,Cancelled
15570,Delivered
19792,Pending
12306,Delivered
19990,Cancelled
4745,Cancelled
5209,Delivered
19029,Processing
8042,Delivered
1366,Pending
19182,Cancelled
18265,Processing
19482,Processing
4786,Cancelled
49,Shipped
19165,Cancelled
17086,Delivered
880,Delivered
11625,Pending
7099,Pending
15598,Delivered
7349,Delivered
4330,Pending
6772,Delivered
11447,Processing
2269,Shipped
11326,Processing
15659,Pending
805,Processing
4564,Cancelled
4217,Processing
18225,Shipped
3601,Shipped
9945,Pending
910,Cancelled
18583,Pending
14136,Cancelled
909,Shipped
2000,Pending
4163,Shipped
1346,Shipped
15372,Shipped
15882,Shipped
13993,Pending
6927,Processing
4152,Shipped
17117,Delivered
8510,Pending
2121,Delivered
14422,Processing
19384,Cancelled
14556,Cancelled
15001,Delivered
10978,Cancelled
6643,Pending
12926,Delivered
12144,Shipped
11871,Processing
6825,Pending
1393,Processing
13427,Cancelled
8890,Cancelled
16237,Shipped
6355,Delivered
7760,Pending
2086,Pending
11760,Delivered
14805,Shipped
16493,Pending
2482,Delivered
16014,Cancelled
9358,Pending
957,Delivered
2870,Cancelled
16546,Processing
12497,Cancelled
11783,Shipped
1058,Shipped
10709,Processing
16991,Shipped
13586,Delivered
8095,Shipped
12122,Cancelled
4244,Pending
5306,Delivered
6320,Processing
6160,Processing
13528,Cancelled
6825,Shipped
12523,Processing
14622,Pending
5281,Pending
8931,Shipped
13528,Delivered
9130,Pending
13377,Delivered
4729,Processing
17105,Delivered
12848,Pending
1066,Shipped
18250,Shipped
15278,Processing
9581,Pending
13258,Cancelled
177,Pending
15380,Cancelled
11120,Delivered
6320,Shipped
10085,Cancelled
2739,Delivered
12912,Processing
2215,Pending
13584,Processing
11685,Processing
18925,Delivered
5794,Cancelled
17242,Cancelled
13877,Processing
102,Cancelled
4479,Pending
10406,Delivered
8593,Cancelled
10540,Shipped
12811,Shipped
6009,Delivered
4674,Pending
1749,Shipped
14988,Shipped
879,Pending
16034,Shipped
9657,Cancelled
9203,Shipped
19470,Delivered
11448,Pending
1787,Cancelled
1567,Pending
19678,Delivered
12930,Cancelled
17481,Processing
12163,Cancelled
14155,Processing
9305,Processing
12968,Delivered
18463,Shipped
3728,Cancelled
15451,Pending
4955,Delivered
17773,Shipped
13930,Delivered
1847,Delivered
18486,Shipped
2960,Pending
11798,Processing
14666,Pending
14121,Processing
11079,Cancelled
8697,Cancelled
3055,Delivered
11668,Delivered
18432,Pending
840,Processing
16468,Delivered
15680,Shipped
10172,Shipped
11806,Pending
13980,Shipped
17442,Processing
12385,Cancelled
15853,Pending
12296,Pending
7134,Cancelled
19398,Pending
982,Shipped
19066,Cancelled
15809,Cancelled
13882,Processing
3386,Processing
11319,Pending
8637,Shipped
12107,Cancelled
16521,Shipped
8969,Delivered
8009,Processing
16314,Pending
3280,Pending
3132,Delivered
17585,Pending
19074,Delivered
2993,Pending
1634,Shipped
15942,Cancelled
17875,Pending
10692,Cancelled
18992,Processing
13974,Shipped
1588,Shipped
18440,Cancelled
6227,Pending
9158,Shipped
11501,Processing
4252,Processing
6445,Processing
15944,Pending
929,Delivered
9941,Delivered
15656,Processing
1216,Processing
10765,Processing
17293,Shipped
11906,Cancelled
7710,Processing
15935,Processing
16380,Pending
19061,Cancelled
8097,Pending
12387,Shipped
2189,Cancelled
15090,Shipped
6958,Delivered
8440,Processing
15823,Cancelled
17430,Pending
9888,Pending
6197,Pending
18225,Cancelled
8702,Cancelled
7914,Pending
14393,Delivered
17511,Delivered
13823,Delivered
14211,Cancelled
5892,Shipped
4063,Cancelled
17958,Shipped
19922,Processing
15275,Shipped
7170,Processing
3550,Cancelled
14471,Shipped
944,Shipped
2303,Processing
12240,Shipped
2818,Pending
14339,Shipped
15928,Delivered
10869,Cancelled
14715,Cancelled
5145,Cancelled
18200,Delivered
4564,Processing
6898,Cancelled
13033,Processing
11187,Delivered
19493,Shipped
13536,Processing
7311,Processing
926,Delivered
6061,Shipped
3692,Cancelled
5393,Delivered
9049,Pending
9777,Cancelled
1679,Processing
13344,Pending
6178,Shipped
11663,Shipped
14796,Shipped
19230,Shipped
17663,Shipped
12410,Processing
9116,Shipped
8587,Pending
11729,Shipped
10698,Pending
5613,Shipped
16077,Processing
14368,Processing
8018,Delivered
16318,Pending
16882,Delivered
9633,Pending
2306,Shipped
17694,Processing
1028,Processing
14513,Pending
5195,Processing
3526,Processing
5995,Shipped
19545,Cancelled
19709,Processing
16941,Shipped
8384,Delivered
10309,Delivered
5970,Shipped
3748,Processing
15746,Delivered
1130,Shipped
11234,Cancelled
12115,Cancelled
12345,Shipped
8910,Delivered
11237,Shipped
18734,Processing
90,Pending
19603,Shipped
4097,Processing
17433,Delivered
8432,Processing
12360,Delivered
14474,Processing
1830,Processing
18397,Shipped
2928,Cancelled
10646,Cancelled
9725,Delivered
8209,Processing
10092,Pending
1232,Cancelled
13108,Shipped
13494,Shipped
12576,Delivered
16125,Delivered
9288,Processing
10742,Cancelled
12297,Cancelled
705,Cancelled
8592,Cancelled
4444,Processing
4668,Shipped
2215,Delivered
10580,Delivered
15473,Delivered
15731,Pending
11345,Processing
10231,Shipped
6853,Delivered
19138,Shipped
7031,Pending
1845,Shipped
17170,Pending
11788,Pending
16155,Pending
6541,Delivered
18677,Cancelled
935,Pending
3001,Shipped
12435,Cancelled
163,Pending
2987,Pending
16026,Shipped
4995,Shipped
3128,Delivered
12382,Pending
5083,Processing
7596,Processing
18004,Shipped
15073,Pending
5377,Cancelled
699,Pending
10629,Processing
4042,Pending
12045,Pending
4260,Delivered
399,Shipped
11915,Cancelled
10353,Pending
10793,Pending
19640,Cancelled
1974,Cancelled
11747,Cancelled
6089,Pending
11881,Pending
5606,Delivered
16011,Delivered
1104,Processing
9884,Delivered
19137,Cancelled
12487,Shipped
4504,Shipped
6962,Cancelled
10531,Processing
5797,Cancelled
2466,Processing
2306,Delivered
685,Delivered
17719,Cancelled
5035,Shipped
10053,Pending
9581,Shipped
14647,Processing
4495,Pending
15752,Cancelled
11032,Cancelled
9927,Shipped
14529,Processing
14668,Processing
10185,Pending
17690,Processing
19707,Processing
11577,Cancelled
12232,Delivered
14184,Shipped
16735,Delivered
6132,Cancelled
15737,Delivered
4357,Shipped
3208,Delivered
12934,Shipped
3733,Delivered
14593,Shipped
10453,Pending
16029,Pending
6233,Delivered
14543,Pending
5601,Delivered
11494,Pending
1516,Shipped
8738,Shipped
18050,Delivered
16035,Shipped
16895,Processing
18652,Cancelled
5881,Pending
1594,Delivered
4892,Shipped
19056,Processing
5862,Shipped
17612,Cancelled
1236,Delivered
14091,Processing
402,Processing
19481,Shipped
6144,Cancelled
12240,Pending
9023,Pending
13959,Delivered
6683,Processing
6827,Pending
13636,Shipped
7971,Shipped
12947,Shipped
828,Pending
19817,Processing
18662,Processing
8645,Cancelled
4577,Pending
2060,Processing
19525,Delivered
6449,Cancelled
15204,Processing
573,Cancelled
18377,Cancelled
18731,Delivered
9397,Shipped
18591,Processing
15627,Delivered
10481,Cancelled
19623,Pending
4822,Shipped
7596,Delivered
9065,Processing
12121,Cancelled
13865,Delivered
8071,Cancelled
5688,Cancelled
10590,Pending
6023,Processing
5572,Shipped
5047,Cancelled
15647,Shipped
338,Processing
7390,Pending
1411,Pending
12620,Delivered
10766,Delivered
12931,Shipped
11891,Delivered
18150,Shipped
12414,Cancelled
8099,Pending
16904,Delivered
15206,Delivered
15722,Delivered
10581,Processing
2386,Pending
10038,Shipped
1783,Shipped
7548,Processing
17600,Processing
14095,Pending
13930,Cancelled
15598,Pending
19028,Shipped
5918,Processing
5298,Pending
18970,Delivered
7190,Cancelled
3570,Processing
8330,Processing
754,Shipped
7518,Cancelled
8029,Shipped
6404,Cancelled
18364,Pending
15088,Pending
9971,Pending
8745,Processing
10552,Pending
12924,Cancelled
4403,Pending
8813,Shipped
12242,Shipped
9640,Pending
7446,Pending
9524,Processing
12723,Processing
5140,Cancelled
7839,Shipped
6328,Cancelled
8967,Shipped
7155,Cancelled
17905,Pending
6342,Shipped
4354,Processing
13341,Processing
4272,Processing
14364,Shipped
17275,Shipped
2712,Pending
16950,Pending
10683,Shipped
7910,Pending
5494,Pending
1606,Shipped
12424,Shipped
15,Processing
15915,Shipped
19539,Delivered
190,Delivered
7616,Shipped
15911,Cancelled
14045,Shipped
11056,Processing
11754,Processing
5002,Processing
12053,Pending
2013,Delivered
18652,Delivered
16844,Pending
4815,Cancelled
10400,Cancelled
1629,Cancelled
13799,Pending
677,Cancelled
7920,Processing
19252,Processing
18121,Cancelled
6456,Cancelled
4224,Processing
849,Shipped
16285,Delivered
2210,Cancelled
8105,Cancelled
14693,Pending
11594,Shipped
1066,Cancelled
4324,Pending
11246,Shipped
19439,Shipped
14784,Processing
11756,Cancelled
15247,Delivered
8534,Delivered
11156,Processing
14822,Delivered
4892,Pending
1792,Shipped
14344,Processing
7909,Pending
10590,Cancelled
11026,Processing
19789,Cancelled
317,Pending
14752,Shipped
16857,Processing
6850,Shipped
10109,Delivered
631,Shipped
9845,Cancelled
5281,Cancelled
9666,Shipped
16092,Cancelled
4860,Processing
6058,Processing
6850,Shipped
13754,Pending
19796,Pending
3920,Processing
18284,Cancelled
18633,Pending
892,Cancelled
13072,Pending
7550,Cancelled
19075,Shipped
3066,Delivered
12057,Processing
3722,Cancelled
15592,Pending
5633,Shipped
19965,Shipped
2994,Shipped
5401,Cancelled
56,Cancelled
9734,Pending
5668,Processing
17954,Delivered
11173,Pending
713,Processing
12284,Shipped
738,Pending
5419,Cancelled
4037,Shipped
16972,Shipped
3145,Cancelled
2859,Pending
10311,Pending
6925,Cancelled
17591,Shipped
3268,Processing
13214,Pending
4514,Processing
11835,Delivered
2598,Cancelled
19674,Delivered
4865,Processing
19106,Pending
6535,Pending
6373,Delivered
13739,Shipped
14807,Cancelled
5359,Cancelled
17564,Pending
16468,Processing
4046,Processing
6772,Delivered
12895,Cancelled
10500,Processing
12399,Pending
4224,Delivered
15509,Processing
6748,Delivered
9831,Processing
15250,Pending
9550,Cancelled
11107,Cancelled
12408,Shipped
3470,Delivered
17809,Processing
13094,Processing
8216,Pending
6834,Pending
17764,Processing
5900,Cancelled
11941,Cancelled
5140,Delivered
16622,Pending
217,Pending
14055,Cancelled
6124,Delivered
10413,Cancelled
5136,Processing
6357,Shipped
6265,Shipped
3647,Processing
9829,Cancelled
2995,Delivered
8274,Pending
9681,Pending
18217,Delivered
15369,Processing
11684,Shipped
8278,Cancelled
5097,Processing
18264,Delivered
1792,Delivered
13771,Processing
12303,Processing
3891,Cancelled
2309,Shipped
1392,Shipped
17525,Delivered
16835,Processing
10100,Delivered
2149,Shipped
5125,Processing
9356,Processing
3626,Processing
15355,Pending
2052,Delivered
16843,Shipped
17040,Delivered
13444,Cancelled
17431,Delivered
14930,Delivered
17833,Shipped
2912,Pending
13531,Shipped
4096,Delivered
17263,Cancelled
4958,Shipped
10680,Processing
11424,Shipped
10045,Pending
1408,Delivered
12816,Processing
76,Cancelled
19902,Delivered
13210,Pending
3137,Cancelled
8304,Shipped
4364,Pending
9970,Shipped
11676,Processing
14902,Shipped
15846,Processing
19538,Processing
13701,Shipped
18958,Pending
17537,Processing
17009,Processing
6155,Cancelled
16115,Pending
3114,Delivered
14801,Shipped
5394,Cancelled
14956,Processing
15840,Cancelled
3859,Delivered
6029,Delivered
13033,Pending
12866,Shipped
16779,Processing
8382,Processing
8738,Cancelled
4686,Delivered
9807,Pending
4786,Delivered
11278,Delivered
17882,Pending
6489,Processing
18483,Processing
14405,Delivered
13710,Processing
15257,Pending
1331,Pending
19004,Processing
17644,Processing
16333,Processing
10866,Delivered
6440,Delivered
421,Pending
8208,Shipped
13480,Processing
16761,Delivered
6191,Shipped
18596,Delivered
13710,Cancelled
3477,Shipped
14514,Processing
15272,Pending
6450,Processing
1056,Shipped
19582,Shipped
15964,Cancelled
8902,Delivered
2342,Shipped
10460,Shipped
9709,Pending
5743,Delivered
18122,Pending
699,Pending
19879,Cancelled
6494,Pending
3285,Cancelled
15981,Pending
18090,Shipped
17758,Pending
9656,Pending
17305,Pending
15997,Cancelled
11243,Shipped
9761,Cancelled
9995,Cancelled
6969,Pending
4603,Shipped
7174,Delivered
14676,Pending
15253,Cancelled
11855,Pending
6575,Processing
12005,Processing
6587,Pending
11875,Pending
12045,Processing
11218,Pending
2538,Cancelled
14879,Processing
2639,Cancelled
8087,Shipped
13572,Cancelled
10023,Pending
16117,Delivered
11842,Processing
7702,Cancelled
17338,Pending
7808,Shipped
11457,Processing
16158,Cancelled
9038,Cancelled
6721,Shipped
13644,Pending
11187,Delivered
17351,Processing
6039,Shipped
13718,Cancelled
8416,Shipped
19196,Delivered
10169,Pending
16881,Processing
526,Shipped
12266,Cancelled
13562,Delivered
15288,Processing
2310,Cancelled
9482,Processing
534,Processing
13651,Shipped
694,Shipped
19883,Processing
2412,Pending
13997,Delivered
1565,Delivered
1203,Delivered
