name,description,price,stock,category_id
Wood Chair,Praesent blandit. Nam nulla.,26603,14,5
Dining Table,"Proin leo odio, porttitor id, consequat in, consequat ut, nulla. Sed accumsan felis.",36000,23,4
Wood Shelf,Aenean auctor gravida sem. Praesent id massa id nisl venenatis lacinia. Aenean sit amet justo. Morbi ut odio.,46412,22,4
Bed Frame,Aliquam quis turpis eget elit sodales scelerisque. Mauris sit amet eros.,29709,9,1
Cabinet,In sagittis dui vel nisl. Duis ac nibh.,27762,45,4
Coffee Table,"Vestibulum ante ipsum primis in faucibus orci luctus et ultrices posuere cubilia Curae; Donec pharetra, magna vestibulum aliquet ultrices, erat tortor sollicitudin mi, sit amet lobortis sapien sapien non mi. Integer ac neque.",49668,36,5
Wood Lamp,"In hac habitasse platea dictumst. Aliquam augue quam, sollicitudin vitae, consectetuer eget, rutrum at, lorem.",35048,4,3
Bench,Morbi a ipsum. Integer a nibh. In quis justo.,49857,15,4
Drawer,"Suspendisse ornare consequat lectus. In est risus, auctor sed, tristique in, tempus sit amet, sem. Fusce consequat. Nulla nisl.",23259,28,4
Wall Decor,Sed accumsan felis. Ut at dolor quis odio consequat varius. Integer ac leo. Pellentesque ultrices mattis odio.,46170,35,2
Wood Chair,"Lorem ipsum dolor sit amet, consectetuer adipiscing elit. Proin interdum mauris non ligula pellentesque ultrices. Phasellus id sapien in sapien iaculis congue. Vivamus metus arcu, adipiscing molestie, hendrerit at, vulputate vitae, nisl.",44294,49,1
Dining Table,"Donec posuere metus vitae ipsum. Aliquam non mauris. Morbi non lectus. Aliquam sit amet diam in magna bibendum imperdiet. Nullam orci pede, venenatis non, sodales sed, tincidunt eu, felis.",13361,29,4
Wood Shelf,"Integer aliquet, massa id lobortis convallis, tortor risus dapibus augue, vel accumsan tellus nisi eu orci. Mauris lacinia sapien quis libero. Nullam sit amet turpis elementum ligula vehicula consequat. Morbi a ipsum. Integer a nibh.",36965,45,1
Bed Frame,"Pellentesque eget nunc. Donec quis orci eget orci vehicula condimentum. Curabitur in libero ut massa volutpat convallis. Morbi odio odio, elementum eu, interdum eu, tincidunt in, leo. Maecenas pulvinar lobortis est.",49902,15,5
Cabinet,"Donec diam neque, vestibulum eget, vulputate ut, ultrices vel, augue. Vestibulum ante ipsum primis in faucibus orci luctus et ultrices posuere cubilia Curae; Donec pharetra, magna vestibulum aliquet ultrices, erat tortor sollicitudin mi, sit amet lobortis sapien sapien non mi. Integer ac neque.",48022,13,4
Coffee Table,"In blandit ultrices enim. Lorem ipsum dolor sit amet, consectetuer adipiscing elit. Proin interdum mauris non ligula pellentesque ultrices. Phasellus id sapien in sapien iaculis congue. Vivamus metus arcu, adipiscing molestie, hendrerit at, vulputate vitae, nisl.",44872,7,1
Wood Lamp,Nulla tellus. In sagittis dui vel nisl.,23384,22,5
Bench,Morbi non quam nec dui luctus rutrum.,39694,50,4
Drawer,"Morbi porttitor lorem id ligula. Suspendisse ornare consequat lectus. In est risus, auctor sed, tristique in, tempus sit amet, sem. Fusce consequat.",46322,4,4
Wall Decor,"Cum sociis natoque penatibus et magnis dis parturient montes, nascetur ridiculus mus.",14552,7,4
Wood Chair,Aenean fermentum.,40935,12,5
Dining Table,"Nam ultrices, libero non mattis pulvinar, nulla pede ullamcorper augue, a suscipit nulla elit ac nulla.",9956,34,5
Wood Shelf,Nulla ut erat id mauris vulputate elementum.,38403,38,1
Bed Frame,"Integer pede justo, lacinia eget, tincidunt eget, tempus vel, pede. Morbi porttitor lorem id ligula. Suspendisse ornare consequat lectus. In est risus, auctor sed, tristique in, tempus sit amet, sem. Fusce consequat.",30996,25,5
Cabinet,Curabitur convallis.,9145,11,2
Coffee Table,"Vestibulum quam sapien, varius ut, blandit non, interdum in, ante. Vestibulum ante ipsum primis in faucibus orci luctus et ultrices posuere cubilia Curae; Duis faucibus accumsan odio. Curabitur convallis. Duis consequat dui nec nisi volutpat eleifend.",27395,15,5
Wood Lamp,"Morbi vestibulum, velit id pretium iaculis, diam erat fermentum justo, nec condimentum neque sapien placerat ante. Nulla justo. Aliquam quis turpis eget elit sodales scelerisque.",42591,33,2
Bench,Integer a nibh.,5037,15,1
Drawer,"Donec odio justo, sollicitudin ut, suscipit a, feugiat et, eros.",6755,34,5
Wall Decor,Integer tincidunt ante vel ipsum. Praesent blandit lacinia erat. Vestibulum sed magna at nunc commodo placerat.,13025,21,3
Wood Chair,"Proin eu mi. Nulla ac enim. In tempor, turpis nec euismod scelerisque, quam turpis adipiscing lorem, vitae mattis nibh ligula nec sem.",47950,8,5
Dining Table,"Vivamus metus arcu, adipiscing molestie, hendrerit at, vulputate vitae, nisl.",30138,9,4
Wood Shelf,"In hac habitasse platea dictumst. Aliquam augue quam, sollicitudin vitae, consectetuer eget, rutrum at, lorem.",38199,3,4
Bed Frame,Integer ac leo.,44664,37,4
Cabinet,Nulla nisl. Nunc nisl.,22330,21,5
Coffee Table,Vestibulum rutrum rutrum neque. Aenean auctor gravida sem. Praesent id massa id nisl venenatis lacinia.,23864,11,3
Wood Lamp,"Cum sociis natoque penatibus et magnis dis parturient montes, nascetur ridiculus mus.",13327,5,3
Bench,"Praesent lectus. Vestibulum quam sapien, varius ut, blandit non, interdum in, ante. Vestibulum ante ipsum primis in faucibus orci luctus et ultrices posuere cubilia Curae; Duis faucibus accumsan odio. Curabitur convallis. Duis consequat dui nec nisi volutpat eleifend.",33226,40,3
Drawer,"Duis bibendum, felis sed interdum venenatis, turpis enim blandit mi, in porttitor pede justo eu massa. Donec dapibus. Duis at velit eu est congue elementum.",18027,41,5
Wall Decor,Aenean auctor gravida sem. Praesent id massa id nisl venenatis lacinia. Aenean sit amet justo. Morbi ut odio.,4526,33,5
Wood Chair,"Suspendisse potenti. Cras in purus eu magna vulputate luctus. Cum sociis natoque penatibus et magnis dis parturient montes, nascetur ridiculus mus.",49003,42,1
Dining Table,In hac habitasse platea dictumst.,28226,34,3
Wood Shelf,Donec ut dolor.,13964,40,1
Bed Frame,"Maecenas rhoncus aliquam lacus. Morbi quis tortor id nulla ultrices aliquet. Maecenas leo odio, condimentum id, luctus nec, molestie sed, justo. Pellentesque viverra pede ac diam. Cras pellentesque volutpat dui.",40683,34,3
Cabinet,"Fusce lacus purus, aliquet at, feugiat non, pretium quis, lectus. Suspendisse potenti.",45191,20,1
Coffee Table,"Curabitur in libero ut massa volutpat convallis. Morbi odio odio, elementum eu, interdum eu, tincidunt in, leo.",29199,18,5
Wood Lamp,"Donec quis orci eget orci vehicula condimentum. Curabitur in libero ut massa volutpat convallis. Morbi odio odio, elementum eu, interdum eu, tincidunt in, leo. Maecenas pulvinar lobortis est.",18453,43,4
Bench,Nulla ac enim.,15717,36,2
Drawer,Nunc rhoncus dui vel sem. Sed sagittis.,48621,40,5
Wall Decor,In hac habitasse platea dictumst. Etiam faucibus cursus urna.,26399,44,5
Wood Chair,Donec ut dolor.,290,20,5
Dining Table,Suspendisse potenti. Nullam porttitor lacus at turpis. Donec posuere metus vitae ipsum. Aliquam non mauris. Morbi non lectus.,14376,19,5
Wood Shelf,In eleifend quam a odio. In hac habitasse platea dictumst. Maecenas ut massa quis augue luctus tincidunt. Nulla mollis molestie lorem. Quisque ut erat.,13578,28,3
Bed Frame,Etiam vel augue. Vestibulum rutrum rutrum neque.,48952,27,4
Cabinet,Aenean sit amet justo.,3453,21,3
Coffee Table,"Lorem ipsum dolor sit amet, consectetuer adipiscing elit. Proin interdum mauris non ligula pellentesque ultrices.",18579,4,2
Wood Lamp,"Morbi sem mauris, laoreet ut, rhoncus aliquet, pulvinar sed, nisl. Nunc rhoncus dui vel sem. Sed sagittis. Nam congue, risus semper porta volutpat, quam pede lobortis ligula, sit amet eleifend pede libero quis orci.",18963,37,3
Bench,Nulla mollis molestie lorem. Quisque ut erat.,27292,21,1
Drawer,In eleifend quam a odio. In hac habitasse platea dictumst. Maecenas ut massa quis augue luctus tincidunt. Nulla mollis molestie lorem.,13766,19,2
Wall Decor,Nunc purus.,29874,44,5
Wood Chair,"Duis mattis egestas metus. Aenean fermentum. Donec ut mauris eget massa tempor convallis. Nulla neque libero, convallis eget, eleifend luctus, ultricies eu, nibh. Quisque id justo sit amet sapien dignissim vestibulum.",15257,32,5
Dining Table,"Nam congue, risus semper porta volutpat, quam pede lobortis ligula, sit amet eleifend pede libero quis orci. Nullam molestie nibh in lectus. Pellentesque at nulla.",26104,5,3
Wood Shelf,"Fusce lacus purus, aliquet at, feugiat non, pretium quis, lectus. Suspendisse potenti. In eleifend quam a odio.",25189,21,3
Bed Frame,"Maecenas leo odio, condimentum id, luctus nec, molestie sed, justo. Pellentesque viverra pede ac diam. Cras pellentesque volutpat dui. Maecenas tristique, est et tempus semper, est quam pharetra magna, ac consequat metus sapien ut nunc.",28999,49,1
Cabinet,Aliquam quis turpis eget elit sodales scelerisque. Mauris sit amet eros. Suspendisse accumsan tortor quis turpis.,44476,20,3
Coffee Table,Integer tincidunt ante vel ipsum. Praesent blandit lacinia erat. Vestibulum sed magna at nunc commodo placerat. Praesent blandit. Nam nulla.,34412,37,4
Wood Lamp,"Curabitur at ipsum ac tellus semper interdum. Mauris ullamcorper purus sit amet nulla. Quisque arcu libero, rutrum ac, lobortis vel, dapibus at, diam. Nam tristique tortor eu pede.",33364,11,2
Bench,Suspendisse potenti.,23950,2,4
Drawer,"Pellentesque eget nunc. Donec quis orci eget orci vehicula condimentum. Curabitur in libero ut massa volutpat convallis. Morbi odio odio, elementum eu, interdum eu, tincidunt in, leo. Maecenas pulvinar lobortis est.",39360,33,4
Wall Decor,Vivamus tortor.,15590,11,5
Wood Chair,In hac habitasse platea dictumst. Etiam faucibus cursus urna. Ut tellus. Nulla ut erat id mauris vulputate elementum. Nullam varius.,10847,41,1
Dining Table,Fusce consequat.,30398,4,2
Wood Shelf,"Fusce lacus purus, aliquet at, feugiat non, pretium quis, lectus.",1284,19,5
Bed Frame,Maecenas ut massa quis augue luctus tincidunt. Nulla mollis molestie lorem. Quisque ut erat. Curabitur gravida nisi at nibh.,33150,45,5
Cabinet,"Cras mi pede, malesuada in, imperdiet et, commodo vulputate, justo. In blandit ultrices enim. Lorem ipsum dolor sit amet, consectetuer adipiscing elit.",44543,33,2
Coffee Table,"Duis mattis egestas metus. Aenean fermentum. Donec ut mauris eget massa tempor convallis. Nulla neque libero, convallis eget, eleifend luctus, ultricies eu, nibh.",14324,32,4
Wood Lamp,Integer ac neque. Duis bibendum. Morbi non quam nec dui luctus rutrum. Nulla tellus. In sagittis dui vel nisl.,3514,1,1
Bench,Phasellus sit amet erat. Nulla tempus.,8975,15,2
Drawer,"Nulla neque libero, convallis eget, eleifend luctus, ultricies eu, nibh. Quisque id justo sit amet sapien dignissim vestibulum.",27866,39,5
Wall Decor,"Cras mi pede, malesuada in, imperdiet et, commodo vulputate, justo.",25634,15,3
Wood Chair,Integer a nibh. In quis justo.,38150,9,3
Dining Table,Nulla tellus. In sagittis dui vel nisl.,5617,25,5
Wood Shelf,Mauris lacinia sapien quis libero.,25197,46,2
Bed Frame,"Morbi odio odio, elementum eu, interdum eu, tincidunt in, leo. Maecenas pulvinar lobortis est. Phasellus sit amet erat. Nulla tempus. Vivamus in felis eu sapien cursus vestibulum.",3202,40,3
Cabinet,"Nulla nisl. Nunc nisl. Duis bibendum, felis sed interdum venenatis, turpis enim blandit mi, in porttitor pede justo eu massa. Donec dapibus.",10526,34,4
Coffee Table,"Morbi quis tortor id nulla ultrices aliquet. Maecenas leo odio, condimentum id, luctus nec, molestie sed, justo. Pellentesque viverra pede ac diam.",24023,23,1
Wood Lamp,"Pellentesque ultrices mattis odio. Donec vitae nisi. Nam ultrices, libero non mattis pulvinar, nulla pede ullamcorper augue, a suscipit nulla elit ac nulla. Sed vel enim sit amet nunc viverra dapibus.",1738,3,3
Bench,"Morbi non lectus. Aliquam sit amet diam in magna bibendum imperdiet. Nullam orci pede, venenatis non, sodales sed, tincidunt eu, felis. Fusce posuere felis sed lacus. Morbi sem mauris, laoreet ut, rhoncus aliquet, pulvinar sed, nisl.",47094,31,5
Drawer,In hac habitasse platea dictumst. Maecenas ut massa quis augue luctus tincidunt. Nulla mollis molestie lorem.,3966,30,2
Wall Decor,Phasellus in felis.,11960,17,4
Wood Chair,Nulla suscipit ligula in lacus. Curabitur at ipsum ac tellus semper interdum. Mauris ullamcorper purus sit amet nulla.,2074,40,2
Dining Table,"Nunc purus. Phasellus in felis. Donec semper sapien a libero. Nam dui. Proin leo odio, porttitor id, consequat in, consequat ut, nulla.",8932,32,4
Wood Shelf,Aliquam erat volutpat.,7428,16,5
Bed Frame,Maecenas pulvinar lobortis est. Phasellus sit amet erat. Nulla tempus. Vivamus in felis eu sapien cursus vestibulum. Proin eu mi.,20925,16,4
Cabinet,"Morbi porttitor lorem id ligula. Suspendisse ornare consequat lectus. In est risus, auctor sed, tristique in, tempus sit amet, sem.",14408,28,2
Coffee Table,"Curabitur at ipsum ac tellus semper interdum. Mauris ullamcorper purus sit amet nulla. Quisque arcu libero, rutrum ac, lobortis vel, dapibus at, diam. Nam tristique tortor eu pede.",39370,17,5
Wood Lamp,Curabitur convallis. Duis consequat dui nec nisi volutpat eleifend. Donec ut dolor. Morbi vel lectus in quam fringilla rhoncus.,25159,35,2
Bench,Sed ante. Vivamus tortor. Duis mattis egestas metus. Aenean fermentum.,12694,12,4
Drawer,"Nulla nisl. Nunc nisl. Duis bibendum, felis sed interdum venenatis, turpis enim blandit mi, in porttitor pede justo eu massa. Donec dapibus. Duis at velit eu est congue elementum.",34730,29,3
Wall Decor,"Quisque ut erat. Curabitur gravida nisi at nibh. In hac habitasse platea dictumst. Aliquam augue quam, sollicitudin vitae, consectetuer eget, rutrum at, lorem.",22806,34,5
Wood Chair,Sed accumsan felis. Ut at dolor quis odio consequat varius. Integer ac leo. Pellentesque ultrices mattis odio.,25359,28,1
Dining Table,"Duis bibendum, felis sed interdum venenatis, turpis enim blandit mi, in porttitor pede justo eu massa. Donec dapibus. Duis at velit eu est congue elementum. In hac habitasse platea dictumst. Morbi vestibulum, velit id pretium iaculis, diam erat fermentum justo, nec condimentum neque sapien placerat ante.",7796,44,2
Wood Shelf,Duis bibendum. Morbi non quam nec dui luctus rutrum. Nulla tellus. In sagittis dui vel nisl.,34017,27,2
Bed Frame,Maecenas tincidunt lacus at velit.,11784,24,3
Cabinet,"Suspendisse potenti. Cras in purus eu magna vulputate luctus. Cum sociis natoque penatibus et magnis dis parturient montes, nascetur ridiculus mus. Vivamus vestibulum sagittis sapien. Cum sociis natoque penatibus et magnis dis parturient montes, nascetur ridiculus mus.",40910,15,4
Coffee Table,Nulla ac enim.,40763,21,2
Wood Lamp,Aliquam quis turpis eget elit sodales scelerisque. Mauris sit amet eros.,13908,1,1
Bench,Sed ante. Vivamus tortor. Duis mattis egestas metus.,29801,41,1
Drawer,"Mauris enim leo, rhoncus sed, vestibulum sit amet, cursus id, turpis. Integer aliquet, massa id lobortis convallis, tortor risus dapibus augue, vel accumsan tellus nisi eu orci.",47029,41,2
Wall Decor,Morbi non quam nec dui luctus rutrum.,29893,30,5
Wood Chair,Duis at velit eu est congue elementum. In hac habitasse platea dictumst.,3002,37,1
Dining Table,"Proin at turpis a pede posuere nonummy. Integer non velit. Donec diam neque, vestibulum eget, vulputate ut, ultrices vel, augue.",20001,26,1
Wood Shelf,"Morbi odio odio, elementum eu, interdum eu, tincidunt in, leo. Maecenas pulvinar lobortis est. Phasellus sit amet erat.",38483,7,4
Bed Frame,Sed vel enim sit amet nunc viverra dapibus. Nulla suscipit ligula in lacus. Curabitur at ipsum ac tellus semper interdum. Mauris ullamcorper purus sit amet nulla.,37898,49,5
Cabinet,"Mauris enim leo, rhoncus sed, vestibulum sit amet, cursus id, turpis.",1595,33,1
Coffee Table,"Nulla ac enim. In tempor, turpis nec euismod scelerisque, quam turpis adipiscing lorem, vitae mattis nibh ligula nec sem.",33508,11,5
Wood Lamp,"Sed sagittis. Nam congue, risus semper porta volutpat, quam pede lobortis ligula, sit amet eleifend pede libero quis orci. Nullam molestie nibh in lectus. Pellentesque at nulla.",1321,33,1
Bench,Nulla ut erat id mauris vulputate elementum. Nullam varius. Nulla facilisi.,12692,15,4
Drawer,"Nam nulla. Integer pede justo, lacinia eget, tincidunt eget, tempus vel, pede.",5215,19,4
Wall Decor,Sed accumsan felis. Ut at dolor quis odio consequat varius.,43625,25,3
Wood Chair,Morbi ut odio.,41513,42,3
Dining Table,Nulla nisl. Nunc nisl.,9321,27,2
Wood Shelf,Phasellus sit amet erat. Nulla tempus. Vivamus in felis eu sapien cursus vestibulum.,5316,39,3
Bed Frame,"Curabitur at ipsum ac tellus semper interdum. Mauris ullamcorper purus sit amet nulla. Quisque arcu libero, rutrum ac, lobortis vel, dapibus at, diam. Nam tristique tortor eu pede.",9389,41,4
Cabinet,Sed accumsan felis.,3829,44,2
Coffee Table,Vestibulum ante ipsum primis in faucibus orci luctus et ultrices posuere cubilia Curae; Duis faucibus accumsan odio. Curabitur convallis. Duis consequat dui nec nisi volutpat eleifend.,45297,24,5
Wood Lamp,"Vestibulum ante ipsum primis in faucibus orci luctus et ultrices posuere cubilia Curae; Donec pharetra, magna vestibulum aliquet ultrices, erat tortor sollicitudin mi, sit amet lobortis sapien sapien non mi. Integer ac neque.",11033,29,1
Bench,"Donec diam neque, vestibulum eget, vulputate ut, ultrices vel, augue.",22744,3,1
Drawer,Aenean sit amet justo. Morbi ut odio.,40287,29,1
Wall Decor,"Nam dui. Proin leo odio, porttitor id, consequat in, consequat ut, nulla. Sed accumsan felis. Ut at dolor quis odio consequat varius. Integer ac leo.",651,18,3
Wood Chair,"Fusce lacus purus, aliquet at, feugiat non, pretium quis, lectus. Suspendisse potenti. In eleifend quam a odio. In hac habitasse platea dictumst.",12419,18,1
Dining Table,"In est risus, auctor sed, tristique in, tempus sit amet, sem. Fusce consequat. Nulla nisl. Nunc nisl. Duis bibendum, felis sed interdum venenatis, turpis enim blandit mi, in porttitor pede justo eu massa.",39147,46,2
Wood Shelf,Sed ante. Vivamus tortor. Duis mattis egestas metus. Aenean fermentum.,33093,15,1
Bed Frame,"Nullam orci pede, venenatis non, sodales sed, tincidunt eu, felis. Fusce posuere felis sed lacus. Morbi sem mauris, laoreet ut, rhoncus aliquet, pulvinar sed, nisl. Nunc rhoncus dui vel sem. Sed sagittis.",47477,35,5
Cabinet,Vivamus vestibulum sagittis sapien.,20603,2,5
Coffee Table,"Aliquam sit amet diam in magna bibendum imperdiet. Nullam orci pede, venenatis non, sodales sed, tincidunt eu, felis. Fusce posuere felis sed lacus.",7334,37,4
Wood Lamp,Morbi quis tortor id nulla ultrices aliquet.,17950,1,5
Bench,Donec dapibus. Duis at velit eu est congue elementum. In hac habitasse platea dictumst.,1924,24,1
Drawer,Vestibulum ante ipsum primis in faucibus orci luctus et ultrices posuere cubilia Curae; Mauris viverra diam vitae quam. Suspendisse potenti. Nullam porttitor lacus at turpis. Donec posuere metus vitae ipsum.,24023,26,3
Wall Decor,"Cum sociis natoque penatibus et magnis dis parturient montes, nascetur ridiculus mus. Etiam vel augue. Vestibulum rutrum rutrum neque. Aenean auctor gravida sem. Praesent id massa id nisl venenatis lacinia.",46260,29,2
Wood Chair,Nulla facilisi. Cras non velit nec nisi vulputate nonummy. Maecenas tincidunt lacus at velit. Vivamus vel nulla eget eros elementum pellentesque.,47864,35,2
Dining Table,Nulla tempus. Vivamus in felis eu sapien cursus vestibulum.,16564,11,3
Wood Shelf,"Nullam orci pede, venenatis non, sodales sed, tincidunt eu, felis.",45348,33,1
Bed Frame,"In est risus, auctor sed, tristique in, tempus sit amet, sem.",34534,26,4
Cabinet,"In hac habitasse platea dictumst. Aliquam augue quam, sollicitudin vitae, consectetuer eget, rutrum at, lorem. Integer tincidunt ante vel ipsum.",8740,28,4
Coffee Table,"Praesent blandit lacinia erat. Vestibulum sed magna at nunc commodo placerat. Praesent blandit. Nam nulla. Integer pede justo, lacinia eget, tincidunt eget, tempus vel, pede.",2687,13,2
Wood Lamp,"Vestibulum ac est lacinia nisi venenatis tristique. Fusce congue, diam id ornare imperdiet, sapien urna pretium nisl, ut volutpat sapien arcu sed augue. Aliquam erat volutpat. In congue. Etiam justo.",28370,31,2
Bench,"Donec ut dolor. Morbi vel lectus in quam fringilla rhoncus. Mauris enim leo, rhoncus sed, vestibulum sit amet, cursus id, turpis. Integer aliquet, massa id lobortis convallis, tortor risus dapibus augue, vel accumsan tellus nisi eu orci. Mauris lacinia sapien quis libero.",46217,49,3
Drawer,Ut at dolor quis odio consequat varius. Integer ac leo. Pellentesque ultrices mattis odio. Donec vitae nisi.,35624,37,3
Wall Decor,In hac habitasse platea dictumst.,28415,43,5
Wood Chair,"Fusce congue, diam id ornare imperdiet, sapien urna pretium nisl, ut volutpat sapien arcu sed augue. Aliquam erat volutpat. In congue.",32590,8,2
Dining Table,Phasellus id sapien in sapien iaculis congue.,27946,10,5
Wood Shelf,"Duis bibendum, felis sed interdum venenatis, turpis enim blandit mi, in porttitor pede justo eu massa.",37647,25,4
Bed Frame,Vivamus tortor. Duis mattis egestas metus.,39984,35,4
Cabinet,"In hac habitasse platea dictumst. Morbi vestibulum, velit id pretium iaculis, diam erat fermentum justo, nec condimentum neque sapien placerat ante.",19620,1,5
Coffee Table,Integer ac leo.,9461,27,2
Wood Lamp,Aenean lectus. Pellentesque eget nunc. Donec quis orci eget orci vehicula condimentum.,47239,7,4
Bench,In eleifend quam a odio. In hac habitasse platea dictumst. Maecenas ut massa quis augue luctus tincidunt. Nulla mollis molestie lorem.,11010,35,3
Drawer,Cras non velit nec nisi vulputate nonummy.,11369,23,4
Wall Decor,"Proin interdum mauris non ligula pellentesque ultrices. Phasellus id sapien in sapien iaculis congue. Vivamus metus arcu, adipiscing molestie, hendrerit at, vulputate vitae, nisl. Aenean lectus.",20121,29,3
Wood Chair,Integer ac neque. Duis bibendum. Morbi non quam nec dui luctus rutrum. Nulla tellus. In sagittis dui vel nisl.,38950,47,3
Dining Table,Aenean auctor gravida sem. Praesent id massa id nisl venenatis lacinia.,26551,29,1
Wood Shelf,"Integer aliquet, massa id lobortis convallis, tortor risus dapibus augue, vel accumsan tellus nisi eu orci. Mauris lacinia sapien quis libero. Nullam sit amet turpis elementum ligula vehicula consequat.",20079,44,2
Bed Frame,Nulla suscipit ligula in lacus. Curabitur at ipsum ac tellus semper interdum. Mauris ullamcorper purus sit amet nulla.,17841,43,4
Cabinet,Duis aliquam convallis nunc. Proin at turpis a pede posuere nonummy.,11999,10,4
Coffee Table,"Duis at velit eu est congue elementum. In hac habitasse platea dictumst. Morbi vestibulum, velit id pretium iaculis, diam erat fermentum justo, nec condimentum neque sapien placerat ante. Nulla justo. Aliquam quis turpis eget elit sodales scelerisque.",24455,13,5
Wood Lamp,"Morbi non lectus. Aliquam sit amet diam in magna bibendum imperdiet. Nullam orci pede, venenatis non, sodales sed, tincidunt eu, felis. Fusce posuere felis sed lacus. Morbi sem mauris, laoreet ut, rhoncus aliquet, pulvinar sed, nisl.",26698,18,3
Bench,"Vestibulum ante ipsum primis in faucibus orci luctus et ultrices posuere cubilia Curae; Donec pharetra, magna vestibulum aliquet ultrices, erat tortor sollicitudin mi, sit amet lobortis sapien sapien non mi. Integer ac neque. Duis bibendum. Morbi non quam nec dui luctus rutrum. Nulla tellus.",39305,36,5
Drawer,"Aliquam augue quam, sollicitudin vitae, consectetuer eget, rutrum at, lorem. Integer tincidunt ante vel ipsum. Praesent blandit lacinia erat. Vestibulum sed magna at nunc commodo placerat.",37183,6,4
Wall Decor,Nullam sit amet turpis elementum ligula vehicula consequat. Morbi a ipsum. Integer a nibh. In quis justo.,22937,11,2
Wood Chair,"Cum sociis natoque penatibus et magnis dis parturient montes, nascetur ridiculus mus. Etiam vel augue. Vestibulum rutrum rutrum neque. Aenean auctor gravida sem.",4815,6,5
Dining Table,In hac habitasse platea dictumst.,11743,36,5
Wood Shelf,"Proin eu mi. Nulla ac enim. In tempor, turpis nec euismod scelerisque, quam turpis adipiscing lorem, vitae mattis nibh ligula nec sem. Duis aliquam convallis nunc. Proin at turpis a pede posuere nonummy.",5558,27,4
Bed Frame,Nullam varius. Nulla facilisi. Cras non velit nec nisi vulputate nonummy.,25967,23,2
Cabinet,"Fusce congue, diam id ornare imperdiet, sapien urna pretium nisl, ut volutpat sapien arcu sed augue.",18074,32,3
Coffee Table,"Curabitur gravida nisi at nibh. In hac habitasse platea dictumst. Aliquam augue quam, sollicitudin vitae, consectetuer eget, rutrum at, lorem. Integer tincidunt ante vel ipsum. Praesent blandit lacinia erat.",13071,25,3
Wood Lamp,Vestibulum rutrum rutrum neque. Aenean auctor gravida sem. Praesent id massa id nisl venenatis lacinia. Aenean sit amet justo.,28977,45,4
Bench,In hac habitasse platea dictumst.,35449,49,2
Drawer,"Nulla nisl. Nunc nisl. Duis bibendum, felis sed interdum venenatis, turpis enim blandit mi, in porttitor pede justo eu massa. Donec dapibus.",35125,21,4
Wall Decor,"Praesent blandit. Nam nulla. Integer pede justo, lacinia eget, tincidunt eget, tempus vel, pede. Morbi porttitor lorem id ligula. Suspendisse ornare consequat lectus.",46241,45,3
Wood Chair,Praesent blandit. Nam nulla.,31957,16,5
Dining Table,"Nam nulla. Integer pede justo, lacinia eget, tincidunt eget, tempus vel, pede. Morbi porttitor lorem id ligula. Suspendisse ornare consequat lectus. In est risus, auctor sed, tristique in, tempus sit amet, sem.",16491,10,1
Wood Shelf,"Donec vitae nisi. Nam ultrices, libero non mattis pulvinar, nulla pede ullamcorper augue, a suscipit nulla elit ac nulla. Sed vel enim sit amet nunc viverra dapibus.",44310,35,3
Bed Frame,"Quisque porta volutpat erat. Quisque erat eros, viverra eget, congue eget, semper rutrum, nulla. Nunc purus. Phasellus in felis. Donec semper sapien a libero.",49170,23,2
Cabinet,"Morbi non lectus. Aliquam sit amet diam in magna bibendum imperdiet. Nullam orci pede, venenatis non, sodales sed, tincidunt eu, felis. Fusce posuere felis sed lacus. Morbi sem mauris, laoreet ut, rhoncus aliquet, pulvinar sed, nisl.",46018,9,2
Coffee Table,Nullam varius. Nulla facilisi. Cras non velit nec nisi vulputate nonummy. Maecenas tincidunt lacus at velit.,35140,41,1
Wood Lamp,Integer tincidunt ante vel ipsum. Praesent blandit lacinia erat. Vestibulum sed magna at nunc commodo placerat.,13218,9,1
Bench,"Vestibulum quam sapien, varius ut, blandit non, interdum in, ante. Vestibulum ante ipsum primis in faucibus orci luctus et ultrices posuere cubilia Curae; Duis faucibus accumsan odio. Curabitur convallis. Duis consequat dui nec nisi volutpat eleifend. Donec ut dolor.",34777,17,1
Drawer,"Vivamus metus arcu, adipiscing molestie, hendrerit at, vulputate vitae, nisl.",28962,21,3
Wall Decor,"Morbi quis tortor id nulla ultrices aliquet. Maecenas leo odio, condimentum id, luctus nec, molestie sed, justo. Pellentesque viverra pede ac diam. Cras pellentesque volutpat dui.",28870,27,3
Wood Chair,"Maecenas rhoncus aliquam lacus. Morbi quis tortor id nulla ultrices aliquet. Maecenas leo odio, condimentum id, luctus nec, molestie sed, justo. Pellentesque viverra pede ac diam. Cras pellentesque volutpat dui.",12862,13,5
Dining Table,Praesent id massa id nisl venenatis lacinia.,29033,29,3
Wood Shelf,Vestibulum ante ipsum primis in faucibus orci luctus et ultrices posuere cubilia Curae; Mauris viverra diam vitae quam. Suspendisse potenti. Nullam porttitor lacus at turpis. Donec posuere metus vitae ipsum. Aliquam non mauris.,37398,42,4
Bed Frame,"Praesent lectus. Vestibulum quam sapien, varius ut, blandit non, interdum in, ante.",227,6,2
Cabinet,Sed accumsan felis. Ut at dolor quis odio consequat varius. Integer ac leo. Pellentesque ultrices mattis odio.,40995,13,5
Coffee Table,Nunc purus. Phasellus in felis. Donec semper sapien a libero. Nam dui.,45076,37,3
Wood Lamp,"In est risus, auctor sed, tristique in, tempus sit amet, sem. Fusce consequat.",32926,22,2
Bench,Cras pellentesque volutpat dui.,27534,11,4
Drawer,Nullam varius. Nulla facilisi. Cras non velit nec nisi vulputate nonummy. Maecenas tincidunt lacus at velit.,6389,10,4
Wall Decor,"Lorem ipsum dolor sit amet, consectetuer adipiscing elit. Proin interdum mauris non ligula pellentesque ultrices. Phasellus id sapien in sapien iaculis congue. Vivamus metus arcu, adipiscing molestie, hendrerit at, vulputate vitae, nisl. Aenean lectus.",7545,31,4
Wood Chair,Nulla mollis molestie lorem.,16285,25,2
Dining Table,Proin at turpis a pede posuere nonummy.,30474,12,1
Wood Shelf,"In est risus, auctor sed, tristique in, tempus sit amet, sem. Fusce consequat.",35706,31,2
Bed Frame,Duis aliquam convallis nunc. Proin at turpis a pede posuere nonummy. Integer non velit.,18235,2,3
Cabinet,Aenean lectus. Pellentesque eget nunc.,47876,42,2
Coffee Table,"Pellentesque viverra pede ac diam. Cras pellentesque volutpat dui. Maecenas tristique, est et tempus semper, est quam pharetra magna, ac consequat metus sapien ut nunc. Vestibulum ante ipsum primis in faucibus orci luctus et ultrices posuere cubilia Curae; Mauris viverra diam vitae quam.",46348,9,2
Wood Lamp,Integer ac leo.,49716,44,4
Bench,"Mauris ullamcorper purus sit amet nulla. Quisque arcu libero, rutrum ac, lobortis vel, dapibus at, diam.",37909,5,4
Drawer,"Nullam orci pede, venenatis non, sodales sed, tincidunt eu, felis.",22640,13,4
Wall Decor,Donec semper sapien a libero.,49282,24,2
Wood Chair,"Proin interdum mauris non ligula pellentesque ultrices. Phasellus id sapien in sapien iaculis congue. Vivamus metus arcu, adipiscing molestie, hendrerit at, vulputate vitae, nisl. Aenean lectus. Pellentesque eget nunc.",38063,18,4
Dining Table,Sed vel enim sit amet nunc viverra dapibus. Nulla suscipit ligula in lacus. Curabitur at ipsum ac tellus semper interdum.,20822,3,1
Wood Shelf,"Integer pede justo, lacinia eget, tincidunt eget, tempus vel, pede. Morbi porttitor lorem id ligula. Suspendisse ornare consequat lectus. In est risus, auctor sed, tristique in, tempus sit amet, sem. Fusce consequat.",15490,25,5
Bed Frame,Nullam porttitor lacus at turpis. Donec posuere metus vitae ipsum. Aliquam non mauris. Morbi non lectus.,16824,19,5
Cabinet,"Proin risus. Praesent lectus. Vestibulum quam sapien, varius ut, blandit non, interdum in, ante. Vestibulum ante ipsum primis in faucibus orci luctus et ultrices posuere cubilia Curae; Duis faucibus accumsan odio. Curabitur convallis.",17333,13,3
Coffee Table,Nam nulla.,28124,25,5
Wood Lamp,Duis at velit eu est congue elementum. In hac habitasse platea dictumst.,12036,32,2
Bench,"In quis justo. Maecenas rhoncus aliquam lacus. Morbi quis tortor id nulla ultrices aliquet. Maecenas leo odio, condimentum id, luctus nec, molestie sed, justo. Pellentesque viverra pede ac diam.",20834,25,3
Drawer,"In est risus, auctor sed, tristique in, tempus sit amet, sem.",2272,8,1
Wall Decor,Nulla tellus.,10851,21,3
Wood Chair,"Donec dapibus. Duis at velit eu est congue elementum. In hac habitasse platea dictumst. Morbi vestibulum, velit id pretium iaculis, diam erat fermentum justo, nec condimentum neque sapien placerat ante. Nulla justo.",36185,33,4
Dining Table,"In sagittis dui vel nisl. Duis ac nibh. Fusce lacus purus, aliquet at, feugiat non, pretium quis, lectus. Suspendisse potenti.",20317,31,3
Wood Shelf,Aliquam quis turpis eget elit sodales scelerisque. Mauris sit amet eros. Suspendisse accumsan tortor quis turpis.,47266,4,1
Bed Frame,"Fusce lacus purus, aliquet at, feugiat non, pretium quis, lectus. Suspendisse potenti.",26386,35,4
Cabinet,"Integer ac leo. Pellentesque ultrices mattis odio. Donec vitae nisi. Nam ultrices, libero non mattis pulvinar, nulla pede ullamcorper augue, a suscipit nulla elit ac nulla. Sed vel enim sit amet nunc viverra dapibus.",21909,28,5
Coffee Table,Donec posuere metus vitae ipsum. Aliquam non mauris. Morbi non lectus. Aliquam sit amet diam in magna bibendum imperdiet.,47104,44,5
Wood Lamp,"Suspendisse ornare consequat lectus. In est risus, auctor sed, tristique in, tempus sit amet, sem.",37882,49,5
Bench,Ut tellus.,43936,23,2
Drawer,Ut tellus. Nulla ut erat id mauris vulputate elementum. Nullam varius.,28059,16,2
Wall Decor,"Vivamus metus arcu, adipiscing molestie, hendrerit at, vulputate vitae, nisl. Aenean lectus.",28454,17,5
Wood Chair,"Fusce posuere felis sed lacus. Morbi sem mauris, laoreet ut, rhoncus aliquet, pulvinar sed, nisl.",4042,45,3
Dining Table,"Nam dui. Proin leo odio, porttitor id, consequat in, consequat ut, nulla. Sed accumsan felis. Ut at dolor quis odio consequat varius. Integer ac leo.",44505,25,5
Wood Shelf,"Donec quis orci eget orci vehicula condimentum. Curabitur in libero ut massa volutpat convallis. Morbi odio odio, elementum eu, interdum eu, tincidunt in, leo. Maecenas pulvinar lobortis est.",41461,8,5
Bed Frame,Pellentesque viverra pede ac diam. Cras pellentesque volutpat dui.,36788,34,4
Cabinet,Duis bibendum. Morbi non quam nec dui luctus rutrum. Nulla tellus.,49299,32,5
Coffee Table,"Aenean sit amet justo. Morbi ut odio. Cras mi pede, malesuada in, imperdiet et, commodo vulputate, justo. In blandit ultrices enim. Lorem ipsum dolor sit amet, consectetuer adipiscing elit.",15795,21,5
Wood Lamp,"Mauris enim leo, rhoncus sed, vestibulum sit amet, cursus id, turpis.",16287,9,5
Bench,"In hac habitasse platea dictumst. Aliquam augue quam, sollicitudin vitae, consectetuer eget, rutrum at, lorem. Integer tincidunt ante vel ipsum. Praesent blandit lacinia erat. Vestibulum sed magna at nunc commodo placerat.",9947,38,5
Drawer,Suspendisse potenti. Nullam porttitor lacus at turpis.,4700,20,4
Wall Decor,Nulla ac enim.,42996,49,5
Wood Chair,"Proin leo odio, porttitor id, consequat in, consequat ut, nulla. Sed accumsan felis.",44598,45,5
Dining Table,Integer tincidunt ante vel ipsum. Praesent blandit lacinia erat. Vestibulum sed magna at nunc commodo placerat. Praesent blandit. Nam nulla.,22357,32,1
Wood Shelf,In hac habitasse platea dictumst. Etiam faucibus cursus urna. Ut tellus. Nulla ut erat id mauris vulputate elementum. Nullam varius.,31161,44,4
Bed Frame,Nullam molestie nibh in lectus. Pellentesque at nulla.,12623,37,2
Cabinet,"In hac habitasse platea dictumst. Aliquam augue quam, sollicitudin vitae, consectetuer eget, rutrum at, lorem. Integer tincidunt ante vel ipsum. Praesent blandit lacinia erat. Vestibulum sed magna at nunc commodo placerat.",30402,29,2
Coffee Table,Nulla justo. Aliquam quis turpis eget elit sodales scelerisque. Mauris sit amet eros. Suspendisse accumsan tortor quis turpis. Sed ante.,10439,38,4
Wood Lamp,"Cum sociis natoque penatibus et magnis dis parturient montes, nascetur ridiculus mus. Vivamus vestibulum sagittis sapien. Cum sociis natoque penatibus et magnis dis parturient montes, nascetur ridiculus mus. Etiam vel augue. Vestibulum rutrum rutrum neque.",28703,33,5
Bench,In congue. Etiam justo. Etiam pretium iaculis justo.,42813,45,3
Drawer,Duis at velit eu est congue elementum.,936,23,2
Wall Decor,"Morbi porttitor lorem id ligula. Suspendisse ornare consequat lectus. In est risus, auctor sed, tristique in, tempus sit amet, sem. Fusce consequat.",41827,49,3
Wood Chair,"Maecenas rhoncus aliquam lacus. Morbi quis tortor id nulla ultrices aliquet. Maecenas leo odio, condimentum id, luctus nec, molestie sed, justo. Pellentesque viverra pede ac diam. Cras pellentesque volutpat dui.",8930,10,5
Dining Table,Integer tincidunt ante vel ipsum.,29096,44,4
Wood Shelf,Maecenas pulvinar lobortis est. Phasellus sit amet erat. Nulla tempus. Vivamus in felis eu sapien cursus vestibulum.,35346,19,1
Bed Frame,Ut tellus. Nulla ut erat id mauris vulputate elementum. Nullam varius. Nulla facilisi. Cras non velit nec nisi vulputate nonummy.,23920,42,3
Cabinet,"Nam dui. Proin leo odio, porttitor id, consequat in, consequat ut, nulla. Sed accumsan felis. Ut at dolor quis odio consequat varius. Integer ac leo.",35820,32,5
Coffee Table,"Lorem ipsum dolor sit amet, consectetuer adipiscing elit. Proin interdum mauris non ligula pellentesque ultrices.",29047,35,3
Wood Lamp,Etiam justo. Etiam pretium iaculis justo. In hac habitasse platea dictumst. Etiam faucibus cursus urna.,34418,42,5
Bench,"Integer non velit. Donec diam neque, vestibulum eget, vulputate ut, ultrices vel, augue. Vestibulum ante ipsum primis in faucibus orci luctus et ultrices posuere cubilia Curae; Donec pharetra, magna vestibulum aliquet ultrices, erat tortor sollicitudin mi, sit amet lobortis sapien sapien non mi. Integer ac neque. Duis bibendum.",34722,43,1
Drawer,Maecenas ut massa quis augue luctus tincidunt. Nulla mollis molestie lorem. Quisque ut erat. Curabitur gravida nisi at nibh. In hac habitasse platea dictumst.,24403,41,5
Wall Decor,"Donec dapibus. Duis at velit eu est congue elementum. In hac habitasse platea dictumst. Morbi vestibulum, velit id pretium iaculis, diam erat fermentum justo, nec condimentum neque sapien placerat ante.",11773,50,3
Wood Chair,Morbi non lectus. Aliquam sit amet diam in magna bibendum imperdiet.,7026,39,2
Dining Table,Aliquam erat volutpat. In congue. Etiam justo.,26066,2,3
Wood Shelf,"Duis at velit eu est congue elementum. In hac habitasse platea dictumst. Morbi vestibulum, velit id pretium iaculis, diam erat fermentum justo, nec condimentum neque sapien placerat ante. Nulla justo.",42411,13,4
Bed Frame,"Donec diam neque, vestibulum eget, vulputate ut, ultrices vel, augue. Vestibulum ante ipsum primis in faucibus orci luctus et ultrices posuere cubilia Curae; Donec pharetra, magna vestibulum aliquet ultrices, erat tortor sollicitudin mi, sit amet lobortis sapien sapien non mi. Integer ac neque. Duis bibendum.",14602,43,1
Cabinet,"In sagittis dui vel nisl. Duis ac nibh. Fusce lacus purus, aliquet at, feugiat non, pretium quis, lectus. Suspendisse potenti.",4583,29,2
Coffee Table,Vivamus vel nulla eget eros elementum pellentesque.,21247,31,2
Wood Lamp,"Vestibulum sed magna at nunc commodo placerat. Praesent blandit. Nam nulla. Integer pede justo, lacinia eget, tincidunt eget, tempus vel, pede. Morbi porttitor lorem id ligula.",4685,34,1
Bench,"Cras pellentesque volutpat dui. Maecenas tristique, est et tempus semper, est quam pharetra magna, ac consequat metus sapien ut nunc. Vestibulum ante ipsum primis in faucibus orci luctus et ultrices posuere cubilia Curae; Mauris viverra diam vitae quam.",4018,4,4
Drawer,"Vivamus metus arcu, adipiscing molestie, hendrerit at, vulputate vitae, nisl. Aenean lectus. Pellentesque eget nunc. Donec quis orci eget orci vehicula condimentum.",37836,18,5
Wall Decor,Aliquam quis turpis eget elit sodales scelerisque. Mauris sit amet eros.,41993,13,4
Wood Chair,Curabitur in libero ut massa volutpat convallis.,17615,20,4
Dining Table,"Curabitur gravida nisi at nibh. In hac habitasse platea dictumst. Aliquam augue quam, sollicitudin vitae, consectetuer eget, rutrum at, lorem. Integer tincidunt ante vel ipsum.",40153,27,2
Wood Shelf,"Quisque erat eros, viverra eget, congue eget, semper rutrum, nulla.",35797,16,3
Bed Frame,"In hac habitasse platea dictumst. Morbi vestibulum, velit id pretium iaculis, diam erat fermentum justo, nec condimentum neque sapien placerat ante. Nulla justo. Aliquam quis turpis eget elit sodales scelerisque. Mauris sit amet eros.",3080,44,5
Cabinet,Praesent id massa id nisl venenatis lacinia.,18243,31,1
Coffee Table,"Nulla neque libero, convallis eget, eleifend luctus, ultricies eu, nibh. Quisque id justo sit amet sapien dignissim vestibulum. Vestibulum ante ipsum primis in faucibus orci luctus et ultrices posuere cubilia Curae; Nulla dapibus dolor vel est. Donec odio justo, sollicitudin ut, suscipit a, feugiat et, eros. Vestibulum ac est lacinia nisi venenatis tristique.",21317,48,1
Wood Lamp,"Praesent blandit. Nam nulla. Integer pede justo, lacinia eget, tincidunt eget, tempus vel, pede. Morbi porttitor lorem id ligula.",38575,27,4
Bench,Maecenas pulvinar lobortis est. Phasellus sit amet erat. Nulla tempus.,43931,35,3
Drawer,Curabitur at ipsum ac tellus semper interdum. Mauris ullamcorper purus sit amet nulla.,397,26,2
Wall Decor,Mauris lacinia sapien quis libero. Nullam sit amet turpis elementum ligula vehicula consequat. Morbi a ipsum. Integer a nibh.,38938,6,4
Wood Chair,"Phasellus id sapien in sapien iaculis congue. Vivamus metus arcu, adipiscing molestie, hendrerit at, vulputate vitae, nisl.",39343,6,4
Dining Table,Nulla facilisi. Cras non velit nec nisi vulputate nonummy. Maecenas tincidunt lacus at velit. Vivamus vel nulla eget eros elementum pellentesque. Quisque porta volutpat erat.,11437,8,5
Wood Shelf,"Lorem ipsum dolor sit amet, consectetuer adipiscing elit. Proin interdum mauris non ligula pellentesque ultrices. Phasellus id sapien in sapien iaculis congue. Vivamus metus arcu, adipiscing molestie, hendrerit at, vulputate vitae, nisl. Aenean lectus.",48903,17,2
Bed Frame,Nunc rhoncus dui vel sem. Sed sagittis.,13225,3,3
Cabinet,"In blandit ultrices enim. Lorem ipsum dolor sit amet, consectetuer adipiscing elit.",27985,27,4
Coffee Table,"Mauris enim leo, rhoncus sed, vestibulum sit amet, cursus id, turpis. Integer aliquet, massa id lobortis convallis, tortor risus dapibus augue, vel accumsan tellus nisi eu orci. Mauris lacinia sapien quis libero. Nullam sit amet turpis elementum ligula vehicula consequat. Morbi a ipsum.",48708,12,1
Wood Lamp,"Maecenas leo odio, condimentum id, luctus nec, molestie sed, justo. Pellentesque viverra pede ac diam. Cras pellentesque volutpat dui. Maecenas tristique, est et tempus semper, est quam pharetra magna, ac consequat metus sapien ut nunc.",9599,19,2
Bench,In sagittis dui vel nisl. Duis ac nibh.,14930,4,3
Drawer,"Nulla neque libero, convallis eget, eleifend luctus, ultricies eu, nibh. Quisque id justo sit amet sapien dignissim vestibulum. Vestibulum ante ipsum primis in faucibus orci luctus et ultrices posuere cubilia Curae; Nulla dapibus dolor vel est.",30585,4,4
Wall Decor,Nulla tempus. Vivamus in felis eu sapien cursus vestibulum. Proin eu mi. Nulla ac enim.,43519,10,2
Wood Chair,Aenean auctor gravida sem. Praesent id massa id nisl venenatis lacinia.,5589,13,2
Dining Table,"Nulla suscipit ligula in lacus. Curabitur at ipsum ac tellus semper interdum. Mauris ullamcorper purus sit amet nulla. Quisque arcu libero, rutrum ac, lobortis vel, dapibus at, diam.",33499,34,2
Wood Shelf,"Proin eu mi. Nulla ac enim. In tempor, turpis nec euismod scelerisque, quam turpis adipiscing lorem, vitae mattis nibh ligula nec sem.",6662,10,4
Bed Frame,"Fusce congue, diam id ornare imperdiet, sapien urna pretium nisl, ut volutpat sapien arcu sed augue.",42822,49,2
Cabinet,Phasellus sit amet erat.,20363,6,2
Coffee Table,Curabitur in libero ut massa volutpat convallis.,20400,13,5
Wood Lamp,"In hac habitasse platea dictumst. Morbi vestibulum, velit id pretium iaculis, diam erat fermentum justo, nec condimentum neque sapien placerat ante. Nulla justo. Aliquam quis turpis eget elit sodales scelerisque.",35773,37,5
Bench,"Nulla ac enim. In tempor, turpis nec euismod scelerisque, quam turpis adipiscing lorem, vitae mattis nibh ligula nec sem. Duis aliquam convallis nunc. Proin at turpis a pede posuere nonummy. Integer non velit.",45692,40,1
Drawer,"Aenean fermentum. Donec ut mauris eget massa tempor convallis. Nulla neque libero, convallis eget, eleifend luctus, ultricies eu, nibh. Quisque id justo sit amet sapien dignissim vestibulum. Vestibulum ante ipsum primis in faucibus orci luctus et ultrices posuere cubilia Curae; Nulla dapibus dolor vel est.",29062,17,2
Wall Decor,Nullam sit amet turpis elementum ligula vehicula consequat. Morbi a ipsum. Integer a nibh. In quis justo. Maecenas rhoncus aliquam lacus.,15706,41,5
Wood Chair,Morbi non quam nec dui luctus rutrum. Nulla tellus. In sagittis dui vel nisl. Duis ac nibh.,10909,42,5
Dining Table,"Cras mi pede, malesuada in, imperdiet et, commodo vulputate, justo. In blandit ultrices enim. Lorem ipsum dolor sit amet, consectetuer adipiscing elit. Proin interdum mauris non ligula pellentesque ultrices. Phasellus id sapien in sapien iaculis congue.",35843,18,1
Wood Shelf,Nulla mollis molestie lorem. Quisque ut erat. Curabitur gravida nisi at nibh. In hac habitasse platea dictumst.,23090,34,5
Bed Frame,"Lorem ipsum dolor sit amet, consectetuer adipiscing elit.",47400,48,2
Cabinet,Cras pellentesque volutpat dui.,18426,29,3
Coffee Table,"Fusce lacus purus, aliquet at, feugiat non, pretium quis, lectus. Suspendisse potenti. In eleifend quam a odio. In hac habitasse platea dictumst. Maecenas ut massa quis augue luctus tincidunt.",33825,30,1
Wood Lamp,Donec vitae nisi.,23408,44,1
Bench,Pellentesque viverra pede ac diam.,14944,35,3
Drawer,Nulla justo. Aliquam quis turpis eget elit sodales scelerisque. Mauris sit amet eros. Suspendisse accumsan tortor quis turpis. Sed ante.,43771,43,1
Wall Decor,"Maecenas leo odio, condimentum id, luctus nec, molestie sed, justo. Pellentesque viverra pede ac diam. Cras pellentesque volutpat dui.",23861,8,5
Wood Chair,"Cras non velit nec nisi vulputate nonummy. Maecenas tincidunt lacus at velit. Vivamus vel nulla eget eros elementum pellentesque. Quisque porta volutpat erat. Quisque erat eros, viverra eget, congue eget, semper rutrum, nulla.",45192,4,5
Dining Table,"Proin at turpis a pede posuere nonummy. Integer non velit. Donec diam neque, vestibulum eget, vulputate ut, ultrices vel, augue.",40965,9,3
Wood Shelf,In eleifend quam a odio. In hac habitasse platea dictumst. Maecenas ut massa quis augue luctus tincidunt.,18720,15,4
Bed Frame,"Donec quis orci eget orci vehicula condimentum. Curabitur in libero ut massa volutpat convallis. Morbi odio odio, elementum eu, interdum eu, tincidunt in, leo.",35970,35,5
Cabinet,Nulla tellus.,14566,49,2
Coffee Table,Integer a nibh. In quis justo. Maecenas rhoncus aliquam lacus.,43099,33,1
Wood Lamp,"Aenean auctor gravida sem. Praesent id massa id nisl venenatis lacinia. Aenean sit amet justo. Morbi ut odio. Cras mi pede, malesuada in, imperdiet et, commodo vulputate, justo.",43306,3,5
Bench,"Aenean fermentum. Donec ut mauris eget massa tempor convallis. Nulla neque libero, convallis eget, eleifend luctus, ultricies eu, nibh. Quisque id justo sit amet sapien dignissim vestibulum. Vestibulum ante ipsum primis in faucibus orci luctus et ultrices posuere cubilia Curae; Nulla dapibus dolor vel est.",21829,40,5
Drawer,Vestibulum ante ipsum primis in faucibus orci luctus et ultrices posuere cubilia Curae; Duis faucibus accumsan odio. Curabitur convallis.,1416,11,3
Wall Decor,Mauris sit amet eros. Suspendisse accumsan tortor quis turpis. Sed ante.,36706,41,2
Wood Chair,Proin interdum mauris non ligula pellentesque ultrices. Phasellus id sapien in sapien iaculis congue.,16308,38,3
Dining Table,"Donec odio justo, sollicitudin ut, suscipit a, feugiat et, eros. Vestibulum ac est lacinia nisi venenatis tristique.",18134,3,5
Wood Shelf,"Quisque id justo sit amet sapien dignissim vestibulum. Vestibulum ante ipsum primis in faucibus orci luctus et ultrices posuere cubilia Curae; Nulla dapibus dolor vel est. Donec odio justo, sollicitudin ut, suscipit a, feugiat et, eros. Vestibulum ac est lacinia nisi venenatis tristique.",24571,26,1
Bed Frame,"Nullam orci pede, venenatis non, sodales sed, tincidunt eu, felis. Fusce posuere felis sed lacus. Morbi sem mauris, laoreet ut, rhoncus aliquet, pulvinar sed, nisl. Nunc rhoncus dui vel sem. Sed sagittis.",37296,36,1
Cabinet,Integer ac neque. Duis bibendum.,3197,44,3
Coffee Table,"Nulla ac enim. In tempor, turpis nec euismod scelerisque, quam turpis adipiscing lorem, vitae mattis nibh ligula nec sem. Duis aliquam convallis nunc. Proin at turpis a pede posuere nonummy. Integer non velit.",21824,39,3
Wood Lamp,"Maecenas tristique, est et tempus semper, est quam pharetra magna, ac consequat metus sapien ut nunc. Vestibulum ante ipsum primis in faucibus orci luctus et ultrices posuere cubilia Curae; Mauris viverra diam vitae quam. Suspendisse potenti. Nullam porttitor lacus at turpis.",13043,42,3
Bench,"Quisque erat eros, viverra eget, congue eget, semper rutrum, nulla. Nunc purus. Phasellus in felis. Donec semper sapien a libero. Nam dui.",46755,23,2
Drawer,Ut tellus. Nulla ut erat id mauris vulputate elementum. Nullam varius. Nulla facilisi.,47376,4,1
Wall Decor,Suspendisse potenti. Cras in purus eu magna vulputate luctus.,19364,37,3
Wood Chair,Vestibulum rutrum rutrum neque. Aenean auctor gravida sem. Praesent id massa id nisl venenatis lacinia. Aenean sit amet justo.,30151,37,3
Dining Table,Duis bibendum.,25733,10,4
Wood Shelf,Vivamus vel nulla eget eros elementum pellentesque. Quisque porta volutpat erat.,17918,37,2
Bed Frame,"Duis bibendum, felis sed interdum venenatis, turpis enim blandit mi, in porttitor pede justo eu massa.",8427,24,2
Cabinet,Aliquam erat volutpat. In congue.,48271,23,2
Coffee Table,In hac habitasse platea dictumst.,42550,21,2
Wood Lamp,"Morbi ut odio. Cras mi pede, malesuada in, imperdiet et, commodo vulputate, justo. In blandit ultrices enim. Lorem ipsum dolor sit amet, consectetuer adipiscing elit.",11235,23,4
Bench,"Vivamus in felis eu sapien cursus vestibulum. Proin eu mi. Nulla ac enim. In tempor, turpis nec euismod scelerisque, quam turpis adipiscing lorem, vitae mattis nibh ligula nec sem. Duis aliquam convallis nunc.",346,38,3
Drawer,Maecenas pulvinar lobortis est. Phasellus sit amet erat. Nulla tempus. Vivamus in felis eu sapien cursus vestibulum.,17869,34,1
Wall Decor,Ut tellus.,31739,42,4
Wood Chair,"Curabitur at ipsum ac tellus semper interdum. Mauris ullamcorper purus sit amet nulla. Quisque arcu libero, rutrum ac, lobortis vel, dapibus at, diam.",49896,43,3
Dining Table,"Duis at velit eu est congue elementum. In hac habitasse platea dictumst. Morbi vestibulum, velit id pretium iaculis, diam erat fermentum justo, nec condimentum neque sapien placerat ante. Nulla justo.",18292,20,1
Wood Shelf,"Nam congue, risus semper porta volutpat, quam pede lobortis ligula, sit amet eleifend pede libero quis orci. Nullam molestie nibh in lectus. Pellentesque at nulla.",9611,35,5
Bed Frame,"Pellentesque viverra pede ac diam. Cras pellentesque volutpat dui. Maecenas tristique, est et tempus semper, est quam pharetra magna, ac consequat metus sapien ut nunc. Vestibulum ante ipsum primis in faucibus orci luctus et ultrices posuere cubilia Curae; Mauris viverra diam vitae quam.",39211,7,1
Cabinet,"Morbi quis tortor id nulla ultrices aliquet. Maecenas leo odio, condimentum id, luctus nec, molestie sed, justo. Pellentesque viverra pede ac diam. Cras pellentesque volutpat dui.",21438,5,3
Coffee Table,"Integer non velit. Donec diam neque, vestibulum eget, vulputate ut, ultrices vel, augue. Vestibulum ante ipsum primis in faucibus orci luctus et ultrices posuere cubilia Curae; Donec pharetra, magna vestibulum aliquet ultrices, erat tortor sollicitudin mi, sit amet lobortis sapien sapien non mi.",4770,43,3
Wood Lamp,Vestibulum rutrum rutrum neque. Aenean auctor gravida sem. Praesent id massa id nisl venenatis lacinia. Aenean sit amet justo. Morbi ut odio.,13980,5,3
Bench,Aenean auctor gravida sem.,19623,13,1
Drawer,In congue.,49338,18,4
Wall Decor,"Morbi porttitor lorem id ligula. Suspendisse ornare consequat lectus. In est risus, auctor sed, tristique in, tempus sit amet, sem. Fusce consequat.",39819,40,2
Wood Chair,Nulla ut erat id mauris vulputate elementum. Nullam varius. Nulla facilisi.,24874,36,1
Dining Table,Pellentesque ultrices mattis odio.,47519,28,3
Wood Shelf,"Nullam orci pede, venenatis non, sodales sed, tincidunt eu, felis. Fusce posuere felis sed lacus. Morbi sem mauris, laoreet ut, rhoncus aliquet, pulvinar sed, nisl.",19362,12,5
Bed Frame,Etiam faucibus cursus urna. Ut tellus. Nulla ut erat id mauris vulputate elementum. Nullam varius.,2486,14,2
Cabinet,"In blandit ultrices enim. Lorem ipsum dolor sit amet, consectetuer adipiscing elit.",33835,27,2
Coffee Table,"Aliquam augue quam, sollicitudin vitae, consectetuer eget, rutrum at, lorem. Integer tincidunt ante vel ipsum. Praesent blandit lacinia erat. Vestibulum sed magna at nunc commodo placerat.",23830,6,3
Wood Lamp,Vestibulum rutrum rutrum neque. Aenean auctor gravida sem. Praesent id massa id nisl venenatis lacinia.,19258,25,5
Bench,"Duis at velit eu est congue elementum. In hac habitasse platea dictumst. Morbi vestibulum, velit id pretium iaculis, diam erat fermentum justo, nec condimentum neque sapien placerat ante. Nulla justo.",47314,33,4
Drawer,"Donec odio justo, sollicitudin ut, suscipit a, feugiat et, eros. Vestibulum ac est lacinia nisi venenatis tristique. Fusce congue, diam id ornare imperdiet, sapien urna pretium nisl, ut volutpat sapien arcu sed augue. Aliquam erat volutpat. In congue.",26456,18,2
Wall Decor,"Integer ac leo. Pellentesque ultrices mattis odio. Donec vitae nisi. Nam ultrices, libero non mattis pulvinar, nulla pede ullamcorper augue, a suscipit nulla elit ac nulla.",8597,35,1
Wood Chair,Vestibulum ac est lacinia nisi venenatis tristique.,35019,33,3
Dining Table,"Donec dapibus. Duis at velit eu est congue elementum. In hac habitasse platea dictumst. Morbi vestibulum, velit id pretium iaculis, diam erat fermentum justo, nec condimentum neque sapien placerat ante.",23835,10,4
Wood Shelf,"Cum sociis natoque penatibus et magnis dis parturient montes, nascetur ridiculus mus.",10157,40,4
Bed Frame,In hac habitasse platea dictumst. Etiam faucibus cursus urna.,3071,35,5
Cabinet,"Morbi vel lectus in quam fringilla rhoncus. Mauris enim leo, rhoncus sed, vestibulum sit amet, cursus id, turpis. Integer aliquet, massa id lobortis convallis, tortor risus dapibus augue, vel accumsan tellus nisi eu orci. Mauris lacinia sapien quis libero.",6687,32,1
Coffee Table,Fusce consequat. Nulla nisl.,20909,1,4
Wood Lamp,Aliquam erat volutpat. In congue.,29295,14,2
Bench,Vestibulum ante ipsum primis in faucibus orci luctus et ultrices posuere cubilia Curae; Duis faucibus accumsan odio. Curabitur convallis.,25716,40,5
Drawer,Praesent blandit. Nam nulla.,29533,5,4
Wall Decor,Sed accumsan felis. Ut at dolor quis odio consequat varius.,40444,32,5
Wood Chair,Integer ac neque. Duis bibendum. Morbi non quam nec dui luctus rutrum.,10335,30,2
Dining Table,Morbi vel lectus in quam fringilla rhoncus.,19206,8,3
Wood Shelf,Nulla tellus. In sagittis dui vel nisl. Duis ac nibh.,48785,33,2
Bed Frame,Curabitur gravida nisi at nibh. In hac habitasse platea dictumst.,20247,13,4
Cabinet,"Nam congue, risus semper porta volutpat, quam pede lobortis ligula, sit amet eleifend pede libero quis orci. Nullam molestie nibh in lectus. Pellentesque at nulla.",9536,28,4
Coffee Table,"Praesent lectus. Vestibulum quam sapien, varius ut, blandit non, interdum in, ante.",18512,40,4
Wood Lamp,"Nam nulla. Integer pede justo, lacinia eget, tincidunt eget, tempus vel, pede. Morbi porttitor lorem id ligula. Suspendisse ornare consequat lectus.",43356,50,4
Bench,Donec semper sapien a libero.,49343,29,5
Drawer,Etiam vel augue.,2614,11,5
Wall Decor,Integer tincidunt ante vel ipsum. Praesent blandit lacinia erat. Vestibulum sed magna at nunc commodo placerat. Praesent blandit. Nam nulla.,33713,13,1
Wood Chair,Aenean lectus. Pellentesque eget nunc. Donec quis orci eget orci vehicula condimentum. Curabitur in libero ut massa volutpat convallis.,8533,36,1
Dining Table,"Pellentesque ultrices mattis odio. Donec vitae nisi. Nam ultrices, libero non mattis pulvinar, nulla pede ullamcorper augue, a suscipit nulla elit ac nulla.",45693,3,2
Wood Shelf,"Cum sociis natoque penatibus et magnis dis parturient montes, nascetur ridiculus mus. Vivamus vestibulum sagittis sapien. Cum sociis natoque penatibus et magnis dis parturient montes, nascetur ridiculus mus.",40035,39,2
Bed Frame,"Morbi sem mauris, laoreet ut, rhoncus aliquet, pulvinar sed, nisl. Nunc rhoncus dui vel sem. Sed sagittis. Nam congue, risus semper porta volutpat, quam pede lobortis ligula, sit amet eleifend pede libero quis orci.",21438,46,4
Cabinet,"Donec quis orci eget orci vehicula condimentum. Curabitur in libero ut massa volutpat convallis. Morbi odio odio, elementum eu, interdum eu, tincidunt in, leo.",36129,46,5
Coffee Table,Aenean auctor gravida sem. Praesent id massa id nisl venenatis lacinia. Aenean sit amet justo.,42524,31,1
Wood Lamp,Integer tincidunt ante vel ipsum. Praesent blandit lacinia erat.,28487,1,1
Bench,Praesent id massa id nisl venenatis lacinia. Aenean sit amet justo.,5718,16,3
Drawer,Nulla justo. Aliquam quis turpis eget elit sodales scelerisque. Mauris sit amet eros. Suspendisse accumsan tortor quis turpis. Sed ante.,5618,33,4
Wall Decor,"Vivamus vestibulum sagittis sapien. Cum sociis natoque penatibus et magnis dis parturient montes, nascetur ridiculus mus. Etiam vel augue. Vestibulum rutrum rutrum neque.",20688,28,5
Wood Chair,"Lorem ipsum dolor sit amet, consectetuer adipiscing elit. Proin interdum mauris non ligula pellentesque ultrices. Phasellus id sapien in sapien iaculis congue. Vivamus metus arcu, adipiscing molestie, hendrerit at, vulputate vitae, nisl. Aenean lectus.",32909,24,5
Dining Table,Aenean auctor gravida sem. Praesent id massa id nisl venenatis lacinia.,30616,17,2
Wood Shelf,Aliquam erat volutpat. In congue. Etiam justo.,7850,17,5
Bed Frame,Integer ac neque. Duis bibendum. Morbi non quam nec dui luctus rutrum. Nulla tellus. In sagittis dui vel nisl.,42594,4,2
Cabinet,In congue. Etiam justo. Etiam pretium iaculis justo. In hac habitasse platea dictumst. Etiam faucibus cursus urna.,41646,1,3
Coffee Table,Aenean auctor gravida sem. Praesent id massa id nisl venenatis lacinia. Aenean sit amet justo.,1964,27,4
Wood Lamp,Integer ac neque. Duis bibendum. Morbi non quam nec dui luctus rutrum. Nulla tellus. In sagittis dui vel nisl.,18203,32,3
Bench,Ut at dolor quis odio consequat varius. Integer ac leo. Pellentesque ultrices mattis odio.,18819,39,5
Drawer,Mauris sit amet eros. Suspendisse accumsan tortor quis turpis.,23235,29,5
Wall Decor,"Donec odio justo, sollicitudin ut, suscipit a, feugiat et, eros.",48849,24,5
Wood Chair,Nullam varius. Nulla facilisi.,4061,22,3
Dining Table,Suspendisse potenti. In eleifend quam a odio. In hac habitasse platea dictumst.,10762,9,3
Wood Shelf,Morbi a ipsum. Integer a nibh. In quis justo. Maecenas rhoncus aliquam lacus. Morbi quis tortor id nulla ultrices aliquet.,8169,48,4
Bed Frame,"Donec diam neque, vestibulum eget, vulputate ut, ultrices vel, augue. Vestibulum ante ipsum primis in faucibus orci luctus et ultrices posuere cubilia Curae; Donec pharetra, magna vestibulum aliquet ultrices, erat tortor sollicitudin mi, sit amet lobortis sapien sapien non mi. Integer ac neque. Duis bibendum. Morbi non quam nec dui luctus rutrum.",36921,35,1
Cabinet,"In tempor, turpis nec euismod scelerisque, quam turpis adipiscing lorem, vitae mattis nibh ligula nec sem. Duis aliquam convallis nunc.",9650,44,1
Coffee Table,Ut at dolor quis odio consequat varius.,22333,34,1
Wood Lamp,Nam dui.,38785,28,1
Bench,"Suspendisse potenti. Cras in purus eu magna vulputate luctus. Cum sociis natoque penatibus et magnis dis parturient montes, nascetur ridiculus mus. Vivamus vestibulum sagittis sapien.",31675,34,5
Drawer,Suspendisse potenti. In eleifend quam a odio.,36343,11,3
Wall Decor,"Nunc nisl. Duis bibendum, felis sed interdum venenatis, turpis enim blandit mi, in porttitor pede justo eu massa.",33562,49,1
Wood Chair,"Cras mi pede, malesuada in, imperdiet et, commodo vulputate, justo. In blandit ultrices enim. Lorem ipsum dolor sit amet, consectetuer adipiscing elit.",9089,42,3
Dining Table,"Nulla tellus. In sagittis dui vel nisl. Duis ac nibh. Fusce lacus purus, aliquet at, feugiat non, pretium quis, lectus.",24992,1,5
Wood Shelf,Vivamus vel nulla eget eros elementum pellentesque. Quisque porta volutpat erat.,48201,15,4
Bed Frame,Integer tincidunt ante vel ipsum.,23076,37,4
Cabinet,"Phasellus id sapien in sapien iaculis congue. Vivamus metus arcu, adipiscing molestie, hendrerit at, vulputate vitae, nisl. Aenean lectus. Pellentesque eget nunc. Donec quis orci eget orci vehicula condimentum.",22123,36,4
Coffee Table,"Aenean sit amet justo. Morbi ut odio. Cras mi pede, malesuada in, imperdiet et, commodo vulputate, justo.",23679,13,4
Wood Lamp,Maecenas ut massa quis augue luctus tincidunt. Nulla mollis molestie lorem.,12738,6,5
Bench,Etiam pretium iaculis justo.,36515,46,3
Drawer,Etiam justo.,22944,36,5
Wall Decor,Nullam porttitor lacus at turpis. Donec posuere metus vitae ipsum.,15309,43,5
Wood Chair,"Praesent id massa id nisl venenatis lacinia. Aenean sit amet justo. Morbi ut odio. Cras mi pede, malesuada in, imperdiet et, commodo vulputate, justo. In blandit ultrices enim.",25935,13,2
Dining Table,"Curabitur at ipsum ac tellus semper interdum. Mauris ullamcorper purus sit amet nulla. Quisque arcu libero, rutrum ac, lobortis vel, dapibus at, diam.",49999,5,3
Wood Shelf,"Maecenas tincidunt lacus at velit. Vivamus vel nulla eget eros elementum pellentesque. Quisque porta volutpat erat. Quisque erat eros, viverra eget, congue eget, semper rutrum, nulla. Nunc purus.",11843,16,3
Bed Frame,"Nunc rhoncus dui vel sem. Sed sagittis. Nam congue, risus semper porta volutpat, quam pede lobortis ligula, sit amet eleifend pede libero quis orci.",25853,47,5
Cabinet,"Donec odio justo, sollicitudin ut, suscipit a, feugiat et, eros. Vestibulum ac est lacinia nisi venenatis tristique. Fusce congue, diam id ornare imperdiet, sapien urna pretium nisl, ut volutpat sapien arcu sed augue. Aliquam erat volutpat.",28131,26,5
Coffee Table,Nam dui.,36171,42,3
Wood Lamp,"Cum sociis natoque penatibus et magnis dis parturient montes, nascetur ridiculus mus.",33670,32,5
Bench,"Fusce congue, diam id ornare imperdiet, sapien urna pretium nisl, ut volutpat sapien arcu sed augue. Aliquam erat volutpat. In congue. Etiam justo. Etiam pretium iaculis justo.",10722,19,1
Drawer,"Quisque porta volutpat erat. Quisque erat eros, viverra eget, congue eget, semper rutrum, nulla. Nunc purus. Phasellus in felis.",26922,16,3
Wall Decor,Nulla facilisi. Cras non velit nec nisi vulputate nonummy. Maecenas tincidunt lacus at velit.,26110,14,2
Wood Chair,"Aliquam sit amet diam in magna bibendum imperdiet. Nullam orci pede, venenatis non, sodales sed, tincidunt eu, felis. Fusce posuere felis sed lacus. Morbi sem mauris, laoreet ut, rhoncus aliquet, pulvinar sed, nisl.",36999,18,3
Dining Table,"Vestibulum sed magna at nunc commodo placerat. Praesent blandit. Nam nulla. Integer pede justo, lacinia eget, tincidunt eget, tempus vel, pede.",24977,26,1
Wood Shelf,Morbi quis tortor id nulla ultrices aliquet.,23760,50,3
Bed Frame,"Phasellus id sapien in sapien iaculis congue. Vivamus metus arcu, adipiscing molestie, hendrerit at, vulputate vitae, nisl. Aenean lectus.",22260,19,2
Cabinet,"Fusce congue, diam id ornare imperdiet, sapien urna pretium nisl, ut volutpat sapien arcu sed augue.",18695,47,4
Coffee Table,Cras non velit nec nisi vulputate nonummy. Maecenas tincidunt lacus at velit. Vivamus vel nulla eget eros elementum pellentesque.,23593,47,2
Wood Lamp,Sed vel enim sit amet nunc viverra dapibus. Nulla suscipit ligula in lacus. Curabitur at ipsum ac tellus semper interdum. Mauris ullamcorper purus sit amet nulla.,7675,41,3
Bench,"In hac habitasse platea dictumst. Morbi vestibulum, velit id pretium iaculis, diam erat fermentum justo, nec condimentum neque sapien placerat ante. Nulla justo. Aliquam quis turpis eget elit sodales scelerisque.",38661,3,5
Drawer,"Nulla ac enim. In tempor, turpis nec euismod scelerisque, quam turpis adipiscing lorem, vitae mattis nibh ligula nec sem. Duis aliquam convallis nunc.",18911,22,1
Wall Decor,"Mauris ullamcorper purus sit amet nulla. Quisque arcu libero, rutrum ac, lobortis vel, dapibus at, diam.",15490,39,1
Wood Chair,"Vestibulum quam sapien, varius ut, blandit non, interdum in, ante. Vestibulum ante ipsum primis in faucibus orci luctus et ultrices posuere cubilia Curae; Duis faucibus accumsan odio.",2659,21,2
Dining Table,Maecenas tincidunt lacus at velit.,49138,48,2
Wood Shelf,"Vivamus vestibulum sagittis sapien. Cum sociis natoque penatibus et magnis dis parturient montes, nascetur ridiculus mus.",32724,20,5
Bed Frame,"Proin interdum mauris non ligula pellentesque ultrices. Phasellus id sapien in sapien iaculis congue. Vivamus metus arcu, adipiscing molestie, hendrerit at, vulputate vitae, nisl. Aenean lectus. Pellentesque eget nunc.",11869,9,1
Cabinet,"Lorem ipsum dolor sit amet, consectetuer adipiscing elit.",21937,36,3
Coffee Table,Nullam sit amet turpis elementum ligula vehicula consequat. Morbi a ipsum.,29027,5,1
Wood Lamp,"Nam ultrices, libero non mattis pulvinar, nulla pede ullamcorper augue, a suscipit nulla elit ac nulla. Sed vel enim sit amet nunc viverra dapibus. Nulla suscipit ligula in lacus.",25180,6,5
Bench,"Cum sociis natoque penatibus et magnis dis parturient montes, nascetur ridiculus mus.",22071,6,1
Drawer,"In est risus, auctor sed, tristique in, tempus sit amet, sem. Fusce consequat. Nulla nisl.",14152,12,5
Wall Decor,Sed vel enim sit amet nunc viverra dapibus. Nulla suscipit ligula in lacus. Curabitur at ipsum ac tellus semper interdum. Mauris ullamcorper purus sit amet nulla.,12369,24,4
Wood Chair,"In tempor, turpis nec euismod scelerisque, quam turpis adipiscing lorem, vitae mattis nibh ligula nec sem. Duis aliquam convallis nunc. Proin at turpis a pede posuere nonummy. Integer non velit. Donec diam neque, vestibulum eget, vulputate ut, ultrices vel, augue.",33422,3,5
Dining Table,Vestibulum ante ipsum primis in faucibus orci luctus et ultrices posuere cubilia Curae; Mauris viverra diam vitae quam.,35895,9,1
Wood Shelf,"Vestibulum quam sapien, varius ut, blandit non, interdum in, ante. Vestibulum ante ipsum primis in faucibus orci luctus et ultrices posuere cubilia Curae; Duis faucibus accumsan odio. Curabitur convallis.",14831,22,3
Bed Frame,"Nulla tellus. In sagittis dui vel nisl. Duis ac nibh. Fusce lacus purus, aliquet at, feugiat non, pretium quis, lectus. Suspendisse potenti.",41010,49,4
Cabinet,Aenean lectus. Pellentesque eget nunc. Donec quis orci eget orci vehicula condimentum. Curabitur in libero ut massa volutpat convallis.,8351,27,3
Coffee Table,In hac habitasse platea dictumst. Maecenas ut massa quis augue luctus tincidunt.,13789,13,4
Wood Lamp,Vestibulum rutrum rutrum neque. Aenean auctor gravida sem. Praesent id massa id nisl venenatis lacinia. Aenean sit amet justo. Morbi ut odio.,14149,37,2
Bench,"Fusce posuere felis sed lacus. Morbi sem mauris, laoreet ut, rhoncus aliquet, pulvinar sed, nisl.",39658,31,5
Drawer,"Proin leo odio, porttitor id, consequat in, consequat ut, nulla. Sed accumsan felis. Ut at dolor quis odio consequat varius.",5642,27,1
Wall Decor,Pellentesque eget nunc.,44786,45,4
Wood Chair,"Aenean fermentum. Donec ut mauris eget massa tempor convallis. Nulla neque libero, convallis eget, eleifend luctus, ultricies eu, nibh. Quisque id justo sit amet sapien dignissim vestibulum.",33886,44,3
Dining Table,Aenean auctor gravida sem.,4858,20,3
Wood Shelf,Nulla justo. Aliquam quis turpis eget elit sodales scelerisque. Mauris sit amet eros. Suspendisse accumsan tortor quis turpis. Sed ante.,10601,31,1
Bed Frame,"Nulla ac enim. In tempor, turpis nec euismod scelerisque, quam turpis adipiscing lorem, vitae mattis nibh ligula nec sem.",39012,15,2
Cabinet,Aenean auctor gravida sem. Praesent id massa id nisl venenatis lacinia. Aenean sit amet justo. Morbi ut odio.,22880,5,1
Coffee Table,Suspendisse potenti. Cras in purus eu magna vulputate luctus.,46638,24,4
Wood Lamp,"Mauris enim leo, rhoncus sed, vestibulum sit amet, cursus id, turpis.",5285,41,2
Bench,"In hac habitasse platea dictumst. Aliquam augue quam, sollicitudin vitae, consectetuer eget, rutrum at, lorem.",26256,32,5
Drawer,"Morbi vel lectus in quam fringilla rhoncus. Mauris enim leo, rhoncus sed, vestibulum sit amet, cursus id, turpis. Integer aliquet, massa id lobortis convallis, tortor risus dapibus augue, vel accumsan tellus nisi eu orci. Mauris lacinia sapien quis libero.",34902,44,5
Wall Decor,"Vestibulum ac est lacinia nisi venenatis tristique. Fusce congue, diam id ornare imperdiet, sapien urna pretium nisl, ut volutpat sapien arcu sed augue. Aliquam erat volutpat. In congue.",31963,12,2
Wood Chair,Cras non velit nec nisi vulputate nonummy. Maecenas tincidunt lacus at velit. Vivamus vel nulla eget eros elementum pellentesque. Quisque porta volutpat erat.,39820,8,4
Dining Table,Etiam pretium iaculis justo. In hac habitasse platea dictumst. Etiam faucibus cursus urna. Ut tellus. Nulla ut erat id mauris vulputate elementum.,11733,27,4
Wood Shelf,Nullam sit amet turpis elementum ligula vehicula consequat. Morbi a ipsum. Integer a nibh. In quis justo.,44032,35,1
Bed Frame,Praesent id massa id nisl venenatis lacinia. Aenean sit amet justo. Morbi ut odio.,28574,32,4
Cabinet,"Curabitur in libero ut massa volutpat convallis. Morbi odio odio, elementum eu, interdum eu, tincidunt in, leo.",48489,44,4
Coffee Table,Nunc rhoncus dui vel sem.,43221,9,4
Wood Lamp,Nullam porttitor lacus at turpis. Donec posuere metus vitae ipsum. Aliquam non mauris. Morbi non lectus.,8681,8,1
Bench,Suspendisse accumsan tortor quis turpis. Sed ante. Vivamus tortor.,3330,20,5
Drawer,"Lorem ipsum dolor sit amet, consectetuer adipiscing elit. Proin interdum mauris non ligula pellentesque ultrices. Phasellus id sapien in sapien iaculis congue. Vivamus metus arcu, adipiscing molestie, hendrerit at, vulputate vitae, nisl. Aenean lectus.",25076,16,1
Wall Decor,Nunc nisl.,42618,23,2
Wood Chair,"Curabitur in libero ut massa volutpat convallis. Morbi odio odio, elementum eu, interdum eu, tincidunt in, leo. Maecenas pulvinar lobortis est.",10904,1,3
Dining Table,Curabitur in libero ut massa volutpat convallis.,4146,29,1
Wood Shelf,"Curabitur gravida nisi at nibh. In hac habitasse platea dictumst. Aliquam augue quam, sollicitudin vitae, consectetuer eget, rutrum at, lorem.",5875,27,4
Bed Frame,"Sed sagittis. Nam congue, risus semper porta volutpat, quam pede lobortis ligula, sit amet eleifend pede libero quis orci. Nullam molestie nibh in lectus. Pellentesque at nulla. Suspendisse potenti.",41811,21,1
Cabinet,"Vestibulum ante ipsum primis in faucibus orci luctus et ultrices posuere cubilia Curae; Donec pharetra, magna vestibulum aliquet ultrices, erat tortor sollicitudin mi, sit amet lobortis sapien sapien non mi.",41022,42,2
Coffee Table,Donec ut dolor.,1035,32,4
Wood Lamp,Nulla suscipit ligula in lacus. Curabitur at ipsum ac tellus semper interdum. Mauris ullamcorper purus sit amet nulla.,31751,47,3
Bench,"Nulla ac enim. In tempor, turpis nec euismod scelerisque, quam turpis adipiscing lorem, vitae mattis nibh ligula nec sem. Duis aliquam convallis nunc.",27729,5,2
Drawer,"In est risus, auctor sed, tristique in, tempus sit amet, sem. Fusce consequat. Nulla nisl.",8736,7,3
Wall Decor,Aliquam erat volutpat. In congue. Etiam justo. Etiam pretium iaculis justo.,46604,8,4
Wood Chair,"Nulla nisl. Nunc nisl. Duis bibendum, felis sed interdum venenatis, turpis enim blandit mi, in porttitor pede justo eu massa. Donec dapibus. Duis at velit eu est congue elementum.",26784,26,5
Dining Table,Suspendisse accumsan tortor quis turpis. Sed ante.,47809,15,1
Wood Shelf,Aenean auctor gravida sem. Praesent id massa id nisl venenatis lacinia. Aenean sit amet justo. Morbi ut odio.,27696,27,2
Bed Frame,Curabitur at ipsum ac tellus semper interdum.,34825,42,2
Cabinet,"Cras mi pede, malesuada in, imperdiet et, commodo vulputate, justo. In blandit ultrices enim. Lorem ipsum dolor sit amet, consectetuer adipiscing elit. Proin interdum mauris non ligula pellentesque ultrices.",44086,30,3
Coffee Table,"Donec dapibus. Duis at velit eu est congue elementum. In hac habitasse platea dictumst. Morbi vestibulum, velit id pretium iaculis, diam erat fermentum justo, nec condimentum neque sapien placerat ante. Nulla justo.",23501,33,1
Wood Lamp,Vivamus tortor. Duis mattis egestas metus.,46604,20,2
Bench,Praesent id massa id nisl venenatis lacinia. Aenean sit amet justo.,24916,50,2
Drawer,Nullam varius. Nulla facilisi. Cras non velit nec nisi vulputate nonummy. Maecenas tincidunt lacus at velit.,10166,33,3
Wall Decor,"Mauris enim leo, rhoncus sed, vestibulum sit amet, cursus id, turpis. Integer aliquet, massa id lobortis convallis, tortor risus dapibus augue, vel accumsan tellus nisi eu orci. Mauris lacinia sapien quis libero. Nullam sit amet turpis elementum ligula vehicula consequat. Morbi a ipsum.",27914,32,4
Wood Chair,Fusce consequat. Nulla nisl. Nunc nisl.,35625,2,4
Dining Table,"Morbi ut odio. Cras mi pede, malesuada in, imperdiet et, commodo vulputate, justo.",38165,26,3
Wood Shelf,In quis justo.,5905,49,4
Bed Frame,"Morbi porttitor lorem id ligula. Suspendisse ornare consequat lectus. In est risus, auctor sed, tristique in, tempus sit amet, sem.",27825,36,5
Cabinet,"Curabitur in libero ut massa volutpat convallis. Morbi odio odio, elementum eu, interdum eu, tincidunt in, leo. Maecenas pulvinar lobortis est. Phasellus sit amet erat. Nulla tempus.",31741,20,3
Coffee Table,Quisque ut erat. Curabitur gravida nisi at nibh. In hac habitasse platea dictumst.,43089,32,4
Wood Lamp,"Duis bibendum, felis sed interdum venenatis, turpis enim blandit mi, in porttitor pede justo eu massa. Donec dapibus. Duis at velit eu est congue elementum. In hac habitasse platea dictumst. Morbi vestibulum, velit id pretium iaculis, diam erat fermentum justo, nec condimentum neque sapien placerat ante.",32965,14,2
Bench,"Pellentesque viverra pede ac diam. Cras pellentesque volutpat dui. Maecenas tristique, est et tempus semper, est quam pharetra magna, ac consequat metus sapien ut nunc. Vestibulum ante ipsum primis in faucibus orci luctus et ultrices posuere cubilia Curae; Mauris viverra diam vitae quam.",17002,4,2
Drawer,Phasellus sit amet erat. Nulla tempus. Vivamus in felis eu sapien cursus vestibulum. Proin eu mi.,16230,32,3
Wall Decor,"Nullam molestie nibh in lectus. Pellentesque at nulla. Suspendisse potenti. Cras in purus eu magna vulputate luctus. Cum sociis natoque penatibus et magnis dis parturient montes, nascetur ridiculus mus.",17185,22,2
Wood Chair,"Quisque porta volutpat erat. Quisque erat eros, viverra eget, congue eget, semper rutrum, nulla. Nunc purus.",31090,5,5
Dining Table,Sed ante. Vivamus tortor. Duis mattis egestas metus. Aenean fermentum. Donec ut mauris eget massa tempor convallis.,24555,19,3
Wood Shelf,"In tempor, turpis nec euismod scelerisque, quam turpis adipiscing lorem, vitae mattis nibh ligula nec sem. Duis aliquam convallis nunc. Proin at turpis a pede posuere nonummy.",37945,3,1
Bed Frame,Cras non velit nec nisi vulputate nonummy.,33739,11,5
Cabinet,"Duis ac nibh. Fusce lacus purus, aliquet at, feugiat non, pretium quis, lectus.",14286,1,2
Coffee Table,"Donec semper sapien a libero. Nam dui. Proin leo odio, porttitor id, consequat in, consequat ut, nulla.",10144,7,2
Wood Lamp,Nullam varius. Nulla facilisi. Cras non velit nec nisi vulputate nonummy. Maecenas tincidunt lacus at velit.,30566,28,2
Bench,"Nulla suscipit ligula in lacus. Curabitur at ipsum ac tellus semper interdum. Mauris ullamcorper purus sit amet nulla. Quisque arcu libero, rutrum ac, lobortis vel, dapibus at, diam. Nam tristique tortor eu pede.",43858,45,3
Drawer,Duis mattis egestas metus. Aenean fermentum. Donec ut mauris eget massa tempor convallis.,9226,42,3
Wall Decor,Maecenas ut massa quis augue luctus tincidunt. Nulla mollis molestie lorem. Quisque ut erat.,26894,34,3
Wood Chair,"Quisque id justo sit amet sapien dignissim vestibulum. Vestibulum ante ipsum primis in faucibus orci luctus et ultrices posuere cubilia Curae; Nulla dapibus dolor vel est. Donec odio justo, sollicitudin ut, suscipit a, feugiat et, eros. Vestibulum ac est lacinia nisi venenatis tristique.",19237,39,4
Dining Table,"Vivamus vel nulla eget eros elementum pellentesque. Quisque porta volutpat erat. Quisque erat eros, viverra eget, congue eget, semper rutrum, nulla. Nunc purus.",39403,3,5
Wood Shelf,In blandit ultrices enim.,43269,34,2
Bed Frame,"Morbi vel lectus in quam fringilla rhoncus. Mauris enim leo, rhoncus sed, vestibulum sit amet, cursus id, turpis. Integer aliquet, massa id lobortis convallis, tortor risus dapibus augue, vel accumsan tellus nisi eu orci. Mauris lacinia sapien quis libero. Nullam sit amet turpis elementum ligula vehicula consequat.",21043,12,5
Cabinet,Integer ac leo. Pellentesque ultrices mattis odio.,43888,11,3
Coffee Table,"Morbi vel lectus in quam fringilla rhoncus. Mauris enim leo, rhoncus sed, vestibulum sit amet, cursus id, turpis. Integer aliquet, massa id lobortis convallis, tortor risus dapibus augue, vel accumsan tellus nisi eu orci.",7072,22,4
Wood Lamp,"In tempor, turpis nec euismod scelerisque, quam turpis adipiscing lorem, vitae mattis nibh ligula nec sem. Duis aliquam convallis nunc. Proin at turpis a pede posuere nonummy. Integer non velit. Donec diam neque, vestibulum eget, vulputate ut, ultrices vel, augue.",4786,41,5
Bench,Nulla suscipit ligula in lacus.,17822,7,4
Drawer,Aenean lectus. Pellentesque eget nunc. Donec quis orci eget orci vehicula condimentum.,43945,4,1
Wall Decor,In hac habitasse platea dictumst.,11097,1,5
Wood Chair,Nulla ut erat id mauris vulputate elementum. Nullam varius.,41490,39,2
Dining Table,Mauris lacinia sapien quis libero. Nullam sit amet turpis elementum ligula vehicula consequat. Morbi a ipsum. Integer a nibh. In quis justo.,12076,25,2
Wood Shelf,Nullam varius. Nulla facilisi. Cras non velit nec nisi vulputate nonummy. Maecenas tincidunt lacus at velit.,28993,28,5
Bed Frame,"Nam ultrices, libero non mattis pulvinar, nulla pede ullamcorper augue, a suscipit nulla elit ac nulla. Sed vel enim sit amet nunc viverra dapibus.",23967,47,1
Cabinet,Sed vel enim sit amet nunc viverra dapibus. Nulla suscipit ligula in lacus. Curabitur at ipsum ac tellus semper interdum. Mauris ullamcorper purus sit amet nulla.,4949,30,4
Coffee Table,Nulla ut erat id mauris vulputate elementum. Nullam varius. Nulla facilisi.,34541,38,5
Wood Lamp,In hac habitasse platea dictumst. Etiam faucibus cursus urna. Ut tellus. Nulla ut erat id mauris vulputate elementum. Nullam varius.,9924,24,1
Bench,"Fusce lacus purus, aliquet at, feugiat non, pretium quis, lectus. Suspendisse potenti. In eleifend quam a odio.",1417,33,2
Drawer,"Ut at dolor quis odio consequat varius. Integer ac leo. Pellentesque ultrices mattis odio. Donec vitae nisi. Nam ultrices, libero non mattis pulvinar, nulla pede ullamcorper augue, a suscipit nulla elit ac nulla.",19637,7,1
Wall Decor,"Cras in purus eu magna vulputate luctus. Cum sociis natoque penatibus et magnis dis parturient montes, nascetur ridiculus mus. Vivamus vestibulum sagittis sapien. Cum sociis natoque penatibus et magnis dis parturient montes, nascetur ridiculus mus.",31780,4,5
Wood Chair,In eleifend quam a odio. In hac habitasse platea dictumst. Maecenas ut massa quis augue luctus tincidunt.,13142,34,2
Dining Table,Proin eu mi. Nulla ac enim.,39469,11,3
Wood Shelf,"Aliquam sit amet diam in magna bibendum imperdiet. Nullam orci pede, venenatis non, sodales sed, tincidunt eu, felis. Fusce posuere felis sed lacus.",7121,33,2
Bed Frame,"Nam nulla. Integer pede justo, lacinia eget, tincidunt eget, tempus vel, pede.",16850,40,3
Cabinet,Praesent id massa id nisl venenatis lacinia. Aenean sit amet justo. Morbi ut odio.,1495,19,1
Coffee Table,Proin risus. Praesent lectus.,23148,41,3
Wood Lamp,"Mauris enim leo, rhoncus sed, vestibulum sit amet, cursus id, turpis. Integer aliquet, massa id lobortis convallis, tortor risus dapibus augue, vel accumsan tellus nisi eu orci. Mauris lacinia sapien quis libero. Nullam sit amet turpis elementum ligula vehicula consequat.",32569,50,2
Bench,"Nullam orci pede, venenatis non, sodales sed, tincidunt eu, felis. Fusce posuere felis sed lacus. Morbi sem mauris, laoreet ut, rhoncus aliquet, pulvinar sed, nisl. Nunc rhoncus dui vel sem. Sed sagittis.",13273,40,4
Drawer,Proin risus.,20953,48,2
Wall Decor,Phasellus in felis. Donec semper sapien a libero.,2429,14,4
Wood Chair,"In tempor, turpis nec euismod scelerisque, quam turpis adipiscing lorem, vitae mattis nibh ligula nec sem. Duis aliquam convallis nunc. Proin at turpis a pede posuere nonummy.",12489,24,2
Dining Table,Donec quis orci eget orci vehicula condimentum. Curabitur in libero ut massa volutpat convallis.,2475,26,5
Wood Shelf,Fusce posuere felis sed lacus.,47196,2,2
Bed Frame,"Phasellus in felis. Donec semper sapien a libero. Nam dui. Proin leo odio, porttitor id, consequat in, consequat ut, nulla.",23361,49,3
Cabinet,"Vivamus in felis eu sapien cursus vestibulum. Proin eu mi. Nulla ac enim. In tempor, turpis nec euismod scelerisque, quam turpis adipiscing lorem, vitae mattis nibh ligula nec sem. Duis aliquam convallis nunc.",41696,13,4
Coffee Table,Etiam pretium iaculis justo. In hac habitasse platea dictumst. Etiam faucibus cursus urna. Ut tellus.,21834,46,5
Wood Lamp,Nullam molestie nibh in lectus. Pellentesque at nulla. Suspendisse potenti.,20606,5,3
Bench,Suspendisse potenti. In eleifend quam a odio. In hac habitasse platea dictumst. Maecenas ut massa quis augue luctus tincidunt.,28338,3,2
Drawer,Integer tincidunt ante vel ipsum.,36734,26,2
Wall Decor,"Vestibulum ante ipsum primis in faucibus orci luctus et ultrices posuere cubilia Curae; Nulla dapibus dolor vel est. Donec odio justo, sollicitudin ut, suscipit a, feugiat et, eros. Vestibulum ac est lacinia nisi venenatis tristique. Fusce congue, diam id ornare imperdiet, sapien urna pretium nisl, ut volutpat sapien arcu sed augue. Aliquam erat volutpat.",17707,42,3
Wood Chair,Morbi non quam nec dui luctus rutrum. Nulla tellus. In sagittis dui vel nisl. Duis ac nibh.,26190,6,5
Dining Table,"Proin at turpis a pede posuere nonummy. Integer non velit. Donec diam neque, vestibulum eget, vulputate ut, ultrices vel, augue.",20201,30,1
Wood Shelf,Nunc purus.,4005,14,4
Bed Frame,Nullam sit amet turpis elementum ligula vehicula consequat. Morbi a ipsum.,44765,15,2
Cabinet,"In hac habitasse platea dictumst. Morbi vestibulum, velit id pretium iaculis, diam erat fermentum justo, nec condimentum neque sapien placerat ante.",1185,47,4
Coffee Table,In eleifend quam a odio. In hac habitasse platea dictumst. Maecenas ut massa quis augue luctus tincidunt. Nulla mollis molestie lorem.,26697,26,2
Wood Lamp,"Praesent lectus. Vestibulum quam sapien, varius ut, blandit non, interdum in, ante. Vestibulum ante ipsum primis in faucibus orci luctus et ultrices posuere cubilia Curae; Duis faucibus accumsan odio.",41527,40,5
Bench,In congue. Etiam justo. Etiam pretium iaculis justo. In hac habitasse platea dictumst.,20185,48,4
Drawer,"Nam ultrices, libero non mattis pulvinar, nulla pede ullamcorper augue, a suscipit nulla elit ac nulla. Sed vel enim sit amet nunc viverra dapibus. Nulla suscipit ligula in lacus. Curabitur at ipsum ac tellus semper interdum.",44999,17,4
Wall Decor,"Pellentesque ultrices mattis odio. Donec vitae nisi. Nam ultrices, libero non mattis pulvinar, nulla pede ullamcorper augue, a suscipit nulla elit ac nulla. Sed vel enim sit amet nunc viverra dapibus. Nulla suscipit ligula in lacus.",41561,1,3
Wood Chair,"Lorem ipsum dolor sit amet, consectetuer adipiscing elit.",48854,5,5
Dining Table,Sed vel enim sit amet nunc viverra dapibus. Nulla suscipit ligula in lacus. Curabitur at ipsum ac tellus semper interdum. Mauris ullamcorper purus sit amet nulla.,23283,40,3
Wood Shelf,Nulla tellus. In sagittis dui vel nisl. Duis ac nibh.,2814,40,5
Bed Frame,"Morbi sem mauris, laoreet ut, rhoncus aliquet, pulvinar sed, nisl.",2498,47,1
Cabinet,"Donec ut mauris eget massa tempor convallis. Nulla neque libero, convallis eget, eleifend luctus, ultricies eu, nibh.",31266,30,2
Coffee Table,Maecenas ut massa quis augue luctus tincidunt. Nulla mollis molestie lorem. Quisque ut erat. Curabitur gravida nisi at nibh. In hac habitasse platea dictumst.,27914,33,4
Wood Lamp,"Donec diam neque, vestibulum eget, vulputate ut, ultrices vel, augue.",11782,14,3
Bench,"Morbi porttitor lorem id ligula. Suspendisse ornare consequat lectus. In est risus, auctor sed, tristique in, tempus sit amet, sem. Fusce consequat.",17525,16,1
Drawer,"Nulla neque libero, convallis eget, eleifend luctus, ultricies eu, nibh.",10946,1,2
Wall Decor,"Nam dui. Proin leo odio, porttitor id, consequat in, consequat ut, nulla.",8731,12,5
Wood Chair,"Aliquam non mauris. Morbi non lectus. Aliquam sit amet diam in magna bibendum imperdiet. Nullam orci pede, venenatis non, sodales sed, tincidunt eu, felis.",40918,22,1
Dining Table,"Morbi quis tortor id nulla ultrices aliquet. Maecenas leo odio, condimentum id, luctus nec, molestie sed, justo. Pellentesque viverra pede ac diam. Cras pellentesque volutpat dui.",28388,11,3
Wood Shelf,Integer tincidunt ante vel ipsum. Praesent blandit lacinia erat. Vestibulum sed magna at nunc commodo placerat.,19791,45,1
Bed Frame,Sed vel enim sit amet nunc viverra dapibus. Nulla suscipit ligula in lacus. Curabitur at ipsum ac tellus semper interdum. Mauris ullamcorper purus sit amet nulla.,22149,38,4
Cabinet,Aenean sit amet justo.,3632,48,3
Coffee Table,"Maecenas leo odio, condimentum id, luctus nec, molestie sed, justo. Pellentesque viverra pede ac diam. Cras pellentesque volutpat dui. Maecenas tristique, est et tempus semper, est quam pharetra magna, ac consequat metus sapien ut nunc. Vestibulum ante ipsum primis in faucibus orci luctus et ultrices posuere cubilia Curae; Mauris viverra diam vitae quam.",15514,15,2
Wood Lamp,"Morbi non quam nec dui luctus rutrum. Nulla tellus. In sagittis dui vel nisl. Duis ac nibh. Fusce lacus purus, aliquet at, feugiat non, pretium quis, lectus.",29253,20,5
Bench,Maecenas ut massa quis augue luctus tincidunt.,19953,32,2
Drawer,"Praesent lectus. Vestibulum quam sapien, varius ut, blandit non, interdum in, ante.",27040,32,1
Wall Decor,Ut tellus. Nulla ut erat id mauris vulputate elementum.,28177,40,5
Wood Chair,Cras non velit nec nisi vulputate nonummy. Maecenas tincidunt lacus at velit.,31785,34,1
Dining Table,Sed sagittis.,863,18,1
Wood Shelf,"In sagittis dui vel nisl. Duis ac nibh. Fusce lacus purus, aliquet at, feugiat non, pretium quis, lectus.",10227,8,3
Bed Frame,Suspendisse potenti. Nullam porttitor lacus at turpis. Donec posuere metus vitae ipsum.,42396,35,3
Cabinet,Nulla tellus. In sagittis dui vel nisl. Duis ac nibh.,37925,9,5
Coffee Table,"Maecenas leo odio, condimentum id, luctus nec, molestie sed, justo.",3389,39,5
Wood Lamp,"In est risus, auctor sed, tristique in, tempus sit amet, sem. Fusce consequat. Nulla nisl.",31503,34,4
Bench,Aliquam sit amet diam in magna bibendum imperdiet.,23959,21,1
Drawer,"Nam dui. Proin leo odio, porttitor id, consequat in, consequat ut, nulla.",45049,17,5
Wall Decor,Nulla mollis molestie lorem. Quisque ut erat.,19766,39,2
Wood Chair,"Donec dapibus. Duis at velit eu est congue elementum. In hac habitasse platea dictumst. Morbi vestibulum, velit id pretium iaculis, diam erat fermentum justo, nec condimentum neque sapien placerat ante. Nulla justo.",19506,39,3
Dining Table,Nullam molestie nibh in lectus. Pellentesque at nulla. Suspendisse potenti. Cras in purus eu magna vulputate luctus.,14236,14,3
Wood Shelf,"In tempor, turpis nec euismod scelerisque, quam turpis adipiscing lorem, vitae mattis nibh ligula nec sem. Duis aliquam convallis nunc. Proin at turpis a pede posuere nonummy.",13066,8,1
Bed Frame,Nunc purus. Phasellus in felis.,9819,6,4
Cabinet,Aliquam quis turpis eget elit sodales scelerisque.,22003,46,5
Coffee Table,In blandit ultrices enim.,8468,17,5
Wood Lamp,"Quisque arcu libero, rutrum ac, lobortis vel, dapibus at, diam.",11196,46,1
Bench,Nulla facilisi. Cras non velit nec nisi vulputate nonummy. Maecenas tincidunt lacus at velit. Vivamus vel nulla eget eros elementum pellentesque.,36154,5,4
Drawer,"Proin leo odio, porttitor id, consequat in, consequat ut, nulla. Sed accumsan felis. Ut at dolor quis odio consequat varius. Integer ac leo.",39278,41,1
Wall Decor,Mauris sit amet eros.,29021,46,2
Wood Chair,Nullam varius.,48567,22,3
Dining Table,"Lorem ipsum dolor sit amet, consectetuer adipiscing elit.",25517,3,2
Wood Shelf,Proin eu mi. Nulla ac enim.,22591,43,5
Bed Frame,"Curabitur in libero ut massa volutpat convallis. Morbi odio odio, elementum eu, interdum eu, tincidunt in, leo. Maecenas pulvinar lobortis est.",48126,31,4
Cabinet,Proin interdum mauris non ligula pellentesque ultrices.,37221,11,2
Coffee Table,"Nam dui. Proin leo odio, porttitor id, consequat in, consequat ut, nulla. Sed accumsan felis. Ut at dolor quis odio consequat varius. Integer ac leo.",28028,7,2
Wood Lamp,Nullam sit amet turpis elementum ligula vehicula consequat. Morbi a ipsum. Integer a nibh.,22080,9,5
Bench,"Duis ac nibh. Fusce lacus purus, aliquet at, feugiat non, pretium quis, lectus.",29782,37,4
Drawer,Vestibulum ante ipsum primis in faucibus orci luctus et ultrices posuere cubilia Curae; Duis faucibus accumsan odio. Curabitur convallis. Duis consequat dui nec nisi volutpat eleifend. Donec ut dolor. Morbi vel lectus in quam fringilla rhoncus.,27439,27,4
Wall Decor,"In blandit ultrices enim. Lorem ipsum dolor sit amet, consectetuer adipiscing elit.",38838,34,1
Wood Chair,Etiam justo. Etiam pretium iaculis justo. In hac habitasse platea dictumst.,30177,23,1
Dining Table,Pellentesque viverra pede ac diam.,15460,39,3
Wood Shelf,Vivamus vel nulla eget eros elementum pellentesque. Quisque porta volutpat erat.,18224,1,5
Bed Frame,"Nulla ac enim. In tempor, turpis nec euismod scelerisque, quam turpis adipiscing lorem, vitae mattis nibh ligula nec sem. Duis aliquam convallis nunc. Proin at turpis a pede posuere nonummy. Integer non velit.",30759,47,4
Cabinet,"Nam ultrices, libero non mattis pulvinar, nulla pede ullamcorper augue, a suscipit nulla elit ac nulla. Sed vel enim sit amet nunc viverra dapibus. Nulla suscipit ligula in lacus. Curabitur at ipsum ac tellus semper interdum.",15529,7,5
Coffee Table,Aliquam non mauris.,34809,36,4
Wood Lamp,"Nulla suscipit ligula in lacus. Curabitur at ipsum ac tellus semper interdum. Mauris ullamcorper purus sit amet nulla. Quisque arcu libero, rutrum ac, lobortis vel, dapibus at, diam.",25431,40,3
Bench,"Donec ut mauris eget massa tempor convallis. Nulla neque libero, convallis eget, eleifend luctus, ultricies eu, nibh. Quisque id justo sit amet sapien dignissim vestibulum. Vestibulum ante ipsum primis in faucibus orci luctus et ultrices posuere cubilia Curae; Nulla dapibus dolor vel est. Donec odio justo, sollicitudin ut, suscipit a, feugiat et, eros.",1948,22,4
Drawer,In congue. Etiam justo. Etiam pretium iaculis justo. In hac habitasse platea dictumst.,40660,30,1
Wall Decor,"In est risus, auctor sed, tristique in, tempus sit amet, sem. Fusce consequat.",26663,47,4
Wood Chair,Cras pellentesque volutpat dui.,18109,43,3
Dining Table,"Nullam molestie nibh in lectus. Pellentesque at nulla. Suspendisse potenti. Cras in purus eu magna vulputate luctus. Cum sociis natoque penatibus et magnis dis parturient montes, nascetur ridiculus mus.",43563,39,1
Wood Shelf,"Morbi quis tortor id nulla ultrices aliquet. Maecenas leo odio, condimentum id, luctus nec, molestie sed, justo. Pellentesque viverra pede ac diam. Cras pellentesque volutpat dui. Maecenas tristique, est et tempus semper, est quam pharetra magna, ac consequat metus sapien ut nunc.",27204,17,3
Bed Frame,"Donec vitae nisi. Nam ultrices, libero non mattis pulvinar, nulla pede ullamcorper augue, a suscipit nulla elit ac nulla. Sed vel enim sit amet nunc viverra dapibus. Nulla suscipit ligula in lacus.",42052,12,1
Cabinet,"Donec diam neque, vestibulum eget, vulputate ut, ultrices vel, augue.",30633,24,1
Coffee Table,Maecenas pulvinar lobortis est. Phasellus sit amet erat. Nulla tempus. Vivamus in felis eu sapien cursus vestibulum. Proin eu mi.,13384,32,1
Wood Lamp,"In hac habitasse platea dictumst. Morbi vestibulum, velit id pretium iaculis, diam erat fermentum justo, nec condimentum neque sapien placerat ante. Nulla justo.",28721,16,5
Bench,"Curabitur in libero ut massa volutpat convallis. Morbi odio odio, elementum eu, interdum eu, tincidunt in, leo. Maecenas pulvinar lobortis est. Phasellus sit amet erat. Nulla tempus.",22014,33,3
Drawer,Sed ante. Vivamus tortor. Duis mattis egestas metus. Aenean fermentum. Donec ut mauris eget massa tempor convallis.,5279,34,2
Wall Decor,"Donec semper sapien a libero. Nam dui. Proin leo odio, porttitor id, consequat in, consequat ut, nulla. Sed accumsan felis.",14855,48,5
Wood Chair,In congue.,19300,50,2
Dining Table,Praesent blandit lacinia erat. Vestibulum sed magna at nunc commodo placerat. Praesent blandit. Nam nulla.,45047,41,4
Wood Shelf,Integer ac neque. Duis bibendum. Morbi non quam nec dui luctus rutrum.,7195,40,2
Bed Frame,Donec vitae nisi.,4424,8,5
Cabinet,"Curabitur in libero ut massa volutpat convallis. Morbi odio odio, elementum eu, interdum eu, tincidunt in, leo.",34811,37,3
Coffee Table,Cras non velit nec nisi vulputate nonummy. Maecenas tincidunt lacus at velit. Vivamus vel nulla eget eros elementum pellentesque.,35410,26,4
Wood Lamp,Vestibulum ac est lacinia nisi venenatis tristique.,16243,4,3
Bench,Proin eu mi.,12406,41,1
Drawer,Nullam porttitor lacus at turpis. Donec posuere metus vitae ipsum. Aliquam non mauris. Morbi non lectus.,14603,9,1
Wall Decor,"Nam congue, risus semper porta volutpat, quam pede lobortis ligula, sit amet eleifend pede libero quis orci. Nullam molestie nibh in lectus. Pellentesque at nulla. Suspendisse potenti.",3554,17,5
Wood Chair,Phasellus in felis.,20490,17,5
Dining Table,"Aliquam augue quam, sollicitudin vitae, consectetuer eget, rutrum at, lorem. Integer tincidunt ante vel ipsum. Praesent blandit lacinia erat. Vestibulum sed magna at nunc commodo placerat.",28679,1,5
Wood Shelf,"Cras mi pede, malesuada in, imperdiet et, commodo vulputate, justo.",21392,34,4
Bed Frame,"Nulla neque libero, convallis eget, eleifend luctus, ultricies eu, nibh. Quisque id justo sit amet sapien dignissim vestibulum. Vestibulum ante ipsum primis in faucibus orci luctus et ultrices posuere cubilia Curae; Nulla dapibus dolor vel est. Donec odio justo, sollicitudin ut, suscipit a, feugiat et, eros. Vestibulum ac est lacinia nisi venenatis tristique.",20989,2,3
Cabinet,"Curabitur gravida nisi at nibh. In hac habitasse platea dictumst. Aliquam augue quam, sollicitudin vitae, consectetuer eget, rutrum at, lorem. Integer tincidunt ante vel ipsum.",46001,32,4
Coffee Table,"Donec diam neque, vestibulum eget, vulputate ut, ultrices vel, augue. Vestibulum ante ipsum primis in faucibus orci luctus et ultrices posuere cubilia Curae; Donec pharetra, magna vestibulum aliquet ultrices, erat tortor sollicitudin mi, sit amet lobortis sapien sapien non mi. Integer ac neque. Duis bibendum. Morbi non quam nec dui luctus rutrum.",13590,27,5
Wood Lamp,"Proin interdum mauris non ligula pellentesque ultrices. Phasellus id sapien in sapien iaculis congue. Vivamus metus arcu, adipiscing molestie, hendrerit at, vulputate vitae, nisl. Aenean lectus. Pellentesque eget nunc.",40424,28,2
Bench,In congue. Etiam justo.,39659,37,4
Drawer,Praesent blandit.,215,23,5
Wall Decor,In hac habitasse platea dictumst. Etiam faucibus cursus urna. Ut tellus. Nulla ut erat id mauris vulputate elementum. Nullam varius.,42713,34,4
Wood Chair,"Vestibulum ante ipsum primis in faucibus orci luctus et ultrices posuere cubilia Curae; Nulla dapibus dolor vel est. Donec odio justo, sollicitudin ut, suscipit a, feugiat et, eros. Vestibulum ac est lacinia nisi venenatis tristique. Fusce congue, diam id ornare imperdiet, sapien urna pretium nisl, ut volutpat sapien arcu sed augue. Aliquam erat volutpat.",43905,36,4
Dining Table,"Fusce posuere felis sed lacus. Morbi sem mauris, laoreet ut, rhoncus aliquet, pulvinar sed, nisl. Nunc rhoncus dui vel sem.",27055,44,3
Wood Shelf,Phasellus sit amet erat. Nulla tempus.,25929,24,3
Bed Frame,"Donec ut mauris eget massa tempor convallis. Nulla neque libero, convallis eget, eleifend luctus, ultricies eu, nibh. Quisque id justo sit amet sapien dignissim vestibulum. Vestibulum ante ipsum primis in faucibus orci luctus et ultrices posuere cubilia Curae; Nulla dapibus dolor vel est. Donec odio justo, sollicitudin ut, suscipit a, feugiat et, eros.",45439,19,3
Cabinet,"Integer a nibh. In quis justo. Maecenas rhoncus aliquam lacus. Morbi quis tortor id nulla ultrices aliquet. Maecenas leo odio, condimentum id, luctus nec, molestie sed, justo.",35920,13,4
Coffee Table,Nullam sit amet turpis elementum ligula vehicula consequat. Morbi a ipsum. Integer a nibh. In quis justo. Maecenas rhoncus aliquam lacus.,28453,18,4
Wood Lamp,"Morbi vestibulum, velit id pretium iaculis, diam erat fermentum justo, nec condimentum neque sapien placerat ante. Nulla justo. Aliquam quis turpis eget elit sodales scelerisque. Mauris sit amet eros. Suspendisse accumsan tortor quis turpis.",19599,10,4
Bench,"Lorem ipsum dolor sit amet, consectetuer adipiscing elit.",18966,49,2
Drawer,"Donec ut dolor. Morbi vel lectus in quam fringilla rhoncus. Mauris enim leo, rhoncus sed, vestibulum sit amet, cursus id, turpis. Integer aliquet, massa id lobortis convallis, tortor risus dapibus augue, vel accumsan tellus nisi eu orci. Mauris lacinia sapien quis libero.",5558,42,1
Wall Decor,Nulla ut erat id mauris vulputate elementum. Nullam varius.,45022,43,4
Wood Chair,"Cras pellentesque volutpat dui. Maecenas tristique, est et tempus semper, est quam pharetra magna, ac consequat metus sapien ut nunc. Vestibulum ante ipsum primis in faucibus orci luctus et ultrices posuere cubilia Curae; Mauris viverra diam vitae quam.",25444,35,4
Dining Table,"Nulla ac enim. In tempor, turpis nec euismod scelerisque, quam turpis adipiscing lorem, vitae mattis nibh ligula nec sem. Duis aliquam convallis nunc. Proin at turpis a pede posuere nonummy.",25457,11,5
Wood Shelf,Phasellus in felis. Donec semper sapien a libero. Nam dui.,35323,28,2
Bed Frame,"Pellentesque at nulla. Suspendisse potenti. Cras in purus eu magna vulputate luctus. Cum sociis natoque penatibus et magnis dis parturient montes, nascetur ridiculus mus. Vivamus vestibulum sagittis sapien.",39634,17,1
Cabinet,In sagittis dui vel nisl.,38932,9,1
Coffee Table,"Praesent lectus. Vestibulum quam sapien, varius ut, blandit non, interdum in, ante. Vestibulum ante ipsum primis in faucibus orci luctus et ultrices posuere cubilia Curae; Duis faucibus accumsan odio.",18563,31,4
Wood Lamp,Etiam vel augue. Vestibulum rutrum rutrum neque. Aenean auctor gravida sem.,10490,31,4
Bench,"Proin leo odio, porttitor id, consequat in, consequat ut, nulla. Sed accumsan felis. Ut at dolor quis odio consequat varius. Integer ac leo.",1106,11,2
Drawer,"Aenean sit amet justo. Morbi ut odio. Cras mi pede, malesuada in, imperdiet et, commodo vulputate, justo. In blandit ultrices enim.",1974,6,3
Wall Decor,Nulla justo.,5728,5,2
Wood Chair,"Praesent id massa id nisl venenatis lacinia. Aenean sit amet justo. Morbi ut odio. Cras mi pede, malesuada in, imperdiet et, commodo vulputate, justo. In blandit ultrices enim.",18821,25,1
Dining Table,Curabitur in libero ut massa volutpat convallis.,23331,50,3
Wood Shelf,Nam nulla.,35474,38,5
Bed Frame,"Morbi ut odio. Cras mi pede, malesuada in, imperdiet et, commodo vulputate, justo. In blandit ultrices enim. Lorem ipsum dolor sit amet, consectetuer adipiscing elit.",28604,43,3
Cabinet,"In hac habitasse platea dictumst. Aliquam augue quam, sollicitudin vitae, consectetuer eget, rutrum at, lorem. Integer tincidunt ante vel ipsum. Praesent blandit lacinia erat.",12117,46,3
Coffee Table,In congue. Etiam justo.,41672,2,2
Wood Lamp,"Lorem ipsum dolor sit amet, consectetuer adipiscing elit. Proin interdum mauris non ligula pellentesque ultrices. Phasellus id sapien in sapien iaculis congue. Vivamus metus arcu, adipiscing molestie, hendrerit at, vulputate vitae, nisl.",3471,31,3
Bench,Nullam porttitor lacus at turpis. Donec posuere metus vitae ipsum.,39897,3,4
Drawer,"Cum sociis natoque penatibus et magnis dis parturient montes, nascetur ridiculus mus.",20175,28,4
Wall Decor,Nulla ac enim.,35379,24,1
Wood Chair,"Nulla neque libero, convallis eget, eleifend luctus, ultricies eu, nibh. Quisque id justo sit amet sapien dignissim vestibulum. Vestibulum ante ipsum primis in faucibus orci luctus et ultrices posuere cubilia Curae; Nulla dapibus dolor vel est.",47954,30,1
Dining Table,"Aenean sit amet justo. Morbi ut odio. Cras mi pede, malesuada in, imperdiet et, commodo vulputate, justo.",17468,36,5
Wood Shelf,"Morbi ut odio. Cras mi pede, malesuada in, imperdiet et, commodo vulputate, justo.",2758,4,2
Bed Frame,"Vestibulum sed magna at nunc commodo placerat. Praesent blandit. Nam nulla. Integer pede justo, lacinia eget, tincidunt eget, tempus vel, pede. Morbi porttitor lorem id ligula.",15483,18,1
Cabinet,Aenean lectus. Pellentesque eget nunc. Donec quis orci eget orci vehicula condimentum. Curabitur in libero ut massa volutpat convallis.,41259,7,1
Coffee Table,"Nunc rhoncus dui vel sem. Sed sagittis. Nam congue, risus semper porta volutpat, quam pede lobortis ligula, sit amet eleifend pede libero quis orci. Nullam molestie nibh in lectus. Pellentesque at nulla.",25406,20,4
Wood Lamp,"Quisque porta volutpat erat. Quisque erat eros, viverra eget, congue eget, semper rutrum, nulla. Nunc purus. Phasellus in felis. Donec semper sapien a libero.",26552,46,5
Bench,"Nullam orci pede, venenatis non, sodales sed, tincidunt eu, felis.",28655,25,4
Drawer,"Morbi porttitor lorem id ligula. Suspendisse ornare consequat lectus. In est risus, auctor sed, tristique in, tempus sit amet, sem. Fusce consequat. Nulla nisl.",34839,47,1
Wall Decor,Vestibulum rutrum rutrum neque. Aenean auctor gravida sem. Praesent id massa id nisl venenatis lacinia. Aenean sit amet justo.,49075,41,4
Wood Chair,"Morbi vestibulum, velit id pretium iaculis, diam erat fermentum justo, nec condimentum neque sapien placerat ante.",19125,25,1
Dining Table,In hac habitasse platea dictumst.,14331,3,4
Wood Shelf,Proin interdum mauris non ligula pellentesque ultrices.,32044,25,3
Bed Frame,"Praesent lectus. Vestibulum quam sapien, varius ut, blandit non, interdum in, ante.",15076,50,3
Cabinet,"Duis at velit eu est congue elementum. In hac habitasse platea dictumst. Morbi vestibulum, velit id pretium iaculis, diam erat fermentum justo, nec condimentum neque sapien placerat ante.",28978,23,5
Coffee Table,"Nunc nisl. Duis bibendum, felis sed interdum venenatis, turpis enim blandit mi, in porttitor pede justo eu massa. Donec dapibus.",661,47,4
Wood Lamp,Vestibulum sed magna at nunc commodo placerat. Praesent blandit.,1803,47,1
Bench,Pellentesque at nulla. Suspendisse potenti. Cras in purus eu magna vulputate luctus.,42668,34,5
Drawer,"Integer pede justo, lacinia eget, tincidunt eget, tempus vel, pede.",31256,10,1
Wall Decor,Duis bibendum. Morbi non quam nec dui luctus rutrum. Nulla tellus. In sagittis dui vel nisl.,34055,18,3
Wood Chair,Vivamus tortor.,31441,43,4
Dining Table,"Maecenas leo odio, condimentum id, luctus nec, molestie sed, justo. Pellentesque viverra pede ac diam. Cras pellentesque volutpat dui. Maecenas tristique, est et tempus semper, est quam pharetra magna, ac consequat metus sapien ut nunc. Vestibulum ante ipsum primis in faucibus orci luctus et ultrices posuere cubilia Curae; Mauris viverra diam vitae quam.",9936,38,4
Wood Shelf,"Integer aliquet, massa id lobortis convallis, tortor risus dapibus augue, vel accumsan tellus nisi eu orci. Mauris lacinia sapien quis libero. Nullam sit amet turpis elementum ligula vehicula consequat. Morbi a ipsum.",31893,18,3
Bed Frame,"In sagittis dui vel nisl. Duis ac nibh. Fusce lacus purus, aliquet at, feugiat non, pretium quis, lectus. Suspendisse potenti.",20068,26,4
Cabinet,Duis consequat dui nec nisi volutpat eleifend. Donec ut dolor.,1312,2,5
Coffee Table,Morbi non lectus.,29199,16,4
Wood Lamp,Nullam porttitor lacus at turpis. Donec posuere metus vitae ipsum.,45214,36,4
Bench,Vestibulum rutrum rutrum neque. Aenean auctor gravida sem.,47485,9,4
Drawer,"Morbi quis tortor id nulla ultrices aliquet. Maecenas leo odio, condimentum id, luctus nec, molestie sed, justo. Pellentesque viverra pede ac diam. Cras pellentesque volutpat dui. Maecenas tristique, est et tempus semper, est quam pharetra magna, ac consequat metus sapien ut nunc.",41388,28,2
Wall Decor,Nulla tempus. Vivamus in felis eu sapien cursus vestibulum.,49725,27,4
Wood Chair,Donec dapibus. Duis at velit eu est congue elementum. In hac habitasse platea dictumst.,20618,46,3
Dining Table,"Sed sagittis. Nam congue, risus semper porta volutpat, quam pede lobortis ligula, sit amet eleifend pede libero quis orci. Nullam molestie nibh in lectus.",38736,21,1
Wood Shelf,"Proin leo odio, porttitor id, consequat in, consequat ut, nulla. Sed accumsan felis.",16622,3,5
Bed Frame,"Donec semper sapien a libero. Nam dui. Proin leo odio, porttitor id, consequat in, consequat ut, nulla. Sed accumsan felis.",2610,42,1
Cabinet,"Proin leo odio, porttitor id, consequat in, consequat ut, nulla. Sed accumsan felis.",31618,31,1
Coffee Table,Integer a nibh. In quis justo.,20484,16,2
Wood Lamp,"Nam dui. Proin leo odio, porttitor id, consequat in, consequat ut, nulla.",13157,41,2
Bench,Nulla ac enim.,539,46,2
Drawer,Phasellus in felis. Donec semper sapien a libero.,24100,35,4
Wall Decor,Aliquam erat volutpat. In congue. Etiam justo. Etiam pretium iaculis justo.,33711,6,5
Wood Chair,"Integer non velit. Donec diam neque, vestibulum eget, vulputate ut, ultrices vel, augue.",19533,16,4
Dining Table,Quisque ut erat. Curabitur gravida nisi at nibh. In hac habitasse platea dictumst.,3945,1,2
Wood Shelf,"Nam dui. Proin leo odio, porttitor id, consequat in, consequat ut, nulla. Sed accumsan felis. Ut at dolor quis odio consequat varius. Integer ac leo.",12694,47,5
Bed Frame,"Vivamus metus arcu, adipiscing molestie, hendrerit at, vulputate vitae, nisl. Aenean lectus. Pellentesque eget nunc. Donec quis orci eget orci vehicula condimentum.",45525,40,4
Cabinet,Donec dapibus.,4866,2,5
Coffee Table,Curabitur convallis. Duis consequat dui nec nisi volutpat eleifend. Donec ut dolor. Morbi vel lectus in quam fringilla rhoncus.,46440,6,5
Wood Lamp,Nulla ut erat id mauris vulputate elementum. Nullam varius. Nulla facilisi. Cras non velit nec nisi vulputate nonummy.,31956,26,2
Bench,Ut tellus. Nulla ut erat id mauris vulputate elementum. Nullam varius.,27250,16,3
Drawer,"Morbi vestibulum, velit id pretium iaculis, diam erat fermentum justo, nec condimentum neque sapien placerat ante. Nulla justo. Aliquam quis turpis eget elit sodales scelerisque. Mauris sit amet eros.",39958,44,4
Wall Decor,"Mauris enim leo, rhoncus sed, vestibulum sit amet, cursus id, turpis. Integer aliquet, massa id lobortis convallis, tortor risus dapibus augue, vel accumsan tellus nisi eu orci.",46397,11,5
Wood Chair,Vestibulum ante ipsum primis in faucibus orci luctus et ultrices posuere cubilia Curae; Nulla dapibus dolor vel est.,3742,11,1
Dining Table,Mauris lacinia sapien quis libero. Nullam sit amet turpis elementum ligula vehicula consequat. Morbi a ipsum.,46521,49,2
Wood Shelf,"Nam dui. Proin leo odio, porttitor id, consequat in, consequat ut, nulla. Sed accumsan felis. Ut at dolor quis odio consequat varius. Integer ac leo.",32888,6,4
Bed Frame,Maecenas rhoncus aliquam lacus. Morbi quis tortor id nulla ultrices aliquet.,28212,9,3
Cabinet,"Quisque erat eros, viverra eget, congue eget, semper rutrum, nulla. Nunc purus. Phasellus in felis. Donec semper sapien a libero.",37243,10,2
Coffee Table,"Morbi vestibulum, velit id pretium iaculis, diam erat fermentum justo, nec condimentum neque sapien placerat ante. Nulla justo.",10381,12,1
Wood Lamp,Nullam varius. Nulla facilisi. Cras non velit nec nisi vulputate nonummy.,14257,14,5
Bench,"Nam ultrices, libero non mattis pulvinar, nulla pede ullamcorper augue, a suscipit nulla elit ac nulla. Sed vel enim sit amet nunc viverra dapibus.",29638,1,5
Drawer,"Morbi non quam nec dui luctus rutrum. Nulla tellus. In sagittis dui vel nisl. Duis ac nibh. Fusce lacus purus, aliquet at, feugiat non, pretium quis, lectus.",10211,49,2
Wall Decor,Mauris lacinia sapien quis libero. Nullam sit amet turpis elementum ligula vehicula consequat. Morbi a ipsum. Integer a nibh.,31723,38,2
Wood Chair,Pellentesque eget nunc. Donec quis orci eget orci vehicula condimentum.,47495,23,1
Dining Table,"Vestibulum sed magna at nunc commodo placerat. Praesent blandit. Nam nulla. Integer pede justo, lacinia eget, tincidunt eget, tempus vel, pede.",45546,22,1
Wood Shelf,Sed vel enim sit amet nunc viverra dapibus. Nulla suscipit ligula in lacus. Curabitur at ipsum ac tellus semper interdum. Mauris ullamcorper purus sit amet nulla.,46136,32,1
Bed Frame,"Morbi quis tortor id nulla ultrices aliquet. Maecenas leo odio, condimentum id, luctus nec, molestie sed, justo. Pellentesque viverra pede ac diam. Cras pellentesque volutpat dui. Maecenas tristique, est et tempus semper, est quam pharetra magna, ac consequat metus sapien ut nunc.",2201,10,5
Cabinet,Aenean fermentum.,24294,32,1
Coffee Table,In hac habitasse platea dictumst. Etiam faucibus cursus urna. Ut tellus. Nulla ut erat id mauris vulputate elementum. Nullam varius.,16454,39,4
Wood Lamp,"Fusce consequat. Nulla nisl. Nunc nisl. Duis bibendum, felis sed interdum venenatis, turpis enim blandit mi, in porttitor pede justo eu massa.",8310,40,3
Bench,"Aenean fermentum. Donec ut mauris eget massa tempor convallis. Nulla neque libero, convallis eget, eleifend luctus, ultricies eu, nibh. Quisque id justo sit amet sapien dignissim vestibulum. Vestibulum ante ipsum primis in faucibus orci luctus et ultrices posuere cubilia Curae; Nulla dapibus dolor vel est.",27098,30,2
Drawer,"Integer aliquet, massa id lobortis convallis, tortor risus dapibus augue, vel accumsan tellus nisi eu orci.",47380,16,4
Wall Decor,"Morbi ut odio. Cras mi pede, malesuada in, imperdiet et, commodo vulputate, justo.",12304,14,4
Wood Chair,"Nullam orci pede, venenatis non, sodales sed, tincidunt eu, felis. Fusce posuere felis sed lacus. Morbi sem mauris, laoreet ut, rhoncus aliquet, pulvinar sed, nisl. Nunc rhoncus dui vel sem. Sed sagittis.",31374,31,2
Dining Table,Aliquam quis turpis eget elit sodales scelerisque.,10582,30,1
Wood Shelf,"Quisque erat eros, viverra eget, congue eget, semper rutrum, nulla.",1753,23,1
Bed Frame,Etiam vel augue. Vestibulum rutrum rutrum neque. Aenean auctor gravida sem. Praesent id massa id nisl venenatis lacinia. Aenean sit amet justo.,35353,36,4
Cabinet,"Nulla neque libero, convallis eget, eleifend luctus, ultricies eu, nibh. Quisque id justo sit amet sapien dignissim vestibulum. Vestibulum ante ipsum primis in faucibus orci luctus et ultrices posuere cubilia Curae; Nulla dapibus dolor vel est. Donec odio justo, sollicitudin ut, suscipit a, feugiat et, eros.",33982,48,3
Coffee Table,Etiam justo. Etiam pretium iaculis justo.,15009,28,2
Wood Lamp,"Fusce consequat. Nulla nisl. Nunc nisl. Duis bibendum, felis sed interdum venenatis, turpis enim blandit mi, in porttitor pede justo eu massa.",10901,21,3
Bench,"In hac habitasse platea dictumst. Morbi vestibulum, velit id pretium iaculis, diam erat fermentum justo, nec condimentum neque sapien placerat ante. Nulla justo.",33431,36,2
Drawer,Phasellus sit amet erat. Nulla tempus. Vivamus in felis eu sapien cursus vestibulum.,13188,43,2
Wall Decor,Nulla tempus. Vivamus in felis eu sapien cursus vestibulum. Proin eu mi.,17581,36,4
Wood Chair,"Mauris ullamcorper purus sit amet nulla. Quisque arcu libero, rutrum ac, lobortis vel, dapibus at, diam.",384,41,2
Dining Table,"Duis mattis egestas metus. Aenean fermentum. Donec ut mauris eget massa tempor convallis. Nulla neque libero, convallis eget, eleifend luctus, ultricies eu, nibh. Quisque id justo sit amet sapien dignissim vestibulum.",40723,34,5
Wood Shelf,"In blandit ultrices enim. Lorem ipsum dolor sit amet, consectetuer adipiscing elit. Proin interdum mauris non ligula pellentesque ultrices.",42080,15,3
Bed Frame,"Morbi quis tortor id nulla ultrices aliquet. Maecenas leo odio, condimentum id, luctus nec, molestie sed, justo.",7483,27,3
Cabinet,Morbi quis tortor id nulla ultrices aliquet.,11167,9,5
Coffee Table,Vivamus tortor. Duis mattis egestas metus.,43867,11,2
Wood Lamp,Vestibulum ante ipsum primis in faucibus orci luctus et ultrices posuere cubilia Curae; Mauris viverra diam vitae quam.,25977,20,4
Bench,"Quisque id justo sit amet sapien dignissim vestibulum. Vestibulum ante ipsum primis in faucibus orci luctus et ultrices posuere cubilia Curae; Nulla dapibus dolor vel est. Donec odio justo, sollicitudin ut, suscipit a, feugiat et, eros. Vestibulum ac est lacinia nisi venenatis tristique.",2439,15,5
Drawer,Maecenas pulvinar lobortis est. Phasellus sit amet erat. Nulla tempus. Vivamus in felis eu sapien cursus vestibulum.,29595,12,5
Wall Decor,Mauris sit amet eros. Suspendisse accumsan tortor quis turpis.,36206,24,5
Wood Chair,Curabitur convallis. Duis consequat dui nec nisi volutpat eleifend.,16415,35,4
Dining Table,Sed ante. Vivamus tortor. Duis mattis egestas metus. Aenean fermentum. Donec ut mauris eget massa tempor convallis.,1674,40,4
Wood Shelf,Proin at turpis a pede posuere nonummy.,41465,38,2
Bed Frame,Nulla mollis molestie lorem.,30500,3,5
Cabinet,"In blandit ultrices enim. Lorem ipsum dolor sit amet, consectetuer adipiscing elit.",45440,33,1
Coffee Table,"In blandit ultrices enim. Lorem ipsum dolor sit amet, consectetuer adipiscing elit.",33948,47,5
Wood Lamp,Donec ut mauris eget massa tempor convallis.,48434,49,2
Bench,"Vivamus metus arcu, adipiscing molestie, hendrerit at, vulputate vitae, nisl. Aenean lectus. Pellentesque eget nunc. Donec quis orci eget orci vehicula condimentum. Curabitur in libero ut massa volutpat convallis.",2281,45,3
Drawer,Nulla mollis molestie lorem.,12928,42,4
Wall Decor,"Nam congue, risus semper porta volutpat, quam pede lobortis ligula, sit amet eleifend pede libero quis orci. Nullam molestie nibh in lectus. Pellentesque at nulla. Suspendisse potenti.",32598,40,3
Wood Chair,Nulla nisl.,34246,7,5
Dining Table,"Proin risus. Praesent lectus. Vestibulum quam sapien, varius ut, blandit non, interdum in, ante.",17560,45,2
Wood Shelf,Maecenas ut massa quis augue luctus tincidunt. Nulla mollis molestie lorem.,43418,42,1
Bed Frame,"Nam ultrices, libero non mattis pulvinar, nulla pede ullamcorper augue, a suscipit nulla elit ac nulla. Sed vel enim sit amet nunc viverra dapibus.",23924,4,2
Cabinet,"Donec vitae nisi. Nam ultrices, libero non mattis pulvinar, nulla pede ullamcorper augue, a suscipit nulla elit ac nulla. Sed vel enim sit amet nunc viverra dapibus.",1476,33,4
Coffee Table,"Cum sociis natoque penatibus et magnis dis parturient montes, nascetur ridiculus mus.",14080,1,4
Wood Lamp,Duis consequat dui nec nisi volutpat eleifend.,21433,42,2
Bench,"Duis bibendum, felis sed interdum venenatis, turpis enim blandit mi, in porttitor pede justo eu massa. Donec dapibus. Duis at velit eu est congue elementum. In hac habitasse platea dictumst. Morbi vestibulum, velit id pretium iaculis, diam erat fermentum justo, nec condimentum neque sapien placerat ante.",45266,5,4
Drawer,"Nam nulla. Integer pede justo, lacinia eget, tincidunt eget, tempus vel, pede. Morbi porttitor lorem id ligula. Suspendisse ornare consequat lectus.",19317,1,2
Wall Decor,"Nam nulla. Integer pede justo, lacinia eget, tincidunt eget, tempus vel, pede. Morbi porttitor lorem id ligula. Suspendisse ornare consequat lectus.",27885,47,4
Wood Chair,"Donec ut dolor. Morbi vel lectus in quam fringilla rhoncus. Mauris enim leo, rhoncus sed, vestibulum sit amet, cursus id, turpis. Integer aliquet, massa id lobortis convallis, tortor risus dapibus augue, vel accumsan tellus nisi eu orci. Mauris lacinia sapien quis libero.",25946,29,4
Dining Table,"Praesent blandit. Nam nulla. Integer pede justo, lacinia eget, tincidunt eget, tempus vel, pede. Morbi porttitor lorem id ligula. Suspendisse ornare consequat lectus.",15701,50,4
Wood Shelf,Etiam faucibus cursus urna. Ut tellus.,45411,29,2
Bed Frame,"Cum sociis natoque penatibus et magnis dis parturient montes, nascetur ridiculus mus. Etiam vel augue. Vestibulum rutrum rutrum neque.",1477,17,5
Cabinet,Nulla ut erat id mauris vulputate elementum. Nullam varius. Nulla facilisi. Cras non velit nec nisi vulputate nonummy. Maecenas tincidunt lacus at velit.,9004,31,3
Coffee Table,"Nam nulla. Integer pede justo, lacinia eget, tincidunt eget, tempus vel, pede. Morbi porttitor lorem id ligula. Suspendisse ornare consequat lectus.",5387,13,1
Wood Lamp,Sed accumsan felis. Ut at dolor quis odio consequat varius. Integer ac leo. Pellentesque ultrices mattis odio. Donec vitae nisi.,28693,6,4
Bench,Vivamus tortor.,309,46,1
Drawer,Donec dapibus. Duis at velit eu est congue elementum.,9583,31,1
Wall Decor,"Aliquam augue quam, sollicitudin vitae, consectetuer eget, rutrum at, lorem. Integer tincidunt ante vel ipsum. Praesent blandit lacinia erat.",11979,37,3
Wood Chair,"Quisque erat eros, viverra eget, congue eget, semper rutrum, nulla. Nunc purus. Phasellus in felis.",21324,40,4
Dining Table,"Morbi non lectus. Aliquam sit amet diam in magna bibendum imperdiet. Nullam orci pede, venenatis non, sodales sed, tincidunt eu, felis. Fusce posuere felis sed lacus. Morbi sem mauris, laoreet ut, rhoncus aliquet, pulvinar sed, nisl.",3485,50,1
Wood Shelf,Nulla justo. Aliquam quis turpis eget elit sodales scelerisque. Mauris sit amet eros. Suspendisse accumsan tortor quis turpis. Sed ante.,2913,38,1
Bed Frame,Etiam vel augue. Vestibulum rutrum rutrum neque.,4172,15,3
Cabinet,Nulla suscipit ligula in lacus. Curabitur at ipsum ac tellus semper interdum.,24517,15,1
Coffee Table,"Integer aliquet, massa id lobortis convallis, tortor risus dapibus augue, vel accumsan tellus nisi eu orci. Mauris lacinia sapien quis libero.",6749,28,5
Wood Lamp,"Cras in purus eu magna vulputate luctus. Cum sociis natoque penatibus et magnis dis parturient montes, nascetur ridiculus mus. Vivamus vestibulum sagittis sapien.",17299,46,1
Bench,Donec posuere metus vitae ipsum.,37607,23,2
Drawer,"Maecenas rhoncus aliquam lacus. Morbi quis tortor id nulla ultrices aliquet. Maecenas leo odio, condimentum id, luctus nec, molestie sed, justo. Pellentesque viverra pede ac diam. Cras pellentesque volutpat dui.",31213,49,3
Wall Decor,Maecenas rhoncus aliquam lacus.,22040,35,2
Wood Chair,"Cum sociis natoque penatibus et magnis dis parturient montes, nascetur ridiculus mus.",30010,8,2
Dining Table,Duis consequat dui nec nisi volutpat eleifend.,43699,24,4
Wood Shelf,"Duis consequat dui nec nisi volutpat eleifend. Donec ut dolor. Morbi vel lectus in quam fringilla rhoncus. Mauris enim leo, rhoncus sed, vestibulum sit amet, cursus id, turpis.",18555,49,2
Bed Frame,"Curabitur in libero ut massa volutpat convallis. Morbi odio odio, elementum eu, interdum eu, tincidunt in, leo.",11789,37,5
Cabinet,"Cras mi pede, malesuada in, imperdiet et, commodo vulputate, justo.",8859,43,1
Coffee Table,"Cum sociis natoque penatibus et magnis dis parturient montes, nascetur ridiculus mus. Vivamus vestibulum sagittis sapien. Cum sociis natoque penatibus et magnis dis parturient montes, nascetur ridiculus mus. Etiam vel augue.",21619,42,2
Wood Lamp,Nunc purus. Phasellus in felis. Donec semper sapien a libero.,10536,23,1
Bench,Donec posuere metus vitae ipsum.,37333,2,3
Drawer,In hac habitasse platea dictumst. Maecenas ut massa quis augue luctus tincidunt.,6910,50,4
Wall Decor,Praesent id massa id nisl venenatis lacinia. Aenean sit amet justo.,25615,4,2
Wood Chair,Vestibulum ante ipsum primis in faucibus orci luctus et ultrices posuere cubilia Curae; Mauris viverra diam vitae quam. Suspendisse potenti. Nullam porttitor lacus at turpis.,38506,23,1
Dining Table,Curabitur convallis. Duis consequat dui nec nisi volutpat eleifend.,23201,32,2
Wood Shelf,Aliquam quis turpis eget elit sodales scelerisque. Mauris sit amet eros. Suspendisse accumsan tortor quis turpis. Sed ante. Vivamus tortor.,29727,6,4
Bed Frame,"Curabitur gravida nisi at nibh. In hac habitasse platea dictumst. Aliquam augue quam, sollicitudin vitae, consectetuer eget, rutrum at, lorem. Integer tincidunt ante vel ipsum.",10182,44,2
Cabinet,"Proin leo odio, porttitor id, consequat in, consequat ut, nulla. Sed accumsan felis. Ut at dolor quis odio consequat varius. Integer ac leo. Pellentesque ultrices mattis odio.",44248,21,3
Coffee Table,"Praesent id massa id nisl venenatis lacinia. Aenean sit amet justo. Morbi ut odio. Cras mi pede, malesuada in, imperdiet et, commodo vulputate, justo. In blandit ultrices enim.",48963,46,3
Wood Lamp,"Cum sociis natoque penatibus et magnis dis parturient montes, nascetur ridiculus mus. Vivamus vestibulum sagittis sapien.",21533,3,2
Bench,"Proin at turpis a pede posuere nonummy. Integer non velit. Donec diam neque, vestibulum eget, vulputate ut, ultrices vel, augue.",14919,37,4
Drawer,Aenean fermentum. Donec ut mauris eget massa tempor convallis.,24155,48,2
Wall Decor,"Maecenas leo odio, condimentum id, luctus nec, molestie sed, justo. Pellentesque viverra pede ac diam. Cras pellentesque volutpat dui. Maecenas tristique, est et tempus semper, est quam pharetra magna, ac consequat metus sapien ut nunc.",48644,21,4
Wood Chair,"Vestibulum quam sapien, varius ut, blandit non, interdum in, ante. Vestibulum ante ipsum primis in faucibus orci luctus et ultrices posuere cubilia Curae; Duis faucibus accumsan odio.",29861,42,5
Dining Table,"Pellentesque at nulla. Suspendisse potenti. Cras in purus eu magna vulputate luctus. Cum sociis natoque penatibus et magnis dis parturient montes, nascetur ridiculus mus.",17581,2,1
Wood Shelf,Sed sagittis.,47931,39,4
Bed Frame,Sed vel enim sit amet nunc viverra dapibus.,30465,19,4
Cabinet,"Cras pellentesque volutpat dui. Maecenas tristique, est et tempus semper, est quam pharetra magna, ac consequat metus sapien ut nunc. Vestibulum ante ipsum primis in faucibus orci luctus et ultrices posuere cubilia Curae; Mauris viverra diam vitae quam. Suspendisse potenti. Nullam porttitor lacus at turpis.",475,31,2
Coffee Table,Praesent lectus.,37298,46,4
Wood Lamp,Sed sagittis.,9674,3,3
Bench,"Aliquam augue quam, sollicitudin vitae, consectetuer eget, rutrum at, lorem. Integer tincidunt ante vel ipsum. Praesent blandit lacinia erat.",3981,18,1
Drawer,"Maecenas leo odio, condimentum id, luctus nec, molestie sed, justo.",40527,41,4
Wall Decor,"Cum sociis natoque penatibus et magnis dis parturient montes, nascetur ridiculus mus. Vivamus vestibulum sagittis sapien.",36919,37,5
Wood Chair,"Maecenas leo odio, condimentum id, luctus nec, molestie sed, justo. Pellentesque viverra pede ac diam. Cras pellentesque volutpat dui.",5205,12,4
Dining Table,"Donec ut dolor. Morbi vel lectus in quam fringilla rhoncus. Mauris enim leo, rhoncus sed, vestibulum sit amet, cursus id, turpis.",5448,40,2
Wood Shelf,"Fusce lacus purus, aliquet at, feugiat non, pretium quis, lectus. Suspendisse potenti. In eleifend quam a odio.",43120,20,1
Bed Frame,Donec semper sapien a libero.,36400,40,4
Cabinet,Pellentesque eget nunc.,4074,9,4
Coffee Table,Donec dapibus. Duis at velit eu est congue elementum.,8524,8,1
Wood Lamp,"Curabitur at ipsum ac tellus semper interdum. Mauris ullamcorper purus sit amet nulla. Quisque arcu libero, rutrum ac, lobortis vel, dapibus at, diam.",11514,19,4
Bench,"Quisque porta volutpat erat. Quisque erat eros, viverra eget, congue eget, semper rutrum, nulla. Nunc purus. Phasellus in felis. Donec semper sapien a libero.",21453,30,5
Drawer,Pellentesque at nulla. Suspendisse potenti. Cras in purus eu magna vulputate luctus.,13797,19,4
Wall Decor,"Nulla tellus. In sagittis dui vel nisl. Duis ac nibh. Fusce lacus purus, aliquet at, feugiat non, pretium quis, lectus. Suspendisse potenti.",43708,3,5
Wood Chair,Nulla tellus. In sagittis dui vel nisl.,47235,18,5
Dining Table,Vestibulum sed magna at nunc commodo placerat. Praesent blandit.,21594,22,1
Wood Shelf,"Maecenas tincidunt lacus at velit. Vivamus vel nulla eget eros elementum pellentesque. Quisque porta volutpat erat. Quisque erat eros, viverra eget, congue eget, semper rutrum, nulla.",31460,27,3
Bed Frame,"Nulla neque libero, convallis eget, eleifend luctus, ultricies eu, nibh.",8239,7,4
Cabinet,"Morbi porttitor lorem id ligula. Suspendisse ornare consequat lectus. In est risus, auctor sed, tristique in, tempus sit amet, sem. Fusce consequat. Nulla nisl.",33182,23,3
Coffee Table,Cras pellentesque volutpat dui.,38180,24,4
Wood Lamp,"Praesent lectus. Vestibulum quam sapien, varius ut, blandit non, interdum in, ante. Vestibulum ante ipsum primis in faucibus orci luctus et ultrices posuere cubilia Curae; Duis faucibus accumsan odio. Curabitur convallis. Duis consequat dui nec nisi volutpat eleifend.",22582,4,1
Bench,Nunc purus. Phasellus in felis. Donec semper sapien a libero. Nam dui.,11600,47,3
Drawer,"Nullam orci pede, venenatis non, sodales sed, tincidunt eu, felis. Fusce posuere felis sed lacus. Morbi sem mauris, laoreet ut, rhoncus aliquet, pulvinar sed, nisl. Nunc rhoncus dui vel sem.",2027,37,4
Wall Decor,Cras non velit nec nisi vulputate nonummy.,36525,19,1
Wood Chair,Phasellus sit amet erat. Nulla tempus.,47758,14,4
Dining Table,Nullam sit amet turpis elementum ligula vehicula consequat. Morbi a ipsum. Integer a nibh. In quis justo.,8325,36,4
Wood Shelf,"Morbi vel lectus in quam fringilla rhoncus. Mauris enim leo, rhoncus sed, vestibulum sit amet, cursus id, turpis.",34685,3,1
Bed Frame,"Phasellus id sapien in sapien iaculis congue. Vivamus metus arcu, adipiscing molestie, hendrerit at, vulputate vitae, nisl. Aenean lectus. Pellentesque eget nunc. Donec quis orci eget orci vehicula condimentum.",3130,22,4
Cabinet,Aenean sit amet justo.,25538,23,3
Coffee Table,Donec quis orci eget orci vehicula condimentum.,18738,31,1
Wood Lamp,Vestibulum rutrum rutrum neque. Aenean auctor gravida sem. Praesent id massa id nisl venenatis lacinia. Aenean sit amet justo. Morbi ut odio.,37168,16,3
Bench,Sed ante.,30759,35,3
Drawer,"Fusce lacus purus, aliquet at, feugiat non, pretium quis, lectus. Suspendisse potenti. In eleifend quam a odio.",4414,17,3
Wall Decor,"Morbi quis tortor id nulla ultrices aliquet. Maecenas leo odio, condimentum id, luctus nec, molestie sed, justo.",39830,42,3
Wood Chair,"Praesent lectus. Vestibulum quam sapien, varius ut, blandit non, interdum in, ante. Vestibulum ante ipsum primis in faucibus orci luctus et ultrices posuere cubilia Curae; Duis faucibus accumsan odio. Curabitur convallis. Duis consequat dui nec nisi volutpat eleifend.",29345,22,1
Dining Table,"Nullam orci pede, venenatis non, sodales sed, tincidunt eu, felis. Fusce posuere felis sed lacus. Morbi sem mauris, laoreet ut, rhoncus aliquet, pulvinar sed, nisl. Nunc rhoncus dui vel sem. Sed sagittis.",25046,40,1
Wood Shelf,Vestibulum ante ipsum primis in faucibus orci luctus et ultrices posuere cubilia Curae; Mauris viverra diam vitae quam. Suspendisse potenti.,20687,23,5
Bed Frame,"Proin eu mi. Nulla ac enim. In tempor, turpis nec euismod scelerisque, quam turpis adipiscing lorem, vitae mattis nibh ligula nec sem. Duis aliquam convallis nunc.",40313,40,4
Cabinet,Maecenas pulvinar lobortis est. Phasellus sit amet erat. Nulla tempus. Vivamus in felis eu sapien cursus vestibulum.,27932,31,5
Coffee Table,Donec dapibus. Duis at velit eu est congue elementum. In hac habitasse platea dictumst.,44503,12,5
Wood Lamp,In hac habitasse platea dictumst. Etiam faucibus cursus urna. Ut tellus.,21614,38,3
Bench,"Fusce congue, diam id ornare imperdiet, sapien urna pretium nisl, ut volutpat sapien arcu sed augue. Aliquam erat volutpat. In congue. Etiam justo.",2846,20,4
Drawer,Aliquam non mauris.,34297,6,5
Wall Decor,"Morbi quis tortor id nulla ultrices aliquet. Maecenas leo odio, condimentum id, luctus nec, molestie sed, justo. Pellentesque viverra pede ac diam. Cras pellentesque volutpat dui.",23611,24,2
Wood Chair,Suspendisse accumsan tortor quis turpis.,29324,2,4
Dining Table,Nulla tellus. In sagittis dui vel nisl. Duis ac nibh.,21278,46,4
Wood Shelf,Nulla justo. Aliquam quis turpis eget elit sodales scelerisque. Mauris sit amet eros. Suspendisse accumsan tortor quis turpis. Sed ante.,49525,39,3
Bed Frame,"Sed sagittis. Nam congue, risus semper porta volutpat, quam pede lobortis ligula, sit amet eleifend pede libero quis orci. Nullam molestie nibh in lectus.",27405,8,3
Cabinet,"Aenean auctor gravida sem. Praesent id massa id nisl venenatis lacinia. Aenean sit amet justo. Morbi ut odio. Cras mi pede, malesuada in, imperdiet et, commodo vulputate, justo.",43812,39,2
Coffee Table,"Nam dui. Proin leo odio, porttitor id, consequat in, consequat ut, nulla. Sed accumsan felis. Ut at dolor quis odio consequat varius. Integer ac leo.",16046,42,2
Wood Lamp,Pellentesque eget nunc.,9423,43,3
Bench,"Nam nulla. Integer pede justo, lacinia eget, tincidunt eget, tempus vel, pede.",3767,31,5
Drawer,Phasellus sit amet erat. Nulla tempus.,6833,9,1
Wall Decor,"Duis consequat dui nec nisi volutpat eleifend. Donec ut dolor. Morbi vel lectus in quam fringilla rhoncus. Mauris enim leo, rhoncus sed, vestibulum sit amet, cursus id, turpis.",13539,47,2
Wood Chair,Vestibulum ante ipsum primis in faucibus orci luctus et ultrices posuere cubilia Curae; Duis faucibus accumsan odio. Curabitur convallis. Duis consequat dui nec nisi volutpat eleifend. Donec ut dolor. Morbi vel lectus in quam fringilla rhoncus.,35267,28,5
Dining Table,"Donec vitae nisi. Nam ultrices, libero non mattis pulvinar, nulla pede ullamcorper augue, a suscipit nulla elit ac nulla. Sed vel enim sit amet nunc viverra dapibus.",42633,38,2
Wood Shelf,Vestibulum ante ipsum primis in faucibus orci luctus et ultrices posuere cubilia Curae; Duis faucibus accumsan odio. Curabitur convallis. Duis consequat dui nec nisi volutpat eleifend.,37436,5,1
Bed Frame,"Pellentesque at nulla. Suspendisse potenti. Cras in purus eu magna vulputate luctus. Cum sociis natoque penatibus et magnis dis parturient montes, nascetur ridiculus mus. Vivamus vestibulum sagittis sapien.",11390,38,3
Cabinet,Praesent blandit.,2204,27,2
Coffee Table,Curabitur at ipsum ac tellus semper interdum. Mauris ullamcorper purus sit amet nulla.,30292,6,5
Wood Lamp,"Vestibulum ante ipsum primis in faucibus orci luctus et ultrices posuere cubilia Curae; Donec pharetra, magna vestibulum aliquet ultrices, erat tortor sollicitudin mi, sit amet lobortis sapien sapien non mi. Integer ac neque. Duis bibendum. Morbi non quam nec dui luctus rutrum.",19992,49,4
Bench,In hac habitasse platea dictumst. Etiam faucibus cursus urna. Ut tellus. Nulla ut erat id mauris vulputate elementum. Nullam varius.,8097,30,4
Drawer,"Quisque erat eros, viverra eget, congue eget, semper rutrum, nulla. Nunc purus. Phasellus in felis. Donec semper sapien a libero.",23899,7,4
Wall Decor,Nulla facilisi. Cras non velit nec nisi vulputate nonummy. Maecenas tincidunt lacus at velit. Vivamus vel nulla eget eros elementum pellentesque.,3410,30,4
Wood Chair,Vestibulum ante ipsum primis in faucibus orci luctus et ultrices posuere cubilia Curae; Mauris viverra diam vitae quam. Suspendisse potenti. Nullam porttitor lacus at turpis. Donec posuere metus vitae ipsum. Aliquam non mauris.,205,14,2
Dining Table,"Praesent lectus. Vestibulum quam sapien, varius ut, blandit non, interdum in, ante. Vestibulum ante ipsum primis in faucibus orci luctus et ultrices posuere cubilia Curae; Duis faucibus accumsan odio. Curabitur convallis.",36716,31,2
Wood Shelf,Etiam vel augue.,41255,6,4
Bed Frame,In eleifend quam a odio. In hac habitasse platea dictumst. Maecenas ut massa quis augue luctus tincidunt. Nulla mollis molestie lorem. Quisque ut erat.,13593,15,3
Cabinet,Integer ac leo. Pellentesque ultrices mattis odio.,4871,49,4
Coffee Table,Suspendisse potenti.,47952,32,2
Wood Lamp,In quis justo.,33189,13,4
Bench,Etiam pretium iaculis justo. In hac habitasse platea dictumst. Etiam faucibus cursus urna.,3127,26,5
Drawer,"In tempor, turpis nec euismod scelerisque, quam turpis adipiscing lorem, vitae mattis nibh ligula nec sem.",24143,49,5
Wall Decor,"Vivamus vestibulum sagittis sapien. Cum sociis natoque penatibus et magnis dis parturient montes, nascetur ridiculus mus.",31186,4,4
Wood Chair,"Nulla nisl. Nunc nisl. Duis bibendum, felis sed interdum venenatis, turpis enim blandit mi, in porttitor pede justo eu massa.",32483,11,5
Dining Table,"Aliquam sit amet diam in magna bibendum imperdiet. Nullam orci pede, venenatis non, sodales sed, tincidunt eu, felis.",13972,30,5
Wood Shelf,Fusce consequat. Nulla nisl. Nunc nisl.,37545,15,1
Bed Frame,"In hac habitasse platea dictumst. Aliquam augue quam, sollicitudin vitae, consectetuer eget, rutrum at, lorem. Integer tincidunt ante vel ipsum.",41925,47,5
Cabinet,"Morbi porttitor lorem id ligula. Suspendisse ornare consequat lectus. In est risus, auctor sed, tristique in, tempus sit amet, sem.",11470,16,3
Coffee Table,Aenean lectus. Pellentesque eget nunc. Donec quis orci eget orci vehicula condimentum. Curabitur in libero ut massa volutpat convallis.,908,3,3
Wood Lamp,"Nam ultrices, libero non mattis pulvinar, nulla pede ullamcorper augue, a suscipit nulla elit ac nulla. Sed vel enim sit amet nunc viverra dapibus.",630,32,5
Bench,Proin at turpis a pede posuere nonummy. Integer non velit.,763,13,1
Drawer,"Vestibulum ante ipsum primis in faucibus orci luctus et ultrices posuere cubilia Curae; Donec pharetra, magna vestibulum aliquet ultrices, erat tortor sollicitudin mi, sit amet lobortis sapien sapien non mi. Integer ac neque. Duis bibendum.",15836,15,1
Wall Decor,"Morbi sem mauris, laoreet ut, rhoncus aliquet, pulvinar sed, nisl. Nunc rhoncus dui vel sem. Sed sagittis.",21092,22,5
Wood Chair,Aenean sit amet justo.,32099,19,1
Dining Table,Nulla justo. Aliquam quis turpis eget elit sodales scelerisque. Mauris sit amet eros.,42934,39,5
Wood Shelf,"Vestibulum quam sapien, varius ut, blandit non, interdum in, ante. Vestibulum ante ipsum primis in faucibus orci luctus et ultrices posuere cubilia Curae; Duis faucibus accumsan odio.",16746,16,3
Bed Frame,Vestibulum ante ipsum primis in faucibus orci luctus et ultrices posuere cubilia Curae; Mauris viverra diam vitae quam. Suspendisse potenti. Nullam porttitor lacus at turpis. Donec posuere metus vitae ipsum.,31666,31,2
Cabinet,Pellentesque at nulla. Suspendisse potenti.,34387,13,1
Coffee Table,Quisque ut erat. Curabitur gravida nisi at nibh.,24928,49,5
Wood Lamp,Vivamus tortor.,45956,37,3
Bench,Suspendisse accumsan tortor quis turpis. Sed ante. Vivamus tortor.,1643,35,5
Drawer,"Quisque id justo sit amet sapien dignissim vestibulum. Vestibulum ante ipsum primis in faucibus orci luctus et ultrices posuere cubilia Curae; Nulla dapibus dolor vel est. Donec odio justo, sollicitudin ut, suscipit a, feugiat et, eros. Vestibulum ac est lacinia nisi venenatis tristique. Fusce congue, diam id ornare imperdiet, sapien urna pretium nisl, ut volutpat sapien arcu sed augue.",5251,3,4
Wall Decor,"Aenean sit amet justo. Morbi ut odio. Cras mi pede, malesuada in, imperdiet et, commodo vulputate, justo. In blandit ultrices enim. Lorem ipsum dolor sit amet, consectetuer adipiscing elit.",14657,20,1
Wood Chair,"Quisque arcu libero, rutrum ac, lobortis vel, dapibus at, diam.",42233,35,3
Dining Table,Vestibulum ante ipsum primis in faucibus orci luctus et ultrices posuere cubilia Curae; Duis faucibus accumsan odio. Curabitur convallis. Duis consequat dui nec nisi volutpat eleifend. Donec ut dolor.,48274,7,1
Wood Shelf,"Nulla neque libero, convallis eget, eleifend luctus, ultricies eu, nibh.",38775,31,1
Bed Frame,Maecenas rhoncus aliquam lacus. Morbi quis tortor id nulla ultrices aliquet.,39475,21,5
Cabinet,"Maecenas tristique, est et tempus semper, est quam pharetra magna, ac consequat metus sapien ut nunc. Vestibulum ante ipsum primis in faucibus orci luctus et ultrices posuere cubilia Curae; Mauris viverra diam vitae quam. Suspendisse potenti.",37792,6,1
Coffee Table,Nulla ut erat id mauris vulputate elementum. Nullam varius. Nulla facilisi. Cras non velit nec nisi vulputate nonummy.,13636,30,4
Wood Lamp,"Duis ac nibh. Fusce lacus purus, aliquet at, feugiat non, pretium quis, lectus.",45867,32,4
Bench,Aliquam erat volutpat. In congue.,34400,2,1
Drawer,"Proin leo odio, porttitor id, consequat in, consequat ut, nulla. Sed accumsan felis. Ut at dolor quis odio consequat varius.",49984,4,1
Wall Decor,"Quisque erat eros, viverra eget, congue eget, semper rutrum, nulla. Nunc purus. Phasellus in felis. Donec semper sapien a libero. Nam dui.",41306,19,2
Wood Chair,Sed accumsan felis. Ut at dolor quis odio consequat varius.,2083,3,4
Dining Table,In hac habitasse platea dictumst.,26715,15,3
Wood Shelf,"Donec diam neque, vestibulum eget, vulputate ut, ultrices vel, augue.",34624,45,4
Bed Frame,"Vestibulum ante ipsum primis in faucibus orci luctus et ultrices posuere cubilia Curae; Donec pharetra, magna vestibulum aliquet ultrices, erat tortor sollicitudin mi, sit amet lobortis sapien sapien non mi. Integer ac neque. Duis bibendum. Morbi non quam nec dui luctus rutrum.",13877,18,3
Cabinet,Aliquam non mauris. Morbi non lectus.,1872,2,5
Coffee Table,Aenean sit amet justo.,43860,49,1
Wood Lamp,In congue. Etiam justo. Etiam pretium iaculis justo. In hac habitasse platea dictumst.,44070,6,1
Bench,Vestibulum ante ipsum primis in faucibus orci luctus et ultrices posuere cubilia Curae; Duis faucibus accumsan odio. Curabitur convallis. Duis consequat dui nec nisi volutpat eleifend. Donec ut dolor. Morbi vel lectus in quam fringilla rhoncus.,34164,43,2
Drawer,In quis justo.,13657,36,3
Wall Decor,Praesent blandit lacinia erat. Vestibulum sed magna at nunc commodo placerat.,45565,44,1
Wood Chair,"Duis ac nibh. Fusce lacus purus, aliquet at, feugiat non, pretium quis, lectus. Suspendisse potenti. In eleifend quam a odio. In hac habitasse platea dictumst.",5134,29,5
Dining Table,"Mauris ullamcorper purus sit amet nulla. Quisque arcu libero, rutrum ac, lobortis vel, dapibus at, diam.",16358,36,3
Wood Shelf,"Donec odio justo, sollicitudin ut, suscipit a, feugiat et, eros.",11227,17,1
Bed Frame,"Nam congue, risus semper porta volutpat, quam pede lobortis ligula, sit amet eleifend pede libero quis orci.",19552,35,3
Cabinet,Pellentesque at nulla.,18144,4,4
Coffee Table,"Vivamus vel nulla eget eros elementum pellentesque. Quisque porta volutpat erat. Quisque erat eros, viverra eget, congue eget, semper rutrum, nulla.",19920,3,1
Wood Lamp,Praesent id massa id nisl venenatis lacinia. Aenean sit amet justo. Morbi ut odio.,39679,47,5
Bench,Curabitur convallis. Duis consequat dui nec nisi volutpat eleifend. Donec ut dolor.,1564,5,3
Drawer,Aenean lectus. Pellentesque eget nunc. Donec quis orci eget orci vehicula condimentum.,5085,6,2
Wall Decor,"Praesent lectus. Vestibulum quam sapien, varius ut, blandit non, interdum in, ante.",3596,29,5
Wood Chair,Sed accumsan felis. Ut at dolor quis odio consequat varius. Integer ac leo.,2975,3,2
Dining Table,Praesent blandit lacinia erat. Vestibulum sed magna at nunc commodo placerat. Praesent blandit. Nam nulla.,6935,44,2
Wood Shelf,"Vestibulum quam sapien, varius ut, blandit non, interdum in, ante. Vestibulum ante ipsum primis in faucibus orci luctus et ultrices posuere cubilia Curae; Duis faucibus accumsan odio. Curabitur convallis. Duis consequat dui nec nisi volutpat eleifend. Donec ut dolor.",16885,44,2
Bed Frame,"Nulla neque libero, convallis eget, eleifend luctus, ultricies eu, nibh. Quisque id justo sit amet sapien dignissim vestibulum. Vestibulum ante ipsum primis in faucibus orci luctus et ultrices posuere cubilia Curae; Nulla dapibus dolor vel est.",10304,27,4
Cabinet,"Vivamus vestibulum sagittis sapien. Cum sociis natoque penatibus et magnis dis parturient montes, nascetur ridiculus mus. Etiam vel augue. Vestibulum rutrum rutrum neque.",11897,26,5
Coffee Table,"Donec vitae nisi. Nam ultrices, libero non mattis pulvinar, nulla pede ullamcorper augue, a suscipit nulla elit ac nulla. Sed vel enim sit amet nunc viverra dapibus. Nulla suscipit ligula in lacus.",5691,38,5
Wood Lamp,"Vivamus vel nulla eget eros elementum pellentesque. Quisque porta volutpat erat. Quisque erat eros, viverra eget, congue eget, semper rutrum, nulla. Nunc purus.",45829,11,3
Bench,Nulla ut erat id mauris vulputate elementum. Nullam varius. Nulla facilisi. Cras non velit nec nisi vulputate nonummy.,18304,18,1
Drawer,Nulla justo.,40039,35,4
Wall Decor,Aenean lectus. Pellentesque eget nunc. Donec quis orci eget orci vehicula condimentum. Curabitur in libero ut massa volutpat convallis.,27119,3,4
Wood Chair,"Nam congue, risus semper porta volutpat, quam pede lobortis ligula, sit amet eleifend pede libero quis orci. Nullam molestie nibh in lectus. Pellentesque at nulla. Suspendisse potenti. Cras in purus eu magna vulputate luctus.",35581,49,4
Dining Table,"Praesent id massa id nisl venenatis lacinia. Aenean sit amet justo. Morbi ut odio. Cras mi pede, malesuada in, imperdiet et, commodo vulputate, justo. In blandit ultrices enim.",32827,47,1
Wood Shelf,Nullam sit amet turpis elementum ligula vehicula consequat. Morbi a ipsum. Integer a nibh. In quis justo.,26212,43,4
Bed Frame,"Nunc purus. Phasellus in felis. Donec semper sapien a libero. Nam dui. Proin leo odio, porttitor id, consequat in, consequat ut, nulla.",2185,41,3
Cabinet,"Maecenas tristique, est et tempus semper, est quam pharetra magna, ac consequat metus sapien ut nunc.",38735,34,1
Coffee Table,Sed ante. Vivamus tortor.,47211,38,5
Wood Lamp,"Proin leo odio, porttitor id, consequat in, consequat ut, nulla. Sed accumsan felis.",3495,22,1
Bench,Suspendisse potenti.,45985,13,1
Drawer,Donec posuere metus vitae ipsum. Aliquam non mauris. Morbi non lectus.,39368,16,2
Wall Decor,Nullam molestie nibh in lectus. Pellentesque at nulla. Suspendisse potenti.,34791,13,4
Wood Chair,"Integer non velit. Donec diam neque, vestibulum eget, vulputate ut, ultrices vel, augue. Vestibulum ante ipsum primis in faucibus orci luctus et ultrices posuere cubilia Curae; Donec pharetra, magna vestibulum aliquet ultrices, erat tortor sollicitudin mi, sit amet lobortis sapien sapien non mi. Integer ac neque.",29520,44,5
Dining Table,Aliquam quis turpis eget elit sodales scelerisque. Mauris sit amet eros.,17286,32,2
Wood Shelf,"Aliquam sit amet diam in magna bibendum imperdiet. Nullam orci pede, venenatis non, sodales sed, tincidunt eu, felis. Fusce posuere felis sed lacus.",33145,27,5
Bed Frame,Maecenas rhoncus aliquam lacus.,42825,46,1
Cabinet,"Nam dui. Proin leo odio, porttitor id, consequat in, consequat ut, nulla.",44952,1,4
Coffee Table,"Praesent lectus. Vestibulum quam sapien, varius ut, blandit non, interdum in, ante. Vestibulum ante ipsum primis in faucibus orci luctus et ultrices posuere cubilia Curae; Duis faucibus accumsan odio. Curabitur convallis. Duis consequat dui nec nisi volutpat eleifend.",8349,6,5
Wood Lamp,Maecenas tincidunt lacus at velit. Vivamus vel nulla eget eros elementum pellentesque. Quisque porta volutpat erat.,749,40,4
Bench,"Cum sociis natoque penatibus et magnis dis parturient montes, nascetur ridiculus mus. Vivamus vestibulum sagittis sapien. Cum sociis natoque penatibus et magnis dis parturient montes, nascetur ridiculus mus.",42177,37,4
Drawer,"Nulla tempus. Vivamus in felis eu sapien cursus vestibulum. Proin eu mi. Nulla ac enim. In tempor, turpis nec euismod scelerisque, quam turpis adipiscing lorem, vitae mattis nibh ligula nec sem.",4737,39,1
Wall Decor,"Vestibulum ante ipsum primis in faucibus orci luctus et ultrices posuere cubilia Curae; Nulla dapibus dolor vel est. Donec odio justo, sollicitudin ut, suscipit a, feugiat et, eros. Vestibulum ac est lacinia nisi venenatis tristique.",39043,27,5
Wood Chair,Integer tincidunt ante vel ipsum. Praesent blandit lacinia erat.,15650,26,3
Dining Table,"Cras pellentesque volutpat dui. Maecenas tristique, est et tempus semper, est quam pharetra magna, ac consequat metus sapien ut nunc.",28383,48,5
Wood Shelf,Cras non velit nec nisi vulputate nonummy. Maecenas tincidunt lacus at velit. Vivamus vel nulla eget eros elementum pellentesque. Quisque porta volutpat erat.,9570,34,5
Bed Frame,"Fusce posuere felis sed lacus. Morbi sem mauris, laoreet ut, rhoncus aliquet, pulvinar sed, nisl.",44346,1,1
Cabinet,Aenean sit amet justo.,6861,31,5
Coffee Table,"Proin eu mi. Nulla ac enim. In tempor, turpis nec euismod scelerisque, quam turpis adipiscing lorem, vitae mattis nibh ligula nec sem. Duis aliquam convallis nunc.",33932,35,5
Wood Lamp,"Vestibulum ac est lacinia nisi venenatis tristique. Fusce congue, diam id ornare imperdiet, sapien urna pretium nisl, ut volutpat sapien arcu sed augue. Aliquam erat volutpat. In congue. Etiam justo.",1855,49,4
Bench,Duis aliquam convallis nunc. Proin at turpis a pede posuere nonummy.,49239,32,4
Drawer,"Integer a nibh. In quis justo. Maecenas rhoncus aliquam lacus. Morbi quis tortor id nulla ultrices aliquet. Maecenas leo odio, condimentum id, luctus nec, molestie sed, justo.",27736,48,3
Wall Decor,Sed ante. Vivamus tortor. Duis mattis egestas metus.,7569,36,5
Wood Chair,Nullam molestie nibh in lectus. Pellentesque at nulla. Suspendisse potenti. Cras in purus eu magna vulputate luctus.,11937,3,5
Dining Table,"Pellentesque ultrices mattis odio. Donec vitae nisi. Nam ultrices, libero non mattis pulvinar, nulla pede ullamcorper augue, a suscipit nulla elit ac nulla.",23176,26,1
Wood Shelf,"Nulla nisl. Nunc nisl. Duis bibendum, felis sed interdum venenatis, turpis enim blandit mi, in porttitor pede justo eu massa. Donec dapibus.",36953,23,5
Bed Frame,"Donec odio justo, sollicitudin ut, suscipit a, feugiat et, eros. Vestibulum ac est lacinia nisi venenatis tristique. Fusce congue, diam id ornare imperdiet, sapien urna pretium nisl, ut volutpat sapien arcu sed augue. Aliquam erat volutpat.",20031,19,3
Cabinet,Integer ac neque. Duis bibendum. Morbi non quam nec dui luctus rutrum.,17922,28,2
Coffee Table,"Quisque erat eros, viverra eget, congue eget, semper rutrum, nulla.",14300,29,5
Wood Lamp,Nulla tempus. Vivamus in felis eu sapien cursus vestibulum.,25406,7,2
Bench,Vestibulum sed magna at nunc commodo placerat.,31288,41,5
Drawer,Aliquam sit amet diam in magna bibendum imperdiet.,47617,6,3
Wall Decor,"Integer pede justo, lacinia eget, tincidunt eget, tempus vel, pede. Morbi porttitor lorem id ligula.",42985,12,5
Wood Chair,Integer ac neque.,41370,8,2
Dining Table,"Integer ac leo. Pellentesque ultrices mattis odio. Donec vitae nisi. Nam ultrices, libero non mattis pulvinar, nulla pede ullamcorper augue, a suscipit nulla elit ac nulla. Sed vel enim sit amet nunc viverra dapibus.",49753,6,2
Wood Shelf,"Morbi non lectus. Aliquam sit amet diam in magna bibendum imperdiet. Nullam orci pede, venenatis non, sodales sed, tincidunt eu, felis. Fusce posuere felis sed lacus. Morbi sem mauris, laoreet ut, rhoncus aliquet, pulvinar sed, nisl.",1081,3,3
Bed Frame,Curabitur at ipsum ac tellus semper interdum.,35221,42,2
Cabinet,In hac habitasse platea dictumst. Maecenas ut massa quis augue luctus tincidunt. Nulla mollis molestie lorem.,34206,42,3
Coffee Table,"Vivamus metus arcu, adipiscing molestie, hendrerit at, vulputate vitae, nisl. Aenean lectus.",48650,1,5
Wood Lamp,"In hac habitasse platea dictumst. Aliquam augue quam, sollicitudin vitae, consectetuer eget, rutrum at, lorem. Integer tincidunt ante vel ipsum.",45656,42,1
Bench,"Vestibulum ante ipsum primis in faucibus orci luctus et ultrices posuere cubilia Curae; Nulla dapibus dolor vel est. Donec odio justo, sollicitudin ut, suscipit a, feugiat et, eros. Vestibulum ac est lacinia nisi venenatis tristique.",16432,36,1
Drawer,Nulla tempus. Vivamus in felis eu sapien cursus vestibulum. Proin eu mi.,35410,22,2
Wall Decor,Sed vel enim sit amet nunc viverra dapibus. Nulla suscipit ligula in lacus. Curabitur at ipsum ac tellus semper interdum. Mauris ullamcorper purus sit amet nulla.,3514,36,2
Wood Chair,"In tempor, turpis nec euismod scelerisque, quam turpis adipiscing lorem, vitae mattis nibh ligula nec sem. Duis aliquam convallis nunc. Proin at turpis a pede posuere nonummy. Integer non velit. Donec diam neque, vestibulum eget, vulputate ut, ultrices vel, augue.",39813,2,3
Dining Table,"Nulla suscipit ligula in lacus. Curabitur at ipsum ac tellus semper interdum. Mauris ullamcorper purus sit amet nulla. Quisque arcu libero, rutrum ac, lobortis vel, dapibus at, diam.",10349,28,3
Wood Shelf,"Quisque porta volutpat erat. Quisque erat eros, viverra eget, congue eget, semper rutrum, nulla. Nunc purus. Phasellus in felis.",2453,12,5
Bed Frame,Vivamus tortor. Duis mattis egestas metus. Aenean fermentum. Donec ut mauris eget massa tempor convallis.,16240,42,3
Cabinet,Nullam molestie nibh in lectus. Pellentesque at nulla. Suspendisse potenti.,46074,25,4
Coffee Table,"Nulla neque libero, convallis eget, eleifend luctus, ultricies eu, nibh. Quisque id justo sit amet sapien dignissim vestibulum. Vestibulum ante ipsum primis in faucibus orci luctus et ultrices posuere cubilia Curae; Nulla dapibus dolor vel est.",34463,9,2
Wood Lamp,"Nam ultrices, libero non mattis pulvinar, nulla pede ullamcorper augue, a suscipit nulla elit ac nulla. Sed vel enim sit amet nunc viverra dapibus. Nulla suscipit ligula in lacus. Curabitur at ipsum ac tellus semper interdum.",19158,34,5
Bench,"Curabitur gravida nisi at nibh. In hac habitasse platea dictumst. Aliquam augue quam, sollicitudin vitae, consectetuer eget, rutrum at, lorem. Integer tincidunt ante vel ipsum. Praesent blandit lacinia erat.",113,43,4
Drawer,Fusce consequat.,48342,40,1
Wall Decor,"Fusce lacus purus, aliquet at, feugiat non, pretium quis, lectus.",39216,30,4
Wood Chair,"Donec ut mauris eget massa tempor convallis. Nulla neque libero, convallis eget, eleifend luctus, ultricies eu, nibh. Quisque id justo sit amet sapien dignissim vestibulum. Vestibulum ante ipsum primis in faucibus orci luctus et ultrices posuere cubilia Curae; Nulla dapibus dolor vel est. Donec odio justo, sollicitudin ut, suscipit a, feugiat et, eros.",30760,11,2
Dining Table,"Sed sagittis. Nam congue, risus semper porta volutpat, quam pede lobortis ligula, sit amet eleifend pede libero quis orci. Nullam molestie nibh in lectus. Pellentesque at nulla. Suspendisse potenti.",36055,13,3
Wood Shelf,Sed accumsan felis. Ut at dolor quis odio consequat varius.,24938,39,4
Bed Frame,Etiam vel augue. Vestibulum rutrum rutrum neque. Aenean auctor gravida sem. Praesent id massa id nisl venenatis lacinia.,12466,3,2
Cabinet,"Vivamus metus arcu, adipiscing molestie, hendrerit at, vulputate vitae, nisl. Aenean lectus. Pellentesque eget nunc. Donec quis orci eget orci vehicula condimentum. Curabitur in libero ut massa volutpat convallis.",34923,24,4
Coffee Table,"Integer non velit. Donec diam neque, vestibulum eget, vulputate ut, ultrices vel, augue. Vestibulum ante ipsum primis in faucibus orci luctus et ultrices posuere cubilia Curae; Donec pharetra, magna vestibulum aliquet ultrices, erat tortor sollicitudin mi, sit amet lobortis sapien sapien non mi.",9764,27,3
Wood Lamp,Sed ante. Vivamus tortor. Duis mattis egestas metus. Aenean fermentum.,4345,46,1
Bench,"Sed sagittis. Nam congue, risus semper porta volutpat, quam pede lobortis ligula, sit amet eleifend pede libero quis orci.",49984,22,5
Drawer,Nulla tellus.,30483,46,5
Wall Decor,Nunc rhoncus dui vel sem.,47432,42,3
Wood Chair,"Quisque erat eros, viverra eget, congue eget, semper rutrum, nulla. Nunc purus. Phasellus in felis. Donec semper sapien a libero.",40199,2,1
Dining Table,"Lorem ipsum dolor sit amet, consectetuer adipiscing elit. Proin interdum mauris non ligula pellentesque ultrices. Phasellus id sapien in sapien iaculis congue. Vivamus metus arcu, adipiscing molestie, hendrerit at, vulputate vitae, nisl.",46883,3,2
Wood Shelf,Quisque ut erat. Curabitur gravida nisi at nibh.,15169,17,4
Bed Frame,Quisque ut erat.,24865,37,5
Cabinet,"Fusce posuere felis sed lacus. Morbi sem mauris, laoreet ut, rhoncus aliquet, pulvinar sed, nisl.",9756,19,2
Coffee Table,"Vestibulum sed magna at nunc commodo placerat. Praesent blandit. Nam nulla. Integer pede justo, lacinia eget, tincidunt eget, tempus vel, pede. Morbi porttitor lorem id ligula.",39281,44,3
Wood Lamp,"Nulla nisl. Nunc nisl. Duis bibendum, felis sed interdum venenatis, turpis enim blandit mi, in porttitor pede justo eu massa. Donec dapibus. Duis at velit eu est congue elementum.",14576,49,2
Bench,"Suspendisse ornare consequat lectus. In est risus, auctor sed, tristique in, tempus sit amet, sem. Fusce consequat.",33354,34,4
Drawer,Vestibulum ante ipsum primis in faucibus orci luctus et ultrices posuere cubilia Curae; Duis faucibus accumsan odio.,30401,43,2
Wall Decor,"In tempor, turpis nec euismod scelerisque, quam turpis adipiscing lorem, vitae mattis nibh ligula nec sem. Duis aliquam convallis nunc. Proin at turpis a pede posuere nonummy.",13565,13,1
Wood Chair,"Morbi vel lectus in quam fringilla rhoncus. Mauris enim leo, rhoncus sed, vestibulum sit amet, cursus id, turpis. Integer aliquet, massa id lobortis convallis, tortor risus dapibus augue, vel accumsan tellus nisi eu orci. Mauris lacinia sapien quis libero.",31068,37,3
Dining Table,"Quisque erat eros, viverra eget, congue eget, semper rutrum, nulla. Nunc purus. Phasellus in felis. Donec semper sapien a libero.",32216,17,4
Wood Shelf,Aliquam quis turpis eget elit sodales scelerisque. Mauris sit amet eros. Suspendisse accumsan tortor quis turpis. Sed ante. Vivamus tortor.,10616,21,3
Bed Frame,"Vivamus metus arcu, adipiscing molestie, hendrerit at, vulputate vitae, nisl. Aenean lectus. Pellentesque eget nunc.",8738,49,3
Cabinet,Sed accumsan felis. Ut at dolor quis odio consequat varius. Integer ac leo. Pellentesque ultrices mattis odio. Donec vitae nisi.,38664,5,4
Coffee Table,Nullam molestie nibh in lectus. Pellentesque at nulla.,49548,12,5
Wood Lamp,"Nulla nisl. Nunc nisl. Duis bibendum, felis sed interdum venenatis, turpis enim blandit mi, in porttitor pede justo eu massa. Donec dapibus.",46492,10,3
Bench,"Proin leo odio, porttitor id, consequat in, consequat ut, nulla. Sed accumsan felis. Ut at dolor quis odio consequat varius.",48694,12,3
Drawer,"Quisque id justo sit amet sapien dignissim vestibulum. Vestibulum ante ipsum primis in faucibus orci luctus et ultrices posuere cubilia Curae; Nulla dapibus dolor vel est. Donec odio justo, sollicitudin ut, suscipit a, feugiat et, eros.",43249,2,2
Wall Decor,"Vivamus vestibulum sagittis sapien. Cum sociis natoque penatibus et magnis dis parturient montes, nascetur ridiculus mus. Etiam vel augue. Vestibulum rutrum rutrum neque.",3089,15,3
Wood Chair,"Cras in purus eu magna vulputate luctus. Cum sociis natoque penatibus et magnis dis parturient montes, nascetur ridiculus mus. Vivamus vestibulum sagittis sapien.",3338,22,5
Dining Table,In eleifend quam a odio.,13438,50,3
Wood Shelf,Duis aliquam convallis nunc. Proin at turpis a pede posuere nonummy. Integer non velit.,23953,12,2
Bed Frame,Nullam varius. Nulla facilisi. Cras non velit nec nisi vulputate nonummy. Maecenas tincidunt lacus at velit.,21342,26,4
Cabinet,Maecenas pulvinar lobortis est. Phasellus sit amet erat.,44681,42,4
Coffee Table,Mauris lacinia sapien quis libero. Nullam sit amet turpis elementum ligula vehicula consequat.,36366,24,3
Wood Lamp,Sed ante. Vivamus tortor. Duis mattis egestas metus.,16678,15,1
Bench,"Donec diam neque, vestibulum eget, vulputate ut, ultrices vel, augue.",3204,22,4
Drawer,"Morbi vestibulum, velit id pretium iaculis, diam erat fermentum justo, nec condimentum neque sapien placerat ante.",11356,3,1
Wall Decor,"Nunc rhoncus dui vel sem. Sed sagittis. Nam congue, risus semper porta volutpat, quam pede lobortis ligula, sit amet eleifend pede libero quis orci. Nullam molestie nibh in lectus. Pellentesque at nulla.",39671,5,4
Wood Chair,"Donec ut mauris eget massa tempor convallis. Nulla neque libero, convallis eget, eleifend luctus, ultricies eu, nibh. Quisque id justo sit amet sapien dignissim vestibulum.",27732,20,1
Dining Table,"Suspendisse potenti. Cras in purus eu magna vulputate luctus. Cum sociis natoque penatibus et magnis dis parturient montes, nascetur ridiculus mus. Vivamus vestibulum sagittis sapien. Cum sociis natoque penatibus et magnis dis parturient montes, nascetur ridiculus mus.",39957,37,4
Wood Shelf,Vestibulum ante ipsum primis in faucibus orci luctus et ultrices posuere cubilia Curae; Nulla dapibus dolor vel est.,1722,49,2
Bed Frame,"Nunc nisl. Duis bibendum, felis sed interdum venenatis, turpis enim blandit mi, in porttitor pede justo eu massa.",24903,35,1
Cabinet,Etiam pretium iaculis justo. In hac habitasse platea dictumst. Etiam faucibus cursus urna.,20338,46,3
Coffee Table,Nullam varius. Nulla facilisi. Cras non velit nec nisi vulputate nonummy. Maecenas tincidunt lacus at velit. Vivamus vel nulla eget eros elementum pellentesque.,43777,24,1
Wood Lamp,"Duis bibendum, felis sed interdum venenatis, turpis enim blandit mi, in porttitor pede justo eu massa. Donec dapibus. Duis at velit eu est congue elementum. In hac habitasse platea dictumst.",34694,39,2
Bench,"Morbi odio odio, elementum eu, interdum eu, tincidunt in, leo. Maecenas pulvinar lobortis est.",16580,44,3
Drawer,Praesent blandit lacinia erat. Vestibulum sed magna at nunc commodo placerat. Praesent blandit. Nam nulla.,23182,16,4
Wall Decor,Vivamus vel nulla eget eros elementum pellentesque.,16680,23,1
Wood Chair,In hac habitasse platea dictumst. Maecenas ut massa quis augue luctus tincidunt. Nulla mollis molestie lorem.,25308,48,1
Dining Table,"Proin at turpis a pede posuere nonummy. Integer non velit. Donec diam neque, vestibulum eget, vulputate ut, ultrices vel, augue. Vestibulum ante ipsum primis in faucibus orci luctus et ultrices posuere cubilia Curae; Donec pharetra, magna vestibulum aliquet ultrices, erat tortor sollicitudin mi, sit amet lobortis sapien sapien non mi.",31966,45,4
Wood Shelf,"Pellentesque viverra pede ac diam. Cras pellentesque volutpat dui. Maecenas tristique, est et tempus semper, est quam pharetra magna, ac consequat metus sapien ut nunc. Vestibulum ante ipsum primis in faucibus orci luctus et ultrices posuere cubilia Curae; Mauris viverra diam vitae quam. Suspendisse potenti.",6032,43,3
Bed Frame,Maecenas pulvinar lobortis est. Phasellus sit amet erat. Nulla tempus. Vivamus in felis eu sapien cursus vestibulum.,6896,47,4
Cabinet,"Nam nulla. Integer pede justo, lacinia eget, tincidunt eget, tempus vel, pede.",18169,49,5
Coffee Table,"In sagittis dui vel nisl. Duis ac nibh. Fusce lacus purus, aliquet at, feugiat non, pretium quis, lectus.",16510,34,2
Wood Lamp,Donec vitae nisi.,33077,14,1
Bench,Nulla mollis molestie lorem. Quisque ut erat. Curabitur gravida nisi at nibh. In hac habitasse platea dictumst.,12605,32,3
Drawer,"Cras mi pede, malesuada in, imperdiet et, commodo vulputate, justo. In blandit ultrices enim. Lorem ipsum dolor sit amet, consectetuer adipiscing elit.",45779,5,5
Wall Decor,"Morbi vel lectus in quam fringilla rhoncus. Mauris enim leo, rhoncus sed, vestibulum sit amet, cursus id, turpis. Integer aliquet, massa id lobortis convallis, tortor risus dapibus augue, vel accumsan tellus nisi eu orci.",24164,21,2
Wood Chair,"Nam dui. Proin leo odio, porttitor id, consequat in, consequat ut, nulla. Sed accumsan felis. Ut at dolor quis odio consequat varius. Integer ac leo.",48063,7,1
Dining Table,Nullam varius.,34101,39,1
Wood Shelf,Donec posuere metus vitae ipsum.,5811,3,2
Bed Frame,Proin interdum mauris non ligula pellentesque ultrices.,32274,17,1
Cabinet,Nullam molestie nibh in lectus. Pellentesque at nulla. Suspendisse potenti. Cras in purus eu magna vulputate luctus.,6818,6,5
Coffee Table,Vestibulum ante ipsum primis in faucibus orci luctus et ultrices posuere cubilia Curae; Mauris viverra diam vitae quam. Suspendisse potenti. Nullam porttitor lacus at turpis. Donec posuere metus vitae ipsum.,26391,16,2
Wood Lamp,"Morbi quis tortor id nulla ultrices aliquet. Maecenas leo odio, condimentum id, luctus nec, molestie sed, justo. Pellentesque viverra pede ac diam.",33357,42,2
Bench,Vestibulum ante ipsum primis in faucibus orci luctus et ultrices posuere cubilia Curae; Nulla dapibus dolor vel est.,35193,20,5
Drawer,"Suspendisse ornare consequat lectus. In est risus, auctor sed, tristique in, tempus sit amet, sem.",23112,6,3
Wall Decor,Aliquam quis turpis eget elit sodales scelerisque. Mauris sit amet eros.,40564,31,1
Wood Chair,"Cum sociis natoque penatibus et magnis dis parturient montes, nascetur ridiculus mus. Etiam vel augue. Vestibulum rutrum rutrum neque. Aenean auctor gravida sem. Praesent id massa id nisl venenatis lacinia.",39180,44,5
Dining Table,Nunc rhoncus dui vel sem.,44996,30,4
Wood Shelf,"Curabitur at ipsum ac tellus semper interdum. Mauris ullamcorper purus sit amet nulla. Quisque arcu libero, rutrum ac, lobortis vel, dapibus at, diam. Nam tristique tortor eu pede.",36715,11,3
Bed Frame,Duis consequat dui nec nisi volutpat eleifend. Donec ut dolor. Morbi vel lectus in quam fringilla rhoncus.,46552,26,5
Cabinet,Aliquam erat volutpat. In congue. Etiam justo. Etiam pretium iaculis justo. In hac habitasse platea dictumst.,14769,14,1
Coffee Table,Suspendisse accumsan tortor quis turpis.,18888,40,2
Wood Lamp,Vestibulum rutrum rutrum neque.,36244,3,5
Bench,"Cum sociis natoque penatibus et magnis dis parturient montes, nascetur ridiculus mus. Vivamus vestibulum sagittis sapien. Cum sociis natoque penatibus et magnis dis parturient montes, nascetur ridiculus mus. Etiam vel augue.",28186,6,5
Drawer,Nunc purus. Phasellus in felis.,40731,31,4
Wall Decor,"Pellentesque viverra pede ac diam. Cras pellentesque volutpat dui. Maecenas tristique, est et tempus semper, est quam pharetra magna, ac consequat metus sapien ut nunc.",12993,2,2
Wood Chair,Suspendisse potenti. In eleifend quam a odio. In hac habitasse platea dictumst. Maecenas ut massa quis augue luctus tincidunt. Nulla mollis molestie lorem.,730,49,1
Dining Table,"Vestibulum quam sapien, varius ut, blandit non, interdum in, ante. Vestibulum ante ipsum primis in faucibus orci luctus et ultrices posuere cubilia Curae; Duis faucibus accumsan odio.",39194,47,5
Wood Shelf,"In sagittis dui vel nisl. Duis ac nibh. Fusce lacus purus, aliquet at, feugiat non, pretium quis, lectus. Suspendisse potenti. In eleifend quam a odio.",3035,25,2
Bed Frame,"Cras in purus eu magna vulputate luctus. Cum sociis natoque penatibus et magnis dis parturient montes, nascetur ridiculus mus. Vivamus vestibulum sagittis sapien. Cum sociis natoque penatibus et magnis dis parturient montes, nascetur ridiculus mus.",43750,5,5
Cabinet,Mauris lacinia sapien quis libero. Nullam sit amet turpis elementum ligula vehicula consequat.,7902,21,2
Coffee Table,"Mauris ullamcorper purus sit amet nulla. Quisque arcu libero, rutrum ac, lobortis vel, dapibus at, diam.",33904,34,5
Wood Lamp,"Morbi ut odio. Cras mi pede, malesuada in, imperdiet et, commodo vulputate, justo.",22196,23,5
Bench,"Maecenas leo odio, condimentum id, luctus nec, molestie sed, justo. Pellentesque viverra pede ac diam.",42522,2,5
Drawer,"Nam dui. Proin leo odio, porttitor id, consequat in, consequat ut, nulla. Sed accumsan felis.",24555,16,5
Wall Decor,Aenean sit amet justo. Morbi ut odio.,48056,50,2
Wood Chair,"Donec odio justo, sollicitudin ut, suscipit a, feugiat et, eros. Vestibulum ac est lacinia nisi venenatis tristique. Fusce congue, diam id ornare imperdiet, sapien urna pretium nisl, ut volutpat sapien arcu sed augue.",15309,21,3
Dining Table,Donec semper sapien a libero. Nam dui.,44180,13,4
Wood Shelf,Morbi quis tortor id nulla ultrices aliquet.,20025,22,4
Bed Frame,"Donec semper sapien a libero. Nam dui. Proin leo odio, porttitor id, consequat in, consequat ut, nulla. Sed accumsan felis. Ut at dolor quis odio consequat varius.",49099,18,4
Cabinet,Suspendisse accumsan tortor quis turpis.,43654,30,5
Coffee Table,"Nam dui. Proin leo odio, porttitor id, consequat in, consequat ut, nulla. Sed accumsan felis. Ut at dolor quis odio consequat varius. Integer ac leo.",25589,35,4
Wood Lamp,Nullam molestie nibh in lectus.,16701,41,1
Bench,Etiam pretium iaculis justo. In hac habitasse platea dictumst. Etiam faucibus cursus urna.,36434,22,5
Drawer,"Lorem ipsum dolor sit amet, consectetuer adipiscing elit. Proin risus. Praesent lectus.",20322,40,3
Wall Decor,"Nulla ac enim. In tempor, turpis nec euismod scelerisque, quam turpis adipiscing lorem, vitae mattis nibh ligula nec sem. Duis aliquam convallis nunc. Proin at turpis a pede posuere nonummy. Integer non velit.",29413,15,3
Wood Chair,Proin at turpis a pede posuere nonummy.,47285,28,4
Dining Table,"In hac habitasse platea dictumst. Aliquam augue quam, sollicitudin vitae, consectetuer eget, rutrum at, lorem.",22915,28,1
Wood Shelf,In eleifend quam a odio. In hac habitasse platea dictumst. Maecenas ut massa quis augue luctus tincidunt.,22471,10,3
Bed Frame,Phasellus sit amet erat.,17059,37,3
Cabinet,"In est risus, auctor sed, tristique in, tempus sit amet, sem.",20538,44,4
Coffee Table,"Lorem ipsum dolor sit amet, consectetuer adipiscing elit. Proin interdum mauris non ligula pellentesque ultrices. Phasellus id sapien in sapien iaculis congue. Vivamus metus arcu, adipiscing molestie, hendrerit at, vulputate vitae, nisl.",49065,28,5
Wood Lamp,"Integer pede justo, lacinia eget, tincidunt eget, tempus vel, pede. Morbi porttitor lorem id ligula. Suspendisse ornare consequat lectus. In est risus, auctor sed, tristique in, tempus sit amet, sem.",25642,47,3
Bench,In eleifend quam a odio. In hac habitasse platea dictumst. Maecenas ut massa quis augue luctus tincidunt. Nulla mollis molestie lorem. Quisque ut erat.,18554,26,5
Drawer,Aliquam quis turpis eget elit sodales scelerisque. Mauris sit amet eros. Suspendisse accumsan tortor quis turpis. Sed ante.,9636,34,4
Wall Decor,Aenean sit amet justo. Morbi ut odio.,27468,47,5
Wood Chair,In congue.,2979,31,3
Dining Table,"Sed sagittis. Nam congue, risus semper porta volutpat, quam pede lobortis ligula, sit amet eleifend pede libero quis orci.",26687,48,1
Wood Shelf,"Fusce lacus purus, aliquet at, feugiat non, pretium quis, lectus. Suspendisse potenti. In eleifend quam a odio. In hac habitasse platea dictumst.",21192,13,5
Bed Frame,"Integer aliquet, massa id lobortis convallis, tortor risus dapibus augue, vel accumsan tellus nisi eu orci. Mauris lacinia sapien quis libero.",18453,7,1
Cabinet,"Morbi quis tortor id nulla ultrices aliquet. Maecenas leo odio, condimentum id, luctus nec, molestie sed, justo. Pellentesque viverra pede ac diam. Cras pellentesque volutpat dui. Maecenas tristique, est et tempus semper, est quam pharetra magna, ac consequat metus sapien ut nunc.",46241,23,1
Coffee Table,"In est risus, auctor sed, tristique in, tempus sit amet, sem. Fusce consequat. Nulla nisl.",17098,20,3
Wood Lamp,"Donec quis orci eget orci vehicula condimentum. Curabitur in libero ut massa volutpat convallis. Morbi odio odio, elementum eu, interdum eu, tincidunt in, leo.",16626,35,1
Bench,Nulla ut erat id mauris vulputate elementum.,15030,21,1
Drawer,Vestibulum ante ipsum primis in faucibus orci luctus et ultrices posuere cubilia Curae; Duis faucibus accumsan odio. Curabitur convallis. Duis consequat dui nec nisi volutpat eleifend.,38033,23,3
Wall Decor,"Maecenas tincidunt lacus at velit. Vivamus vel nulla eget eros elementum pellentesque. Quisque porta volutpat erat. Quisque erat eros, viverra eget, congue eget, semper rutrum, nulla. Nunc purus.",29674,44,3
Wood Chair,In hac habitasse platea dictumst. Maecenas ut massa quis augue luctus tincidunt. Nulla mollis molestie lorem. Quisque ut erat. Curabitur gravida nisi at nibh.,35515,40,5
Dining Table,Integer tincidunt ante vel ipsum. Praesent blandit lacinia erat. Vestibulum sed magna at nunc commodo placerat. Praesent blandit. Nam nulla.,45292,30,5
Wood Shelf,Proin eu mi. Nulla ac enim.,39124,18,5
Bed Frame,"Vestibulum sed magna at nunc commodo placerat. Praesent blandit. Nam nulla. Integer pede justo, lacinia eget, tincidunt eget, tempus vel, pede.",37583,32,5
Cabinet,"Sed vel enim sit amet nunc viverra dapibus. Nulla suscipit ligula in lacus. Curabitur at ipsum ac tellus semper interdum. Mauris ullamcorper purus sit amet nulla. Quisque arcu libero, rutrum ac, lobortis vel, dapibus at, diam.",35925,26,1
Coffee Table,"Suspendisse ornare consequat lectus. In est risus, auctor sed, tristique in, tempus sit amet, sem. Fusce consequat. Nulla nisl. Nunc nisl.",22466,15,3
Wood Lamp,Morbi non quam nec dui luctus rutrum. Nulla tellus. In sagittis dui vel nisl. Duis ac nibh.,32154,49,5
Bench,Nam nulla.,28083,3,4
Drawer,In hac habitasse platea dictumst.,26783,15,5
Wall Decor,Maecenas ut massa quis augue luctus tincidunt. Nulla mollis molestie lorem. Quisque ut erat.,4720,9,4
Wood Chair,"Proin leo odio, porttitor id, consequat in, consequat ut, nulla. Sed accumsan felis. Ut at dolor quis odio consequat varius.",43693,19,1
Dining Table,"Cum sociis natoque penatibus et magnis dis parturient montes, nascetur ridiculus mus. Vivamus vestibulum sagittis sapien. Cum sociis natoque penatibus et magnis dis parturient montes, nascetur ridiculus mus. Etiam vel augue.",16102,14,1
Wood Shelf,"Morbi vel lectus in quam fringilla rhoncus. Mauris enim leo, rhoncus sed, vestibulum sit amet, cursus id, turpis. Integer aliquet, massa id lobortis convallis, tortor risus dapibus augue, vel accumsan tellus nisi eu orci. Mauris lacinia sapien quis libero.",37228,2,1
Bed Frame,Nullam molestie nibh in lectus.,43204,31,1
Cabinet,Nulla ut erat id mauris vulputate elementum. Nullam varius.,29987,13,5
Coffee Table,Vestibulum sed magna at nunc commodo placerat.,46996,49,1
Wood Lamp,"Donec diam neque, vestibulum eget, vulputate ut, ultrices vel, augue. Vestibulum ante ipsum primis in faucibus orci luctus et ultrices posuere cubilia Curae; Donec pharetra, magna vestibulum aliquet ultrices, erat tortor sollicitudin mi, sit amet lobortis sapien sapien non mi. Integer ac neque. Duis bibendum. Morbi non quam nec dui luctus rutrum.",16230,34,2
Bench,Maecenas pulvinar lobortis est. Phasellus sit amet erat. Nulla tempus. Vivamus in felis eu sapien cursus vestibulum. Proin eu mi.,19289,1,3
Drawer,"Morbi ut odio. Cras mi pede, malesuada in, imperdiet et, commodo vulputate, justo. In blandit ultrices enim. Lorem ipsum dolor sit amet, consectetuer adipiscing elit.",48597,44,1
Wall Decor,"Nulla suscipit ligula in lacus. Curabitur at ipsum ac tellus semper interdum. Mauris ullamcorper purus sit amet nulla. Quisque arcu libero, rutrum ac, lobortis vel, dapibus at, diam.",17768,6,5
Wood Chair,"Proin leo odio, porttitor id, consequat in, consequat ut, nulla. Sed accumsan felis.",7413,35,2
Dining Table,"Morbi porttitor lorem id ligula. Suspendisse ornare consequat lectus. In est risus, auctor sed, tristique in, tempus sit amet, sem. Fusce consequat.",39244,37,5
Wood Shelf,"Morbi quis tortor id nulla ultrices aliquet. Maecenas leo odio, condimentum id, luctus nec, molestie sed, justo. Pellentesque viverra pede ac diam. Cras pellentesque volutpat dui. Maecenas tristique, est et tempus semper, est quam pharetra magna, ac consequat metus sapien ut nunc.",26437,9,2
Bed Frame,"In blandit ultrices enim. Lorem ipsum dolor sit amet, consectetuer adipiscing elit.",23002,50,2
Cabinet,Vivamus in felis eu sapien cursus vestibulum. Proin eu mi. Nulla ac enim.,35637,37,2
Coffee Table,Duis aliquam convallis nunc. Proin at turpis a pede posuere nonummy.,3512,46,4
Wood Lamp,"Integer aliquet, massa id lobortis convallis, tortor risus dapibus augue, vel accumsan tellus nisi eu orci. Mauris lacinia sapien quis libero.",44895,14,2
Bench,"Cum sociis natoque penatibus et magnis dis parturient montes, nascetur ridiculus mus. Vivamus vestibulum sagittis sapien. Cum sociis natoque penatibus et magnis dis parturient montes, nascetur ridiculus mus. Etiam vel augue.",41546,49,1
Drawer,In congue.,597,4,1
Wall Decor,"Fusce lacus purus, aliquet at, feugiat non, pretium quis, lectus.",23677,39,5
Wood Chair,"Nulla ac enim. In tempor, turpis nec euismod scelerisque, quam turpis adipiscing lorem, vitae mattis nibh ligula nec sem. Duis aliquam convallis nunc. Proin at turpis a pede posuere nonummy.",7996,17,4
Dining Table,Donec ut dolor.,5953,19,1
Wood Shelf,Morbi non quam nec dui luctus rutrum.,49310,27,2
Bed Frame,"Aliquam augue quam, sollicitudin vitae, consectetuer eget, rutrum at, lorem. Integer tincidunt ante vel ipsum.",22643,26,2
Cabinet,Duis consequat dui nec nisi volutpat eleifend. Donec ut dolor.,28143,7,1
Coffee Table,Phasellus sit amet erat.,39145,9,3
Wood Lamp,Sed ante. Vivamus tortor. Duis mattis egestas metus. Aenean fermentum.,27874,33,2
Bench,Etiam justo. Etiam pretium iaculis justo. In hac habitasse platea dictumst.,6789,28,2
Drawer,"Morbi porttitor lorem id ligula. Suspendisse ornare consequat lectus. In est risus, auctor sed, tristique in, tempus sit amet, sem. Fusce consequat. Nulla nisl.",48362,45,3
Wall Decor,Nulla tellus. In sagittis dui vel nisl.,31185,28,2
Wood Chair,"Lorem ipsum dolor sit amet, consectetuer adipiscing elit.",22275,34,1
Dining Table,Vivamus in felis eu sapien cursus vestibulum. Proin eu mi.,40430,49,2
Wood Shelf,Integer a nibh. In quis justo. Maecenas rhoncus aliquam lacus.,19118,38,4
Bed Frame,"Curabitur convallis. Duis consequat dui nec nisi volutpat eleifend. Donec ut dolor. Morbi vel lectus in quam fringilla rhoncus. Mauris enim leo, rhoncus sed, vestibulum sit amet, cursus id, turpis.",35165,13,3
Cabinet,"In quis justo. Maecenas rhoncus aliquam lacus. Morbi quis tortor id nulla ultrices aliquet. Maecenas leo odio, condimentum id, luctus nec, molestie sed, justo. Pellentesque viverra pede ac diam.",33866,45,3
Coffee Table,Sed ante. Vivamus tortor. Duis mattis egestas metus. Aenean fermentum. Donec ut mauris eget massa tempor convallis.,20292,37,5
Wood Lamp,"Fusce lacus purus, aliquet at, feugiat non, pretium quis, lectus. Suspendisse potenti.",46777,27,1
Bench,"In hac habitasse platea dictumst. Aliquam augue quam, sollicitudin vitae, consectetuer eget, rutrum at, lorem. Integer tincidunt ante vel ipsum. Praesent blandit lacinia erat. Vestibulum sed magna at nunc commodo placerat.",23983,11,1
Drawer,"Proin risus. Praesent lectus. Vestibulum quam sapien, varius ut, blandit non, interdum in, ante. Vestibulum ante ipsum primis in faucibus orci luctus et ultrices posuere cubilia Curae; Duis faucibus accumsan odio. Curabitur convallis.",11372,48,1
Wall Decor,"Nulla ac enim. In tempor, turpis nec euismod scelerisque, quam turpis adipiscing lorem, vitae mattis nibh ligula nec sem. Duis aliquam convallis nunc. Proin at turpis a pede posuere nonummy.",44678,7,5
Wood Chair,Suspendisse accumsan tortor quis turpis. Sed ante. Vivamus tortor. Duis mattis egestas metus. Aenean fermentum.,38269,28,3
Dining Table,"Morbi porttitor lorem id ligula. Suspendisse ornare consequat lectus. In est risus, auctor sed, tristique in, tempus sit amet, sem. Fusce consequat.",29524,16,1
Wood Shelf,Aenean auctor gravida sem. Praesent id massa id nisl venenatis lacinia.,25175,5,3
Bed Frame,"Praesent lectus. Vestibulum quam sapien, varius ut, blandit non, interdum in, ante.",32129,40,1
Cabinet,Integer ac neque. Duis bibendum.,48370,25,3
Coffee Table,"Morbi vestibulum, velit id pretium iaculis, diam erat fermentum justo, nec condimentum neque sapien placerat ante. Nulla justo. Aliquam quis turpis eget elit sodales scelerisque. Mauris sit amet eros. Suspendisse accumsan tortor quis turpis.",21278,41,4
Wood Lamp,Ut at dolor quis odio consequat varius. Integer ac leo. Pellentesque ultrices mattis odio.,1301,49,4
Bench,"Cum sociis natoque penatibus et magnis dis parturient montes, nascetur ridiculus mus. Etiam vel augue. Vestibulum rutrum rutrum neque.",30953,29,2
Drawer,"In hac habitasse platea dictumst. Aliquam augue quam, sollicitudin vitae, consectetuer eget, rutrum at, lorem.",36127,16,4
Wall Decor,"Morbi quis tortor id nulla ultrices aliquet. Maecenas leo odio, condimentum id, luctus nec, molestie sed, justo. Pellentesque viverra pede ac diam. Cras pellentesque volutpat dui. Maecenas tristique, est et tempus semper, est quam pharetra magna, ac consequat metus sapien ut nunc.",26561,48,5
Wood Chair,Morbi non quam nec dui luctus rutrum. Nulla tellus.,2930,2,2
Dining Table,Duis at velit eu est congue elementum.,31446,47,3
Wood Shelf,"Cras in purus eu magna vulputate luctus. Cum sociis natoque penatibus et magnis dis parturient montes, nascetur ridiculus mus. Vivamus vestibulum sagittis sapien. Cum sociis natoque penatibus et magnis dis parturient montes, nascetur ridiculus mus.",19636,11,1
Bed Frame,"Praesent blandit. Nam nulla. Integer pede justo, lacinia eget, tincidunt eget, tempus vel, pede. Morbi porttitor lorem id ligula. Suspendisse ornare consequat lectus.",25218,50,1
Cabinet,"Curabitur in libero ut massa volutpat convallis. Morbi odio odio, elementum eu, interdum eu, tincidunt in, leo.",10139,21,1
Coffee Table,Nullam varius. Nulla facilisi. Cras non velit nec nisi vulputate nonummy. Maecenas tincidunt lacus at velit.,27413,27,5
Wood Lamp,Duis bibendum. Morbi non quam nec dui luctus rutrum.,38671,37,3
Bench,"Mauris enim leo, rhoncus sed, vestibulum sit amet, cursus id, turpis. Integer aliquet, massa id lobortis convallis, tortor risus dapibus augue, vel accumsan tellus nisi eu orci. Mauris lacinia sapien quis libero.",49447,15,1
Drawer,Vivamus tortor. Duis mattis egestas metus. Aenean fermentum.,20864,2,3
Wall Decor,"Curabitur in libero ut massa volutpat convallis. Morbi odio odio, elementum eu, interdum eu, tincidunt in, leo.",14807,47,3
Wood Chair,"Nullam orci pede, venenatis non, sodales sed, tincidunt eu, felis. Fusce posuere felis sed lacus. Morbi sem mauris, laoreet ut, rhoncus aliquet, pulvinar sed, nisl.",29202,21,3
Dining Table,Quisque ut erat. Curabitur gravida nisi at nibh.,35193,22,5
Wood Shelf,"Nam congue, risus semper porta volutpat, quam pede lobortis ligula, sit amet eleifend pede libero quis orci. Nullam molestie nibh in lectus. Pellentesque at nulla. Suspendisse potenti. Cras in purus eu magna vulputate luctus.",10450,3,1
Bed Frame,"Vivamus vestibulum sagittis sapien. Cum sociis natoque penatibus et magnis dis parturient montes, nascetur ridiculus mus. Etiam vel augue.",9983,17,2
Cabinet,Vivamus vel nulla eget eros elementum pellentesque.,21053,39,2
Coffee Table,"Cum sociis natoque penatibus et magnis dis parturient montes, nascetur ridiculus mus. Etiam vel augue. Vestibulum rutrum rutrum neque. Aenean auctor gravida sem. Praesent id massa id nisl venenatis lacinia.",28404,28,1
Wood Lamp,Phasellus in felis. Donec semper sapien a libero.,16512,13,1
Bench,Nulla facilisi. Cras non velit nec nisi vulputate nonummy. Maecenas tincidunt lacus at velit.,17215,37,4
Drawer,Maecenas pulvinar lobortis est. Phasellus sit amet erat. Nulla tempus.,4006,11,2
Wall Decor,Vestibulum ante ipsum primis in faucibus orci luctus et ultrices posuere cubilia Curae; Mauris viverra diam vitae quam. Suspendisse potenti.,25729,49,4
Wood Chair,Pellentesque ultrices mattis odio.,19456,48,1
Dining Table,Maecenas tincidunt lacus at velit. Vivamus vel nulla eget eros elementum pellentesque.,25207,21,1
Wood Shelf,Etiam pretium iaculis justo. In hac habitasse platea dictumst. Etiam faucibus cursus urna. Ut tellus. Nulla ut erat id mauris vulputate elementum.,44463,7,5
Bed Frame,Integer ac leo. Pellentesque ultrices mattis odio.,7843,41,1
Cabinet,"Cras in purus eu magna vulputate luctus. Cum sociis natoque penatibus et magnis dis parturient montes, nascetur ridiculus mus. Vivamus vestibulum sagittis sapien. Cum sociis natoque penatibus et magnis dis parturient montes, nascetur ridiculus mus.",47062,6,3
Coffee Table,"Vestibulum ante ipsum primis in faucibus orci luctus et ultrices posuere cubilia Curae; Nulla dapibus dolor vel est. Donec odio justo, sollicitudin ut, suscipit a, feugiat et, eros. Vestibulum ac est lacinia nisi venenatis tristique.",29435,2,4
Wood Lamp,"Proin interdum mauris non ligula pellentesque ultrices. Phasellus id sapien in sapien iaculis congue. Vivamus metus arcu, adipiscing molestie, hendrerit at, vulputate vitae, nisl. Aenean lectus. Pellentesque eget nunc.",27497,45,4
Bench,"Nulla ac enim. In tempor, turpis nec euismod scelerisque, quam turpis adipiscing lorem, vitae mattis nibh ligula nec sem. Duis aliquam convallis nunc.",17909,45,5
Drawer,"Aliquam augue quam, sollicitudin vitae, consectetuer eget, rutrum at, lorem.",14714,48,2
Wall Decor,"In hac habitasse platea dictumst. Aliquam augue quam, sollicitudin vitae, consectetuer eget, rutrum at, lorem. Integer tincidunt ante vel ipsum.",18655,23,4
Wood Chair,Duis at velit eu est congue elementum. In hac habitasse platea dictumst.,39040,33,3
Dining Table,Aliquam sit amet diam in magna bibendum imperdiet.,22277,30,5
Wood Shelf,"Morbi quis tortor id nulla ultrices aliquet. Maecenas leo odio, condimentum id, luctus nec, molestie sed, justo. Pellentesque viverra pede ac diam.",33595,29,4
Bed Frame,Praesent blandit. Nam nulla.,32661,21,3
Cabinet,"Integer non velit. Donec diam neque, vestibulum eget, vulputate ut, ultrices vel, augue. Vestibulum ante ipsum primis in faucibus orci luctus et ultrices posuere cubilia Curae; Donec pharetra, magna vestibulum aliquet ultrices, erat tortor sollicitudin mi, sit amet lobortis sapien sapien non mi. Integer ac neque.",3528,50,3
Coffee Table,"Quisque ut erat. Curabitur gravida nisi at nibh. In hac habitasse platea dictumst. Aliquam augue quam, sollicitudin vitae, consectetuer eget, rutrum at, lorem.",17096,17,4
Wood Lamp,Phasellus sit amet erat. Nulla tempus. Vivamus in felis eu sapien cursus vestibulum. Proin eu mi. Nulla ac enim.,43531,14,5
Bench,Vestibulum ante ipsum primis in faucibus orci luctus et ultrices posuere cubilia Curae; Duis faucibus accumsan odio. Curabitur convallis. Duis consequat dui nec nisi volutpat eleifend. Donec ut dolor.,31876,16,1
Drawer,"Lorem ipsum dolor sit amet, consectetuer adipiscing elit. Proin interdum mauris non ligula pellentesque ultrices. Phasellus id sapien in sapien iaculis congue. Vivamus metus arcu, adipiscing molestie, hendrerit at, vulputate vitae, nisl. Aenean lectus.",4875,11,2
Wall Decor,"Donec ut mauris eget massa tempor convallis. Nulla neque libero, convallis eget, eleifend luctus, ultricies eu, nibh. Quisque id justo sit amet sapien dignissim vestibulum.",3289,24,2
Wood Chair,Nulla ut erat id mauris vulputate elementum. Nullam varius. Nulla facilisi. Cras non velit nec nisi vulputate nonummy.,38360,28,1
Dining Table,"Vestibulum quam sapien, varius ut, blandit non, interdum in, ante. Vestibulum ante ipsum primis in faucibus orci luctus et ultrices posuere cubilia Curae; Duis faucibus accumsan odio. Curabitur convallis. Duis consequat dui nec nisi volutpat eleifend. Donec ut dolor.",27926,30,2
Wood Shelf,Maecenas pulvinar lobortis est. Phasellus sit amet erat. Nulla tempus. Vivamus in felis eu sapien cursus vestibulum. Proin eu mi.,24572,32,5
Bed Frame,In hac habitasse platea dictumst. Maecenas ut massa quis augue luctus tincidunt. Nulla mollis molestie lorem.,20013,26,5
Cabinet,Sed accumsan felis. Ut at dolor quis odio consequat varius.,14450,40,1
Coffee Table,"Maecenas rhoncus aliquam lacus. Morbi quis tortor id nulla ultrices aliquet. Maecenas leo odio, condimentum id, luctus nec, molestie sed, justo.",12775,26,4
Wood Lamp,"Aenean sit amet justo. Morbi ut odio. Cras mi pede, malesuada in, imperdiet et, commodo vulputate, justo. In blandit ultrices enim.",48168,25,3
Bench,Integer ac neque. Duis bibendum.,33383,24,1
Drawer,"In tempor, turpis nec euismod scelerisque, quam turpis adipiscing lorem, vitae mattis nibh ligula nec sem. Duis aliquam convallis nunc. Proin at turpis a pede posuere nonummy. Integer non velit.",10323,14,4
Wall Decor,"Cras non velit nec nisi vulputate nonummy. Maecenas tincidunt lacus at velit. Vivamus vel nulla eget eros elementum pellentesque. Quisque porta volutpat erat. Quisque erat eros, viverra eget, congue eget, semper rutrum, nulla.",43113,29,5
Wood Chair,Integer tincidunt ante vel ipsum. Praesent blandit lacinia erat.,5551,18,4
Dining Table,Duis bibendum. Morbi non quam nec dui luctus rutrum. Nulla tellus.,11987,15,3
Wood Shelf,"Nam congue, risus semper porta volutpat, quam pede lobortis ligula, sit amet eleifend pede libero quis orci.",7164,40,1
Bed Frame,"Cum sociis natoque penatibus et magnis dis parturient montes, nascetur ridiculus mus. Etiam vel augue. Vestibulum rutrum rutrum neque. Aenean auctor gravida sem.",30408,49,4
Cabinet,"Aenean sit amet justo. Morbi ut odio. Cras mi pede, malesuada in, imperdiet et, commodo vulputate, justo.",8911,12,4
Coffee Table,Nunc purus. Phasellus in felis.,7900,17,3
Wood Lamp,"Quisque arcu libero, rutrum ac, lobortis vel, dapibus at, diam.",6581,16,4
Bench,Praesent blandit lacinia erat. Vestibulum sed magna at nunc commodo placerat. Praesent blandit. Nam nulla.,16162,25,3
Drawer,Aenean auctor gravida sem. Praesent id massa id nisl venenatis lacinia.,33095,47,5
Wall Decor,In hac habitasse platea dictumst. Etiam faucibus cursus urna. Ut tellus. Nulla ut erat id mauris vulputate elementum.,12013,37,5
Wood Chair,"Praesent blandit. Nam nulla. Integer pede justo, lacinia eget, tincidunt eget, tempus vel, pede.",3227,13,4
Dining Table,Aenean fermentum. Donec ut mauris eget massa tempor convallis.,4663,34,3
Wood Shelf,"Nam ultrices, libero non mattis pulvinar, nulla pede ullamcorper augue, a suscipit nulla elit ac nulla. Sed vel enim sit amet nunc viverra dapibus.",5652,36,3
Bed Frame,"Morbi non quam nec dui luctus rutrum. Nulla tellus. In sagittis dui vel nisl. Duis ac nibh. Fusce lacus purus, aliquet at, feugiat non, pretium quis, lectus.",8636,28,5
Cabinet,"Morbi vel lectus in quam fringilla rhoncus. Mauris enim leo, rhoncus sed, vestibulum sit amet, cursus id, turpis. Integer aliquet, massa id lobortis convallis, tortor risus dapibus augue, vel accumsan tellus nisi eu orci. Mauris lacinia sapien quis libero.",25721,45,2
Coffee Table,"Mauris enim leo, rhoncus sed, vestibulum sit amet, cursus id, turpis.",35188,40,1
Wood Lamp,Suspendisse accumsan tortor quis turpis.,9183,47,3
Bench,Proin at turpis a pede posuere nonummy.,39540,7,1
Drawer,Duis bibendum. Morbi non quam nec dui luctus rutrum. Nulla tellus. In sagittis dui vel nisl. Duis ac nibh.,26754,11,5
Wall Decor,Etiam faucibus cursus urna.,2329,23,5
Wood Chair,"Pellentesque viverra pede ac diam. Cras pellentesque volutpat dui. Maecenas tristique, est et tempus semper, est quam pharetra magna, ac consequat metus sapien ut nunc. Vestibulum ante ipsum primis in faucibus orci luctus et ultrices posuere cubilia Curae; Mauris viverra diam vitae quam.",575,14,5
Dining Table,"Morbi odio odio, elementum eu, interdum eu, tincidunt in, leo. Maecenas pulvinar lobortis est. Phasellus sit amet erat. Nulla tempus.",48578,17,4
Wood Shelf,Etiam pretium iaculis justo. In hac habitasse platea dictumst.,37906,17,4
Bed Frame,Nulla nisl. Nunc nisl.,2776,23,2
Cabinet,Nulla tempus.,39841,15,3
Coffee Table,"Nulla neque libero, convallis eget, eleifend luctus, ultricies eu, nibh. Quisque id justo sit amet sapien dignissim vestibulum.",9767,48,2
Wood Lamp,Nunc purus. Phasellus in felis.,2053,39,3
Bench,"Cras pellentesque volutpat dui. Maecenas tristique, est et tempus semper, est quam pharetra magna, ac consequat metus sapien ut nunc.",4165,48,5
Drawer,Proin eu mi.,47024,35,5
Wall Decor,"Morbi porttitor lorem id ligula. Suspendisse ornare consequat lectus. In est risus, auctor sed, tristique in, tempus sit amet, sem. Fusce consequat. Nulla nisl.",19815,16,2
Wood Chair,"Morbi non lectus. Aliquam sit amet diam in magna bibendum imperdiet. Nullam orci pede, venenatis non, sodales sed, tincidunt eu, felis. Fusce posuere felis sed lacus.",11919,38,4
Dining Table,Duis at velit eu est congue elementum. In hac habitasse platea dictumst.,10541,4,3
Wood Shelf,Donec quis orci eget orci vehicula condimentum.,46856,30,4
Bed Frame,"Integer pede justo, lacinia eget, tincidunt eget, tempus vel, pede.",8622,12,4
Cabinet,"Pellentesque eget nunc. Donec quis orci eget orci vehicula condimentum. Curabitur in libero ut massa volutpat convallis. Morbi odio odio, elementum eu, interdum eu, tincidunt in, leo. Maecenas pulvinar lobortis est.",11152,42,3
Coffee Table,"Morbi vestibulum, velit id pretium iaculis, diam erat fermentum justo, nec condimentum neque sapien placerat ante. Nulla justo. Aliquam quis turpis eget elit sodales scelerisque. Mauris sit amet eros. Suspendisse accumsan tortor quis turpis.",16731,9,5
Wood Lamp,Suspendisse potenti. Nullam porttitor lacus at turpis.,47888,37,1
Bench,"Nunc rhoncus dui vel sem. Sed sagittis. Nam congue, risus semper porta volutpat, quam pede lobortis ligula, sit amet eleifend pede libero quis orci. Nullam molestie nibh in lectus. Pellentesque at nulla.",18184,35,2
Drawer,"Quisque porta volutpat erat. Quisque erat eros, viverra eget, congue eget, semper rutrum, nulla. Nunc purus. Phasellus in felis. Donec semper sapien a libero.",26495,47,2
Wall Decor,"Donec diam neque, vestibulum eget, vulputate ut, ultrices vel, augue. Vestibulum ante ipsum primis in faucibus orci luctus et ultrices posuere cubilia Curae; Donec pharetra, magna vestibulum aliquet ultrices, erat tortor sollicitudin mi, sit amet lobortis sapien sapien non mi. Integer ac neque.",43406,31,4
Wood Chair,"Quisque erat eros, viverra eget, congue eget, semper rutrum, nulla. Nunc purus. Phasellus in felis. Donec semper sapien a libero.",8341,17,4
Dining Table,"Cras pellentesque volutpat dui. Maecenas tristique, est et tempus semper, est quam pharetra magna, ac consequat metus sapien ut nunc. Vestibulum ante ipsum primis in faucibus orci luctus et ultrices posuere cubilia Curae; Mauris viverra diam vitae quam. Suspendisse potenti.",11003,14,4
Wood Shelf,Quisque ut erat.,2571,36,5
Bed Frame,Etiam faucibus cursus urna. Ut tellus. Nulla ut erat id mauris vulputate elementum.,44981,8,5
Cabinet,Nulla suscipit ligula in lacus. Curabitur at ipsum ac tellus semper interdum. Mauris ullamcorper purus sit amet nulla.,44851,35,4
Coffee Table,"Morbi non quam nec dui luctus rutrum. Nulla tellus. In sagittis dui vel nisl. Duis ac nibh. Fusce lacus purus, aliquet at, feugiat non, pretium quis, lectus.",43076,41,2
Wood Lamp,"Duis bibendum, felis sed interdum venenatis, turpis enim blandit mi, in porttitor pede justo eu massa. Donec dapibus. Duis at velit eu est congue elementum. In hac habitasse platea dictumst. Morbi vestibulum, velit id pretium iaculis, diam erat fermentum justo, nec condimentum neque sapien placerat ante.",45107,31,3
Bench,Vestibulum ante ipsum primis in faucibus orci luctus et ultrices posuere cubilia Curae; Mauris viverra diam vitae quam.,44590,14,3
Drawer,Cras non velit nec nisi vulputate nonummy. Maecenas tincidunt lacus at velit. Vivamus vel nulla eget eros elementum pellentesque. Quisque porta volutpat erat.,6342,20,1
Wall Decor,"Nulla nisl. Nunc nisl. Duis bibendum, felis sed interdum venenatis, turpis enim blandit mi, in porttitor pede justo eu massa.",21053,44,4
Wood Chair,In blandit ultrices enim.,49826,29,2
Dining Table,"Proin at turpis a pede posuere nonummy. Integer non velit. Donec diam neque, vestibulum eget, vulputate ut, ultrices vel, augue.",11168,17,5
Wood Shelf,"Nulla tellus. In sagittis dui vel nisl. Duis ac nibh. Fusce lacus purus, aliquet at, feugiat non, pretium quis, lectus.",38211,17,4
Bed Frame,Vestibulum ante ipsum primis in faucibus orci luctus et ultrices posuere cubilia Curae; Duis faucibus accumsan odio. Curabitur convallis. Duis consequat dui nec nisi volutpat eleifend. Donec ut dolor. Morbi vel lectus in quam fringilla rhoncus.,2205,38,2
Cabinet,"Fusce lacus purus, aliquet at, feugiat non, pretium quis, lectus. Suspendisse potenti.",31600,25,4
Coffee Table,"Morbi porttitor lorem id ligula. Suspendisse ornare consequat lectus. In est risus, auctor sed, tristique in, tempus sit amet, sem. Fusce consequat.",26533,47,1
Wood Lamp,"Vestibulum quam sapien, varius ut, blandit non, interdum in, ante. Vestibulum ante ipsum primis in faucibus orci luctus et ultrices posuere cubilia Curae; Duis faucibus accumsan odio. Curabitur convallis. Duis consequat dui nec nisi volutpat eleifend.",34940,14,2
Bench,Suspendisse ornare consequat lectus.,25207,37,1
Drawer,Sed ante. Vivamus tortor.,31300,37,5
Wall Decor,"Aenean sit amet justo. Morbi ut odio. Cras mi pede, malesuada in, imperdiet et, commodo vulputate, justo.",43135,21,5
Wood Chair,Proin eu mi.,44290,35,1
Dining Table,"Morbi ut odio. Cras mi pede, malesuada in, imperdiet et, commodo vulputate, justo. In blandit ultrices enim.",49756,24,1
Wood Shelf,"Cras in purus eu magna vulputate luctus. Cum sociis natoque penatibus et magnis dis parturient montes, nascetur ridiculus mus.",5849,11,4
Bed Frame,"Lorem ipsum dolor sit amet, consectetuer adipiscing elit. Proin interdum mauris non ligula pellentesque ultrices. Phasellus id sapien in sapien iaculis congue. Vivamus metus arcu, adipiscing molestie, hendrerit at, vulputate vitae, nisl.",3207,4,4
Cabinet,Aliquam non mauris. Morbi non lectus. Aliquam sit amet diam in magna bibendum imperdiet.,47008,30,4
Coffee Table,"Nunc nisl. Duis bibendum, felis sed interdum venenatis, turpis enim blandit mi, in porttitor pede justo eu massa. Donec dapibus. Duis at velit eu est congue elementum. In hac habitasse platea dictumst.",25709,39,3
Wood Lamp,"Nam dui. Proin leo odio, porttitor id, consequat in, consequat ut, nulla.",31854,32,5
Bench,Suspendisse potenti. Nullam porttitor lacus at turpis.,12959,27,3
Drawer,Duis at velit eu est congue elementum. In hac habitasse platea dictumst.,12205,22,3
Wall Decor,"Maecenas leo odio, condimentum id, luctus nec, molestie sed, justo. Pellentesque viverra pede ac diam.",1854,3,1
Wood Chair,Maecenas pulvinar lobortis est.,17388,48,1
Dining Table,Suspendisse potenti. In eleifend quam a odio. In hac habitasse platea dictumst. Maecenas ut massa quis augue luctus tincidunt. Nulla mollis molestie lorem.,47745,14,4
Wood Shelf,Maecenas pulvinar lobortis est.,17941,22,3
Bed Frame,Nulla nisl. Nunc nisl.,37396,33,4
Cabinet,"Quisque arcu libero, rutrum ac, lobortis vel, dapibus at, diam. Nam tristique tortor eu pede.",1793,32,4
Coffee Table,Pellentesque ultrices mattis odio.,3411,26,1
Wood Lamp,Duis aliquam convallis nunc. Proin at turpis a pede posuere nonummy.,38133,48,2
Bench,"Duis aliquam convallis nunc. Proin at turpis a pede posuere nonummy. Integer non velit. Donec diam neque, vestibulum eget, vulputate ut, ultrices vel, augue.",7664,5,4
Drawer,"Duis mattis egestas metus. Aenean fermentum. Donec ut mauris eget massa tempor convallis. Nulla neque libero, convallis eget, eleifend luctus, ultricies eu, nibh.",14888,21,5
Wall Decor,Etiam justo. Etiam pretium iaculis justo. In hac habitasse platea dictumst. Etiam faucibus cursus urna. Ut tellus.,13493,40,5
Wood Chair,"Nam congue, risus semper porta volutpat, quam pede lobortis ligula, sit amet eleifend pede libero quis orci. Nullam molestie nibh in lectus. Pellentesque at nulla. Suspendisse potenti. Cras in purus eu magna vulputate luctus.",28062,28,5
Dining Table,"Nam dui. Proin leo odio, porttitor id, consequat in, consequat ut, nulla. Sed accumsan felis.",15243,28,5
Wood Shelf,Nulla facilisi. Cras non velit nec nisi vulputate nonummy. Maecenas tincidunt lacus at velit.,6872,30,5
Bed Frame,Praesent blandit lacinia erat.,13114,36,3
Cabinet,"Quisque porta volutpat erat. Quisque erat eros, viverra eget, congue eget, semper rutrum, nulla. Nunc purus. Phasellus in felis. Donec semper sapien a libero.",9036,33,4
Coffee Table,Integer tincidunt ante vel ipsum. Praesent blandit lacinia erat. Vestibulum sed magna at nunc commodo placerat.,35846,29,5
Wood Lamp,"In tempor, turpis nec euismod scelerisque, quam turpis adipiscing lorem, vitae mattis nibh ligula nec sem. Duis aliquam convallis nunc. Proin at turpis a pede posuere nonummy. Integer non velit.",19587,41,5
Bench,Aenean fermentum. Donec ut mauris eget massa tempor convallis.,43934,8,5
Drawer,"Phasellus id sapien in sapien iaculis congue. Vivamus metus arcu, adipiscing molestie, hendrerit at, vulputate vitae, nisl. Aenean lectus. Pellentesque eget nunc.",38334,6,2
Wall Decor,"Quisque porta volutpat erat. Quisque erat eros, viverra eget, congue eget, semper rutrum, nulla. Nunc purus. Phasellus in felis.",23712,7,4
Wood Chair,Mauris sit amet eros.,15266,8,1
Dining Table,"Nullam molestie nibh in lectus. Pellentesque at nulla. Suspendisse potenti. Cras in purus eu magna vulputate luctus. Cum sociis natoque penatibus et magnis dis parturient montes, nascetur ridiculus mus.",10164,6,3
Wood Shelf,Morbi non lectus. Aliquam sit amet diam in magna bibendum imperdiet.,48094,46,5
Bed Frame,"Morbi porttitor lorem id ligula. Suspendisse ornare consequat lectus. In est risus, auctor sed, tristique in, tempus sit amet, sem. Fusce consequat. Nulla nisl.",40119,35,1
Cabinet,"Integer non velit. Donec diam neque, vestibulum eget, vulputate ut, ultrices vel, augue. Vestibulum ante ipsum primis in faucibus orci luctus et ultrices posuere cubilia Curae; Donec pharetra, magna vestibulum aliquet ultrices, erat tortor sollicitudin mi, sit amet lobortis sapien sapien non mi. Integer ac neque. Duis bibendum.",39647,6,1
Coffee Table,Nulla justo. Aliquam quis turpis eget elit sodales scelerisque. Mauris sit amet eros. Suspendisse accumsan tortor quis turpis. Sed ante.,27692,4,4
Wood Lamp,Suspendisse accumsan tortor quis turpis. Sed ante. Vivamus tortor. Duis mattis egestas metus. Aenean fermentum.,44976,7,3
Bench,In congue. Etiam justo. Etiam pretium iaculis justo. In hac habitasse platea dictumst.,14459,7,2
Drawer,Nullam varius. Nulla facilisi. Cras non velit nec nisi vulputate nonummy. Maecenas tincidunt lacus at velit. Vivamus vel nulla eget eros elementum pellentesque.,29743,26,4
Wall Decor,"Donec diam neque, vestibulum eget, vulputate ut, ultrices vel, augue. Vestibulum ante ipsum primis in faucibus orci luctus et ultrices posuere cubilia Curae; Donec pharetra, magna vestibulum aliquet ultrices, erat tortor sollicitudin mi, sit amet lobortis sapien sapien non mi.",3281,14,4
Wood Chair,Mauris lacinia sapien quis libero. Nullam sit amet turpis elementum ligula vehicula consequat. Morbi a ipsum.,30517,29,4
Dining Table,"Donec ut mauris eget massa tempor convallis. Nulla neque libero, convallis eget, eleifend luctus, ultricies eu, nibh. Quisque id justo sit amet sapien dignissim vestibulum. Vestibulum ante ipsum primis in faucibus orci luctus et ultrices posuere cubilia Curae; Nulla dapibus dolor vel est. Donec odio justo, sollicitudin ut, suscipit a, feugiat et, eros.",5136,38,4
Wood Shelf,Vestibulum ante ipsum primis in faucibus orci luctus et ultrices posuere cubilia Curae; Nulla dapibus dolor vel est.,48760,5,4
Bed Frame,"Aenean fermentum. Donec ut mauris eget massa tempor convallis. Nulla neque libero, convallis eget, eleifend luctus, ultricies eu, nibh.",10625,33,5
Cabinet,Aliquam quis turpis eget elit sodales scelerisque. Mauris sit amet eros.,49135,3,3
Coffee Table,"In sagittis dui vel nisl. Duis ac nibh. Fusce lacus purus, aliquet at, feugiat non, pretium quis, lectus.",26088,26,5
Wood Lamp,Fusce posuere felis sed lacus.,9669,43,2
Bench,"Donec ut mauris eget massa tempor convallis. Nulla neque libero, convallis eget, eleifend luctus, ultricies eu, nibh. Quisque id justo sit amet sapien dignissim vestibulum. Vestibulum ante ipsum primis in faucibus orci luctus et ultrices posuere cubilia Curae; Nulla dapibus dolor vel est. Donec odio justo, sollicitudin ut, suscipit a, feugiat et, eros.",22419,16,5
Drawer,Nulla ut erat id mauris vulputate elementum. Nullam varius. Nulla facilisi. Cras non velit nec nisi vulputate nonummy.,15745,2,1
Wall Decor,"Integer a nibh. In quis justo. Maecenas rhoncus aliquam lacus. Morbi quis tortor id nulla ultrices aliquet. Maecenas leo odio, condimentum id, luctus nec, molestie sed, justo.",19134,12,2
Wood Chair,"Cras mi pede, malesuada in, imperdiet et, commodo vulputate, justo. In blandit ultrices enim. Lorem ipsum dolor sit amet, consectetuer adipiscing elit. Proin interdum mauris non ligula pellentesque ultrices. Phasellus id sapien in sapien iaculis congue.",3067,15,3
Dining Table,"Maecenas leo odio, condimentum id, luctus nec, molestie sed, justo. Pellentesque viverra pede ac diam. Cras pellentesque volutpat dui. Maecenas tristique, est et tempus semper, est quam pharetra magna, ac consequat metus sapien ut nunc.",32341,27,4
Wood Shelf,Pellentesque eget nunc. Donec quis orci eget orci vehicula condimentum. Curabitur in libero ut massa volutpat convallis.,6478,29,5
Bed Frame,Mauris lacinia sapien quis libero. Nullam sit amet turpis elementum ligula vehicula consequat. Morbi a ipsum. Integer a nibh.,2145,46,3
Cabinet,Etiam vel augue. Vestibulum rutrum rutrum neque. Aenean auctor gravida sem.,32376,43,1
Coffee Table,Nulla facilisi.,4130,30,4
Wood Lamp,Integer a nibh. In quis justo. Maecenas rhoncus aliquam lacus. Morbi quis tortor id nulla ultrices aliquet.,26859,46,5
Bench,"Proin interdum mauris non ligula pellentesque ultrices. Phasellus id sapien in sapien iaculis congue. Vivamus metus arcu, adipiscing molestie, hendrerit at, vulputate vitae, nisl. Aenean lectus.",34484,18,2
Drawer,Pellentesque at nulla. Suspendisse potenti. Cras in purus eu magna vulputate luctus.,32756,45,3
Wall Decor,"Cum sociis natoque penatibus et magnis dis parturient montes, nascetur ridiculus mus. Etiam vel augue. Vestibulum rutrum rutrum neque. Aenean auctor gravida sem.",13947,21,2
Wood Chair,"Donec semper sapien a libero. Nam dui. Proin leo odio, porttitor id, consequat in, consequat ut, nulla. Sed accumsan felis. Ut at dolor quis odio consequat varius.",48683,41,1
Dining Table,Pellentesque ultrices mattis odio. Donec vitae nisi.,25280,32,5
Wood Shelf,"Vestibulum quam sapien, varius ut, blandit non, interdum in, ante. Vestibulum ante ipsum primis in faucibus orci luctus et ultrices posuere cubilia Curae; Duis faucibus accumsan odio. Curabitur convallis.",47284,40,4
Bed Frame,"Quisque porta volutpat erat. Quisque erat eros, viverra eget, congue eget, semper rutrum, nulla.",40009,2,1
Cabinet,"Lorem ipsum dolor sit amet, consectetuer adipiscing elit. Proin interdum mauris non ligula pellentesque ultrices.",48355,7,3
Coffee Table,"Maecenas leo odio, condimentum id, luctus nec, molestie sed, justo. Pellentesque viverra pede ac diam. Cras pellentesque volutpat dui.",14786,6,3
Wood Lamp,Sed ante. Vivamus tortor. Duis mattis egestas metus. Aenean fermentum.,39692,50,3
Bench,Quisque ut erat. Curabitur gravida nisi at nibh.,7737,24,2
Drawer,Suspendisse potenti. Nullam porttitor lacus at turpis.,34773,5,2
Wall Decor,Nulla tellus. In sagittis dui vel nisl. Duis ac nibh.,30740,46,2
Wood Chair,Suspendisse potenti. In eleifend quam a odio.,9332,27,3
Dining Table,In quis justo. Maecenas rhoncus aliquam lacus.,24795,24,3
Wood Shelf,In quis justo. Maecenas rhoncus aliquam lacus. Morbi quis tortor id nulla ultrices aliquet.,32335,10,5
Bed Frame,Nullam molestie nibh in lectus. Pellentesque at nulla.,29362,26,2
Cabinet,"Phasellus id sapien in sapien iaculis congue. Vivamus metus arcu, adipiscing molestie, hendrerit at, vulputate vitae, nisl. Aenean lectus.",35690,4,5
Coffee Table,Nulla ut erat id mauris vulputate elementum. Nullam varius. Nulla facilisi. Cras non velit nec nisi vulputate nonummy. Maecenas tincidunt lacus at velit.,17684,36,4
Wood Lamp,Morbi porttitor lorem id ligula. Suspendisse ornare consequat lectus.,41003,14,3
Bench,"Suspendisse potenti. Cras in purus eu magna vulputate luctus. Cum sociis natoque penatibus et magnis dis parturient montes, nascetur ridiculus mus. Vivamus vestibulum sagittis sapien.",40558,46,2
Drawer,"Phasellus id sapien in sapien iaculis congue. Vivamus metus arcu, adipiscing molestie, hendrerit at, vulputate vitae, nisl.",44941,6,3
Wall Decor,Vestibulum ante ipsum primis in faucibus orci luctus et ultrices posuere cubilia Curae; Mauris viverra diam vitae quam. Suspendisse potenti.,42126,22,1
Wood Chair,In quis justo. Maecenas rhoncus aliquam lacus.,19832,26,1
Dining Table,Etiam pretium iaculis justo.,44405,16,2
Wood Shelf,Etiam pretium iaculis justo. In hac habitasse platea dictumst.,24026,17,4
Bed Frame,"Vivamus vestibulum sagittis sapien. Cum sociis natoque penatibus et magnis dis parturient montes, nascetur ridiculus mus.",26212,1,1
Cabinet,"Aenean fermentum. Donec ut mauris eget massa tempor convallis. Nulla neque libero, convallis eget, eleifend luctus, ultricies eu, nibh. Quisque id justo sit amet sapien dignissim vestibulum. Vestibulum ante ipsum primis in faucibus orci luctus et ultrices posuere cubilia Curae; Nulla dapibus dolor vel est.",10506,45,3
Coffee Table,"Morbi quis tortor id nulla ultrices aliquet. Maecenas leo odio, condimentum id, luctus nec, molestie sed, justo. Pellentesque viverra pede ac diam. Cras pellentesque volutpat dui.",17466,50,5
Wood Lamp,Vestibulum ante ipsum primis in faucibus orci luctus et ultrices posuere cubilia Curae; Mauris viverra diam vitae quam. Suspendisse potenti. Nullam porttitor lacus at turpis.,1384,27,4
Bench,"Duis mattis egestas metus. Aenean fermentum. Donec ut mauris eget massa tempor convallis. Nulla neque libero, convallis eget, eleifend luctus, ultricies eu, nibh. Quisque id justo sit amet sapien dignissim vestibulum.",23944,3,1
Drawer,"Aliquam sit amet diam in magna bibendum imperdiet. Nullam orci pede, venenatis non, sodales sed, tincidunt eu, felis. Fusce posuere felis sed lacus.",19083,31,4
Wall Decor,Nunc purus. Phasellus in felis. Donec semper sapien a libero. Nam dui.,39957,16,4
Wood Chair,"Integer ac leo. Pellentesque ultrices mattis odio. Donec vitae nisi. Nam ultrices, libero non mattis pulvinar, nulla pede ullamcorper augue, a suscipit nulla elit ac nulla.",6885,46,5
Dining Table,In hac habitasse platea dictumst. Maecenas ut massa quis augue luctus tincidunt.,22036,12,1
Wood Shelf,"Donec vitae nisi. Nam ultrices, libero non mattis pulvinar, nulla pede ullamcorper augue, a suscipit nulla elit ac nulla. Sed vel enim sit amet nunc viverra dapibus. Nulla suscipit ligula in lacus. Curabitur at ipsum ac tellus semper interdum.",31873,43,5
Bed Frame,Duis consequat dui nec nisi volutpat eleifend.,22332,42,5
Cabinet,Duis at velit eu est congue elementum.,4352,40,5
Coffee Table,"Donec dapibus. Duis at velit eu est congue elementum. In hac habitasse platea dictumst. Morbi vestibulum, velit id pretium iaculis, diam erat fermentum justo, nec condimentum neque sapien placerat ante. Nulla justo.",18392,28,5
Wood Lamp,Mauris lacinia sapien quis libero. Nullam sit amet turpis elementum ligula vehicula consequat. Morbi a ipsum.,3635,30,1
Bench,Fusce posuere felis sed lacus.,5969,19,1
Drawer,In hac habitasse platea dictumst. Etiam faucibus cursus urna. Ut tellus. Nulla ut erat id mauris vulputate elementum. Nullam varius.,44250,6,1
Wall Decor,"Proin leo odio, porttitor id, consequat in, consequat ut, nulla. Sed accumsan felis. Ut at dolor quis odio consequat varius. Integer ac leo. Pellentesque ultrices mattis odio.",22666,34,2
Wood Chair,Nulla justo. Aliquam quis turpis eget elit sodales scelerisque. Mauris sit amet eros. Suspendisse accumsan tortor quis turpis.,19763,39,5
Dining Table,In congue. Etiam justo. Etiam pretium iaculis justo. In hac habitasse platea dictumst.,17387,50,1
Wood Shelf,Aliquam quis turpis eget elit sodales scelerisque.,9563,27,1
Bed Frame,"Donec vitae nisi. Nam ultrices, libero non mattis pulvinar, nulla pede ullamcorper augue, a suscipit nulla elit ac nulla. Sed vel enim sit amet nunc viverra dapibus. Nulla suscipit ligula in lacus. Curabitur at ipsum ac tellus semper interdum.",48263,7,4
Cabinet,"Integer pede justo, lacinia eget, tincidunt eget, tempus vel, pede. Morbi porttitor lorem id ligula. Suspendisse ornare consequat lectus. In est risus, auctor sed, tristique in, tempus sit amet, sem.",11836,1,2
Coffee Table,Curabitur gravida nisi at nibh. In hac habitasse platea dictumst.,31842,28,2
Wood Lamp,Aenean fermentum.,49480,31,2
Bench,"Duis ac nibh. Fusce lacus purus, aliquet at, feugiat non, pretium quis, lectus. Suspendisse potenti. In eleifend quam a odio. In hac habitasse platea dictumst.",16993,31,2
Drawer,Ut tellus. Nulla ut erat id mauris vulputate elementum. Nullam varius. Nulla facilisi.,27798,8,1
Wall Decor,Nulla ac enim.,25773,36,2
Wood Chair,Maecenas pulvinar lobortis est. Phasellus sit amet erat. Nulla tempus.,6730,28,1
Dining Table,"Curabitur in libero ut massa volutpat convallis. Morbi odio odio, elementum eu, interdum eu, tincidunt in, leo.",19236,6,5
Wood Shelf,Ut tellus.,24858,3,3
Bed Frame,Mauris lacinia sapien quis libero. Nullam sit amet turpis elementum ligula vehicula consequat.,47696,20,5
Cabinet,"Quisque porta volutpat erat. Quisque erat eros, viverra eget, congue eget, semper rutrum, nulla. Nunc purus. Phasellus in felis.",14142,12,3
Coffee Table,"Vivamus in felis eu sapien cursus vestibulum. Proin eu mi. Nulla ac enim. In tempor, turpis nec euismod scelerisque, quam turpis adipiscing lorem, vitae mattis nibh ligula nec sem.",23980,17,3
Wood Lamp,Etiam vel augue. Vestibulum rutrum rutrum neque. Aenean auctor gravida sem. Praesent id massa id nisl venenatis lacinia.,44094,39,1
Bench,"Duis bibendum, felis sed interdum venenatis, turpis enim blandit mi, in porttitor pede justo eu massa. Donec dapibus.",12194,39,4
Drawer,"Nam congue, risus semper porta volutpat, quam pede lobortis ligula, sit amet eleifend pede libero quis orci. Nullam molestie nibh in lectus. Pellentesque at nulla. Suspendisse potenti. Cras in purus eu magna vulputate luctus.",4335,46,5
Wall Decor,"Nulla ac enim. In tempor, turpis nec euismod scelerisque, quam turpis adipiscing lorem, vitae mattis nibh ligula nec sem. Duis aliquam convallis nunc. Proin at turpis a pede posuere nonummy.",11212,19,4
Wood Chair,"Lorem ipsum dolor sit amet, consectetuer adipiscing elit. Proin risus. Praesent lectus. Vestibulum quam sapien, varius ut, blandit non, interdum in, ante. Vestibulum ante ipsum primis in faucibus orci luctus et ultrices posuere cubilia Curae; Duis faucibus accumsan odio.",21740,21,2
Dining Table,"Integer non velit. Donec diam neque, vestibulum eget, vulputate ut, ultrices vel, augue. Vestibulum ante ipsum primis in faucibus orci luctus et ultrices posuere cubilia Curae; Donec pharetra, magna vestibulum aliquet ultrices, erat tortor sollicitudin mi, sit amet lobortis sapien sapien non mi. Integer ac neque. Duis bibendum.",24174,6,2
Wood Shelf,Mauris sit amet eros. Suspendisse accumsan tortor quis turpis. Sed ante. Vivamus tortor.,7897,47,2
Bed Frame,"In sagittis dui vel nisl. Duis ac nibh. Fusce lacus purus, aliquet at, feugiat non, pretium quis, lectus. Suspendisse potenti.",41586,29,1
Cabinet,"Fusce lacus purus, aliquet at, feugiat non, pretium quis, lectus. Suspendisse potenti. In eleifend quam a odio. In hac habitasse platea dictumst. Maecenas ut massa quis augue luctus tincidunt.",14220,4,5
Coffee Table,Etiam pretium iaculis justo. In hac habitasse platea dictumst. Etiam faucibus cursus urna. Ut tellus.,42919,48,3
Wood Lamp,Integer ac leo. Pellentesque ultrices mattis odio.,48546,47,3
Bench,"Donec diam neque, vestibulum eget, vulputate ut, ultrices vel, augue. Vestibulum ante ipsum primis in faucibus orci luctus et ultrices posuere cubilia Curae; Donec pharetra, magna vestibulum aliquet ultrices, erat tortor sollicitudin mi, sit amet lobortis sapien sapien non mi. Integer ac neque.",33030,37,1
Drawer,Maecenas pulvinar lobortis est.,8186,10,3
Wall Decor,"Lorem ipsum dolor sit amet, consectetuer adipiscing elit. Proin interdum mauris non ligula pellentesque ultrices.",47541,31,2
Wood Chair,"Vivamus vestibulum sagittis sapien. Cum sociis natoque penatibus et magnis dis parturient montes, nascetur ridiculus mus. Etiam vel augue. Vestibulum rutrum rutrum neque.",17734,30,5
Dining Table,Curabitur at ipsum ac tellus semper interdum.,42228,12,3
Wood Shelf,Mauris sit amet eros.,11645,7,1
Bed Frame,Proin interdum mauris non ligula pellentesque ultrices.,46445,35,3
Cabinet,"Vestibulum quam sapien, varius ut, blandit non, interdum in, ante. Vestibulum ante ipsum primis in faucibus orci luctus et ultrices posuere cubilia Curae; Duis faucibus accumsan odio. Curabitur convallis. Duis consequat dui nec nisi volutpat eleifend.",21621,5,2
Coffee Table,"Cras mi pede, malesuada in, imperdiet et, commodo vulputate, justo. In blandit ultrices enim. Lorem ipsum dolor sit amet, consectetuer adipiscing elit. Proin interdum mauris non ligula pellentesque ultrices.",36280,12,5
Wood Lamp,"Fusce lacus purus, aliquet at, feugiat non, pretium quis, lectus. Suspendisse potenti. In eleifend quam a odio. In hac habitasse platea dictumst. Maecenas ut massa quis augue luctus tincidunt.",10729,41,4
Bench,Praesent id massa id nisl venenatis lacinia.,22207,50,5
Drawer,In hac habitasse platea dictumst. Maecenas ut massa quis augue luctus tincidunt. Nulla mollis molestie lorem.,8774,32,5
Wall Decor,"Donec quis orci eget orci vehicula condimentum. Curabitur in libero ut massa volutpat convallis. Morbi odio odio, elementum eu, interdum eu, tincidunt in, leo. Maecenas pulvinar lobortis est.",48029,49,5
Wood Chair,"Quisque erat eros, viverra eget, congue eget, semper rutrum, nulla. Nunc purus. Phasellus in felis. Donec semper sapien a libero. Nam dui.",48609,25,3
Dining Table,Cras non velit nec nisi vulputate nonummy. Maecenas tincidunt lacus at velit. Vivamus vel nulla eget eros elementum pellentesque. Quisque porta volutpat erat.,32080,12,3
Wood Shelf,"Donec semper sapien a libero. Nam dui. Proin leo odio, porttitor id, consequat in, consequat ut, nulla. Sed accumsan felis. Ut at dolor quis odio consequat varius.",42309,22,4
Bed Frame,"Cum sociis natoque penatibus et magnis dis parturient montes, nascetur ridiculus mus. Etiam vel augue. Vestibulum rutrum rutrum neque.",46718,44,1
Cabinet,"Aenean lectus. Pellentesque eget nunc. Donec quis orci eget orci vehicula condimentum. Curabitur in libero ut massa volutpat convallis. Morbi odio odio, elementum eu, interdum eu, tincidunt in, leo.",32977,42,2
Coffee Table,Praesent blandit lacinia erat. Vestibulum sed magna at nunc commodo placerat. Praesent blandit.,22914,10,4
Wood Lamp,"Vestibulum quam sapien, varius ut, blandit non, interdum in, ante. Vestibulum ante ipsum primis in faucibus orci luctus et ultrices posuere cubilia Curae; Duis faucibus accumsan odio. Curabitur convallis. Duis consequat dui nec nisi volutpat eleifend. Donec ut dolor.",45794,28,2
Bench,"Curabitur at ipsum ac tellus semper interdum. Mauris ullamcorper purus sit amet nulla. Quisque arcu libero, rutrum ac, lobortis vel, dapibus at, diam.",17265,34,3
Drawer,"Integer non velit. Donec diam neque, vestibulum eget, vulputate ut, ultrices vel, augue. Vestibulum ante ipsum primis in faucibus orci luctus et ultrices posuere cubilia Curae; Donec pharetra, magna vestibulum aliquet ultrices, erat tortor sollicitudin mi, sit amet lobortis sapien sapien non mi. Integer ac neque.",47079,24,4
Wall Decor,"Vestibulum quam sapien, varius ut, blandit non, interdum in, ante. Vestibulum ante ipsum primis in faucibus orci luctus et ultrices posuere cubilia Curae; Duis faucibus accumsan odio. Curabitur convallis. Duis consequat dui nec nisi volutpat eleifend. Donec ut dolor.",10798,28,1
Wood Chair,Maecenas pulvinar lobortis est. Phasellus sit amet erat.,28006,36,2
Dining Table,Vivamus tortor. Duis mattis egestas metus.,21923,14,3
Wood Shelf,"Morbi vestibulum, velit id pretium iaculis, diam erat fermentum justo, nec condimentum neque sapien placerat ante. Nulla justo. Aliquam quis turpis eget elit sodales scelerisque. Mauris sit amet eros. Suspendisse accumsan tortor quis turpis.",4506,35,4
Bed Frame,"Quisque id justo sit amet sapien dignissim vestibulum. Vestibulum ante ipsum primis in faucibus orci luctus et ultrices posuere cubilia Curae; Nulla dapibus dolor vel est. Donec odio justo, sollicitudin ut, suscipit a, feugiat et, eros. Vestibulum ac est lacinia nisi venenatis tristique.",42400,41,3
Cabinet,Vestibulum rutrum rutrum neque. Aenean auctor gravida sem. Praesent id massa id nisl venenatis lacinia. Aenean sit amet justo. Morbi ut odio.,33417,29,4
Coffee Table,Cras non velit nec nisi vulputate nonummy.,40077,21,4
Wood Lamp,Duis consequat dui nec nisi volutpat eleifend.,46723,1,3
Bench,"Nulla tellus. In sagittis dui vel nisl. Duis ac nibh. Fusce lacus purus, aliquet at, feugiat non, pretium quis, lectus.",33629,30,2
Drawer,Morbi non lectus. Aliquam sit amet diam in magna bibendum imperdiet.,28304,40,4
Wall Decor,"Curabitur gravida nisi at nibh. In hac habitasse platea dictumst. Aliquam augue quam, sollicitudin vitae, consectetuer eget, rutrum at, lorem.",37822,7,2
Wood Chair,"Cras mi pede, malesuada in, imperdiet et, commodo vulputate, justo. In blandit ultrices enim. Lorem ipsum dolor sit amet, consectetuer adipiscing elit. Proin interdum mauris non ligula pellentesque ultrices.",8611,6,3
Dining Table,Duis consequat dui nec nisi volutpat eleifend. Donec ut dolor. Morbi vel lectus in quam fringilla rhoncus.,45068,2,1
Wood Shelf,Phasellus sit amet erat. Nulla tempus.,33465,39,1
Bed Frame,"Lorem ipsum dolor sit amet, consectetuer adipiscing elit. Proin risus. Praesent lectus. Vestibulum quam sapien, varius ut, blandit non, interdum in, ante.",44777,9,1
Cabinet,Praesent blandit lacinia erat.,38230,31,3
Coffee Table,"Nullam orci pede, venenatis non, sodales sed, tincidunt eu, felis. Fusce posuere felis sed lacus.",6360,37,1
Wood Lamp,Aliquam non mauris. Morbi non lectus.,5246,28,3
Bench,"Morbi odio odio, elementum eu, interdum eu, tincidunt in, leo. Maecenas pulvinar lobortis est. Phasellus sit amet erat. Nulla tempus. Vivamus in felis eu sapien cursus vestibulum.",44364,11,3
Drawer,Vestibulum ante ipsum primis in faucibus orci luctus et ultrices posuere cubilia Curae; Mauris viverra diam vitae quam. Suspendisse potenti.,11248,46,2
Wall Decor,Integer non velit.,21222,6,1
Wood Chair,Donec ut dolor.,11460,15,2
Dining Table,"Proin leo odio, porttitor id, consequat in, consequat ut, nulla. Sed accumsan felis. Ut at dolor quis odio consequat varius. Integer ac leo. Pellentesque ultrices mattis odio.",20416,32,2
Wood Shelf,"Curabitur gravida nisi at nibh. In hac habitasse platea dictumst. Aliquam augue quam, sollicitudin vitae, consectetuer eget, rutrum at, lorem. Integer tincidunt ante vel ipsum. Praesent blandit lacinia erat.",6590,22,3
Bed Frame,"Fusce lacus purus, aliquet at, feugiat non, pretium quis, lectus.",2035,19,3
Cabinet,"Maecenas rhoncus aliquam lacus. Morbi quis tortor id nulla ultrices aliquet. Maecenas leo odio, condimentum id, luctus nec, molestie sed, justo. Pellentesque viverra pede ac diam.",22317,25,2
Coffee Table,Proin risus. Praesent lectus.,17423,22,3
Wood Lamp,"Maecenas leo odio, condimentum id, luctus nec, molestie sed, justo. Pellentesque viverra pede ac diam. Cras pellentesque volutpat dui.",34174,39,4
Bench,Sed vel enim sit amet nunc viverra dapibus. Nulla suscipit ligula in lacus.,46386,34,1
Drawer,Sed ante. Vivamus tortor. Duis mattis egestas metus. Aenean fermentum. Donec ut mauris eget massa tempor convallis.,41215,19,5
Wall Decor,Vestibulum ante ipsum primis in faucibus orci luctus et ultrices posuere cubilia Curae; Nulla dapibus dolor vel est.,44365,14,1
Wood Chair,Maecenas ut massa quis augue luctus tincidunt. Nulla mollis molestie lorem. Quisque ut erat. Curabitur gravida nisi at nibh.,39450,6,5
Dining Table,Maecenas ut massa quis augue luctus tincidunt. Nulla mollis molestie lorem. Quisque ut erat.,8892,26,4
Wood Shelf,Nulla justo. Aliquam quis turpis eget elit sodales scelerisque. Mauris sit amet eros. Suspendisse accumsan tortor quis turpis.,8978,10,4
Bed Frame,"Praesent lectus. Vestibulum quam sapien, varius ut, blandit non, interdum in, ante. Vestibulum ante ipsum primis in faucibus orci luctus et ultrices posuere cubilia Curae; Duis faucibus accumsan odio.",48986,39,4
Cabinet,"Integer aliquet, massa id lobortis convallis, tortor risus dapibus augue, vel accumsan tellus nisi eu orci. Mauris lacinia sapien quis libero. Nullam sit amet turpis elementum ligula vehicula consequat.",45173,35,2
Coffee Table,"Pellentesque at nulla. Suspendisse potenti. Cras in purus eu magna vulputate luctus. Cum sociis natoque penatibus et magnis dis parturient montes, nascetur ridiculus mus.",30457,38,3
Wood Lamp,"Integer aliquet, massa id lobortis convallis, tortor risus dapibus augue, vel accumsan tellus nisi eu orci.",32423,46,2
Bench,In congue.,35314,38,2
Drawer,"Cum sociis natoque penatibus et magnis dis parturient montes, nascetur ridiculus mus. Etiam vel augue. Vestibulum rutrum rutrum neque.",16040,7,5
Wall Decor,Vestibulum ante ipsum primis in faucibus orci luctus et ultrices posuere cubilia Curae; Duis faucibus accumsan odio. Curabitur convallis.,37546,15,3
Wood Chair,Morbi porttitor lorem id ligula. Suspendisse ornare consequat lectus.,1796,47,2
Dining Table,"Morbi sem mauris, laoreet ut, rhoncus aliquet, pulvinar sed, nisl. Nunc rhoncus dui vel sem. Sed sagittis. Nam congue, risus semper porta volutpat, quam pede lobortis ligula, sit amet eleifend pede libero quis orci. Nullam molestie nibh in lectus.",42687,28,3
Wood Shelf,"Aliquam sit amet diam in magna bibendum imperdiet. Nullam orci pede, venenatis non, sodales sed, tincidunt eu, felis. Fusce posuere felis sed lacus. Morbi sem mauris, laoreet ut, rhoncus aliquet, pulvinar sed, nisl.",47695,28,1
Bed Frame,"Nam ultrices, libero non mattis pulvinar, nulla pede ullamcorper augue, a suscipit nulla elit ac nulla. Sed vel enim sit amet nunc viverra dapibus.",7225,1,5
Cabinet,Sed ante. Vivamus tortor.,8733,42,3
Coffee Table,Mauris lacinia sapien quis libero. Nullam sit amet turpis elementum ligula vehicula consequat. Morbi a ipsum. Integer a nibh.,41861,10,4
Wood Lamp,Vestibulum ante ipsum primis in faucibus orci luctus et ultrices posuere cubilia Curae; Duis faucibus accumsan odio. Curabitur convallis.,18802,34,2
Bench,"Vestibulum ante ipsum primis in faucibus orci luctus et ultrices posuere cubilia Curae; Donec pharetra, magna vestibulum aliquet ultrices, erat tortor sollicitudin mi, sit amet lobortis sapien sapien non mi. Integer ac neque. Duis bibendum.",18595,21,1
Drawer,"Vivamus tortor. Duis mattis egestas metus. Aenean fermentum. Donec ut mauris eget massa tempor convallis. Nulla neque libero, convallis eget, eleifend luctus, ultricies eu, nibh.",18198,18,5
Wall Decor,"Cras mi pede, malesuada in, imperdiet et, commodo vulputate, justo. In blandit ultrices enim. Lorem ipsum dolor sit amet, consectetuer adipiscing elit.",31310,22,4
Wood Chair,"Integer aliquet, massa id lobortis convallis, tortor risus dapibus augue, vel accumsan tellus nisi eu orci. Mauris lacinia sapien quis libero.",46814,10,2
Dining Table,"Curabitur gravida nisi at nibh. In hac habitasse platea dictumst. Aliquam augue quam, sollicitudin vitae, consectetuer eget, rutrum at, lorem.",36107,17,4
Wood Shelf,"Vestibulum ac est lacinia nisi venenatis tristique. Fusce congue, diam id ornare imperdiet, sapien urna pretium nisl, ut volutpat sapien arcu sed augue. Aliquam erat volutpat. In congue. Etiam justo.",18060,41,3
Bed Frame,"Lorem ipsum dolor sit amet, consectetuer adipiscing elit. Proin interdum mauris non ligula pellentesque ultrices. Phasellus id sapien in sapien iaculis congue. Vivamus metus arcu, adipiscing molestie, hendrerit at, vulputate vitae, nisl.",23528,21,4
Cabinet,"Phasellus id sapien in sapien iaculis congue. Vivamus metus arcu, adipiscing molestie, hendrerit at, vulputate vitae, nisl. Aenean lectus. Pellentesque eget nunc. Donec quis orci eget orci vehicula condimentum.",2034,4,4
Coffee Table,"Vestibulum quam sapien, varius ut, blandit non, interdum in, ante. Vestibulum ante ipsum primis in faucibus orci luctus et ultrices posuere cubilia Curae; Duis faucibus accumsan odio. Curabitur convallis.",40030,20,2
Wood Lamp,Donec vitae nisi.,49989,8,3
Bench,"Mauris enim leo, rhoncus sed, vestibulum sit amet, cursus id, turpis. Integer aliquet, massa id lobortis convallis, tortor risus dapibus augue, vel accumsan tellus nisi eu orci. Mauris lacinia sapien quis libero. Nullam sit amet turpis elementum ligula vehicula consequat. Morbi a ipsum.",27106,33,2
Drawer,"Curabitur at ipsum ac tellus semper interdum. Mauris ullamcorper purus sit amet nulla. Quisque arcu libero, rutrum ac, lobortis vel, dapibus at, diam.",31774,24,1
Wall Decor,In congue. Etiam justo. Etiam pretium iaculis justo. In hac habitasse platea dictumst.,40319,20,5
Wood Chair,"Duis at velit eu est congue elementum. In hac habitasse platea dictumst. Morbi vestibulum, velit id pretium iaculis, diam erat fermentum justo, nec condimentum neque sapien placerat ante. Nulla justo.",46340,36,5
Dining Table,"Proin interdum mauris non ligula pellentesque ultrices. Phasellus id sapien in sapien iaculis congue. Vivamus metus arcu, adipiscing molestie, hendrerit at, vulputate vitae, nisl. Aenean lectus. Pellentesque eget nunc.",38579,24,2
Wood Shelf,"Integer non velit. Donec diam neque, vestibulum eget, vulputate ut, ultrices vel, augue. Vestibulum ante ipsum primis in faucibus orci luctus et ultrices posuere cubilia Curae; Donec pharetra, magna vestibulum aliquet ultrices, erat tortor sollicitudin mi, sit amet lobortis sapien sapien non mi. Integer ac neque.",26020,1,5
Bed Frame,Cras non velit nec nisi vulputate nonummy.,11172,6,2
Cabinet,"Duis bibendum, felis sed interdum venenatis, turpis enim blandit mi, in porttitor pede justo eu massa.",3017,2,2
Coffee Table,Proin eu mi.,22074,45,4
Wood Lamp,Quisque ut erat.,4543,12,5
Bench,"In quis justo. Maecenas rhoncus aliquam lacus. Morbi quis tortor id nulla ultrices aliquet. Maecenas leo odio, condimentum id, luctus nec, molestie sed, justo. Pellentesque viverra pede ac diam.",32886,21,3
Drawer,Nulla tempus. Vivamus in felis eu sapien cursus vestibulum. Proin eu mi. Nulla ac enim.,42960,25,3
Wall Decor,Vestibulum rutrum rutrum neque. Aenean auctor gravida sem. Praesent id massa id nisl venenatis lacinia. Aenean sit amet justo.,42181,45,1
Wood Chair,Morbi a ipsum. Integer a nibh. In quis justo. Maecenas rhoncus aliquam lacus.,47689,29,2
Dining Table,"Duis consequat dui nec nisi volutpat eleifend. Donec ut dolor. Morbi vel lectus in quam fringilla rhoncus. Mauris enim leo, rhoncus sed, vestibulum sit amet, cursus id, turpis.",33083,3,4
Wood Shelf,"Nam congue, risus semper porta volutpat, quam pede lobortis ligula, sit amet eleifend pede libero quis orci. Nullam molestie nibh in lectus. Pellentesque at nulla.",49444,30,3
Bed Frame,Proin eu mi.,44002,4,5
Cabinet,Phasellus in felis.,10216,14,3
Coffee Table,Ut at dolor quis odio consequat varius. Integer ac leo.,42022,42,1
Wood Lamp,"Duis bibendum, felis sed interdum venenatis, turpis enim blandit mi, in porttitor pede justo eu massa. Donec dapibus. Duis at velit eu est congue elementum.",26680,33,1
Bench,Morbi a ipsum. Integer a nibh.,14101,33,4
Drawer,"Nulla nisl. Nunc nisl. Duis bibendum, felis sed interdum venenatis, turpis enim blandit mi, in porttitor pede justo eu massa. Donec dapibus. Duis at velit eu est congue elementum.",22664,11,3
Wall Decor,"Morbi non lectus. Aliquam sit amet diam in magna bibendum imperdiet. Nullam orci pede, venenatis non, sodales sed, tincidunt eu, felis. Fusce posuere felis sed lacus. Morbi sem mauris, laoreet ut, rhoncus aliquet, pulvinar sed, nisl.",26872,40,2
Wood Chair,In eleifend quam a odio. In hac habitasse platea dictumst. Maecenas ut massa quis augue luctus tincidunt. Nulla mollis molestie lorem. Quisque ut erat.,12924,1,5
Dining Table,"Donec vitae nisi. Nam ultrices, libero non mattis pulvinar, nulla pede ullamcorper augue, a suscipit nulla elit ac nulla. Sed vel enim sit amet nunc viverra dapibus. Nulla suscipit ligula in lacus. Curabitur at ipsum ac tellus semper interdum.",20635,24,5
Wood Shelf,Morbi porttitor lorem id ligula.,13763,33,1
Bed Frame,Aenean auctor gravida sem.,31667,26,4
Cabinet,Nulla facilisi. Cras non velit nec nisi vulputate nonummy.,45271,29,4
Coffee Table,"Vivamus vel nulla eget eros elementum pellentesque. Quisque porta volutpat erat. Quisque erat eros, viverra eget, congue eget, semper rutrum, nulla.",10440,45,4
Wood Lamp,Integer ac leo. Pellentesque ultrices mattis odio. Donec vitae nisi.,6390,4,2
Bench,"Praesent id massa id nisl venenatis lacinia. Aenean sit amet justo. Morbi ut odio. Cras mi pede, malesuada in, imperdiet et, commodo vulputate, justo. In blandit ultrices enim.",31273,47,4
Drawer,"Sed sagittis. Nam congue, risus semper porta volutpat, quam pede lobortis ligula, sit amet eleifend pede libero quis orci. Nullam molestie nibh in lectus. Pellentesque at nulla. Suspendisse potenti.",9148,11,4
Wall Decor,Vestibulum ante ipsum primis in faucibus orci luctus et ultrices posuere cubilia Curae; Mauris viverra diam vitae quam. Suspendisse potenti. Nullam porttitor lacus at turpis. Donec posuere metus vitae ipsum.,13698,26,4
Wood Chair,Integer tincidunt ante vel ipsum.,33402,13,3
Dining Table,"Fusce posuere felis sed lacus. Morbi sem mauris, laoreet ut, rhoncus aliquet, pulvinar sed, nisl. Nunc rhoncus dui vel sem. Sed sagittis.",8619,1,5
Wood Shelf,"Donec diam neque, vestibulum eget, vulputate ut, ultrices vel, augue. Vestibulum ante ipsum primis in faucibus orci luctus et ultrices posuere cubilia Curae; Donec pharetra, magna vestibulum aliquet ultrices, erat tortor sollicitudin mi, sit amet lobortis sapien sapien non mi. Integer ac neque.",23058,7,4
Bed Frame,"Morbi quis tortor id nulla ultrices aliquet. Maecenas leo odio, condimentum id, luctus nec, molestie sed, justo. Pellentesque viverra pede ac diam. Cras pellentesque volutpat dui.",47786,8,4
Cabinet,Proin risus. Praesent lectus.,3953,8,2
Coffee Table,"Praesent blandit. Nam nulla. Integer pede justo, lacinia eget, tincidunt eget, tempus vel, pede. Morbi porttitor lorem id ligula. Suspendisse ornare consequat lectus.",31989,20,5
Wood Lamp,Integer ac neque. Duis bibendum. Morbi non quam nec dui luctus rutrum.,38445,48,5
Bench,Etiam vel augue. Vestibulum rutrum rutrum neque. Aenean auctor gravida sem. Praesent id massa id nisl venenatis lacinia.,5374,13,1
Drawer,Aenean auctor gravida sem.,6446,37,2
Wall Decor,"Nullam orci pede, venenatis non, sodales sed, tincidunt eu, felis. Fusce posuere felis sed lacus. Morbi sem mauris, laoreet ut, rhoncus aliquet, pulvinar sed, nisl.",46871,18,4
Wood Chair,Aliquam non mauris.,39390,46,2
Dining Table,Curabitur at ipsum ac tellus semper interdum.,47048,40,2
Wood Shelf,Praesent blandit lacinia erat. Vestibulum sed magna at nunc commodo placerat. Praesent blandit.,7935,15,3
Bed Frame,In eleifend quam a odio.,18218,32,4
Cabinet,"Nullam molestie nibh in lectus. Pellentesque at nulla. Suspendisse potenti. Cras in purus eu magna vulputate luctus. Cum sociis natoque penatibus et magnis dis parturient montes, nascetur ridiculus mus.",22789,34,3
Coffee Table,Nunc purus. Phasellus in felis.,979,19,4
Wood Lamp,Pellentesque viverra pede ac diam.,26419,29,1
Bench,"Pellentesque eget nunc. Donec quis orci eget orci vehicula condimentum. Curabitur in libero ut massa volutpat convallis. Morbi odio odio, elementum eu, interdum eu, tincidunt in, leo. Maecenas pulvinar lobortis est.",11773,2,3
Drawer,Aliquam quis turpis eget elit sodales scelerisque. Mauris sit amet eros.,39693,48,2
Wall Decor,"Duis ac nibh. Fusce lacus purus, aliquet at, feugiat non, pretium quis, lectus. Suspendisse potenti.",18054,8,3
Wood Chair,"Proin at turpis a pede posuere nonummy. Integer non velit. Donec diam neque, vestibulum eget, vulputate ut, ultrices vel, augue.",41651,27,4
Dining Table,"Nulla ac enim. In tempor, turpis nec euismod scelerisque, quam turpis adipiscing lorem, vitae mattis nibh ligula nec sem.",9709,45,1
Wood Shelf,"Nam dui. Proin leo odio, porttitor id, consequat in, consequat ut, nulla. Sed accumsan felis. Ut at dolor quis odio consequat varius.",2078,29,4
Bed Frame,Integer tincidunt ante vel ipsum. Praesent blandit lacinia erat. Vestibulum sed magna at nunc commodo placerat.,3849,44,3
Cabinet,"Proin eu mi. Nulla ac enim. In tempor, turpis nec euismod scelerisque, quam turpis adipiscing lorem, vitae mattis nibh ligula nec sem. Duis aliquam convallis nunc. Proin at turpis a pede posuere nonummy.",46406,41,2
Coffee Table,"Fusce congue, diam id ornare imperdiet, sapien urna pretium nisl, ut volutpat sapien arcu sed augue. Aliquam erat volutpat. In congue.",19351,42,2
Wood Lamp,"Nunc rhoncus dui vel sem. Sed sagittis. Nam congue, risus semper porta volutpat, quam pede lobortis ligula, sit amet eleifend pede libero quis orci. Nullam molestie nibh in lectus.",3970,11,1
Bench,"Vivamus vestibulum sagittis sapien. Cum sociis natoque penatibus et magnis dis parturient montes, nascetur ridiculus mus. Etiam vel augue. Vestibulum rutrum rutrum neque. Aenean auctor gravida sem.",19398,50,3
Drawer,"Donec ut mauris eget massa tempor convallis. Nulla neque libero, convallis eget, eleifend luctus, ultricies eu, nibh. Quisque id justo sit amet sapien dignissim vestibulum. Vestibulum ante ipsum primis in faucibus orci luctus et ultrices posuere cubilia Curae; Nulla dapibus dolor vel est.",49264,33,3
Wall Decor,Vestibulum sed magna at nunc commodo placerat.,275,33,2
Wood Chair,"Integer aliquet, massa id lobortis convallis, tortor risus dapibus augue, vel accumsan tellus nisi eu orci. Mauris lacinia sapien quis libero.",33507,22,2
Dining Table,Morbi ut odio.,24803,17,4
Wood Shelf,Praesent blandit.,25167,37,5
Bed Frame,Ut tellus. Nulla ut erat id mauris vulputate elementum.,13701,16,5
Cabinet,Donec ut dolor.,44408,28,1
Coffee Table,"Cum sociis natoque penatibus et magnis dis parturient montes, nascetur ridiculus mus. Vivamus vestibulum sagittis sapien. Cum sociis natoque penatibus et magnis dis parturient montes, nascetur ridiculus mus.",28663,31,1
Wood Lamp,"Donec odio justo, sollicitudin ut, suscipit a, feugiat et, eros. Vestibulum ac est lacinia nisi venenatis tristique. Fusce congue, diam id ornare imperdiet, sapien urna pretium nisl, ut volutpat sapien arcu sed augue. Aliquam erat volutpat.",19367,41,5
Bench,"Lorem ipsum dolor sit amet, consectetuer adipiscing elit. Proin interdum mauris non ligula pellentesque ultrices. Phasellus id sapien in sapien iaculis congue. Vivamus metus arcu, adipiscing molestie, hendrerit at, vulputate vitae, nisl. Aenean lectus.",49371,4,1
Drawer,"Cum sociis natoque penatibus et magnis dis parturient montes, nascetur ridiculus mus. Etiam vel augue.",19381,4,2
Wall Decor,"Nulla neque libero, convallis eget, eleifend luctus, ultricies eu, nibh. Quisque id justo sit amet sapien dignissim vestibulum. Vestibulum ante ipsum primis in faucibus orci luctus et ultrices posuere cubilia Curae; Nulla dapibus dolor vel est. Donec odio justo, sollicitudin ut, suscipit a, feugiat et, eros.",19280,31,3
Wood Chair,"Donec odio justo, sollicitudin ut, suscipit a, feugiat et, eros. Vestibulum ac est lacinia nisi venenatis tristique. Fusce congue, diam id ornare imperdiet, sapien urna pretium nisl, ut volutpat sapien arcu sed augue. Aliquam erat volutpat.",36989,24,1
Dining Table,"Donec ut mauris eget massa tempor convallis. Nulla neque libero, convallis eget, eleifend luctus, ultricies eu, nibh. Quisque id justo sit amet sapien dignissim vestibulum.",17952,14,4
Wood Shelf,"Nullam orci pede, venenatis non, sodales sed, tincidunt eu, felis. Fusce posuere felis sed lacus. Morbi sem mauris, laoreet ut, rhoncus aliquet, pulvinar sed, nisl. Nunc rhoncus dui vel sem. Sed sagittis.",30285,46,5
Bed Frame,In hac habitasse platea dictumst.,48294,7,1
Cabinet,"Cum sociis natoque penatibus et magnis dis parturient montes, nascetur ridiculus mus. Vivamus vestibulum sagittis sapien.",1192,10,5
Coffee Table,"Donec ut mauris eget massa tempor convallis. Nulla neque libero, convallis eget, eleifend luctus, ultricies eu, nibh.",26399,13,5
Wood Lamp,Morbi non lectus.,200,39,5
Bench,Pellentesque eget nunc. Donec quis orci eget orci vehicula condimentum.,9484,14,1
Drawer,Nulla tellus.,12565,40,1
Wall Decor,"Integer ac leo. Pellentesque ultrices mattis odio. Donec vitae nisi. Nam ultrices, libero non mattis pulvinar, nulla pede ullamcorper augue, a suscipit nulla elit ac nulla. Sed vel enim sit amet nunc viverra dapibus.",482,33,1
Wood Chair,"Morbi sem mauris, laoreet ut, rhoncus aliquet, pulvinar sed, nisl. Nunc rhoncus dui vel sem. Sed sagittis.",10733,24,5
Dining Table,"Vestibulum sed magna at nunc commodo placerat. Praesent blandit. Nam nulla. Integer pede justo, lacinia eget, tincidunt eget, tempus vel, pede. Morbi porttitor lorem id ligula.",18559,15,2
Wood Shelf,"Donec diam neque, vestibulum eget, vulputate ut, ultrices vel, augue. Vestibulum ante ipsum primis in faucibus orci luctus et ultrices posuere cubilia Curae; Donec pharetra, magna vestibulum aliquet ultrices, erat tortor sollicitudin mi, sit amet lobortis sapien sapien non mi. Integer ac neque. Duis bibendum. Morbi non quam nec dui luctus rutrum.",35608,33,3
Bed Frame,In congue. Etiam justo. Etiam pretium iaculis justo. In hac habitasse platea dictumst. Etiam faucibus cursus urna.,5583,22,1
Cabinet,Nullam porttitor lacus at turpis. Donec posuere metus vitae ipsum. Aliquam non mauris. Morbi non lectus. Aliquam sit amet diam in magna bibendum imperdiet.,15043,9,5
Coffee Table,Duis consequat dui nec nisi volutpat eleifend. Donec ut dolor.,17111,33,4
Wood Lamp,Vestibulum sed magna at nunc commodo placerat. Praesent blandit. Nam nulla.,40604,31,2
Bench,Etiam justo. Etiam pretium iaculis justo.,6233,41,1
Drawer,"Morbi non quam nec dui luctus rutrum. Nulla tellus. In sagittis dui vel nisl. Duis ac nibh. Fusce lacus purus, aliquet at, feugiat non, pretium quis, lectus.",47054,8,5
Wall Decor,"Morbi vestibulum, velit id pretium iaculis, diam erat fermentum justo, nec condimentum neque sapien placerat ante. Nulla justo. Aliquam quis turpis eget elit sodales scelerisque.",43103,33,1
Wood Chair,"Curabitur gravida nisi at nibh. In hac habitasse platea dictumst. Aliquam augue quam, sollicitudin vitae, consectetuer eget, rutrum at, lorem. Integer tincidunt ante vel ipsum. Praesent blandit lacinia erat.",22970,29,5
Dining Table,Etiam vel augue. Vestibulum rutrum rutrum neque. Aenean auctor gravida sem.,28947,14,4
Wood Shelf,"Morbi vestibulum, velit id pretium iaculis, diam erat fermentum justo, nec condimentum neque sapien placerat ante. Nulla justo. Aliquam quis turpis eget elit sodales scelerisque.",6516,29,3
Bed Frame,Nullam sit amet turpis elementum ligula vehicula consequat. Morbi a ipsum. Integer a nibh. In quis justo. Maecenas rhoncus aliquam lacus.,9121,13,4
Cabinet,Aliquam erat volutpat. In congue.,19905,20,5
Coffee Table,"Curabitur at ipsum ac tellus semper interdum. Mauris ullamcorper purus sit amet nulla. Quisque arcu libero, rutrum ac, lobortis vel, dapibus at, diam. Nam tristique tortor eu pede.",26062,17,4
Wood Lamp,Suspendisse accumsan tortor quis turpis. Sed ante.,45342,20,2
Bench,Curabitur convallis.,3921,4,1
Drawer,Pellentesque ultrices mattis odio. Donec vitae nisi.,31528,30,4
Wall Decor,Proin eu mi. Nulla ac enim.,8086,48,5
Wood Chair,"Duis ac nibh. Fusce lacus purus, aliquet at, feugiat non, pretium quis, lectus. Suspendisse potenti.",46968,26,3
Dining Table,"Morbi vestibulum, velit id pretium iaculis, diam erat fermentum justo, nec condimentum neque sapien placerat ante. Nulla justo. Aliquam quis turpis eget elit sodales scelerisque. Mauris sit amet eros.",34793,28,3
Wood Shelf,"Pellentesque viverra pede ac diam. Cras pellentesque volutpat dui. Maecenas tristique, est et tempus semper, est quam pharetra magna, ac consequat metus sapien ut nunc. Vestibulum ante ipsum primis in faucibus orci luctus et ultrices posuere cubilia Curae; Mauris viverra diam vitae quam.",49891,31,1
Bed Frame,"Nulla nisl. Nunc nisl. Duis bibendum, felis sed interdum venenatis, turpis enim blandit mi, in porttitor pede justo eu massa. Donec dapibus.",38112,44,1
Cabinet,"Cum sociis natoque penatibus et magnis dis parturient montes, nascetur ridiculus mus. Etiam vel augue. Vestibulum rutrum rutrum neque. Aenean auctor gravida sem. Praesent id massa id nisl venenatis lacinia.",16290,30,1
Coffee Table,In eleifend quam a odio. In hac habitasse platea dictumst.,8977,33,1
Wood Lamp,"Vivamus vestibulum sagittis sapien. Cum sociis natoque penatibus et magnis dis parturient montes, nascetur ridiculus mus. Etiam vel augue.",32732,36,2
Bench,Pellentesque viverra pede ac diam.,13156,46,4
Drawer,"Integer aliquet, massa id lobortis convallis, tortor risus dapibus augue, vel accumsan tellus nisi eu orci.",27574,39,3
Wall Decor,"Cras mi pede, malesuada in, imperdiet et, commodo vulputate, justo. In blandit ultrices enim.",3502,1,3
Wood Chair,"Proin eu mi. Nulla ac enim. In tempor, turpis nec euismod scelerisque, quam turpis adipiscing lorem, vitae mattis nibh ligula nec sem. Duis aliquam convallis nunc. Proin at turpis a pede posuere nonummy.",35839,43,1
Dining Table,"Cum sociis natoque penatibus et magnis dis parturient montes, nascetur ridiculus mus. Etiam vel augue. Vestibulum rutrum rutrum neque. Aenean auctor gravida sem.",32274,35,3
Wood Shelf,"Integer non velit. Donec diam neque, vestibulum eget, vulputate ut, ultrices vel, augue. Vestibulum ante ipsum primis in faucibus orci luctus et ultrices posuere cubilia Curae; Donec pharetra, magna vestibulum aliquet ultrices, erat tortor sollicitudin mi, sit amet lobortis sapien sapien non mi.",47880,3,5
Bed Frame,Nulla suscipit ligula in lacus. Curabitur at ipsum ac tellus semper interdum.,1405,3,4
Cabinet,Ut tellus. Nulla ut erat id mauris vulputate elementum. Nullam varius. Nulla facilisi. Cras non velit nec nisi vulputate nonummy.,12083,43,4
Coffee Table,"Donec quis orci eget orci vehicula condimentum. Curabitur in libero ut massa volutpat convallis. Morbi odio odio, elementum eu, interdum eu, tincidunt in, leo.",31682,22,4
Wood Lamp,Donec vitae nisi.,45340,28,5
Bench,"In tempor, turpis nec euismod scelerisque, quam turpis adipiscing lorem, vitae mattis nibh ligula nec sem. Duis aliquam convallis nunc. Proin at turpis a pede posuere nonummy.",6299,47,5
Drawer,Duis consequat dui nec nisi volutpat eleifend. Donec ut dolor. Morbi vel lectus in quam fringilla rhoncus.,6069,12,3
Wall Decor,"In est risus, auctor sed, tristique in, tempus sit amet, sem.",23898,25,3
Wood Chair,"Curabitur in libero ut massa volutpat convallis. Morbi odio odio, elementum eu, interdum eu, tincidunt in, leo. Maecenas pulvinar lobortis est. Phasellus sit amet erat. Nulla tempus.",5293,50,2
Dining Table,Integer a nibh. In quis justo.,19755,30,2
Wood Shelf,"Vestibulum ac est lacinia nisi venenatis tristique. Fusce congue, diam id ornare imperdiet, sapien urna pretium nisl, ut volutpat sapien arcu sed augue. Aliquam erat volutpat.",879,3,4
Bed Frame,"Nulla neque libero, convallis eget, eleifend luctus, ultricies eu, nibh. Quisque id justo sit amet sapien dignissim vestibulum. Vestibulum ante ipsum primis in faucibus orci luctus et ultrices posuere cubilia Curae; Nulla dapibus dolor vel est.",20983,9,5
Cabinet,"Nam nulla. Integer pede justo, lacinia eget, tincidunt eget, tempus vel, pede.",43490,34,1
Coffee Table,Etiam faucibus cursus urna. Ut tellus.,44628,10,4
Wood Lamp,Etiam vel augue. Vestibulum rutrum rutrum neque.,22683,39,2
Bench,"Aenean sit amet justo. Morbi ut odio. Cras mi pede, malesuada in, imperdiet et, commodo vulputate, justo. In blandit ultrices enim. Lorem ipsum dolor sit amet, consectetuer adipiscing elit.",10484,42,4
Drawer,Nullam varius. Nulla facilisi. Cras non velit nec nisi vulputate nonummy. Maecenas tincidunt lacus at velit. Vivamus vel nulla eget eros elementum pellentesque.,1330,23,1
Wall Decor,Suspendisse potenti. In eleifend quam a odio.,33554,44,1
Wood Chair,"Quisque id justo sit amet sapien dignissim vestibulum. Vestibulum ante ipsum primis in faucibus orci luctus et ultrices posuere cubilia Curae; Nulla dapibus dolor vel est. Donec odio justo, sollicitudin ut, suscipit a, feugiat et, eros. Vestibulum ac est lacinia nisi venenatis tristique. Fusce congue, diam id ornare imperdiet, sapien urna pretium nisl, ut volutpat sapien arcu sed augue.",10926,26,3
Dining Table,"Fusce lacus purus, aliquet at, feugiat non, pretium quis, lectus. Suspendisse potenti. In eleifend quam a odio.",45146,1,4
Wood Shelf,"Integer pede justo, lacinia eget, tincidunt eget, tempus vel, pede. Morbi porttitor lorem id ligula. Suspendisse ornare consequat lectus. In est risus, auctor sed, tristique in, tempus sit amet, sem. Fusce consequat.",36556,11,4
Bed Frame,Integer non velit.,49235,38,2
Cabinet,Sed vel enim sit amet nunc viverra dapibus. Nulla suscipit ligula in lacus. Curabitur at ipsum ac tellus semper interdum. Mauris ullamcorper purus sit amet nulla.,6025,8,3
Coffee Table,Nullam sit amet turpis elementum ligula vehicula consequat. Morbi a ipsum. Integer a nibh. In quis justo. Maecenas rhoncus aliquam lacus.,40976,12,3
Wood Lamp,In hac habitasse platea dictumst. Maecenas ut massa quis augue luctus tincidunt.,12766,16,4
Bench,Vestibulum ante ipsum primis in faucibus orci luctus et ultrices posuere cubilia Curae; Mauris viverra diam vitae quam. Suspendisse potenti. Nullam porttitor lacus at turpis. Donec posuere metus vitae ipsum.,28977,49,5
Drawer,Suspendisse potenti. In eleifend quam a odio. In hac habitasse platea dictumst. Maecenas ut massa quis augue luctus tincidunt.,11628,28,4
Wall Decor,Sed accumsan felis. Ut at dolor quis odio consequat varius. Integer ac leo. Pellentesque ultrices mattis odio.,32379,39,5
Wood Chair,"Phasellus id sapien in sapien iaculis congue. Vivamus metus arcu, adipiscing molestie, hendrerit at, vulputate vitae, nisl. Aenean lectus. Pellentesque eget nunc.",37942,14,5
Dining Table,Donec semper sapien a libero. Nam dui.,13454,49,5
Wood Shelf,"Fusce lacus purus, aliquet at, feugiat non, pretium quis, lectus. Suspendisse potenti. In eleifend quam a odio.",39400,33,3
Bed Frame,"Vivamus metus arcu, adipiscing molestie, hendrerit at, vulputate vitae, nisl. Aenean lectus.",43821,12,4
Cabinet,"Proin at turpis a pede posuere nonummy. Integer non velit. Donec diam neque, vestibulum eget, vulputate ut, ultrices vel, augue.",49169,37,5
Coffee Table,Curabitur convallis. Duis consequat dui nec nisi volutpat eleifend. Donec ut dolor. Morbi vel lectus in quam fringilla rhoncus.,1958,48,3
Wood Lamp,Nullam varius. Nulla facilisi.,29140,12,5
Bench,Integer tincidunt ante vel ipsum. Praesent blandit lacinia erat. Vestibulum sed magna at nunc commodo placerat. Praesent blandit. Nam nulla.,16542,42,5
Drawer,Etiam pretium iaculis justo. In hac habitasse platea dictumst. Etiam faucibus cursus urna. Ut tellus.,22539,39,3
Wall Decor,Nullam varius. Nulla facilisi. Cras non velit nec nisi vulputate nonummy. Maecenas tincidunt lacus at velit.,30302,15,3
Wood Chair,"Fusce posuere felis sed lacus. Morbi sem mauris, laoreet ut, rhoncus aliquet, pulvinar sed, nisl. Nunc rhoncus dui vel sem. Sed sagittis.",6786,28,5
Dining Table,"Maecenas rhoncus aliquam lacus. Morbi quis tortor id nulla ultrices aliquet. Maecenas leo odio, condimentum id, luctus nec, molestie sed, justo. Pellentesque viverra pede ac diam.",17852,16,3
Wood Shelf,"Duis bibendum, felis sed interdum venenatis, turpis enim blandit mi, in porttitor pede justo eu massa. Donec dapibus. Duis at velit eu est congue elementum. In hac habitasse platea dictumst. Morbi vestibulum, velit id pretium iaculis, diam erat fermentum justo, nec condimentum neque sapien placerat ante.",42528,13,1
Bed Frame,"Suspendisse ornare consequat lectus. In est risus, auctor sed, tristique in, tempus sit amet, sem. Fusce consequat. Nulla nisl. Nunc nisl.",25875,25,2
Cabinet,Mauris lacinia sapien quis libero. Nullam sit amet turpis elementum ligula vehicula consequat.,19951,39,5
Coffee Table,Vestibulum ante ipsum primis in faucibus orci luctus et ultrices posuere cubilia Curae; Mauris viverra diam vitae quam. Suspendisse potenti. Nullam porttitor lacus at turpis.,15964,6,3
Wood Lamp,"Lorem ipsum dolor sit amet, consectetuer adipiscing elit. Proin risus. Praesent lectus.",20735,11,4
Bench,"Cum sociis natoque penatibus et magnis dis parturient montes, nascetur ridiculus mus. Vivamus vestibulum sagittis sapien. Cum sociis natoque penatibus et magnis dis parturient montes, nascetur ridiculus mus. Etiam vel augue.",34794,43,2
Drawer,"Nulla nisl. Nunc nisl. Duis bibendum, felis sed interdum venenatis, turpis enim blandit mi, in porttitor pede justo eu massa. Donec dapibus.",34722,2,4
Wall Decor,In quis justo. Maecenas rhoncus aliquam lacus. Morbi quis tortor id nulla ultrices aliquet.,1505,34,3
Wood Chair,"Donec ut dolor. Morbi vel lectus in quam fringilla rhoncus. Mauris enim leo, rhoncus sed, vestibulum sit amet, cursus id, turpis.",33871,28,3
Dining Table,Nunc rhoncus dui vel sem.,42971,11,2
Wood Shelf,"Morbi sem mauris, laoreet ut, rhoncus aliquet, pulvinar sed, nisl. Nunc rhoncus dui vel sem.",32798,10,2
Bed Frame,"Lorem ipsum dolor sit amet, consectetuer adipiscing elit.",47633,40,5
Cabinet,Etiam vel augue. Vestibulum rutrum rutrum neque. Aenean auctor gravida sem. Praesent id massa id nisl venenatis lacinia.,26148,50,2
Coffee Table,"Donec semper sapien a libero. Nam dui. Proin leo odio, porttitor id, consequat in, consequat ut, nulla. Sed accumsan felis.",27004,26,3
Wood Lamp,Fusce consequat. Nulla nisl.,335,4,4
Bench,Pellentesque at nulla. Suspendisse potenti. Cras in purus eu magna vulputate luctus.,3929,17,1
Drawer,Nulla suscipit ligula in lacus. Curabitur at ipsum ac tellus semper interdum.,37022,20,4
Wall Decor,Mauris lacinia sapien quis libero. Nullam sit amet turpis elementum ligula vehicula consequat. Morbi a ipsum. Integer a nibh. In quis justo.,27278,31,5
Wood Chair,"Donec semper sapien a libero. Nam dui. Proin leo odio, porttitor id, consequat in, consequat ut, nulla. Sed accumsan felis. Ut at dolor quis odio consequat varius.",46957,23,5
Dining Table,"Proin leo odio, porttitor id, consequat in, consequat ut, nulla.",13363,38,4
Wood Shelf,Etiam vel augue. Vestibulum rutrum rutrum neque. Aenean auctor gravida sem. Praesent id massa id nisl venenatis lacinia.,2802,4,4
Bed Frame,"Duis ac nibh. Fusce lacus purus, aliquet at, feugiat non, pretium quis, lectus. Suspendisse potenti. In eleifend quam a odio. In hac habitasse platea dictumst.",4308,35,2
Cabinet,"Proin interdum mauris non ligula pellentesque ultrices. Phasellus id sapien in sapien iaculis congue. Vivamus metus arcu, adipiscing molestie, hendrerit at, vulputate vitae, nisl. Aenean lectus. Pellentesque eget nunc.",35053,24,1
Coffee Table,Duis mattis egestas metus.,44562,7,5
Wood Lamp,Sed ante. Vivamus tortor.,47906,28,3
Bench,"Pellentesque ultrices mattis odio. Donec vitae nisi. Nam ultrices, libero non mattis pulvinar, nulla pede ullamcorper augue, a suscipit nulla elit ac nulla. Sed vel enim sit amet nunc viverra dapibus.",7524,3,4
Drawer,"Integer aliquet, massa id lobortis convallis, tortor risus dapibus augue, vel accumsan tellus nisi eu orci. Mauris lacinia sapien quis libero. Nullam sit amet turpis elementum ligula vehicula consequat. Morbi a ipsum.",35012,22,5
Wall Decor,"Nam congue, risus semper porta volutpat, quam pede lobortis ligula, sit amet eleifend pede libero quis orci. Nullam molestie nibh in lectus.",38778,26,5
Wood Chair,Duis at velit eu est congue elementum.,26409,47,1
Dining Table,Sed vel enim sit amet nunc viverra dapibus.,3532,47,3
Wood Shelf,In quis justo.,47501,6,4
Bed Frame,Donec quis orci eget orci vehicula condimentum.,19565,30,5
Cabinet,"Morbi odio odio, elementum eu, interdum eu, tincidunt in, leo. Maecenas pulvinar lobortis est. Phasellus sit amet erat. Nulla tempus. Vivamus in felis eu sapien cursus vestibulum.",33113,4,4
Coffee Table,"Duis bibendum, felis sed interdum venenatis, turpis enim blandit mi, in porttitor pede justo eu massa.",8079,48,5
Wood Lamp,"Nulla neque libero, convallis eget, eleifend luctus, ultricies eu, nibh. Quisque id justo sit amet sapien dignissim vestibulum. Vestibulum ante ipsum primis in faucibus orci luctus et ultrices posuere cubilia Curae; Nulla dapibus dolor vel est.",44410,7,1
Bench,"Praesent blandit lacinia erat. Vestibulum sed magna at nunc commodo placerat. Praesent blandit. Nam nulla. Integer pede justo, lacinia eget, tincidunt eget, tempus vel, pede.",31243,11,5
Drawer,"Proin leo odio, porttitor id, consequat in, consequat ut, nulla. Sed accumsan felis. Ut at dolor quis odio consequat varius.",23486,47,4
Wall Decor,Duis mattis egestas metus. Aenean fermentum. Donec ut mauris eget massa tempor convallis.,34429,1,5
Wood Chair,"Nullam molestie nibh in lectus. Pellentesque at nulla. Suspendisse potenti. Cras in purus eu magna vulputate luctus. Cum sociis natoque penatibus et magnis dis parturient montes, nascetur ridiculus mus.",30079,19,5
Dining Table,Donec posuere metus vitae ipsum. Aliquam non mauris.,2978,38,2
Wood Shelf,Suspendisse potenti. Cras in purus eu magna vulputate luctus.,21613,2,3
Bed Frame,Nulla ut erat id mauris vulputate elementum. Nullam varius. Nulla facilisi. Cras non velit nec nisi vulputate nonummy. Maecenas tincidunt lacus at velit.,11749,11,2
Cabinet,In congue. Etiam justo.,39137,47,4
Coffee Table,"Integer non velit. Donec diam neque, vestibulum eget, vulputate ut, ultrices vel, augue. Vestibulum ante ipsum primis in faucibus orci luctus et ultrices posuere cubilia Curae; Donec pharetra, magna vestibulum aliquet ultrices, erat tortor sollicitudin mi, sit amet lobortis sapien sapien non mi. Integer ac neque.",4496,12,3
Wood Lamp,"Integer pede justo, lacinia eget, tincidunt eget, tempus vel, pede. Morbi porttitor lorem id ligula. Suspendisse ornare consequat lectus. In est risus, auctor sed, tristique in, tempus sit amet, sem. Fusce consequat.",47704,33,4
Bench,Aenean lectus. Pellentesque eget nunc.,45824,6,1
Drawer,"In hac habitasse platea dictumst. Morbi vestibulum, velit id pretium iaculis, diam erat fermentum justo, nec condimentum neque sapien placerat ante.",24865,2,3
Wall Decor,Morbi a ipsum. Integer a nibh. In quis justo.,32690,45,4
Wood Chair,Nulla suscipit ligula in lacus. Curabitur at ipsum ac tellus semper interdum. Mauris ullamcorper purus sit amet nulla.,28996,45,5
Dining Table,Morbi quis tortor id nulla ultrices aliquet.,36307,45,4
Wood Shelf,Aliquam sit amet diam in magna bibendum imperdiet.,22320,11,3
Bed Frame,Pellentesque ultrices mattis odio.,33312,25,2
Cabinet,"Vestibulum quam sapien, varius ut, blandit non, interdum in, ante. Vestibulum ante ipsum primis in faucibus orci luctus et ultrices posuere cubilia Curae; Duis faucibus accumsan odio.",24550,16,2
Coffee Table,"In hac habitasse platea dictumst. Aliquam augue quam, sollicitudin vitae, consectetuer eget, rutrum at, lorem. Integer tincidunt ante vel ipsum.",23368,7,5
Wood Lamp,"Duis consequat dui nec nisi volutpat eleifend. Donec ut dolor. Morbi vel lectus in quam fringilla rhoncus. Mauris enim leo, rhoncus sed, vestibulum sit amet, cursus id, turpis.",4900,21,2
Bench,"In hac habitasse platea dictumst. Aliquam augue quam, sollicitudin vitae, consectetuer eget, rutrum at, lorem. Integer tincidunt ante vel ipsum. Praesent blandit lacinia erat.",43777,19,4
Drawer,"Phasellus in felis. Donec semper sapien a libero. Nam dui. Proin leo odio, porttitor id, consequat in, consequat ut, nulla. Sed accumsan felis.",28956,12,2
Wall Decor,Vestibulum ante ipsum primis in faucibus orci luctus et ultrices posuere cubilia Curae; Duis faucibus accumsan odio. Curabitur convallis. Duis consequat dui nec nisi volutpat eleifend. Donec ut dolor. Morbi vel lectus in quam fringilla rhoncus.,25893,33,4
Wood Chair,Praesent blandit lacinia erat. Vestibulum sed magna at nunc commodo placerat. Praesent blandit. Nam nulla.,13364,21,1
Dining Table,Nullam sit amet turpis elementum ligula vehicula consequat.,18286,21,2
Wood Shelf,"Pellentesque ultrices mattis odio. Donec vitae nisi. Nam ultrices, libero non mattis pulvinar, nulla pede ullamcorper augue, a suscipit nulla elit ac nulla. Sed vel enim sit amet nunc viverra dapibus. Nulla suscipit ligula in lacus.",14443,11,1
Bed Frame,Nulla mollis molestie lorem. Quisque ut erat. Curabitur gravida nisi at nibh.,18808,22,4
Cabinet,"Cras mi pede, malesuada in, imperdiet et, commodo vulputate, justo. In blandit ultrices enim. Lorem ipsum dolor sit amet, consectetuer adipiscing elit. Proin interdum mauris non ligula pellentesque ultrices.",1405,21,5
Coffee Table,In hac habitasse platea dictumst. Etiam faucibus cursus urna.,34990,29,1
Wood Lamp,"Fusce lacus purus, aliquet at, feugiat non, pretium quis, lectus. Suspendisse potenti. In eleifend quam a odio.",39262,35,4
Bench,Etiam vel augue. Vestibulum rutrum rutrum neque. Aenean auctor gravida sem. Praesent id massa id nisl venenatis lacinia. Aenean sit amet justo.,8224,31,4
Drawer,Aenean lectus. Pellentesque eget nunc. Donec quis orci eget orci vehicula condimentum.,23512,1,4
Wall Decor,Nulla justo. Aliquam quis turpis eget elit sodales scelerisque.,24850,50,2
Wood Chair,"Proin leo odio, porttitor id, consequat in, consequat ut, nulla.",7606,15,5
Dining Table,Mauris sit amet eros. Suspendisse accumsan tortor quis turpis. Sed ante.,11162,8,5
Wood Shelf,"Aliquam sit amet diam in magna bibendum imperdiet. Nullam orci pede, venenatis non, sodales sed, tincidunt eu, felis. Fusce posuere felis sed lacus. Morbi sem mauris, laoreet ut, rhoncus aliquet, pulvinar sed, nisl.",4807,48,1
Bed Frame,"Cras in purus eu magna vulputate luctus. Cum sociis natoque penatibus et magnis dis parturient montes, nascetur ridiculus mus. Vivamus vestibulum sagittis sapien. Cum sociis natoque penatibus et magnis dis parturient montes, nascetur ridiculus mus.",31896,45,1
Cabinet,Vestibulum rutrum rutrum neque.,42516,5,3
Coffee Table,"Donec ut mauris eget massa tempor convallis. Nulla neque libero, convallis eget, eleifend luctus, ultricies eu, nibh.",24129,45,2
Wood Lamp,"Maecenas tincidunt lacus at velit. Vivamus vel nulla eget eros elementum pellentesque. Quisque porta volutpat erat. Quisque erat eros, viverra eget, congue eget, semper rutrum, nulla. Nunc purus.",36779,34,4
Bench,Integer tincidunt ante vel ipsum.,29455,8,5
Drawer,Sed accumsan felis. Ut at dolor quis odio consequat varius. Integer ac leo. Pellentesque ultrices mattis odio. Donec vitae nisi.,13206,50,2
Wall Decor,"Nam congue, risus semper porta volutpat, quam pede lobortis ligula, sit amet eleifend pede libero quis orci. Nullam molestie nibh in lectus.",32507,10,2
Wood Chair,"Quisque porta volutpat erat. Quisque erat eros, viverra eget, congue eget, semper rutrum, nulla. Nunc purus. Phasellus in felis.",47047,23,3
Dining Table,Donec semper sapien a libero.,7261,13,3
Wood Shelf,"Nulla nisl. Nunc nisl. Duis bibendum, felis sed interdum venenatis, turpis enim blandit mi, in porttitor pede justo eu massa. Donec dapibus. Duis at velit eu est congue elementum.",25387,33,1
Bed Frame,"Cras in purus eu magna vulputate luctus. Cum sociis natoque penatibus et magnis dis parturient montes, nascetur ridiculus mus. Vivamus vestibulum sagittis sapien. Cum sociis natoque penatibus et magnis dis parturient montes, nascetur ridiculus mus. Etiam vel augue.",36203,40,5
Cabinet,"Donec odio justo, sollicitudin ut, suscipit a, feugiat et, eros. Vestibulum ac est lacinia nisi venenatis tristique. Fusce congue, diam id ornare imperdiet, sapien urna pretium nisl, ut volutpat sapien arcu sed augue.",2341,11,5
Coffee Table,"Mauris enim leo, rhoncus sed, vestibulum sit amet, cursus id, turpis. Integer aliquet, massa id lobortis convallis, tortor risus dapibus augue, vel accumsan tellus nisi eu orci. Mauris lacinia sapien quis libero. Nullam sit amet turpis elementum ligula vehicula consequat.",5445,28,3
Wood Lamp,Proin interdum mauris non ligula pellentesque ultrices. Phasellus id sapien in sapien iaculis congue.,1839,34,1
Bench,"Mauris enim leo, rhoncus sed, vestibulum sit amet, cursus id, turpis. Integer aliquet, massa id lobortis convallis, tortor risus dapibus augue, vel accumsan tellus nisi eu orci.",17241,6,3
Drawer,"Fusce posuere felis sed lacus. Morbi sem mauris, laoreet ut, rhoncus aliquet, pulvinar sed, nisl.",5382,13,2
Wall Decor,"Cras mi pede, malesuada in, imperdiet et, commodo vulputate, justo. In blandit ultrices enim. Lorem ipsum dolor sit amet, consectetuer adipiscing elit.",15527,28,2
Wood Chair,"Morbi ut odio. Cras mi pede, malesuada in, imperdiet et, commodo vulputate, justo. In blandit ultrices enim. Lorem ipsum dolor sit amet, consectetuer adipiscing elit.",43590,22,2
Dining Table,Nulla mollis molestie lorem. Quisque ut erat. Curabitur gravida nisi at nibh. In hac habitasse platea dictumst.,43616,42,1
Wood Shelf,Vestibulum ante ipsum primis in faucibus orci luctus et ultrices posuere cubilia Curae; Duis faucibus accumsan odio.,32115,19,1
Bed Frame,"Lorem ipsum dolor sit amet, consectetuer adipiscing elit.",8046,2,3
Cabinet,Aenean lectus.,21736,20,5
Coffee Table,"Cras mi pede, malesuada in, imperdiet et, commodo vulputate, justo. In blandit ultrices enim. Lorem ipsum dolor sit amet, consectetuer adipiscing elit. Proin interdum mauris non ligula pellentesque ultrices.",19687,44,3
Wood Lamp,"Donec vitae nisi. Nam ultrices, libero non mattis pulvinar, nulla pede ullamcorper augue, a suscipit nulla elit ac nulla. Sed vel enim sit amet nunc viverra dapibus.",17614,35,4
Bench,Praesent blandit lacinia erat. Vestibulum sed magna at nunc commodo placerat. Praesent blandit.,31515,21,4
Drawer,Etiam faucibus cursus urna. Ut tellus.,3918,7,5
Wall Decor,Curabitur convallis. Duis consequat dui nec nisi volutpat eleifend. Donec ut dolor.,37191,26,1
Wood Chair,Integer tincidunt ante vel ipsum. Praesent blandit lacinia erat. Vestibulum sed magna at nunc commodo placerat. Praesent blandit.,33536,27,1
Dining Table,"Pellentesque eget nunc. Donec quis orci eget orci vehicula condimentum. Curabitur in libero ut massa volutpat convallis. Morbi odio odio, elementum eu, interdum eu, tincidunt in, leo. Maecenas pulvinar lobortis est.",27510,44,4
Wood Shelf,Curabitur convallis. Duis consequat dui nec nisi volutpat eleifend. Donec ut dolor. Morbi vel lectus in quam fringilla rhoncus.,47022,18,2
Bed Frame,"Mauris enim leo, rhoncus sed, vestibulum sit amet, cursus id, turpis. Integer aliquet, massa id lobortis convallis, tortor risus dapibus augue, vel accumsan tellus nisi eu orci. Mauris lacinia sapien quis libero. Nullam sit amet turpis elementum ligula vehicula consequat.",27964,47,4
Cabinet,"Lorem ipsum dolor sit amet, consectetuer adipiscing elit. Proin interdum mauris non ligula pellentesque ultrices. Phasellus id sapien in sapien iaculis congue. Vivamus metus arcu, adipiscing molestie, hendrerit at, vulputate vitae, nisl.",38311,25,3
Coffee Table,Proin risus. Praesent lectus.,44679,4,3
Wood Lamp,Etiam vel augue. Vestibulum rutrum rutrum neque. Aenean auctor gravida sem. Praesent id massa id nisl venenatis lacinia.,20903,15,2
Bench,Pellentesque at nulla. Suspendisse potenti.,40661,20,4
Drawer,"Nulla nisl. Nunc nisl. Duis bibendum, felis sed interdum venenatis, turpis enim blandit mi, in porttitor pede justo eu massa. Donec dapibus.",29700,32,5
Wall Decor,Nulla tempus. Vivamus in felis eu sapien cursus vestibulum.,15058,2,3
Wood Chair,"Lorem ipsum dolor sit amet, consectetuer adipiscing elit. Proin interdum mauris non ligula pellentesque ultrices. Phasellus id sapien in sapien iaculis congue.",48990,19,2
Dining Table,"Donec diam neque, vestibulum eget, vulputate ut, ultrices vel, augue. Vestibulum ante ipsum primis in faucibus orci luctus et ultrices posuere cubilia Curae; Donec pharetra, magna vestibulum aliquet ultrices, erat tortor sollicitudin mi, sit amet lobortis sapien sapien non mi. Integer ac neque. Duis bibendum.",21913,9,3
Wood Shelf,Integer ac neque. Duis bibendum. Morbi non quam nec dui luctus rutrum. Nulla tellus. In sagittis dui vel nisl.,45911,22,3
Bed Frame,Donec semper sapien a libero. Nam dui.,38321,18,1
Cabinet,Nulla ut erat id mauris vulputate elementum.,45868,30,2
Coffee Table,"Duis bibendum, felis sed interdum venenatis, turpis enim blandit mi, in porttitor pede justo eu massa. Donec dapibus.",11987,28,2
Wood Lamp,Phasellus sit amet erat. Nulla tempus. Vivamus in felis eu sapien cursus vestibulum. Proin eu mi. Nulla ac enim.,34169,34,5
Bench,Suspendisse potenti. Nullam porttitor lacus at turpis. Donec posuere metus vitae ipsum.,33890,13,2
Drawer,Curabitur convallis. Duis consequat dui nec nisi volutpat eleifend.,30029,15,5
Wall Decor,Nullam porttitor lacus at turpis.,3034,7,2
Wood Chair,"Donec quis orci eget orci vehicula condimentum. Curabitur in libero ut massa volutpat convallis. Morbi odio odio, elementum eu, interdum eu, tincidunt in, leo. Maecenas pulvinar lobortis est. Phasellus sit amet erat.",13013,4,1
Dining Table,"In hac habitasse platea dictumst. Aliquam augue quam, sollicitudin vitae, consectetuer eget, rutrum at, lorem. Integer tincidunt ante vel ipsum.",42022,18,1
Wood Shelf,In hac habitasse platea dictumst. Etiam faucibus cursus urna. Ut tellus. Nulla ut erat id mauris vulputate elementum. Nullam varius.,16083,11,2
Bed Frame,Pellentesque eget nunc. Donec quis orci eget orci vehicula condimentum.,6699,14,4
Cabinet,Nullam porttitor lacus at turpis. Donec posuere metus vitae ipsum. Aliquam non mauris.,6367,37,2
Coffee Table,"Integer aliquet, massa id lobortis convallis, tortor risus dapibus augue, vel accumsan tellus nisi eu orci. Mauris lacinia sapien quis libero. Nullam sit amet turpis elementum ligula vehicula consequat. Morbi a ipsum.",23451,42,3
Wood Lamp,"Integer aliquet, massa id lobortis convallis, tortor risus dapibus augue, vel accumsan tellus nisi eu orci. Mauris lacinia sapien quis libero.",40963,10,5
Bench,Nullam molestie nibh in lectus. Pellentesque at nulla. Suspendisse potenti. Cras in purus eu magna vulputate luctus.,1672,9,4
Drawer,"Duis at velit eu est congue elementum. In hac habitasse platea dictumst. Morbi vestibulum, velit id pretium iaculis, diam erat fermentum justo, nec condimentum neque sapien placerat ante. Nulla justo. Aliquam quis turpis eget elit sodales scelerisque.",18714,33,1
Wall Decor,"Nam ultrices, libero non mattis pulvinar, nulla pede ullamcorper augue, a suscipit nulla elit ac nulla. Sed vel enim sit amet nunc viverra dapibus.",18668,40,3
Wood Chair,"Cras mi pede, malesuada in, imperdiet et, commodo vulputate, justo. In blandit ultrices enim. Lorem ipsum dolor sit amet, consectetuer adipiscing elit. Proin interdum mauris non ligula pellentesque ultrices.",13394,29,4
Dining Table,"Suspendisse ornare consequat lectus. In est risus, auctor sed, tristique in, tempus sit amet, sem. Fusce consequat. Nulla nisl.",27951,33,5
Wood Shelf,Nulla ut erat id mauris vulputate elementum. Nullam varius. Nulla facilisi. Cras non velit nec nisi vulputate nonummy. Maecenas tincidunt lacus at velit.,36175,17,2
Bed Frame,"Cras mi pede, malesuada in, imperdiet et, commodo vulputate, justo.",26934,12,2
Cabinet,Donec posuere metus vitae ipsum. Aliquam non mauris. Morbi non lectus.,3221,50,1
Coffee Table,"Nullam orci pede, venenatis non, sodales sed, tincidunt eu, felis. Fusce posuere felis sed lacus. Morbi sem mauris, laoreet ut, rhoncus aliquet, pulvinar sed, nisl. Nunc rhoncus dui vel sem. Sed sagittis.",42630,2,5
Wood Lamp,"Integer non velit. Donec diam neque, vestibulum eget, vulputate ut, ultrices vel, augue.",27930,50,4
Bench,Maecenas tincidunt lacus at velit. Vivamus vel nulla eget eros elementum pellentesque.,11254,29,2
Drawer,"Proin at turpis a pede posuere nonummy. Integer non velit. Donec diam neque, vestibulum eget, vulputate ut, ultrices vel, augue. Vestibulum ante ipsum primis in faucibus orci luctus et ultrices posuere cubilia Curae; Donec pharetra, magna vestibulum aliquet ultrices, erat tortor sollicitudin mi, sit amet lobortis sapien sapien non mi. Integer ac neque.",26051,44,5
Wall Decor,"Fusce congue, diam id ornare imperdiet, sapien urna pretium nisl, ut volutpat sapien arcu sed augue. Aliquam erat volutpat.",19329,12,5
Wood Chair,Vivamus tortor.,8631,17,3
Dining Table,In eleifend quam a odio. In hac habitasse platea dictumst. Maecenas ut massa quis augue luctus tincidunt. Nulla mollis molestie lorem. Quisque ut erat.,17506,40,2
Wood Shelf,Duis bibendum. Morbi non quam nec dui luctus rutrum. Nulla tellus.,900,36,4
Bed Frame,Etiam justo. Etiam pretium iaculis justo.,3828,44,2
Cabinet,Suspendisse ornare consequat lectus.,4312,6,2
Coffee Table,Praesent id massa id nisl venenatis lacinia.,4252,19,5
Wood Lamp,Pellentesque eget nunc.,44535,50,5
Bench,"Donec diam neque, vestibulum eget, vulputate ut, ultrices vel, augue. Vestibulum ante ipsum primis in faucibus orci luctus et ultrices posuere cubilia Curae; Donec pharetra, magna vestibulum aliquet ultrices, erat tortor sollicitudin mi, sit amet lobortis sapien sapien non mi. Integer ac neque.",36029,48,1
Drawer,"Lorem ipsum dolor sit amet, consectetuer adipiscing elit. Proin interdum mauris non ligula pellentesque ultrices. Phasellus id sapien in sapien iaculis congue.",25572,25,3
Wall Decor,Nullam varius. Nulla facilisi. Cras non velit nec nisi vulputate nonummy. Maecenas tincidunt lacus at velit. Vivamus vel nulla eget eros elementum pellentesque.,44908,37,3
Wood Chair,Duis aliquam convallis nunc.,4047,21,4
Dining Table,Sed vel enim sit amet nunc viverra dapibus.,9469,34,4
Wood Shelf,"In tempor, turpis nec euismod scelerisque, quam turpis adipiscing lorem, vitae mattis nibh ligula nec sem.",29786,24,1
Bed Frame,"Aenean fermentum. Donec ut mauris eget massa tempor convallis. Nulla neque libero, convallis eget, eleifend luctus, ultricies eu, nibh. Quisque id justo sit amet sapien dignissim vestibulum.",44557,37,2
Cabinet,"Vivamus metus arcu, adipiscing molestie, hendrerit at, vulputate vitae, nisl. Aenean lectus.",45869,18,3
Coffee Table,Nullam molestie nibh in lectus.,48762,23,5
Wood Lamp,Nullam varius. Nulla facilisi. Cras non velit nec nisi vulputate nonummy. Maecenas tincidunt lacus at velit. Vivamus vel nulla eget eros elementum pellentesque.,17319,18,3
Bench,Maecenas tincidunt lacus at velit. Vivamus vel nulla eget eros elementum pellentesque.,24236,47,1
Drawer,Quisque porta volutpat erat.,15493,6,2
Wall Decor,"Fusce lacus purus, aliquet at, feugiat non, pretium quis, lectus.",36767,44,4
Wood Chair,Nunc purus. Phasellus in felis. Donec semper sapien a libero.,36160,42,5
Dining Table,Integer ac leo. Pellentesque ultrices mattis odio.,45422,47,3
Wood Shelf,"Nam ultrices, libero non mattis pulvinar, nulla pede ullamcorper augue, a suscipit nulla elit ac nulla. Sed vel enim sit amet nunc viverra dapibus. Nulla suscipit ligula in lacus.",26887,14,3
Bed Frame,"Aliquam sit amet diam in magna bibendum imperdiet. Nullam orci pede, venenatis non, sodales sed, tincidunt eu, felis. Fusce posuere felis sed lacus.",2078,35,1
Cabinet,Suspendisse potenti. Nullam porttitor lacus at turpis. Donec posuere metus vitae ipsum. Aliquam non mauris. Morbi non lectus.,31249,17,4
Coffee Table,"Nam ultrices, libero non mattis pulvinar, nulla pede ullamcorper augue, a suscipit nulla elit ac nulla. Sed vel enim sit amet nunc viverra dapibus. Nulla suscipit ligula in lacus. Curabitur at ipsum ac tellus semper interdum. Mauris ullamcorper purus sit amet nulla.",21031,5,3
Wood Lamp,Integer ac neque. Duis bibendum.,3567,5,3
Bench,"In blandit ultrices enim. Lorem ipsum dolor sit amet, consectetuer adipiscing elit.",42478,14,4
Drawer,"Donec odio justo, sollicitudin ut, suscipit a, feugiat et, eros.",1007,42,2
Wall Decor,Vestibulum sed magna at nunc commodo placerat. Praesent blandit. Nam nulla.,35406,19,3
Wood Chair,"Lorem ipsum dolor sit amet, consectetuer adipiscing elit. Proin risus.",43781,13,3
Dining Table,"Maecenas leo odio, condimentum id, luctus nec, molestie sed, justo.",7929,1,4
Wood Shelf,Integer a nibh. In quis justo. Maecenas rhoncus aliquam lacus.,40446,40,2
Bed Frame,"Aenean fermentum. Donec ut mauris eget massa tempor convallis. Nulla neque libero, convallis eget, eleifend luctus, ultricies eu, nibh.",22542,31,2
Cabinet,"Cum sociis natoque penatibus et magnis dis parturient montes, nascetur ridiculus mus. Etiam vel augue. Vestibulum rutrum rutrum neque.",30296,29,4
Coffee Table,"Duis consequat dui nec nisi volutpat eleifend. Donec ut dolor. Morbi vel lectus in quam fringilla rhoncus. Mauris enim leo, rhoncus sed, vestibulum sit amet, cursus id, turpis. Integer aliquet, massa id lobortis convallis, tortor risus dapibus augue, vel accumsan tellus nisi eu orci.",133,2,3
Wood Lamp,Vestibulum rutrum rutrum neque. Aenean auctor gravida sem. Praesent id massa id nisl venenatis lacinia. Aenean sit amet justo.,2097,18,2
Bench,Aliquam quis turpis eget elit sodales scelerisque. Mauris sit amet eros. Suspendisse accumsan tortor quis turpis.,20779,2,4
Drawer,Integer ac neque.,42381,10,3
Wall Decor,"Vestibulum sed magna at nunc commodo placerat. Praesent blandit. Nam nulla. Integer pede justo, lacinia eget, tincidunt eget, tempus vel, pede.",1986,10,1
Wood Chair,"Nam congue, risus semper porta volutpat, quam pede lobortis ligula, sit amet eleifend pede libero quis orci. Nullam molestie nibh in lectus. Pellentesque at nulla.",21602,44,1
Dining Table,"In hac habitasse platea dictumst. Morbi vestibulum, velit id pretium iaculis, diam erat fermentum justo, nec condimentum neque sapien placerat ante. Nulla justo.",370,5,4
Wood Shelf,"Integer ac leo. Pellentesque ultrices mattis odio. Donec vitae nisi. Nam ultrices, libero non mattis pulvinar, nulla pede ullamcorper augue, a suscipit nulla elit ac nulla.",21362,9,3
Bed Frame,"Suspendisse potenti. Cras in purus eu magna vulputate luctus. Cum sociis natoque penatibus et magnis dis parturient montes, nascetur ridiculus mus.",29512,23,1
Cabinet,Phasellus sit amet erat.,24143,28,3
Coffee Table,"Lorem ipsum dolor sit amet, consectetuer adipiscing elit. Proin interdum mauris non ligula pellentesque ultrices. Phasellus id sapien in sapien iaculis congue.",7985,50,1
Wood Lamp,Suspendisse potenti. In eleifend quam a odio.,491,9,2
Bench,Pellentesque at nulla.,8923,21,1
Drawer,Suspendisse accumsan tortor quis turpis.,29696,12,2
Wall Decor,Praesent id massa id nisl venenatis lacinia. Aenean sit amet justo. Morbi ut odio.,39862,40,3
Wood Chair,Phasellus sit amet erat.,37150,39,5
Dining Table,"Nulla tellus. In sagittis dui vel nisl. Duis ac nibh. Fusce lacus purus, aliquet at, feugiat non, pretium quis, lectus. Suspendisse potenti.",8151,3,4
Wood Shelf,Donec posuere metus vitae ipsum. Aliquam non mauris. Morbi non lectus.,22108,31,2
Bed Frame,Morbi a ipsum.,29539,16,1
Cabinet,Pellentesque eget nunc.,15428,15,1
Coffee Table,Donec dapibus. Duis at velit eu est congue elementum. In hac habitasse platea dictumst.,5103,34,2
Wood Lamp,Nulla mollis molestie lorem. Quisque ut erat. Curabitur gravida nisi at nibh. In hac habitasse platea dictumst.,17458,14,4
Bench,Etiam faucibus cursus urna. Ut tellus. Nulla ut erat id mauris vulputate elementum. Nullam varius. Nulla facilisi.,21246,48,4
Drawer,"Cras pellentesque volutpat dui. Maecenas tristique, est et tempus semper, est quam pharetra magna, ac consequat metus sapien ut nunc. Vestibulum ante ipsum primis in faucibus orci luctus et ultrices posuere cubilia Curae; Mauris viverra diam vitae quam. Suspendisse potenti. Nullam porttitor lacus at turpis.",2771,14,5
Wall Decor,Cras pellentesque volutpat dui.,20178,18,3
Wood Chair,"Cum sociis natoque penatibus et magnis dis parturient montes, nascetur ridiculus mus. Vivamus vestibulum sagittis sapien. Cum sociis natoque penatibus et magnis dis parturient montes, nascetur ridiculus mus. Etiam vel augue.",3745,46,3
Dining Table,Mauris sit amet eros. Suspendisse accumsan tortor quis turpis. Sed ante. Vivamus tortor. Duis mattis egestas metus.,3420,14,1
Wood Shelf,Phasellus in felis. Donec semper sapien a libero.,7835,32,1
Bed Frame,"Morbi vel lectus in quam fringilla rhoncus. Mauris enim leo, rhoncus sed, vestibulum sit amet, cursus id, turpis. Integer aliquet, massa id lobortis convallis, tortor risus dapibus augue, vel accumsan tellus nisi eu orci. Mauris lacinia sapien quis libero.",44275,49,1
Cabinet,"Proin interdum mauris non ligula pellentesque ultrices. Phasellus id sapien in sapien iaculis congue. Vivamus metus arcu, adipiscing molestie, hendrerit at, vulputate vitae, nisl.",44114,19,4
Coffee Table,Etiam faucibus cursus urna. Ut tellus.,30371,22,3
Wood Lamp,"Donec odio justo, sollicitudin ut, suscipit a, feugiat et, eros. Vestibulum ac est lacinia nisi venenatis tristique. Fusce congue, diam id ornare imperdiet, sapien urna pretium nisl, ut volutpat sapien arcu sed augue.",34930,37,3
Bench,"Donec semper sapien a libero. Nam dui. Proin leo odio, porttitor id, consequat in, consequat ut, nulla. Sed accumsan felis. Ut at dolor quis odio consequat varius.",13119,9,1
Drawer,"Nam congue, risus semper porta volutpat, quam pede lobortis ligula, sit amet eleifend pede libero quis orci. Nullam molestie nibh in lectus.",37155,22,1
Wall Decor,Quisque id justo sit amet sapien dignissim vestibulum. Vestibulum ante ipsum primis in faucibus orci luctus et ultrices posuere cubilia Curae; Nulla dapibus dolor vel est.,21405,4,2
Wood Chair,Aliquam non mauris. Morbi non lectus. Aliquam sit amet diam in magna bibendum imperdiet.,47275,36,3
Dining Table,"Quisque id justo sit amet sapien dignissim vestibulum. Vestibulum ante ipsum primis in faucibus orci luctus et ultrices posuere cubilia Curae; Nulla dapibus dolor vel est. Donec odio justo, sollicitudin ut, suscipit a, feugiat et, eros.",26711,3,1
Wood Shelf,In hac habitasse platea dictumst.,818,1,4
Bed Frame,Curabitur convallis. Duis consequat dui nec nisi volutpat eleifend.,31439,9,5
Cabinet,Phasellus sit amet erat. Nulla tempus. Vivamus in felis eu sapien cursus vestibulum. Proin eu mi. Nulla ac enim.,17140,6,2
Coffee Table,Vestibulum rutrum rutrum neque.,39379,29,1
Wood Lamp,"Lorem ipsum dolor sit amet, consectetuer adipiscing elit. Proin risus. Praesent lectus. Vestibulum quam sapien, varius ut, blandit non, interdum in, ante.",16093,41,2
Bench,Maecenas tincidunt lacus at velit.,16412,35,5
Drawer,Nulla ut erat id mauris vulputate elementum. Nullam varius. Nulla facilisi. Cras non velit nec nisi vulputate nonummy.,2181,3,2
Wall Decor,Aenean auctor gravida sem. Praesent id massa id nisl venenatis lacinia.,46563,8,2
Wood Chair,"Praesent id massa id nisl venenatis lacinia. Aenean sit amet justo. Morbi ut odio. Cras mi pede, malesuada in, imperdiet et, commodo vulputate, justo.",35758,25,3
Dining Table,"Nam dui. Proin leo odio, porttitor id, consequat in, consequat ut, nulla. Sed accumsan felis. Ut at dolor quis odio consequat varius. Integer ac leo.",15174,40,2
Wood Shelf,"Integer non velit. Donec diam neque, vestibulum eget, vulputate ut, ultrices vel, augue.",46683,35,1
Bed Frame,Aenean lectus. Pellentesque eget nunc. Donec quis orci eget orci vehicula condimentum.,26304,6,4
Cabinet,"Cum sociis natoque penatibus et magnis dis parturient montes, nascetur ridiculus mus. Etiam vel augue. Vestibulum rutrum rutrum neque. Aenean auctor gravida sem.",166,27,1
Coffee Table,"Proin at turpis a pede posuere nonummy. Integer non velit. Donec diam neque, vestibulum eget, vulputate ut, ultrices vel, augue.",32337,14,5
Wood Lamp,Maecenas pulvinar lobortis est. Phasellus sit amet erat.,26731,46,2
Bench,"Nulla ac enim. In tempor, turpis nec euismod scelerisque, quam turpis adipiscing lorem, vitae mattis nibh ligula nec sem.",39528,49,3
Drawer,Praesent blandit lacinia erat. Vestibulum sed magna at nunc commodo placerat.,2337,3,3
Wall Decor,Quisque id justo sit amet sapien dignissim vestibulum. Vestibulum ante ipsum primis in faucibus orci luctus et ultrices posuere cubilia Curae; Nulla dapibus dolor vel est.,49806,42,3
Wood Chair,In eleifend quam a odio.,12135,42,2
Dining Table,Aliquam erat volutpat. In congue. Etiam justo. Etiam pretium iaculis justo. In hac habitasse platea dictumst.,19200,44,2
Wood Shelf,Morbi non quam nec dui luctus rutrum. Nulla tellus.,27190,3,1
Bed Frame,Proin interdum mauris non ligula pellentesque ultrices. Phasellus id sapien in sapien iaculis congue.,45667,23,4
Cabinet,Nulla ac enim.,42547,27,2
Coffee Table,In hac habitasse platea dictumst.,26830,6,4
Wood Lamp,Morbi a ipsum.,33267,19,2
Bench,"Vestibulum quam sapien, varius ut, blandit non, interdum in, ante. Vestibulum ante ipsum primis in faucibus orci luctus et ultrices posuere cubilia Curae; Duis faucibus accumsan odio.",41290,44,2
Drawer,"Nam dui. Proin leo odio, porttitor id, consequat in, consequat ut, nulla.",5886,29,1
Wall Decor,"In sagittis dui vel nisl. Duis ac nibh. Fusce lacus purus, aliquet at, feugiat non, pretium quis, lectus.",31638,22,3
Wood Chair,Cras non velit nec nisi vulputate nonummy. Maecenas tincidunt lacus at velit. Vivamus vel nulla eget eros elementum pellentesque. Quisque porta volutpat erat.,25752,49,4
Dining Table,"Suspendisse ornare consequat lectus. In est risus, auctor sed, tristique in, tempus sit amet, sem.",45189,49,5
Wood Shelf,Ut tellus. Nulla ut erat id mauris vulputate elementum. Nullam varius. Nulla facilisi. Cras non velit nec nisi vulputate nonummy.,11550,43,5
Bed Frame,Nulla justo. Aliquam quis turpis eget elit sodales scelerisque. Mauris sit amet eros. Suspendisse accumsan tortor quis turpis.,19340,49,3
Cabinet,"Pellentesque ultrices mattis odio. Donec vitae nisi. Nam ultrices, libero non mattis pulvinar, nulla pede ullamcorper augue, a suscipit nulla elit ac nulla.",15258,40,1
Coffee Table,"Nulla neque libero, convallis eget, eleifend luctus, ultricies eu, nibh. Quisque id justo sit amet sapien dignissim vestibulum. Vestibulum ante ipsum primis in faucibus orci luctus et ultrices posuere cubilia Curae; Nulla dapibus dolor vel est.",22633,33,2
Wood Lamp,"In quis justo. Maecenas rhoncus aliquam lacus. Morbi quis tortor id nulla ultrices aliquet. Maecenas leo odio, condimentum id, luctus nec, molestie sed, justo. Pellentesque viverra pede ac diam.",35812,3,1
Bench,"Suspendisse potenti. Cras in purus eu magna vulputate luctus. Cum sociis natoque penatibus et magnis dis parturient montes, nascetur ridiculus mus. Vivamus vestibulum sagittis sapien.",26077,10,1
Drawer,"Donec ut mauris eget massa tempor convallis. Nulla neque libero, convallis eget, eleifend luctus, ultricies eu, nibh.",41169,26,1
Wall Decor,"Duis consequat dui nec nisi volutpat eleifend. Donec ut dolor. Morbi vel lectus in quam fringilla rhoncus. Mauris enim leo, rhoncus sed, vestibulum sit amet, cursus id, turpis. Integer aliquet, massa id lobortis convallis, tortor risus dapibus augue, vel accumsan tellus nisi eu orci.",35593,27,3
Wood Chair,Nulla suscipit ligula in lacus.,674,24,1
Dining Table,"Integer non velit. Donec diam neque, vestibulum eget, vulputate ut, ultrices vel, augue.",27297,39,2
Wood Shelf,"Praesent id massa id nisl venenatis lacinia. Aenean sit amet justo. Morbi ut odio. Cras mi pede, malesuada in, imperdiet et, commodo vulputate, justo. In blandit ultrices enim.",20724,34,5
Bed Frame,Nunc rhoncus dui vel sem.,40990,20,5
Cabinet,Nulla nisl. Nunc nisl.,48751,48,4
Coffee Table,Suspendisse accumsan tortor quis turpis. Sed ante.,44451,49,3
Wood Lamp,"Donec odio justo, sollicitudin ut, suscipit a, feugiat et, eros. Vestibulum ac est lacinia nisi venenatis tristique.",29107,32,3
Bench,"Fusce lacus purus, aliquet at, feugiat non, pretium quis, lectus. Suspendisse potenti. In eleifend quam a odio.",8480,10,1
Drawer,Pellentesque at nulla.,40548,27,3
Wall Decor,"Ut at dolor quis odio consequat varius. Integer ac leo. Pellentesque ultrices mattis odio. Donec vitae nisi. Nam ultrices, libero non mattis pulvinar, nulla pede ullamcorper augue, a suscipit nulla elit ac nulla.",1640,2,2
Wood Chair,"Cras in purus eu magna vulputate luctus. Cum sociis natoque penatibus et magnis dis parturient montes, nascetur ridiculus mus. Vivamus vestibulum sagittis sapien. Cum sociis natoque penatibus et magnis dis parturient montes, nascetur ridiculus mus.",381,48,2
Dining Table,"In blandit ultrices enim. Lorem ipsum dolor sit amet, consectetuer adipiscing elit.",40785,28,3
Wood Shelf,"Lorem ipsum dolor sit amet, consectetuer adipiscing elit. Proin interdum mauris non ligula pellentesque ultrices. Phasellus id sapien in sapien iaculis congue. Vivamus metus arcu, adipiscing molestie, hendrerit at, vulputate vitae, nisl. Aenean lectus.",43330,38,3
Bed Frame,"Vestibulum sed magna at nunc commodo placerat. Praesent blandit. Nam nulla. Integer pede justo, lacinia eget, tincidunt eget, tempus vel, pede.",35288,14,1
Cabinet,Nam tristique tortor eu pede.,47468,19,2
Coffee Table,Morbi a ipsum. Integer a nibh.,44248,12,4
Wood Lamp,Etiam faucibus cursus urna. Ut tellus.,16686,9,5
Bench,In congue. Etiam justo. Etiam pretium iaculis justo. In hac habitasse platea dictumst.,23434,18,1
Drawer,"Vivamus in felis eu sapien cursus vestibulum. Proin eu mi. Nulla ac enim. In tempor, turpis nec euismod scelerisque, quam turpis adipiscing lorem, vitae mattis nibh ligula nec sem. Duis aliquam convallis nunc.",6264,5,4
Wall Decor,"Curabitur gravida nisi at nibh. In hac habitasse platea dictumst. Aliquam augue quam, sollicitudin vitae, consectetuer eget, rutrum at, lorem.",49268,30,4
Wood Chair,Proin eu mi.,37687,23,2
Dining Table,Etiam faucibus cursus urna. Ut tellus.,28583,47,4
Wood Shelf,"Nulla suscipit ligula in lacus. Curabitur at ipsum ac tellus semper interdum. Mauris ullamcorper purus sit amet nulla. Quisque arcu libero, rutrum ac, lobortis vel, dapibus at, diam. Nam tristique tortor eu pede.",6396,42,3
Bed Frame,"Proin interdum mauris non ligula pellentesque ultrices. Phasellus id sapien in sapien iaculis congue. Vivamus metus arcu, adipiscing molestie, hendrerit at, vulputate vitae, nisl. Aenean lectus. Pellentesque eget nunc.",1857,47,5
Cabinet,"Integer pede justo, lacinia eget, tincidunt eget, tempus vel, pede. Morbi porttitor lorem id ligula. Suspendisse ornare consequat lectus. In est risus, auctor sed, tristique in, tempus sit amet, sem.",9999,46,1
Coffee Table,"Maecenas rhoncus aliquam lacus. Morbi quis tortor id nulla ultrices aliquet. Maecenas leo odio, condimentum id, luctus nec, molestie sed, justo.",17900,50,2
Wood Lamp,Nam nulla.,26674,29,5
Bench,"Vestibulum quam sapien, varius ut, blandit non, interdum in, ante.",32483,32,2
Drawer,"Morbi odio odio, elementum eu, interdum eu, tincidunt in, leo. Maecenas pulvinar lobortis est. Phasellus sit amet erat. Nulla tempus. Vivamus in felis eu sapien cursus vestibulum.",5074,7,4
Wall Decor,"Nam ultrices, libero non mattis pulvinar, nulla pede ullamcorper augue, a suscipit nulla elit ac nulla.",15190,4,2
Wood Chair,Donec ut mauris eget massa tempor convallis.,33603,15,1
Dining Table,Phasellus in felis. Donec semper sapien a libero.,30257,20,5
Wood Shelf,Morbi a ipsum. Integer a nibh. In quis justo. Maecenas rhoncus aliquam lacus.,19669,9,2
Bed Frame,"Nullam orci pede, venenatis non, sodales sed, tincidunt eu, felis. Fusce posuere felis sed lacus. Morbi sem mauris, laoreet ut, rhoncus aliquet, pulvinar sed, nisl. Nunc rhoncus dui vel sem. Sed sagittis.",16963,33,3
Cabinet,Sed accumsan felis. Ut at dolor quis odio consequat varius. Integer ac leo. Pellentesque ultrices mattis odio.,3453,13,2
Coffee Table,"Pellentesque ultrices mattis odio. Donec vitae nisi. Nam ultrices, libero non mattis pulvinar, nulla pede ullamcorper augue, a suscipit nulla elit ac nulla. Sed vel enim sit amet nunc viverra dapibus.",44560,16,4
Wood Lamp,Fusce consequat.,4561,13,2
Bench,Nulla suscipit ligula in lacus.,14208,33,5
Drawer,"Maecenas tristique, est et tempus semper, est quam pharetra magna, ac consequat metus sapien ut nunc. Vestibulum ante ipsum primis in faucibus orci luctus et ultrices posuere cubilia Curae; Mauris viverra diam vitae quam.",29051,22,1
Wall Decor,Integer a nibh. In quis justo. Maecenas rhoncus aliquam lacus.,11686,37,5
Wood Chair,Nulla mollis molestie lorem.,18523,9,2
Dining Table,"Nulla neque libero, convallis eget, eleifend luctus, ultricies eu, nibh. Quisque id justo sit amet sapien dignissim vestibulum. Vestibulum ante ipsum primis in faucibus orci luctus et ultrices posuere cubilia Curae; Nulla dapibus dolor vel est. Donec odio justo, sollicitudin ut, suscipit a, feugiat et, eros. Vestibulum ac est lacinia nisi venenatis tristique.",636,41,2
Wood Shelf,"Cras non velit nec nisi vulputate nonummy. Maecenas tincidunt lacus at velit. Vivamus vel nulla eget eros elementum pellentesque. Quisque porta volutpat erat. Quisque erat eros, viverra eget, congue eget, semper rutrum, nulla.",970,19,5
Bed Frame,Suspendisse accumsan tortor quis turpis. Sed ante. Vivamus tortor. Duis mattis egestas metus.,23418,46,1
Cabinet,In hac habitasse platea dictumst. Maecenas ut massa quis augue luctus tincidunt. Nulla mollis molestie lorem. Quisque ut erat. Curabitur gravida nisi at nibh.,22682,6,1
Coffee Table,Mauris lacinia sapien quis libero. Nullam sit amet turpis elementum ligula vehicula consequat.,38702,43,2
Wood Lamp,Fusce posuere felis sed lacus.,29335,31,3
Bench,Vestibulum ante ipsum primis in faucibus orci luctus et ultrices posuere cubilia Curae; Mauris viverra diam vitae quam.,23861,34,1
Drawer,"Pellentesque at nulla. Suspendisse potenti. Cras in purus eu magna vulputate luctus. Cum sociis natoque penatibus et magnis dis parturient montes, nascetur ridiculus mus. Vivamus vestibulum sagittis sapien.",20812,18,2
Wall Decor,"Maecenas leo odio, condimentum id, luctus nec, molestie sed, justo. Pellentesque viverra pede ac diam. Cras pellentesque volutpat dui. Maecenas tristique, est et tempus semper, est quam pharetra magna, ac consequat metus sapien ut nunc. Vestibulum ante ipsum primis in faucibus orci luctus et ultrices posuere cubilia Curae; Mauris viverra diam vitae quam.",2253,36,1
Wood Chair,Nulla nisl. Nunc nisl.,37794,27,5
Dining Table,"Fusce posuere felis sed lacus. Morbi sem mauris, laoreet ut, rhoncus aliquet, pulvinar sed, nisl. Nunc rhoncus dui vel sem. Sed sagittis.",5243,1,3
Wood Shelf,"Mauris enim leo, rhoncus sed, vestibulum sit amet, cursus id, turpis. Integer aliquet, massa id lobortis convallis, tortor risus dapibus augue, vel accumsan tellus nisi eu orci.",49527,1,2
Bed Frame,Quisque porta volutpat erat.,30750,40,2
Cabinet,Sed vel enim sit amet nunc viverra dapibus.,45318,33,3
Coffee Table,"Fusce posuere felis sed lacus. Morbi sem mauris, laoreet ut, rhoncus aliquet, pulvinar sed, nisl.",16452,29,3
Wood Lamp,"Vivamus in felis eu sapien cursus vestibulum. Proin eu mi. Nulla ac enim. In tempor, turpis nec euismod scelerisque, quam turpis adipiscing lorem, vitae mattis nibh ligula nec sem.",42386,2,1
Bench,"Curabitur in libero ut massa volutpat convallis. Morbi odio odio, elementum eu, interdum eu, tincidunt in, leo. Maecenas pulvinar lobortis est. Phasellus sit amet erat. Nulla tempus.",14174,17,4
Drawer,"Proin at turpis a pede posuere nonummy. Integer non velit. Donec diam neque, vestibulum eget, vulputate ut, ultrices vel, augue. Vestibulum ante ipsum primis in faucibus orci luctus et ultrices posuere cubilia Curae; Donec pharetra, magna vestibulum aliquet ultrices, erat tortor sollicitudin mi, sit amet lobortis sapien sapien non mi.",5162,47,2
Wall Decor,Integer ac leo.,14192,4,5
Wood Chair,Duis mattis egestas metus. Aenean fermentum. Donec ut mauris eget massa tempor convallis.,36422,15,2
Dining Table,Integer ac neque. Duis bibendum. Morbi non quam nec dui luctus rutrum. Nulla tellus.,27653,29,1
Wood Shelf,Suspendisse accumsan tortor quis turpis.,47219,47,4
Bed Frame,Proin at turpis a pede posuere nonummy.,13611,36,5
Cabinet,"Nam dui. Proin leo odio, porttitor id, consequat in, consequat ut, nulla. Sed accumsan felis. Ut at dolor quis odio consequat varius.",30745,48,3
Coffee Table,"Integer pede justo, lacinia eget, tincidunt eget, tempus vel, pede. Morbi porttitor lorem id ligula. Suspendisse ornare consequat lectus. In est risus, auctor sed, tristique in, tempus sit amet, sem. Fusce consequat.",22979,39,5
Wood Lamp,Nullam molestie nibh in lectus. Pellentesque at nulla. Suspendisse potenti.,25310,28,5
Bench,Vestibulum rutrum rutrum neque.,47828,25,2
Drawer,"Curabitur gravida nisi at nibh. In hac habitasse platea dictumst. Aliquam augue quam, sollicitudin vitae, consectetuer eget, rutrum at, lorem. Integer tincidunt ante vel ipsum. Praesent blandit lacinia erat.",29818,49,2
Wall Decor,"Pellentesque viverra pede ac diam. Cras pellentesque volutpat dui. Maecenas tristique, est et tempus semper, est quam pharetra magna, ac consequat metus sapien ut nunc.",46972,1,3
Wood Chair,"Maecenas leo odio, condimentum id, luctus nec, molestie sed, justo. Pellentesque viverra pede ac diam. Cras pellentesque volutpat dui. Maecenas tristique, est et tempus semper, est quam pharetra magna, ac consequat metus sapien ut nunc. Vestibulum ante ipsum primis in faucibus orci luctus et ultrices posuere cubilia Curae; Mauris viverra diam vitae quam.",11801,37,3
Dining Table,"In blandit ultrices enim. Lorem ipsum dolor sit amet, consectetuer adipiscing elit. Proin interdum mauris non ligula pellentesque ultrices. Phasellus id sapien in sapien iaculis congue.",39088,4,5
Wood Shelf,Mauris lacinia sapien quis libero.,40970,11,2
Bed Frame,"Cum sociis natoque penatibus et magnis dis parturient montes, nascetur ridiculus mus. Etiam vel augue. Vestibulum rutrum rutrum neque. Aenean auctor gravida sem. Praesent id massa id nisl venenatis lacinia.",43391,27,5
Cabinet,Vestibulum rutrum rutrum neque. Aenean auctor gravida sem. Praesent id massa id nisl venenatis lacinia. Aenean sit amet justo.,26392,49,2
Coffee Table,Morbi non lectus. Aliquam sit amet diam in magna bibendum imperdiet.,16557,22,2
Wood Lamp,"Vestibulum ante ipsum primis in faucibus orci luctus et ultrices posuere cubilia Curae; Nulla dapibus dolor vel est. Donec odio justo, sollicitudin ut, suscipit a, feugiat et, eros. Vestibulum ac est lacinia nisi venenatis tristique.",17700,3,4
Bench,Curabitur convallis. Duis consequat dui nec nisi volutpat eleifend. Donec ut dolor. Morbi vel lectus in quam fringilla rhoncus.,43651,32,1
Drawer,"Morbi odio odio, elementum eu, interdum eu, tincidunt in, leo. Maecenas pulvinar lobortis est. Phasellus sit amet erat. Nulla tempus.",36593,6,1
Wall Decor,"Vestibulum quam sapien, varius ut, blandit non, interdum in, ante. Vestibulum ante ipsum primis in faucibus orci luctus et ultrices posuere cubilia Curae; Duis faucibus accumsan odio.",7075,5,5
Wood Chair,In hac habitasse platea dictumst.,11073,8,4
Dining Table,"Cum sociis natoque penatibus et magnis dis parturient montes, nascetur ridiculus mus. Vivamus vestibulum sagittis sapien. Cum sociis natoque penatibus et magnis dis parturient montes, nascetur ridiculus mus.",8207,16,4
Wood Shelf,"Proin leo odio, porttitor id, consequat in, consequat ut, nulla. Sed accumsan felis. Ut at dolor quis odio consequat varius.",37457,10,4
Bed Frame,"Nam dui. Proin leo odio, porttitor id, consequat in, consequat ut, nulla. Sed accumsan felis. Ut at dolor quis odio consequat varius. Integer ac leo.",42361,9,2
Cabinet,Morbi a ipsum.,6550,40,2
Coffee Table,"Praesent lectus. Vestibulum quam sapien, varius ut, blandit non, interdum in, ante.",23287,47,4
Wood Lamp,Nullam porttitor lacus at turpis. Donec posuere metus vitae ipsum.,41948,45,4
Bench,"Duis ac nibh. Fusce lacus purus, aliquet at, feugiat non, pretium quis, lectus. Suspendisse potenti. In eleifend quam a odio. In hac habitasse platea dictumst.",20048,1,2
Drawer,Quisque ut erat.,19702,47,2
Wall Decor,Praesent id massa id nisl venenatis lacinia. Aenean sit amet justo. Morbi ut odio.,45362,6,4
Wood Chair,"Vivamus metus arcu, adipiscing molestie, hendrerit at, vulputate vitae, nisl.",9338,15,5
Dining Table,Cras non velit nec nisi vulputate nonummy. Maecenas tincidunt lacus at velit. Vivamus vel nulla eget eros elementum pellentesque. Quisque porta volutpat erat.,11207,33,3
Wood Shelf,Suspendisse potenti. Nullam porttitor lacus at turpis. Donec posuere metus vitae ipsum. Aliquam non mauris. Morbi non lectus.,2681,24,2
Bed Frame,Curabitur convallis.,23708,36,3
Cabinet,In eleifend quam a odio. In hac habitasse platea dictumst. Maecenas ut massa quis augue luctus tincidunt. Nulla mollis molestie lorem.,27922,44,3
Coffee Table,Donec posuere metus vitae ipsum. Aliquam non mauris. Morbi non lectus. Aliquam sit amet diam in magna bibendum imperdiet.,8066,4,3
Wood Lamp,Morbi porttitor lorem id ligula.,32059,8,3
Bench,Cras non velit nec nisi vulputate nonummy. Maecenas tincidunt lacus at velit.,14216,44,5
Drawer,"Pellentesque at nulla. Suspendisse potenti. Cras in purus eu magna vulputate luctus. Cum sociis natoque penatibus et magnis dis parturient montes, nascetur ridiculus mus.",47172,19,4
Wall Decor,"Donec odio justo, sollicitudin ut, suscipit a, feugiat et, eros. Vestibulum ac est lacinia nisi venenatis tristique. Fusce congue, diam id ornare imperdiet, sapien urna pretium nisl, ut volutpat sapien arcu sed augue. Aliquam erat volutpat.",3438,39,5
Wood Chair,"Fusce congue, diam id ornare imperdiet, sapien urna pretium nisl, ut volutpat sapien arcu sed augue. Aliquam erat volutpat. In congue.",47117,2,3
Dining Table,"Suspendisse ornare consequat lectus. In est risus, auctor sed, tristique in, tempus sit amet, sem. Fusce consequat.",20506,16,3
Wood Shelf,Nam tristique tortor eu pede.,7942,15,3
Bed Frame,"Proin interdum mauris non ligula pellentesque ultrices. Phasellus id sapien in sapien iaculis congue. Vivamus metus arcu, adipiscing molestie, hendrerit at, vulputate vitae, nisl.",31360,21,5
Cabinet,"Morbi vestibulum, velit id pretium iaculis, diam erat fermentum justo, nec condimentum neque sapien placerat ante. Nulla justo. Aliquam quis turpis eget elit sodales scelerisque.",6460,48,3
Coffee Table,"Integer non velit. Donec diam neque, vestibulum eget, vulputate ut, ultrices vel, augue. Vestibulum ante ipsum primis in faucibus orci luctus et ultrices posuere cubilia Curae; Donec pharetra, magna vestibulum aliquet ultrices, erat tortor sollicitudin mi, sit amet lobortis sapien sapien non mi. Integer ac neque. Duis bibendum.",48586,49,3
Wood Lamp,Integer a nibh. In quis justo. Maecenas rhoncus aliquam lacus.,38068,5,3
Bench,"Praesent lectus. Vestibulum quam sapien, varius ut, blandit non, interdum in, ante. Vestibulum ante ipsum primis in faucibus orci luctus et ultrices posuere cubilia Curae; Duis faucibus accumsan odio. Curabitur convallis.",7889,33,4
Drawer,"Donec diam neque, vestibulum eget, vulputate ut, ultrices vel, augue. Vestibulum ante ipsum primis in faucibus orci luctus et ultrices posuere cubilia Curae; Donec pharetra, magna vestibulum aliquet ultrices, erat tortor sollicitudin mi, sit amet lobortis sapien sapien non mi. Integer ac neque. Duis bibendum.",49003,40,1
Wall Decor,Nullam sit amet turpis elementum ligula vehicula consequat.,400,3,5
Wood Chair,Maecenas rhoncus aliquam lacus. Morbi quis tortor id nulla ultrices aliquet.,28271,5,2
Dining Table,Morbi a ipsum. Integer a nibh. In quis justo. Maecenas rhoncus aliquam lacus.,1423,7,3
Wood Shelf,Duis at velit eu est congue elementum.,35557,1,3
Bed Frame,"Fusce lacus purus, aliquet at, feugiat non, pretium quis, lectus.",31971,38,3
Cabinet,"Vivamus vestibulum sagittis sapien. Cum sociis natoque penatibus et magnis dis parturient montes, nascetur ridiculus mus.",34147,49,3
Coffee Table,Nulla facilisi.,6345,29,2
Wood Lamp,"Vivamus vestibulum sagittis sapien. Cum sociis natoque penatibus et magnis dis parturient montes, nascetur ridiculus mus.",16305,15,1
Bench,"Proin leo odio, porttitor id, consequat in, consequat ut, nulla.",40463,47,2
Drawer,"Donec quis orci eget orci vehicula condimentum. Curabitur in libero ut massa volutpat convallis. Morbi odio odio, elementum eu, interdum eu, tincidunt in, leo. Maecenas pulvinar lobortis est.",16117,46,1
Wall Decor,"Nunc rhoncus dui vel sem. Sed sagittis. Nam congue, risus semper porta volutpat, quam pede lobortis ligula, sit amet eleifend pede libero quis orci.",26155,48,2
Wood Chair,In hac habitasse platea dictumst. Etiam faucibus cursus urna. Ut tellus.,42728,30,1
Dining Table,"Donec semper sapien a libero. Nam dui. Proin leo odio, porttitor id, consequat in, consequat ut, nulla.",9933,6,1
Wood Shelf,"Lorem ipsum dolor sit amet, consectetuer adipiscing elit. Proin risus. Praesent lectus. Vestibulum quam sapien, varius ut, blandit non, interdum in, ante.",26220,49,2
Bed Frame,Nullam molestie nibh in lectus. Pellentesque at nulla.,48947,27,3
Cabinet,Aenean sit amet justo. Morbi ut odio.,32739,11,4
Coffee Table,"Vivamus vel nulla eget eros elementum pellentesque. Quisque porta volutpat erat. Quisque erat eros, viverra eget, congue eget, semper rutrum, nulla. Nunc purus. Phasellus in felis.",46473,3,2
Wood Lamp,Phasellus sit amet erat. Nulla tempus. Vivamus in felis eu sapien cursus vestibulum.,31005,50,1
Bench,Vestibulum rutrum rutrum neque. Aenean auctor gravida sem.,12213,2,5
Drawer,Maecenas pulvinar lobortis est. Phasellus sit amet erat.,47597,30,2
Wall Decor,In hac habitasse platea dictumst.,633,25,4
Wood Chair,"Fusce consequat. Nulla nisl. Nunc nisl. Duis bibendum, felis sed interdum venenatis, turpis enim blandit mi, in porttitor pede justo eu massa.",20353,48,5
Dining Table,"Vestibulum quam sapien, varius ut, blandit non, interdum in, ante. Vestibulum ante ipsum primis in faucibus orci luctus et ultrices posuere cubilia Curae; Duis faucibus accumsan odio. Curabitur convallis.",40159,46,5
Wood Shelf,"Vestibulum sed magna at nunc commodo placerat. Praesent blandit. Nam nulla. Integer pede justo, lacinia eget, tincidunt eget, tempus vel, pede.",31061,4,3
Bed Frame,"Vestibulum ac est lacinia nisi venenatis tristique. Fusce congue, diam id ornare imperdiet, sapien urna pretium nisl, ut volutpat sapien arcu sed augue. Aliquam erat volutpat. In congue.",10303,5,4
Cabinet,Curabitur gravida nisi at nibh.,26412,28,1
Coffee Table,"Nam ultrices, libero non mattis pulvinar, nulla pede ullamcorper augue, a suscipit nulla elit ac nulla. Sed vel enim sit amet nunc viverra dapibus.",7050,13,3
Wood Lamp,"Phasellus id sapien in sapien iaculis congue. Vivamus metus arcu, adipiscing molestie, hendrerit at, vulputate vitae, nisl. Aenean lectus. Pellentesque eget nunc.",40962,24,3
Bench,Integer a nibh. In quis justo. Maecenas rhoncus aliquam lacus.,35028,21,5
Drawer,Vivamus tortor.,16099,42,5
Wall Decor,Nulla facilisi. Cras non velit nec nisi vulputate nonummy. Maecenas tincidunt lacus at velit.,47633,34,5
Wood Chair,Duis at velit eu est congue elementum.,8686,19,3
Dining Table,"Aenean sit amet justo. Morbi ut odio. Cras mi pede, malesuada in, imperdiet et, commodo vulputate, justo. In blandit ultrices enim. Lorem ipsum dolor sit amet, consectetuer adipiscing elit.",49724,2,2
Wood Shelf,"Pellentesque at nulla. Suspendisse potenti. Cras in purus eu magna vulputate luctus. Cum sociis natoque penatibus et magnis dis parturient montes, nascetur ridiculus mus.",43438,11,5
Bed Frame,Donec ut dolor.,6011,10,5
Cabinet,Duis consequat dui nec nisi volutpat eleifend. Donec ut dolor.,34055,45,5
Coffee Table,"Suspendisse potenti. Cras in purus eu magna vulputate luctus. Cum sociis natoque penatibus et magnis dis parturient montes, nascetur ridiculus mus. Vivamus vestibulum sagittis sapien.",36633,41,4
Wood Lamp,Nunc purus. Phasellus in felis. Donec semper sapien a libero.,19933,20,4
Bench,"Integer aliquet, massa id lobortis convallis, tortor risus dapibus augue, vel accumsan tellus nisi eu orci. Mauris lacinia sapien quis libero.",26667,1,1
Drawer,"Praesent blandit. Nam nulla. Integer pede justo, lacinia eget, tincidunt eget, tempus vel, pede. Morbi porttitor lorem id ligula. Suspendisse ornare consequat lectus.",48495,32,1
Wall Decor,"Quisque porta volutpat erat. Quisque erat eros, viverra eget, congue eget, semper rutrum, nulla. Nunc purus. Phasellus in felis.",30491,2,5
Wood Chair,Nunc purus.,20720,50,5
Dining Table,"Praesent blandit. Nam nulla. Integer pede justo, lacinia eget, tincidunt eget, tempus vel, pede. Morbi porttitor lorem id ligula.",458,29,2
Wood Shelf,"Morbi quis tortor id nulla ultrices aliquet. Maecenas leo odio, condimentum id, luctus nec, molestie sed, justo. Pellentesque viverra pede ac diam. Cras pellentesque volutpat dui. Maecenas tristique, est et tempus semper, est quam pharetra magna, ac consequat metus sapien ut nunc.",5639,29,3
Bed Frame,Nullam porttitor lacus at turpis. Donec posuere metus vitae ipsum.,40093,32,2
Cabinet,Nulla facilisi.,44029,41,4
Coffee Table,Etiam vel augue. Vestibulum rutrum rutrum neque. Aenean auctor gravida sem.,7365,33,4
Wood Lamp,Nullam sit amet turpis elementum ligula vehicula consequat. Morbi a ipsum. Integer a nibh. In quis justo.,48237,10,5
Bench,"Morbi quis tortor id nulla ultrices aliquet. Maecenas leo odio, condimentum id, luctus nec, molestie sed, justo. Pellentesque viverra pede ac diam. Cras pellentesque volutpat dui.",20655,24,3
Drawer,"Nam congue, risus semper porta volutpat, quam pede lobortis ligula, sit amet eleifend pede libero quis orci. Nullam molestie nibh in lectus. Pellentesque at nulla.",23318,36,5
Wall Decor,"Morbi vel lectus in quam fringilla rhoncus. Mauris enim leo, rhoncus sed, vestibulum sit amet, cursus id, turpis. Integer aliquet, massa id lobortis convallis, tortor risus dapibus augue, vel accumsan tellus nisi eu orci. Mauris lacinia sapien quis libero. Nullam sit amet turpis elementum ligula vehicula consequat.",33836,28,1
Wood Chair,Vivamus vestibulum sagittis sapien.,5236,5,3
Dining Table,"Maecenas tristique, est et tempus semper, est quam pharetra magna, ac consequat metus sapien ut nunc. Vestibulum ante ipsum primis in faucibus orci luctus et ultrices posuere cubilia Curae; Mauris viverra diam vitae quam.",31904,7,1
Wood Shelf,Donec posuere metus vitae ipsum.,36989,20,2
Bed Frame,"Proin interdum mauris non ligula pellentesque ultrices. Phasellus id sapien in sapien iaculis congue. Vivamus metus arcu, adipiscing molestie, hendrerit at, vulputate vitae, nisl. Aenean lectus. Pellentesque eget nunc.",49239,12,1
Cabinet,Nulla nisl. Nunc nisl.,3603,32,2
Coffee Table,"Donec diam neque, vestibulum eget, vulputate ut, ultrices vel, augue.",27484,8,3
Wood Lamp,"In blandit ultrices enim. Lorem ipsum dolor sit amet, consectetuer adipiscing elit.",15496,35,3
Bench,"Curabitur gravida nisi at nibh. In hac habitasse platea dictumst. Aliquam augue quam, sollicitudin vitae, consectetuer eget, rutrum at, lorem.",9977,50,4
Drawer,Etiam pretium iaculis justo. In hac habitasse platea dictumst.,11557,23,4
Wall Decor,Duis consequat dui nec nisi volutpat eleifend. Donec ut dolor.,3310,30,5
Wood Chair,"Maecenas leo odio, condimentum id, luctus nec, molestie sed, justo. Pellentesque viverra pede ac diam. Cras pellentesque volutpat dui. Maecenas tristique, est et tempus semper, est quam pharetra magna, ac consequat metus sapien ut nunc. Vestibulum ante ipsum primis in faucibus orci luctus et ultrices posuere cubilia Curae; Mauris viverra diam vitae quam.",16337,27,3
Dining Table,"Maecenas tristique, est et tempus semper, est quam pharetra magna, ac consequat metus sapien ut nunc. Vestibulum ante ipsum primis in faucibus orci luctus et ultrices posuere cubilia Curae; Mauris viverra diam vitae quam. Suspendisse potenti. Nullam porttitor lacus at turpis. Donec posuere metus vitae ipsum.",39905,47,2
Wood Shelf,"Morbi quis tortor id nulla ultrices aliquet. Maecenas leo odio, condimentum id, luctus nec, molestie sed, justo.",44671,43,5
Bed Frame,Duis at velit eu est congue elementum.,7806,48,5
Cabinet,"Vivamus in felis eu sapien cursus vestibulum. Proin eu mi. Nulla ac enim. In tempor, turpis nec euismod scelerisque, quam turpis adipiscing lorem, vitae mattis nibh ligula nec sem.",1700,38,2
Coffee Table,Donec dapibus.,31195,9,2
Wood Lamp,Nullam molestie nibh in lectus. Pellentesque at nulla. Suspendisse potenti. Cras in purus eu magna vulputate luctus.,3302,13,4
Bench,Mauris lacinia sapien quis libero. Nullam sit amet turpis elementum ligula vehicula consequat. Morbi a ipsum.,44727,50,2
Drawer,Maecenas ut massa quis augue luctus tincidunt. Nulla mollis molestie lorem. Quisque ut erat.,44063,42,3
Wall Decor,"Nullam molestie nibh in lectus. Pellentesque at nulla. Suspendisse potenti. Cras in purus eu magna vulputate luctus. Cum sociis natoque penatibus et magnis dis parturient montes, nascetur ridiculus mus.",4005,47,2
Wood Chair,Curabitur at ipsum ac tellus semper interdum. Mauris ullamcorper purus sit amet nulla.,26506,43,2
Dining Table,Aliquam non mauris. Morbi non lectus. Aliquam sit amet diam in magna bibendum imperdiet.,11929,13,3
Wood Shelf,"Pellentesque eget nunc. Donec quis orci eget orci vehicula condimentum. Curabitur in libero ut massa volutpat convallis. Morbi odio odio, elementum eu, interdum eu, tincidunt in, leo.",28730,10,3
Bed Frame,"Vivamus vel nulla eget eros elementum pellentesque. Quisque porta volutpat erat. Quisque erat eros, viverra eget, congue eget, semper rutrum, nulla.",25763,30,3
Cabinet,Proin interdum mauris non ligula pellentesque ultrices. Phasellus id sapien in sapien iaculis congue.,14069,4,3
Coffee Table,"Phasellus id sapien in sapien iaculis congue. Vivamus metus arcu, adipiscing molestie, hendrerit at, vulputate vitae, nisl. Aenean lectus. Pellentesque eget nunc. Donec quis orci eget orci vehicula condimentum.",25004,36,1
Wood Lamp,Suspendisse ornare consequat lectus.,15533,48,1
Bench,"Vestibulum quam sapien, varius ut, blandit non, interdum in, ante. Vestibulum ante ipsum primis in faucibus orci luctus et ultrices posuere cubilia Curae; Duis faucibus accumsan odio. Curabitur convallis. Duis consequat dui nec nisi volutpat eleifend.",39142,19,3
Drawer,"Nulla tempus. Vivamus in felis eu sapien cursus vestibulum. Proin eu mi. Nulla ac enim. In tempor, turpis nec euismod scelerisque, quam turpis adipiscing lorem, vitae mattis nibh ligula nec sem.",43776,21,1
Wall Decor,"Cum sociis natoque penatibus et magnis dis parturient montes, nascetur ridiculus mus.",15398,37,3
Wood Chair,Integer tincidunt ante vel ipsum. Praesent blandit lacinia erat. Vestibulum sed magna at nunc commodo placerat.,4959,1,3
Dining Table,"Vestibulum ante ipsum primis in faucibus orci luctus et ultrices posuere cubilia Curae; Donec pharetra, magna vestibulum aliquet ultrices, erat tortor sollicitudin mi, sit amet lobortis sapien sapien non mi. Integer ac neque. Duis bibendum. Morbi non quam nec dui luctus rutrum.",19007,5,4
Wood Shelf,Suspendisse potenti. In eleifend quam a odio. In hac habitasse platea dictumst. Maecenas ut massa quis augue luctus tincidunt.,14246,18,2
Bed Frame,"Nam ultrices, libero non mattis pulvinar, nulla pede ullamcorper augue, a suscipit nulla elit ac nulla. Sed vel enim sit amet nunc viverra dapibus. Nulla suscipit ligula in lacus.",49372,34,5
Cabinet,"Integer non velit. Donec diam neque, vestibulum eget, vulputate ut, ultrices vel, augue. Vestibulum ante ipsum primis in faucibus orci luctus et ultrices posuere cubilia Curae; Donec pharetra, magna vestibulum aliquet ultrices, erat tortor sollicitudin mi, sit amet lobortis sapien sapien non mi.",11264,25,2
Coffee Table,Mauris lacinia sapien quis libero. Nullam sit amet turpis elementum ligula vehicula consequat. Morbi a ipsum. Integer a nibh. In quis justo.,47576,7,5
Wood Lamp,"Morbi non lectus. Aliquam sit amet diam in magna bibendum imperdiet. Nullam orci pede, venenatis non, sodales sed, tincidunt eu, felis. Fusce posuere felis sed lacus.",2290,12,4
Bench,"Vestibulum sed magna at nunc commodo placerat. Praesent blandit. Nam nulla. Integer pede justo, lacinia eget, tincidunt eget, tempus vel, pede. Morbi porttitor lorem id ligula.",40124,17,1
Drawer,"Duis bibendum, felis sed interdum venenatis, turpis enim blandit mi, in porttitor pede justo eu massa. Donec dapibus. Duis at velit eu est congue elementum.",16081,8,5
Wall Decor,Pellentesque at nulla. Suspendisse potenti. Cras in purus eu magna vulputate luctus.,5593,25,2
Wood Chair,"Fusce congue, diam id ornare imperdiet, sapien urna pretium nisl, ut volutpat sapien arcu sed augue. Aliquam erat volutpat. In congue. Etiam justo.",45755,33,3
Dining Table,Maecenas ut massa quis augue luctus tincidunt. Nulla mollis molestie lorem. Quisque ut erat.,47123,25,3
Wood Shelf,Duis consequat dui nec nisi volutpat eleifend. Donec ut dolor. Morbi vel lectus in quam fringilla rhoncus.,35444,19,5
Bed Frame,"Cum sociis natoque penatibus et magnis dis parturient montes, nascetur ridiculus mus.",13637,35,5
Cabinet,Phasellus sit amet erat. Nulla tempus. Vivamus in felis eu sapien cursus vestibulum. Proin eu mi. Nulla ac enim.,49289,5,3
Coffee Table,Sed vel enim sit amet nunc viverra dapibus.,408,24,1
Wood Lamp,"Curabitur gravida nisi at nibh. In hac habitasse platea dictumst. Aliquam augue quam, sollicitudin vitae, consectetuer eget, rutrum at, lorem. Integer tincidunt ante vel ipsum. Praesent blandit lacinia erat.",46803,44,4
Bench,Nulla ac enim.,32504,11,2
Drawer,Vivamus vel nulla eget eros elementum pellentesque.,4903,11,2
Wall Decor,Aliquam erat volutpat. In congue.,13534,41,4
Wood Chair,"Cras mi pede, malesuada in, imperdiet et, commodo vulputate, justo.",42501,16,5
Dining Table,Nulla suscipit ligula in lacus. Curabitur at ipsum ac tellus semper interdum.,48814,11,3
Wood Shelf,Curabitur convallis. Duis consequat dui nec nisi volutpat eleifend. Donec ut dolor. Morbi vel lectus in quam fringilla rhoncus.,18080,33,5
Bed Frame,"Morbi odio odio, elementum eu, interdum eu, tincidunt in, leo. Maecenas pulvinar lobortis est. Phasellus sit amet erat.",9102,21,5
Cabinet,"Nam nulla. Integer pede justo, lacinia eget, tincidunt eget, tempus vel, pede. Morbi porttitor lorem id ligula.",28918,27,4
Coffee Table,In congue. Etiam justo.,9757,35,3
Wood Lamp,"Vivamus vestibulum sagittis sapien. Cum sociis natoque penatibus et magnis dis parturient montes, nascetur ridiculus mus. Etiam vel augue.",38540,40,3
Bench,"Nulla ac enim. In tempor, turpis nec euismod scelerisque, quam turpis adipiscing lorem, vitae mattis nibh ligula nec sem. Duis aliquam convallis nunc. Proin at turpis a pede posuere nonummy.",40864,14,5
Drawer,Nulla tempus. Vivamus in felis eu sapien cursus vestibulum.,33731,12,5
Wall Decor,Integer non velit.,48724,34,3
Wood Chair,"Vivamus in felis eu sapien cursus vestibulum. Proin eu mi. Nulla ac enim. In tempor, turpis nec euismod scelerisque, quam turpis adipiscing lorem, vitae mattis nibh ligula nec sem.",21126,12,2
Dining Table,"Vestibulum ante ipsum primis in faucibus orci luctus et ultrices posuere cubilia Curae; Donec pharetra, magna vestibulum aliquet ultrices, erat tortor sollicitudin mi, sit amet lobortis sapien sapien non mi. Integer ac neque. Duis bibendum.",5962,5,1
Wood Shelf,Pellentesque viverra pede ac diam.,30138,13,4
Bed Frame,Duis mattis egestas metus. Aenean fermentum. Donec ut mauris eget massa tempor convallis.,15549,46,5
Cabinet,"Integer non velit. Donec diam neque, vestibulum eget, vulputate ut, ultrices vel, augue.",38477,37,5
Coffee Table,"In sagittis dui vel nisl. Duis ac nibh. Fusce lacus purus, aliquet at, feugiat non, pretium quis, lectus. Suspendisse potenti.",24518,11,3
Wood Lamp,Nulla justo. Aliquam quis turpis eget elit sodales scelerisque. Mauris sit amet eros. Suspendisse accumsan tortor quis turpis. Sed ante.,31475,25,2
Bench,"In est risus, auctor sed, tristique in, tempus sit amet, sem. Fusce consequat. Nulla nisl. Nunc nisl. Duis bibendum, felis sed interdum venenatis, turpis enim blandit mi, in porttitor pede justo eu massa.",40235,8,2
Drawer,Duis mattis egestas metus. Aenean fermentum.,46042,44,2
Wall Decor,Ut tellus. Nulla ut erat id mauris vulputate elementum. Nullam varius. Nulla facilisi.,29692,4,5
Wood Chair,"Nam dui. Proin leo odio, porttitor id, consequat in, consequat ut, nulla. Sed accumsan felis.",2619,50,2
Dining Table,"Lorem ipsum dolor sit amet, consectetuer adipiscing elit. Proin risus. Praesent lectus. Vestibulum quam sapien, varius ut, blandit non, interdum in, ante.",31785,36,4
Wood Shelf,Nam tristique tortor eu pede.,39983,6,1
Bed Frame,"Quisque id justo sit amet sapien dignissim vestibulum. Vestibulum ante ipsum primis in faucibus orci luctus et ultrices posuere cubilia Curae; Nulla dapibus dolor vel est. Donec odio justo, sollicitudin ut, suscipit a, feugiat et, eros. Vestibulum ac est lacinia nisi venenatis tristique.",15208,33,5
Cabinet,Etiam pretium iaculis justo.,25982,36,5
Coffee Table,"Nulla nisl. Nunc nisl. Duis bibendum, felis sed interdum venenatis, turpis enim blandit mi, in porttitor pede justo eu massa. Donec dapibus.",32828,21,2
Wood Lamp,"Vestibulum quam sapien, varius ut, blandit non, interdum in, ante. Vestibulum ante ipsum primis in faucibus orci luctus et ultrices posuere cubilia Curae; Duis faucibus accumsan odio. Curabitur convallis. Duis consequat dui nec nisi volutpat eleifend.",10632,15,5
Bench,"Vestibulum ante ipsum primis in faucibus orci luctus et ultrices posuere cubilia Curae; Nulla dapibus dolor vel est. Donec odio justo, sollicitudin ut, suscipit a, feugiat et, eros.",48889,12,3
Drawer,Vestibulum ante ipsum primis in faucibus orci luctus et ultrices posuere cubilia Curae; Duis faucibus accumsan odio. Curabitur convallis. Duis consequat dui nec nisi volutpat eleifend.,19955,36,1
Wall Decor,"In est risus, auctor sed, tristique in, tempus sit amet, sem. Fusce consequat. Nulla nisl. Nunc nisl.",11522,28,4
Wood Chair,Fusce posuere felis sed lacus.,5977,15,5
Dining Table,"Maecenas leo odio, condimentum id, luctus nec, molestie sed, justo. Pellentesque viverra pede ac diam.",43504,28,3
Wood Shelf,"Donec odio justo, sollicitudin ut, suscipit a, feugiat et, eros. Vestibulum ac est lacinia nisi venenatis tristique. Fusce congue, diam id ornare imperdiet, sapien urna pretium nisl, ut volutpat sapien arcu sed augue. Aliquam erat volutpat. In congue.",37332,37,2
Bed Frame,"Morbi odio odio, elementum eu, interdum eu, tincidunt in, leo. Maecenas pulvinar lobortis est. Phasellus sit amet erat. Nulla tempus.",2267,49,1
Cabinet,Pellentesque at nulla. Suspendisse potenti.,45109,15,4
Coffee Table,Integer ac neque. Duis bibendum. Morbi non quam nec dui luctus rutrum. Nulla tellus.,26883,4,2
Wood Lamp,"Quisque porta volutpat erat. Quisque erat eros, viverra eget, congue eget, semper rutrum, nulla. Nunc purus.",37907,30,5
Bench,"Aliquam augue quam, sollicitudin vitae, consectetuer eget, rutrum at, lorem. Integer tincidunt ante vel ipsum.",31095,26,2
Drawer,"Fusce congue, diam id ornare imperdiet, sapien urna pretium nisl, ut volutpat sapien arcu sed augue. Aliquam erat volutpat. In congue. Etiam justo.",48733,19,4
Wall Decor,Aenean fermentum.,6417,25,3
Wood Chair,"Pellentesque ultrices mattis odio. Donec vitae nisi. Nam ultrices, libero non mattis pulvinar, nulla pede ullamcorper augue, a suscipit nulla elit ac nulla. Sed vel enim sit amet nunc viverra dapibus.",11030,16,5
Dining Table,Aliquam erat volutpat. In congue.,4652,4,4
Wood Shelf,Aliquam non mauris. Morbi non lectus.,40073,43,1
Bed Frame,"Morbi odio odio, elementum eu, interdum eu, tincidunt in, leo. Maecenas pulvinar lobortis est.",45385,45,4
Cabinet,Nulla tellus. In sagittis dui vel nisl.,24159,2,1
Coffee Table,Aliquam non mauris. Morbi non lectus. Aliquam sit amet diam in magna bibendum imperdiet.,47180,20,2
Wood Lamp,Proin eu mi.,43557,33,4
Bench,"Cum sociis natoque penatibus et magnis dis parturient montes, nascetur ridiculus mus. Vivamus vestibulum sagittis sapien. Cum sociis natoque penatibus et magnis dis parturient montes, nascetur ridiculus mus. Etiam vel augue. Vestibulum rutrum rutrum neque.",39596,48,5
Drawer,"Vivamus vestibulum sagittis sapien. Cum sociis natoque penatibus et magnis dis parturient montes, nascetur ridiculus mus. Etiam vel augue.",36077,11,5
Wall Decor,"Morbi vestibulum, velit id pretium iaculis, diam erat fermentum justo, nec condimentum neque sapien placerat ante. Nulla justo.",13118,48,5
Wood Chair,Etiam pretium iaculis justo. In hac habitasse platea dictumst.,31557,2,5
Dining Table,Pellentesque viverra pede ac diam. Cras pellentesque volutpat dui.,2789,50,1
Wood Shelf,In sagittis dui vel nisl. Duis ac nibh.,27300,9,5
Bed Frame,Nulla facilisi. Cras non velit nec nisi vulputate nonummy. Maecenas tincidunt lacus at velit. Vivamus vel nulla eget eros elementum pellentesque.,22483,15,4
Cabinet,Donec ut dolor.,10832,36,3
Coffee Table,"Nunc purus. Phasellus in felis. Donec semper sapien a libero. Nam dui. Proin leo odio, porttitor id, consequat in, consequat ut, nulla.",21158,15,2
Wood Lamp,Proin interdum mauris non ligula pellentesque ultrices.,19718,50,4
Bench,Vestibulum ante ipsum primis in faucibus orci luctus et ultrices posuere cubilia Curae; Nulla dapibus dolor vel est.,25024,26,3
Drawer,Duis at velit eu est congue elementum.,46806,19,4
Wall Decor,"Vestibulum quam sapien, varius ut, blandit non, interdum in, ante. Vestibulum ante ipsum primis in faucibus orci luctus et ultrices posuere cubilia Curae; Duis faucibus accumsan odio. Curabitur convallis. Duis consequat dui nec nisi volutpat eleifend. Donec ut dolor.",31648,43,4
Wood Chair,Integer ac leo. Pellentesque ultrices mattis odio. Donec vitae nisi.,37181,24,5
Dining Table,Vivamus tortor.,29852,39,3
Wood Shelf,Curabitur convallis.,15339,16,4
Bed Frame,Mauris lacinia sapien quis libero. Nullam sit amet turpis elementum ligula vehicula consequat.,3754,41,3
Cabinet,"Praesent blandit. Nam nulla. Integer pede justo, lacinia eget, tincidunt eget, tempus vel, pede. Morbi porttitor lorem id ligula.",18547,22,4
Coffee Table,Nullam varius. Nulla facilisi.,33922,15,3
Wood Lamp,"Donec ut mauris eget massa tempor convallis. Nulla neque libero, convallis eget, eleifend luctus, ultricies eu, nibh. Quisque id justo sit amet sapien dignissim vestibulum.",23489,45,4
Bench,Nullam molestie nibh in lectus. Pellentesque at nulla. Suspendisse potenti.,31815,17,3
Drawer,"Quisque erat eros, viverra eget, congue eget, semper rutrum, nulla. Nunc purus. Phasellus in felis. Donec semper sapien a libero.",8833,37,4
Wall Decor,"Nam ultrices, libero non mattis pulvinar, nulla pede ullamcorper augue, a suscipit nulla elit ac nulla. Sed vel enim sit amet nunc viverra dapibus. Nulla suscipit ligula in lacus.",10339,38,5
Wood Chair,Pellentesque at nulla. Suspendisse potenti.,16709,24,5
Dining Table,"Aliquam sit amet diam in magna bibendum imperdiet. Nullam orci pede, venenatis non, sodales sed, tincidunt eu, felis.",14479,24,2
Wood Shelf,Aliquam non mauris. Morbi non lectus. Aliquam sit amet diam in magna bibendum imperdiet.,27263,27,5
Bed Frame,"Donec diam neque, vestibulum eget, vulputate ut, ultrices vel, augue. Vestibulum ante ipsum primis in faucibus orci luctus et ultrices posuere cubilia Curae; Donec pharetra, magna vestibulum aliquet ultrices, erat tortor sollicitudin mi, sit amet lobortis sapien sapien non mi.",19409,47,3
Cabinet,Maecenas tincidunt lacus at velit. Vivamus vel nulla eget eros elementum pellentesque. Quisque porta volutpat erat.,24804,36,5
Coffee Table,Aenean fermentum.,11062,39,4
Wood Lamp,In hac habitasse platea dictumst. Maecenas ut massa quis augue luctus tincidunt. Nulla mollis molestie lorem. Quisque ut erat.,36322,20,5
Bench,Quisque id justo sit amet sapien dignissim vestibulum.,17233,50,1
Drawer,"Curabitur gravida nisi at nibh. In hac habitasse platea dictumst. Aliquam augue quam, sollicitudin vitae, consectetuer eget, rutrum at, lorem. Integer tincidunt ante vel ipsum. Praesent blandit lacinia erat.",45212,43,5
Wall Decor,"Nam congue, risus semper porta volutpat, quam pede lobortis ligula, sit amet eleifend pede libero quis orci. Nullam molestie nibh in lectus. Pellentesque at nulla.",19114,10,3
Wood Chair,"Phasellus in felis. Donec semper sapien a libero. Nam dui. Proin leo odio, porttitor id, consequat in, consequat ut, nulla.",1006,44,1
Dining Table,Morbi quis tortor id nulla ultrices aliquet.,37740,32,4
Wood Shelf,Nulla mollis molestie lorem. Quisque ut erat. Curabitur gravida nisi at nibh. In hac habitasse platea dictumst.,23020,44,2
Bed Frame,Nullam sit amet turpis elementum ligula vehicula consequat.,18176,43,3
Cabinet,Quisque id justo sit amet sapien dignissim vestibulum. Vestibulum ante ipsum primis in faucibus orci luctus et ultrices posuere cubilia Curae; Nulla dapibus dolor vel est.,14855,5,3
Coffee Table,"Donec ut dolor. Morbi vel lectus in quam fringilla rhoncus. Mauris enim leo, rhoncus sed, vestibulum sit amet, cursus id, turpis.",4517,20,2
Wood Lamp,Nam dui.,6940,28,1
Bench,"Morbi vel lectus in quam fringilla rhoncus. Mauris enim leo, rhoncus sed, vestibulum sit amet, cursus id, turpis. Integer aliquet, massa id lobortis convallis, tortor risus dapibus augue, vel accumsan tellus nisi eu orci.",21963,29,1
Drawer,"Duis mattis egestas metus. Aenean fermentum. Donec ut mauris eget massa tempor convallis. Nulla neque libero, convallis eget, eleifend luctus, ultricies eu, nibh.",21063,20,3
Wall Decor,In hac habitasse platea dictumst. Etiam faucibus cursus urna.,18345,32,4
Wood Chair,"Aliquam augue quam, sollicitudin vitae, consectetuer eget, rutrum at, lorem.",49738,1,1
Dining Table,"Donec ut mauris eget massa tempor convallis. Nulla neque libero, convallis eget, eleifend luctus, ultricies eu, nibh.",9303,1,2
Wood Shelf,Integer tincidunt ante vel ipsum. Praesent blandit lacinia erat. Vestibulum sed magna at nunc commodo placerat. Praesent blandit.,33650,41,5
Bed Frame,"Aenean fermentum. Donec ut mauris eget massa tempor convallis. Nulla neque libero, convallis eget, eleifend luctus, ultricies eu, nibh. Quisque id justo sit amet sapien dignissim vestibulum.",27490,13,3
Cabinet,"Nam congue, risus semper porta volutpat, quam pede lobortis ligula, sit amet eleifend pede libero quis orci.",17065,1,2
Coffee Table,Nullam varius. Nulla facilisi.,2198,28,2
Wood Lamp,"Maecenas leo odio, condimentum id, luctus nec, molestie sed, justo. Pellentesque viverra pede ac diam. Cras pellentesque volutpat dui.",28461,26,5
Bench,Vestibulum rutrum rutrum neque. Aenean auctor gravida sem.,38668,37,5
Drawer,Etiam justo.,46885,35,5
Wall Decor,Suspendisse accumsan tortor quis turpis.,25189,43,5
Wood Chair,"Integer ac leo. Pellentesque ultrices mattis odio. Donec vitae nisi. Nam ultrices, libero non mattis pulvinar, nulla pede ullamcorper augue, a suscipit nulla elit ac nulla.",40336,19,4
Dining Table,"Morbi vel lectus in quam fringilla rhoncus. Mauris enim leo, rhoncus sed, vestibulum sit amet, cursus id, turpis.",23232,20,5
Wood Shelf,"Phasellus id sapien in sapien iaculis congue. Vivamus metus arcu, adipiscing molestie, hendrerit at, vulputate vitae, nisl. Aenean lectus. Pellentesque eget nunc. Donec quis orci eget orci vehicula condimentum.",21380,9,3
Bed Frame,"Praesent blandit. Nam nulla. Integer pede justo, lacinia eget, tincidunt eget, tempus vel, pede.",15488,45,1
Cabinet,"Nullam orci pede, venenatis non, sodales sed, tincidunt eu, felis.",49770,29,5
Coffee Table,Morbi ut odio.,29540,19,4
Wood Lamp,Maecenas pulvinar lobortis est. Phasellus sit amet erat.,47496,36,3
Bench,"Mauris enim leo, rhoncus sed, vestibulum sit amet, cursus id, turpis. Integer aliquet, massa id lobortis convallis, tortor risus dapibus augue, vel accumsan tellus nisi eu orci.",37240,32,5
Drawer,"Proin risus. Praesent lectus. Vestibulum quam sapien, varius ut, blandit non, interdum in, ante.",25480,40,3
Wall Decor,Quisque ut erat. Curabitur gravida nisi at nibh. In hac habitasse platea dictumst.,16189,4,4
Wood Chair,Duis consequat dui nec nisi volutpat eleifend. Donec ut dolor. Morbi vel lectus in quam fringilla rhoncus.,42817,47,5
Dining Table,"Fusce congue, diam id ornare imperdiet, sapien urna pretium nisl, ut volutpat sapien arcu sed augue. Aliquam erat volutpat. In congue.",12459,14,3
Wood Shelf,Vestibulum sed magna at nunc commodo placerat. Praesent blandit.,33930,1,4
Bed Frame,"Maecenas tincidunt lacus at velit. Vivamus vel nulla eget eros elementum pellentesque. Quisque porta volutpat erat. Quisque erat eros, viverra eget, congue eget, semper rutrum, nulla. Nunc purus.",37574,44,1
Cabinet,"Cras mi pede, malesuada in, imperdiet et, commodo vulputate, justo.",15200,25,4
Coffee Table,Fusce posuere felis sed lacus.,35714,39,4
Wood Lamp,"Fusce congue, diam id ornare imperdiet, sapien urna pretium nisl, ut volutpat sapien arcu sed augue. Aliquam erat volutpat. In congue. Etiam justo.",25426,38,1
Bench,"Donec diam neque, vestibulum eget, vulputate ut, ultrices vel, augue. Vestibulum ante ipsum primis in faucibus orci luctus et ultrices posuere cubilia Curae; Donec pharetra, magna vestibulum aliquet ultrices, erat tortor sollicitudin mi, sit amet lobortis sapien sapien non mi.",20735,16,4
Drawer,Suspendisse ornare consequat lectus.,27689,6,4
Wall Decor,Vestibulum ante ipsum primis in faucibus orci luctus et ultrices posuere cubilia Curae; Duis faucibus accumsan odio. Curabitur convallis.,17226,25,2
Wood Chair,"Aenean lectus. Pellentesque eget nunc. Donec quis orci eget orci vehicula condimentum. Curabitur in libero ut massa volutpat convallis. Morbi odio odio, elementum eu, interdum eu, tincidunt in, leo.",29223,29,5
Dining Table,Sed ante. Vivamus tortor. Duis mattis egestas metus.,1381,21,3
Wood Shelf,"In tempor, turpis nec euismod scelerisque, quam turpis adipiscing lorem, vitae mattis nibh ligula nec sem. Duis aliquam convallis nunc. Proin at turpis a pede posuere nonummy. Integer non velit.",4326,21,4
Bed Frame,"Integer non velit. Donec diam neque, vestibulum eget, vulputate ut, ultrices vel, augue. Vestibulum ante ipsum primis in faucibus orci luctus et ultrices posuere cubilia Curae; Donec pharetra, magna vestibulum aliquet ultrices, erat tortor sollicitudin mi, sit amet lobortis sapien sapien non mi. Integer ac neque. Duis bibendum.",28071,48,4
Cabinet,Aliquam quis turpis eget elit sodales scelerisque. Mauris sit amet eros. Suspendisse accumsan tortor quis turpis.,1668,35,4
Coffee Table,"Quisque arcu libero, rutrum ac, lobortis vel, dapibus at, diam. Nam tristique tortor eu pede.",21265,34,2
Wood Lamp,"Duis at velit eu est congue elementum. In hac habitasse platea dictumst. Morbi vestibulum, velit id pretium iaculis, diam erat fermentum justo, nec condimentum neque sapien placerat ante. Nulla justo.",17019,7,5
Bench,"Integer aliquet, massa id lobortis convallis, tortor risus dapibus augue, vel accumsan tellus nisi eu orci. Mauris lacinia sapien quis libero. Nullam sit amet turpis elementum ligula vehicula consequat. Morbi a ipsum. Integer a nibh.",37681,15,3
Drawer,"Nam congue, risus semper porta volutpat, quam pede lobortis ligula, sit amet eleifend pede libero quis orci.",38334,17,2
Wall Decor,Morbi non quam nec dui luctus rutrum.,2880,6,1
Wood Chair,"Lorem ipsum dolor sit amet, consectetuer adipiscing elit.",44128,1,1
Dining Table,Donec vitae nisi.,45459,27,5
Wood Shelf,Maecenas ut massa quis augue luctus tincidunt. Nulla mollis molestie lorem. Quisque ut erat.,5002,38,3
Bed Frame,Integer ac neque. Duis bibendum. Morbi non quam nec dui luctus rutrum.,20137,26,4
Cabinet,Donec quis orci eget orci vehicula condimentum. Curabitur in libero ut massa volutpat convallis.,26515,15,5
Coffee Table,"Morbi odio odio, elementum eu, interdum eu, tincidunt in, leo.",44457,14,1
Wood Lamp,"Nullam orci pede, venenatis non, sodales sed, tincidunt eu, felis. Fusce posuere felis sed lacus. Morbi sem mauris, laoreet ut, rhoncus aliquet, pulvinar sed, nisl. Nunc rhoncus dui vel sem.",41189,1,5
Bench,"Phasellus id sapien in sapien iaculis congue. Vivamus metus arcu, adipiscing molestie, hendrerit at, vulputate vitae, nisl.",44701,1,4
Drawer,"Nulla nisl. Nunc nisl. Duis bibendum, felis sed interdum venenatis, turpis enim blandit mi, in porttitor pede justo eu massa.",10142,4,1
Wall Decor,Vestibulum ante ipsum primis in faucibus orci luctus et ultrices posuere cubilia Curae; Mauris viverra diam vitae quam. Suspendisse potenti. Nullam porttitor lacus at turpis.,39845,46,3
Wood Chair,"Cras mi pede, malesuada in, imperdiet et, commodo vulputate, justo. In blandit ultrices enim. Lorem ipsum dolor sit amet, consectetuer adipiscing elit.",34628,34,3
Dining Table,Suspendisse potenti.,1985,44,4
Wood Shelf,"Donec diam neque, vestibulum eget, vulputate ut, ultrices vel, augue. Vestibulum ante ipsum primis in faucibus orci luctus et ultrices posuere cubilia Curae; Donec pharetra, magna vestibulum aliquet ultrices, erat tortor sollicitudin mi, sit amet lobortis sapien sapien non mi. Integer ac neque. Duis bibendum.",40234,16,1
Bed Frame,"In hac habitasse platea dictumst. Morbi vestibulum, velit id pretium iaculis, diam erat fermentum justo, nec condimentum neque sapien placerat ante. Nulla justo.",44686,49,4
Cabinet,Curabitur convallis. Duis consequat dui nec nisi volutpat eleifend.,350,42,5
Coffee Table,"In hac habitasse platea dictumst. Aliquam augue quam, sollicitudin vitae, consectetuer eget, rutrum at, lorem. Integer tincidunt ante vel ipsum.",24256,31,3
Wood Lamp,Vestibulum rutrum rutrum neque. Aenean auctor gravida sem. Praesent id massa id nisl venenatis lacinia. Aenean sit amet justo.,24502,31,3
Bench,Integer tincidunt ante vel ipsum. Praesent blandit lacinia erat. Vestibulum sed magna at nunc commodo placerat. Praesent blandit. Nam nulla.,15442,2,2
Drawer,Donec semper sapien a libero. Nam dui.,7552,39,3
Wall Decor,"In blandit ultrices enim. Lorem ipsum dolor sit amet, consectetuer adipiscing elit. Proin interdum mauris non ligula pellentesque ultrices.",48523,29,4
Wood Chair,Integer a nibh. In quis justo.,47259,49,4
Dining Table,Curabitur convallis. Duis consequat dui nec nisi volutpat eleifend. Donec ut dolor. Morbi vel lectus in quam fringilla rhoncus.,1829,43,4
Wood Shelf,Sed accumsan felis. Ut at dolor quis odio consequat varius. Integer ac leo. Pellentesque ultrices mattis odio. Donec vitae nisi.,15477,23,3
Bed Frame,Vestibulum ante ipsum primis in faucibus orci luctus et ultrices posuere cubilia Curae; Mauris viverra diam vitae quam. Suspendisse potenti. Nullam porttitor lacus at turpis. Donec posuere metus vitae ipsum. Aliquam non mauris.,9184,30,4
Cabinet,Nullam molestie nibh in lectus. Pellentesque at nulla.,13501,38,4
Coffee Table,Duis at velit eu est congue elementum. In hac habitasse platea dictumst.,9167,33,2
Wood Lamp,Nullam molestie nibh in lectus.,20278,25,2
Bench,Curabitur convallis. Duis consequat dui nec nisi volutpat eleifend.,15251,39,4
Drawer,"Nunc rhoncus dui vel sem. Sed sagittis. Nam congue, risus semper porta volutpat, quam pede lobortis ligula, sit amet eleifend pede libero quis orci. Nullam molestie nibh in lectus.",14822,48,4
Wall Decor,Morbi a ipsum. Integer a nibh.,21512,19,3
Wood Chair,"Donec odio justo, sollicitudin ut, suscipit a, feugiat et, eros.",1095,1,3
Dining Table,"Nullam orci pede, venenatis non, sodales sed, tincidunt eu, felis. Fusce posuere felis sed lacus. Morbi sem mauris, laoreet ut, rhoncus aliquet, pulvinar sed, nisl. Nunc rhoncus dui vel sem. Sed sagittis.",44079,9,2
Wood Shelf,"Nunc rhoncus dui vel sem. Sed sagittis. Nam congue, risus semper porta volutpat, quam pede lobortis ligula, sit amet eleifend pede libero quis orci.",38067,27,3
Bed Frame,"Duis at velit eu est congue elementum. In hac habitasse platea dictumst. Morbi vestibulum, velit id pretium iaculis, diam erat fermentum justo, nec condimentum neque sapien placerat ante.",44814,20,4
Cabinet,"Curabitur in libero ut massa volutpat convallis. Morbi odio odio, elementum eu, interdum eu, tincidunt in, leo. Maecenas pulvinar lobortis est. Phasellus sit amet erat. Nulla tempus.",34212,32,4
Coffee Table,In eleifend quam a odio. In hac habitasse platea dictumst. Maecenas ut massa quis augue luctus tincidunt. Nulla mollis molestie lorem.,44468,39,4
Wood Lamp,Vivamus tortor. Duis mattis egestas metus. Aenean fermentum. Donec ut mauris eget massa tempor convallis.,17686,23,1
Bench,"Nulla neque libero, convallis eget, eleifend luctus, ultricies eu, nibh. Quisque id justo sit amet sapien dignissim vestibulum.",20893,11,3
Drawer,Nulla tempus.,20719,38,4
Wall Decor,Aliquam quis turpis eget elit sodales scelerisque. Mauris sit amet eros. Suspendisse accumsan tortor quis turpis.,26629,41,1
Wood Chair,Etiam justo. Etiam pretium iaculis justo. In hac habitasse platea dictumst. Etiam faucibus cursus urna.,9383,13,1
Dining Table,Donec quis orci eget orci vehicula condimentum.,19875,10,3
Wood Shelf,"Fusce posuere felis sed lacus. Morbi sem mauris, laoreet ut, rhoncus aliquet, pulvinar sed, nisl. Nunc rhoncus dui vel sem.",36941,48,2
Bed Frame,Nunc nisl.,11982,3,1
Cabinet,"Pellentesque at nulla. Suspendisse potenti. Cras in purus eu magna vulputate luctus. Cum sociis natoque penatibus et magnis dis parturient montes, nascetur ridiculus mus. Vivamus vestibulum sagittis sapien.",42628,44,2
Coffee Table,Nullam porttitor lacus at turpis.,25538,11,2
Wood Lamp,Suspendisse potenti. In eleifend quam a odio. In hac habitasse platea dictumst. Maecenas ut massa quis augue luctus tincidunt.,44420,27,4
Bench,Vestibulum ac est lacinia nisi venenatis tristique.,29216,16,4
Drawer,Morbi non quam nec dui luctus rutrum. Nulla tellus. In sagittis dui vel nisl. Duis ac nibh.,19074,37,3
Wall Decor,"Duis bibendum, felis sed interdum venenatis, turpis enim blandit mi, in porttitor pede justo eu massa. Donec dapibus. Duis at velit eu est congue elementum. In hac habitasse platea dictumst.",38973,41,3
Wood Chair,"Proin leo odio, porttitor id, consequat in, consequat ut, nulla. Sed accumsan felis. Ut at dolor quis odio consequat varius.",28419,17,1
Dining Table,"Integer a nibh. In quis justo. Maecenas rhoncus aliquam lacus. Morbi quis tortor id nulla ultrices aliquet. Maecenas leo odio, condimentum id, luctus nec, molestie sed, justo.",24593,9,3
Wood Shelf,Mauris sit amet eros. Suspendisse accumsan tortor quis turpis.,40225,43,1
Bed Frame,"Quisque arcu libero, rutrum ac, lobortis vel, dapibus at, diam.",32487,11,2
Cabinet,Aliquam quis turpis eget elit sodales scelerisque. Mauris sit amet eros. Suspendisse accumsan tortor quis turpis. Sed ante. Vivamus tortor.,41450,46,3
Coffee Table,"Maecenas leo odio, condimentum id, luctus nec, molestie sed, justo. Pellentesque viverra pede ac diam. Cras pellentesque volutpat dui.",17734,32,1
Wood Lamp,"Cras in purus eu magna vulputate luctus. Cum sociis natoque penatibus et magnis dis parturient montes, nascetur ridiculus mus. Vivamus vestibulum sagittis sapien. Cum sociis natoque penatibus et magnis dis parturient montes, nascetur ridiculus mus. Etiam vel augue.",34976,35,2
Bench,Proin interdum mauris non ligula pellentesque ultrices.,39034,16,4
Drawer,Sed accumsan felis.,14931,50,3
Wall Decor,"Pellentesque ultrices mattis odio. Donec vitae nisi. Nam ultrices, libero non mattis pulvinar, nulla pede ullamcorper augue, a suscipit nulla elit ac nulla. Sed vel enim sit amet nunc viverra dapibus. Nulla suscipit ligula in lacus.",43148,47,1
Wood Chair,Nulla justo.,4370,12,3
Dining Table,"Cras pellentesque volutpat dui. Maecenas tristique, est et tempus semper, est quam pharetra magna, ac consequat metus sapien ut nunc. Vestibulum ante ipsum primis in faucibus orci luctus et ultrices posuere cubilia Curae; Mauris viverra diam vitae quam.",35820,30,2
Wood Shelf,"Morbi ut odio. Cras mi pede, malesuada in, imperdiet et, commodo vulputate, justo. In blandit ultrices enim. Lorem ipsum dolor sit amet, consectetuer adipiscing elit.",30726,19,5
Bed Frame,"Morbi ut odio. Cras mi pede, malesuada in, imperdiet et, commodo vulputate, justo. In blandit ultrices enim. Lorem ipsum dolor sit amet, consectetuer adipiscing elit.",42537,21,3
Cabinet,"Donec vitae nisi. Nam ultrices, libero non mattis pulvinar, nulla pede ullamcorper augue, a suscipit nulla elit ac nulla. Sed vel enim sit amet nunc viverra dapibus. Nulla suscipit ligula in lacus.",5408,10,1
Coffee Table,"Vestibulum sed magna at nunc commodo placerat. Praesent blandit. Nam nulla. Integer pede justo, lacinia eget, tincidunt eget, tempus vel, pede.",19871,13,4
Wood Lamp,Nunc nisl.,21893,15,4
Bench,Nulla facilisi. Cras non velit nec nisi vulputate nonummy. Maecenas tincidunt lacus at velit. Vivamus vel nulla eget eros elementum pellentesque. Quisque porta volutpat erat.,31478,1,1
Drawer,"Sed sagittis. Nam congue, risus semper porta volutpat, quam pede lobortis ligula, sit amet eleifend pede libero quis orci. Nullam molestie nibh in lectus. Pellentesque at nulla. Suspendisse potenti.",47032,26,5
Wall Decor,"Donec vitae nisi. Nam ultrices, libero non mattis pulvinar, nulla pede ullamcorper augue, a suscipit nulla elit ac nulla. Sed vel enim sit amet nunc viverra dapibus. Nulla suscipit ligula in lacus.",43271,32,3
Wood Chair,Maecenas pulvinar lobortis est. Phasellus sit amet erat. Nulla tempus.,8989,9,5
Dining Table,Praesent blandit lacinia erat. Vestibulum sed magna at nunc commodo placerat.,45903,2,2
Wood Shelf,Donec quis orci eget orci vehicula condimentum. Curabitur in libero ut massa volutpat convallis.,49327,25,2
Bed Frame,"Aliquam sit amet diam in magna bibendum imperdiet. Nullam orci pede, venenatis non, sodales sed, tincidunt eu, felis. Fusce posuere felis sed lacus.",39169,24,1
Cabinet,"Integer a nibh. In quis justo. Maecenas rhoncus aliquam lacus. Morbi quis tortor id nulla ultrices aliquet. Maecenas leo odio, condimentum id, luctus nec, molestie sed, justo.",49231,9,2
Coffee Table,"Ut at dolor quis odio consequat varius. Integer ac leo. Pellentesque ultrices mattis odio. Donec vitae nisi. Nam ultrices, libero non mattis pulvinar, nulla pede ullamcorper augue, a suscipit nulla elit ac nulla.",16455,30,2
Wood Lamp,Morbi non quam nec dui luctus rutrum. Nulla tellus. In sagittis dui vel nisl. Duis ac nibh.,34047,23,1
Bench,"In tempor, turpis nec euismod scelerisque, quam turpis adipiscing lorem, vitae mattis nibh ligula nec sem. Duis aliquam convallis nunc. Proin at turpis a pede posuere nonummy. Integer non velit.",42373,10,4
Drawer,Vivamus tortor. Duis mattis egestas metus. Aenean fermentum. Donec ut mauris eget massa tempor convallis.,17602,28,1
Wall Decor,"Vestibulum ante ipsum primis in faucibus orci luctus et ultrices posuere cubilia Curae; Donec pharetra, magna vestibulum aliquet ultrices, erat tortor sollicitudin mi, sit amet lobortis sapien sapien non mi. Integer ac neque. Duis bibendum. Morbi non quam nec dui luctus rutrum.",43832,16,1
Wood Chair,Nullam sit amet turpis elementum ligula vehicula consequat. Morbi a ipsum.,22190,16,2
Dining Table,Morbi vel lectus in quam fringilla rhoncus.,20021,26,1
Wood Shelf,"Cras mi pede, malesuada in, imperdiet et, commodo vulputate, justo. In blandit ultrices enim.",4207,26,1
Bed Frame,Sed ante.,47928,5,4
Cabinet,"Pellentesque ultrices mattis odio. Donec vitae nisi. Nam ultrices, libero non mattis pulvinar, nulla pede ullamcorper augue, a suscipit nulla elit ac nulla. Sed vel enim sit amet nunc viverra dapibus. Nulla suscipit ligula in lacus.",16451,47,1
Coffee Table,"Lorem ipsum dolor sit amet, consectetuer adipiscing elit. Proin interdum mauris non ligula pellentesque ultrices. Phasellus id sapien in sapien iaculis congue. Vivamus metus arcu, adipiscing molestie, hendrerit at, vulputate vitae, nisl.",15842,44,4
Wood Lamp,"Maecenas tristique, est et tempus semper, est quam pharetra magna, ac consequat metus sapien ut nunc. Vestibulum ante ipsum primis in faucibus orci luctus et ultrices posuere cubilia Curae; Mauris viverra diam vitae quam. Suspendisse potenti. Nullam porttitor lacus at turpis.",36858,1,4
Bench,Aliquam erat volutpat. In congue. Etiam justo.,28313,28,2
Drawer,Vivamus in felis eu sapien cursus vestibulum. Proin eu mi.,3811,13,2
Wall Decor,"Nunc nisl. Duis bibendum, felis sed interdum venenatis, turpis enim blandit mi, in porttitor pede justo eu massa. Donec dapibus.",1349,8,1
Wood Chair,"Integer a nibh. In quis justo. Maecenas rhoncus aliquam lacus. Morbi quis tortor id nulla ultrices aliquet. Maecenas leo odio, condimentum id, luctus nec, molestie sed, justo.",47214,23,1
Dining Table,Aenean auctor gravida sem. Praesent id massa id nisl venenatis lacinia. Aenean sit amet justo. Morbi ut odio.,9724,5,3
Wood Shelf,"In hac habitasse platea dictumst. Aliquam augue quam, sollicitudin vitae, consectetuer eget, rutrum at, lorem. Integer tincidunt ante vel ipsum. Praesent blandit lacinia erat. Vestibulum sed magna at nunc commodo placerat.",4432,5,5
Bed Frame,"Morbi vel lectus in quam fringilla rhoncus. Mauris enim leo, rhoncus sed, vestibulum sit amet, cursus id, turpis. Integer aliquet, massa id lobortis convallis, tortor risus dapibus augue, vel accumsan tellus nisi eu orci.",20943,15,1
Cabinet,"Pellentesque viverra pede ac diam. Cras pellentesque volutpat dui. Maecenas tristique, est et tempus semper, est quam pharetra magna, ac consequat metus sapien ut nunc.",6776,39,5
Coffee Table,Sed ante. Vivamus tortor. Duis mattis egestas metus. Aenean fermentum.,43475,18,1
Wood Lamp,Morbi non quam nec dui luctus rutrum. Nulla tellus. In sagittis dui vel nisl.,34114,15,1
Bench,"Mauris ullamcorper purus sit amet nulla. Quisque arcu libero, rutrum ac, lobortis vel, dapibus at, diam.",49647,11,2
Drawer,Nunc rhoncus dui vel sem.,47258,30,3
Wall Decor,"Vestibulum ante ipsum primis in faucibus orci luctus et ultrices posuere cubilia Curae; Donec pharetra, magna vestibulum aliquet ultrices, erat tortor sollicitudin mi, sit amet lobortis sapien sapien non mi. Integer ac neque. Duis bibendum. Morbi non quam nec dui luctus rutrum.",46546,42,2
Wood Chair,Integer ac leo. Pellentesque ultrices mattis odio. Donec vitae nisi.,28690,42,3
Dining Table,Nullam sit amet turpis elementum ligula vehicula consequat.,26305,2,4
Wood Shelf,"Duis ac nibh. Fusce lacus purus, aliquet at, feugiat non, pretium quis, lectus.",48710,20,3
Bed Frame,"Nam congue, risus semper porta volutpat, quam pede lobortis ligula, sit amet eleifend pede libero quis orci. Nullam molestie nibh in lectus. Pellentesque at nulla. Suspendisse potenti. Cras in purus eu magna vulputate luctus.",20768,43,5
Cabinet,"Proin at turpis a pede posuere nonummy. Integer non velit. Donec diam neque, vestibulum eget, vulputate ut, ultrices vel, augue. Vestibulum ante ipsum primis in faucibus orci luctus et ultrices posuere cubilia Curae; Donec pharetra, magna vestibulum aliquet ultrices, erat tortor sollicitudin mi, sit amet lobortis sapien sapien non mi.",31502,27,4
Coffee Table,"Nam congue, risus semper porta volutpat, quam pede lobortis ligula, sit amet eleifend pede libero quis orci.",23866,31,5
Wood Lamp,"Nulla ac enim. In tempor, turpis nec euismod scelerisque, quam turpis adipiscing lorem, vitae mattis nibh ligula nec sem. Duis aliquam convallis nunc. Proin at turpis a pede posuere nonummy. Integer non velit.",13241,45,1
Bench,Nullam porttitor lacus at turpis.,49719,30,1
Drawer,Nulla justo. Aliquam quis turpis eget elit sodales scelerisque. Mauris sit amet eros.,22276,3,3
Wall Decor,Nullam molestie nibh in lectus. Pellentesque at nulla.,18076,12,5
Wood Chair,Nulla suscipit ligula in lacus. Curabitur at ipsum ac tellus semper interdum.,45325,19,1
Dining Table,"Pellentesque viverra pede ac diam. Cras pellentesque volutpat dui. Maecenas tristique, est et tempus semper, est quam pharetra magna, ac consequat metus sapien ut nunc. Vestibulum ante ipsum primis in faucibus orci luctus et ultrices posuere cubilia Curae; Mauris viverra diam vitae quam.",19941,12,4
Wood Shelf,"Pellentesque at nulla. Suspendisse potenti. Cras in purus eu magna vulputate luctus. Cum sociis natoque penatibus et magnis dis parturient montes, nascetur ridiculus mus. Vivamus vestibulum sagittis sapien.",40113,22,5
Bed Frame,Etiam justo. Etiam pretium iaculis justo.,23184,2,1
Cabinet,Phasellus sit amet erat. Nulla tempus. Vivamus in felis eu sapien cursus vestibulum.,35690,25,1
Coffee Table,In hac habitasse platea dictumst. Etiam faucibus cursus urna. Ut tellus.,36386,21,2
Wood Lamp,Vestibulum ante ipsum primis in faucibus orci luctus et ultrices posuere cubilia Curae; Nulla dapibus dolor vel est.,4674,31,1
Bench,"Cum sociis natoque penatibus et magnis dis parturient montes, nascetur ridiculus mus. Vivamus vestibulum sagittis sapien. Cum sociis natoque penatibus et magnis dis parturient montes, nascetur ridiculus mus. Etiam vel augue. Vestibulum rutrum rutrum neque.",36052,41,1
Drawer,"Praesent lectus. Vestibulum quam sapien, varius ut, blandit non, interdum in, ante.",33702,25,3
Wall Decor,"Morbi sem mauris, laoreet ut, rhoncus aliquet, pulvinar sed, nisl.",29964,40,4
Wood Chair,"Mauris enim leo, rhoncus sed, vestibulum sit amet, cursus id, turpis. Integer aliquet, massa id lobortis convallis, tortor risus dapibus augue, vel accumsan tellus nisi eu orci. Mauris lacinia sapien quis libero. Nullam sit amet turpis elementum ligula vehicula consequat. Morbi a ipsum.",23279,24,5
Dining Table,"Donec diam neque, vestibulum eget, vulputate ut, ultrices vel, augue. Vestibulum ante ipsum primis in faucibus orci luctus et ultrices posuere cubilia Curae; Donec pharetra, magna vestibulum aliquet ultrices, erat tortor sollicitudin mi, sit amet lobortis sapien sapien non mi.",41359,3,3
Wood Shelf,Quisque porta volutpat erat.,31386,46,4
Bed Frame,Pellentesque ultrices mattis odio. Donec vitae nisi.,15494,41,2
Cabinet,Proin interdum mauris non ligula pellentesque ultrices.,14823,48,4
Coffee Table,"Quisque erat eros, viverra eget, congue eget, semper rutrum, nulla. Nunc purus.",12241,13,1
Wood Lamp,Vestibulum ante ipsum primis in faucibus orci luctus et ultrices posuere cubilia Curae; Duis faucibus accumsan odio. Curabitur convallis. Duis consequat dui nec nisi volutpat eleifend. Donec ut dolor. Morbi vel lectus in quam fringilla rhoncus.,47668,31,2
Bench,"Morbi sem mauris, laoreet ut, rhoncus aliquet, pulvinar sed, nisl. Nunc rhoncus dui vel sem. Sed sagittis.",44539,41,4
Drawer,"Cras in purus eu magna vulputate luctus. Cum sociis natoque penatibus et magnis dis parturient montes, nascetur ridiculus mus.",47113,11,1
Wall Decor,Curabitur convallis. Duis consequat dui nec nisi volutpat eleifend.,25822,45,5
Wood Chair,In eleifend quam a odio.,48772,37,3
Dining Table,"Phasellus in felis. Donec semper sapien a libero. Nam dui. Proin leo odio, porttitor id, consequat in, consequat ut, nulla. Sed accumsan felis.",18677,43,1
Wood Shelf,"Fusce posuere felis sed lacus. Morbi sem mauris, laoreet ut, rhoncus aliquet, pulvinar sed, nisl. Nunc rhoncus dui vel sem. Sed sagittis. Nam congue, risus semper porta volutpat, quam pede lobortis ligula, sit amet eleifend pede libero quis orci.",26286,3,2
Bed Frame,Morbi non quam nec dui luctus rutrum. Nulla tellus. In sagittis dui vel nisl.,27158,9,2
Cabinet,"Morbi porttitor lorem id ligula. Suspendisse ornare consequat lectus. In est risus, auctor sed, tristique in, tempus sit amet, sem.",36238,2,3
Coffee Table,Nullam sit amet turpis elementum ligula vehicula consequat. Morbi a ipsum.,10000,17,5
Wood Lamp,Nulla ut erat id mauris vulputate elementum. Nullam varius. Nulla facilisi. Cras non velit nec nisi vulputate nonummy.,4674,5,5
Bench,Cras in purus eu magna vulputate luctus.,8702,46,2
Drawer,"Donec ut dolor. Morbi vel lectus in quam fringilla rhoncus. Mauris enim leo, rhoncus sed, vestibulum sit amet, cursus id, turpis.",21186,38,1
Wall Decor,"Maecenas tristique, est et tempus semper, est quam pharetra magna, ac consequat metus sapien ut nunc. Vestibulum ante ipsum primis in faucibus orci luctus et ultrices posuere cubilia Curae; Mauris viverra diam vitae quam. Suspendisse potenti. Nullam porttitor lacus at turpis.",36052,25,4
Wood Chair,"Pellentesque viverra pede ac diam. Cras pellentesque volutpat dui. Maecenas tristique, est et tempus semper, est quam pharetra magna, ac consequat metus sapien ut nunc.",17688,38,1
Dining Table,Vestibulum ante ipsum primis in faucibus orci luctus et ultrices posuere cubilia Curae; Duis faucibus accumsan odio.,26553,28,1
Wood Shelf,"Fusce congue, diam id ornare imperdiet, sapien urna pretium nisl, ut volutpat sapien arcu sed augue. Aliquam erat volutpat. In congue.",27451,38,5
Bed Frame,Etiam faucibus cursus urna.,6396,39,4
Cabinet,Sed ante. Vivamus tortor. Duis mattis egestas metus.,49597,22,4
Coffee Table,Fusce posuere felis sed lacus.,20895,43,5
Wood Lamp,Suspendisse potenti.,15980,46,4
Bench,Morbi non quam nec dui luctus rutrum. Nulla tellus. In sagittis dui vel nisl.,2068,45,1
Drawer,"Proin leo odio, porttitor id, consequat in, consequat ut, nulla. Sed accumsan felis. Ut at dolor quis odio consequat varius. Integer ac leo. Pellentesque ultrices mattis odio.",34117,47,2
Wall Decor,"Suspendisse ornare consequat lectus. In est risus, auctor sed, tristique in, tempus sit amet, sem. Fusce consequat. Nulla nisl.",1564,47,1
Wood Chair,In sagittis dui vel nisl.,37320,27,3
Dining Table,Mauris sit amet eros. Suspendisse accumsan tortor quis turpis.,2708,41,2
Wood Shelf,Nulla mollis molestie lorem. Quisque ut erat. Curabitur gravida nisi at nibh.,5272,43,5
Bed Frame,Nulla mollis molestie lorem. Quisque ut erat.,29356,19,2
Cabinet,"Curabitur gravida nisi at nibh. In hac habitasse platea dictumst. Aliquam augue quam, sollicitudin vitae, consectetuer eget, rutrum at, lorem.",9750,16,5
Coffee Table,"Lorem ipsum dolor sit amet, consectetuer adipiscing elit. Proin interdum mauris non ligula pellentesque ultrices. Phasellus id sapien in sapien iaculis congue. Vivamus metus arcu, adipiscing molestie, hendrerit at, vulputate vitae, nisl.",170,49,1
Wood Lamp,Suspendisse accumsan tortor quis turpis. Sed ante. Vivamus tortor.,32638,24,3
Bench,"Quisque erat eros, viverra eget, congue eget, semper rutrum, nulla. Nunc purus. Phasellus in felis.",3118,41,5
Drawer,Donec quis orci eget orci vehicula condimentum. Curabitur in libero ut massa volutpat convallis.,4414,40,2
Wall Decor,"Nunc nisl. Duis bibendum, felis sed interdum venenatis, turpis enim blandit mi, in porttitor pede justo eu massa. Donec dapibus. Duis at velit eu est congue elementum. In hac habitasse platea dictumst.",35045,39,1
Wood Chair,"Ut at dolor quis odio consequat varius. Integer ac leo. Pellentesque ultrices mattis odio. Donec vitae nisi. Nam ultrices, libero non mattis pulvinar, nulla pede ullamcorper augue, a suscipit nulla elit ac nulla.",32487,25,5
Dining Table,"Lorem ipsum dolor sit amet, consectetuer adipiscing elit. Proin risus. Praesent lectus. Vestibulum quam sapien, varius ut, blandit non, interdum in, ante. Vestibulum ante ipsum primis in faucibus orci luctus et ultrices posuere cubilia Curae; Duis faucibus accumsan odio.",19486,35,5
Wood Shelf,"Suspendisse potenti. Cras in purus eu magna vulputate luctus. Cum sociis natoque penatibus et magnis dis parturient montes, nascetur ridiculus mus. Vivamus vestibulum sagittis sapien. Cum sociis natoque penatibus et magnis dis parturient montes, nascetur ridiculus mus.",36612,4,4
Bed Frame,"Donec odio justo, sollicitudin ut, suscipit a, feugiat et, eros.",1753,41,3
Cabinet,"In sagittis dui vel nisl. Duis ac nibh. Fusce lacus purus, aliquet at, feugiat non, pretium quis, lectus. Suspendisse potenti.",42167,32,4
Coffee Table,Vestibulum sed magna at nunc commodo placerat. Praesent blandit. Nam nulla.,2721,19,2
Wood Lamp,"Mauris enim leo, rhoncus sed, vestibulum sit amet, cursus id, turpis.",46886,13,5
Bench,"Donec ut mauris eget massa tempor convallis. Nulla neque libero, convallis eget, eleifend luctus, ultricies eu, nibh. Quisque id justo sit amet sapien dignissim vestibulum.",28024,22,1
Drawer,Nam dui.,31250,35,4
Wall Decor,"Vestibulum ante ipsum primis in faucibus orci luctus et ultrices posuere cubilia Curae; Donec pharetra, magna vestibulum aliquet ultrices, erat tortor sollicitudin mi, sit amet lobortis sapien sapien non mi. Integer ac neque.",21274,42,1
Wood Chair,Integer ac neque. Duis bibendum. Morbi non quam nec dui luctus rutrum.,14924,22,1
Dining Table,"Nam ultrices, libero non mattis pulvinar, nulla pede ullamcorper augue, a suscipit nulla elit ac nulla. Sed vel enim sit amet nunc viverra dapibus. Nulla suscipit ligula in lacus. Curabitur at ipsum ac tellus semper interdum.",40099,33,4
Wood Shelf,"Suspendisse potenti. Cras in purus eu magna vulputate luctus. Cum sociis natoque penatibus et magnis dis parturient montes, nascetur ridiculus mus.",6022,18,5
Bed Frame,"Vivamus vel nulla eget eros elementum pellentesque. Quisque porta volutpat erat. Quisque erat eros, viverra eget, congue eget, semper rutrum, nulla. Nunc purus. Phasellus in felis.",46210,4,5
Cabinet,"Vivamus vel nulla eget eros elementum pellentesque. Quisque porta volutpat erat. Quisque erat eros, viverra eget, congue eget, semper rutrum, nulla. Nunc purus.",27851,48,1
Coffee Table,In eleifend quam a odio. In hac habitasse platea dictumst.,29024,12,5
Wood Lamp,"Fusce lacus purus, aliquet at, feugiat non, pretium quis, lectus. Suspendisse potenti. In eleifend quam a odio.",44429,48,3
Bench,Phasellus sit amet erat. Nulla tempus.,6850,9,4
Drawer,"Nulla neque libero, convallis eget, eleifend luctus, ultricies eu, nibh. Quisque id justo sit amet sapien dignissim vestibulum. Vestibulum ante ipsum primis in faucibus orci luctus et ultrices posuere cubilia Curae; Nulla dapibus dolor vel est. Donec odio justo, sollicitudin ut, suscipit a, feugiat et, eros.",6545,9,3
Wall Decor,Suspendisse potenti. Nullam porttitor lacus at turpis. Donec posuere metus vitae ipsum. Aliquam non mauris. Morbi non lectus.,10730,39,3
Wood Chair,Pellentesque viverra pede ac diam. Cras pellentesque volutpat dui.,20245,4,3
Dining Table,Vestibulum ante ipsum primis in faucibus orci luctus et ultrices posuere cubilia Curae; Mauris viverra diam vitae quam.,19811,13,4
Wood Shelf,Maecenas pulvinar lobortis est. Phasellus sit amet erat. Nulla tempus. Vivamus in felis eu sapien cursus vestibulum. Proin eu mi.,27149,5,2
Bed Frame,Nulla justo. Aliquam quis turpis eget elit sodales scelerisque. Mauris sit amet eros.,32403,8,3
Cabinet,"Nam congue, risus semper porta volutpat, quam pede lobortis ligula, sit amet eleifend pede libero quis orci.",2943,18,1
Coffee Table,Donec semper sapien a libero.,47160,45,4
Wood Lamp,"Cum sociis natoque penatibus et magnis dis parturient montes, nascetur ridiculus mus. Etiam vel augue. Vestibulum rutrum rutrum neque. Aenean auctor gravida sem.",48276,38,1
Bench,"In est risus, auctor sed, tristique in, tempus sit amet, sem. Fusce consequat.",26538,39,1
Drawer,Aenean fermentum.,18847,14,4
Wall Decor,"Nullam molestie nibh in lectus. Pellentesque at nulla. Suspendisse potenti. Cras in purus eu magna vulputate luctus. Cum sociis natoque penatibus et magnis dis parturient montes, nascetur ridiculus mus.",34717,49,1
Wood Chair,"Integer pede justo, lacinia eget, tincidunt eget, tempus vel, pede. Morbi porttitor lorem id ligula. Suspendisse ornare consequat lectus. In est risus, auctor sed, tristique in, tempus sit amet, sem. Fusce consequat.",31194,13,5
Dining Table,"Vestibulum ac est lacinia nisi venenatis tristique. Fusce congue, diam id ornare imperdiet, sapien urna pretium nisl, ut volutpat sapien arcu sed augue. Aliquam erat volutpat. In congue.",39396,35,2
Wood Shelf,Suspendisse potenti. In eleifend quam a odio. In hac habitasse platea dictumst. Maecenas ut massa quis augue luctus tincidunt. Nulla mollis molestie lorem.,39702,14,5
Bed Frame,"Mauris enim leo, rhoncus sed, vestibulum sit amet, cursus id, turpis. Integer aliquet, massa id lobortis convallis, tortor risus dapibus augue, vel accumsan tellus nisi eu orci. Mauris lacinia sapien quis libero.",14482,8,1
Cabinet,"Donec dapibus. Duis at velit eu est congue elementum. In hac habitasse platea dictumst. Morbi vestibulum, velit id pretium iaculis, diam erat fermentum justo, nec condimentum neque sapien placerat ante. Nulla justo.",4193,26,2
Coffee Table,"In est risus, auctor sed, tristique in, tempus sit amet, sem.",22947,48,4
Wood Lamp,"Integer aliquet, massa id lobortis convallis, tortor risus dapibus augue, vel accumsan tellus nisi eu orci. Mauris lacinia sapien quis libero.",45909,16,3
Bench,"Curabitur convallis. Duis consequat dui nec nisi volutpat eleifend. Donec ut dolor. Morbi vel lectus in quam fringilla rhoncus. Mauris enim leo, rhoncus sed, vestibulum sit amet, cursus id, turpis.",33314,5,5
Drawer,Aliquam erat volutpat.,47708,18,4
Wall Decor,"Aenean fermentum. Donec ut mauris eget massa tempor convallis. Nulla neque libero, convallis eget, eleifend luctus, ultricies eu, nibh. Quisque id justo sit amet sapien dignissim vestibulum. Vestibulum ante ipsum primis in faucibus orci luctus et ultrices posuere cubilia Curae; Nulla dapibus dolor vel est.",43257,5,4
Wood Chair,"Aliquam sit amet diam in magna bibendum imperdiet. Nullam orci pede, venenatis non, sodales sed, tincidunt eu, felis. Fusce posuere felis sed lacus.",35196,47,3
Dining Table,"Nullam molestie nibh in lectus. Pellentesque at nulla. Suspendisse potenti. Cras in purus eu magna vulputate luctus. Cum sociis natoque penatibus et magnis dis parturient montes, nascetur ridiculus mus.",23297,10,4
Wood Shelf,Etiam justo. Etiam pretium iaculis justo. In hac habitasse platea dictumst. Etiam faucibus cursus urna.,944,3,2
Bed Frame,"Nulla ac enim. In tempor, turpis nec euismod scelerisque, quam turpis adipiscing lorem, vitae mattis nibh ligula nec sem. Duis aliquam convallis nunc.",2380,18,1
Cabinet,"Mauris ullamcorper purus sit amet nulla. Quisque arcu libero, rutrum ac, lobortis vel, dapibus at, diam.",13963,8,1
Coffee Table,"Nunc rhoncus dui vel sem. Sed sagittis. Nam congue, risus semper porta volutpat, quam pede lobortis ligula, sit amet eleifend pede libero quis orci. Nullam molestie nibh in lectus. Pellentesque at nulla.",42995,21,5
Wood Lamp,Vestibulum sed magna at nunc commodo placerat. Praesent blandit.,3304,7,4
Bench,Nulla facilisi. Cras non velit nec nisi vulputate nonummy.,16907,1,3
Drawer,"Nulla neque libero, convallis eget, eleifend luctus, ultricies eu, nibh. Quisque id justo sit amet sapien dignissim vestibulum.",14014,36,1
Wall Decor,Sed ante. Vivamus tortor. Duis mattis egestas metus. Aenean fermentum. Donec ut mauris eget massa tempor convallis.,46789,17,4
Wood Chair,"Nunc nisl. Duis bibendum, felis sed interdum venenatis, turpis enim blandit mi, in porttitor pede justo eu massa. Donec dapibus.",36340,9,5
Dining Table,Suspendisse potenti. Cras in purus eu magna vulputate luctus.,30585,49,4
Wood Shelf,Aliquam quis turpis eget elit sodales scelerisque. Mauris sit amet eros. Suspendisse accumsan tortor quis turpis.,19321,40,5
Bed Frame,"Praesent blandit. Nam nulla. Integer pede justo, lacinia eget, tincidunt eget, tempus vel, pede.",40131,23,4
Cabinet,"Morbi ut odio. Cras mi pede, malesuada in, imperdiet et, commodo vulputate, justo. In blandit ultrices enim.",11244,50,5
Coffee Table,Suspendisse accumsan tortor quis turpis. Sed ante. Vivamus tortor. Duis mattis egestas metus. Aenean fermentum.,357,8,2
Wood Lamp,"Cras in purus eu magna vulputate luctus. Cum sociis natoque penatibus et magnis dis parturient montes, nascetur ridiculus mus. Vivamus vestibulum sagittis sapien.",27823,43,2
Bench,Duis bibendum. Morbi non quam nec dui luctus rutrum. Nulla tellus. In sagittis dui vel nisl. Duis ac nibh.,13464,1,4
Drawer,"Nam nulla. Integer pede justo, lacinia eget, tincidunt eget, tempus vel, pede. Morbi porttitor lorem id ligula.",14976,30,3
Wall Decor,Nulla tellus. In sagittis dui vel nisl. Duis ac nibh.,30547,39,3
Wood Chair,Aliquam sit amet diam in magna bibendum imperdiet.,36469,50,2
Dining Table,"In est risus, auctor sed, tristique in, tempus sit amet, sem.",36678,18,1
Wood Shelf,Vivamus tortor. Duis mattis egestas metus. Aenean fermentum.,22105,46,2
Bed Frame,"Cras pellentesque volutpat dui. Maecenas tristique, est et tempus semper, est quam pharetra magna, ac consequat metus sapien ut nunc. Vestibulum ante ipsum primis in faucibus orci luctus et ultrices posuere cubilia Curae; Mauris viverra diam vitae quam. Suspendisse potenti. Nullam porttitor lacus at turpis.",5536,41,5
Cabinet,"Vestibulum ante ipsum primis in faucibus orci luctus et ultrices posuere cubilia Curae; Nulla dapibus dolor vel est. Donec odio justo, sollicitudin ut, suscipit a, feugiat et, eros. Vestibulum ac est lacinia nisi venenatis tristique. Fusce congue, diam id ornare imperdiet, sapien urna pretium nisl, ut volutpat sapien arcu sed augue.",49149,46,4
Coffee Table,"Morbi ut odio. Cras mi pede, malesuada in, imperdiet et, commodo vulputate, justo. In blandit ultrices enim. Lorem ipsum dolor sit amet, consectetuer adipiscing elit. Proin interdum mauris non ligula pellentesque ultrices.",2220,16,5
Wood Lamp,"Cras in purus eu magna vulputate luctus. Cum sociis natoque penatibus et magnis dis parturient montes, nascetur ridiculus mus. Vivamus vestibulum sagittis sapien. Cum sociis natoque penatibus et magnis dis parturient montes, nascetur ridiculus mus.",2098,50,3
Bench,"Curabitur gravida nisi at nibh. In hac habitasse platea dictumst. Aliquam augue quam, sollicitudin vitae, consectetuer eget, rutrum at, lorem.",33645,33,1
Drawer,"Vestibulum ante ipsum primis in faucibus orci luctus et ultrices posuere cubilia Curae; Nulla dapibus dolor vel est. Donec odio justo, sollicitudin ut, suscipit a, feugiat et, eros. Vestibulum ac est lacinia nisi venenatis tristique. Fusce congue, diam id ornare imperdiet, sapien urna pretium nisl, ut volutpat sapien arcu sed augue.",12492,15,1
Wall Decor,Nulla ut erat id mauris vulputate elementum.,14433,2,4
Wood Chair,"Fusce lacus purus, aliquet at, feugiat non, pretium quis, lectus. Suspendisse potenti. In eleifend quam a odio. In hac habitasse platea dictumst. Maecenas ut massa quis augue luctus tincidunt.",48922,27,5
Dining Table,"Morbi sem mauris, laoreet ut, rhoncus aliquet, pulvinar sed, nisl. Nunc rhoncus dui vel sem. Sed sagittis. Nam congue, risus semper porta volutpat, quam pede lobortis ligula, sit amet eleifend pede libero quis orci. Nullam molestie nibh in lectus.",42651,49,4
Wood Shelf,"Vestibulum ante ipsum primis in faucibus orci luctus et ultrices posuere cubilia Curae; Nulla dapibus dolor vel est. Donec odio justo, sollicitudin ut, suscipit a, feugiat et, eros. Vestibulum ac est lacinia nisi venenatis tristique.",3320,6,5
Bed Frame,Ut at dolor quis odio consequat varius. Integer ac leo. Pellentesque ultrices mattis odio.,35036,16,1
Cabinet,"In est risus, auctor sed, tristique in, tempus sit amet, sem. Fusce consequat. Nulla nisl. Nunc nisl. Duis bibendum, felis sed interdum venenatis, turpis enim blandit mi, in porttitor pede justo eu massa.",29417,48,1
Coffee Table,"Vestibulum ante ipsum primis in faucibus orci luctus et ultrices posuere cubilia Curae; Nulla dapibus dolor vel est. Donec odio justo, sollicitudin ut, suscipit a, feugiat et, eros.",10730,24,5
Wood Lamp,"Nam congue, risus semper porta volutpat, quam pede lobortis ligula, sit amet eleifend pede libero quis orci. Nullam molestie nibh in lectus. Pellentesque at nulla. Suspendisse potenti.",48652,48,2
Bench,"Nam congue, risus semper porta volutpat, quam pede lobortis ligula, sit amet eleifend pede libero quis orci. Nullam molestie nibh in lectus. Pellentesque at nulla. Suspendisse potenti. Cras in purus eu magna vulputate luctus.",3719,10,5
Drawer,Nullam varius. Nulla facilisi. Cras non velit nec nisi vulputate nonummy. Maecenas tincidunt lacus at velit.,41292,25,4
Wall Decor,Morbi vel lectus in quam fringilla rhoncus.,48456,10,1
Wood Chair,Aliquam erat volutpat.,28498,3,3
Dining Table,Phasellus id sapien in sapien iaculis congue.,40158,12,1
Wood Shelf,"Aliquam augue quam, sollicitudin vitae, consectetuer eget, rutrum at, lorem. Integer tincidunt ante vel ipsum.",36292,6,1
Bed Frame,In quis justo. Maecenas rhoncus aliquam lacus.,25295,7,1
Cabinet,Nulla justo.,34058,38,1
Coffee Table,"Mauris enim leo, rhoncus sed, vestibulum sit amet, cursus id, turpis. Integer aliquet, massa id lobortis convallis, tortor risus dapibus augue, vel accumsan tellus nisi eu orci.",13335,25,4
Wood Lamp,Aenean auctor gravida sem. Praesent id massa id nisl venenatis lacinia. Aenean sit amet justo. Morbi ut odio.,42075,19,3
Bench,"Integer ac leo. Pellentesque ultrices mattis odio. Donec vitae nisi. Nam ultrices, libero non mattis pulvinar, nulla pede ullamcorper augue, a suscipit nulla elit ac nulla.",29485,15,2
Drawer,Nam nulla.,19791,45,5
Wall Decor,"Suspendisse potenti. Cras in purus eu magna vulputate luctus. Cum sociis natoque penatibus et magnis dis parturient montes, nascetur ridiculus mus. Vivamus vestibulum sagittis sapien.",15326,4,2
Wood Chair,"Lorem ipsum dolor sit amet, consectetuer adipiscing elit. Proin interdum mauris non ligula pellentesque ultrices. Phasellus id sapien in sapien iaculis congue. Vivamus metus arcu, adipiscing molestie, hendrerit at, vulputate vitae, nisl. Aenean lectus.",26801,5,2
Dining Table,Proin interdum mauris non ligula pellentesque ultrices. Phasellus id sapien in sapien iaculis congue.,14531,1,4
Wood Shelf,Pellentesque at nulla. Suspendisse potenti. Cras in purus eu magna vulputate luctus.,49292,12,3
Bed Frame,Proin risus. Praesent lectus.,25738,11,2
Cabinet,"Quisque erat eros, viverra eget, congue eget, semper rutrum, nulla. Nunc purus. Phasellus in felis. Donec semper sapien a libero. Nam dui.",15924,8,2
Coffee Table,Aliquam sit amet diam in magna bibendum imperdiet.,17644,9,4
Wood Lamp,Nulla nisl. Nunc nisl.,17506,5,1
Bench,Morbi non quam nec dui luctus rutrum. Nulla tellus. In sagittis dui vel nisl. Duis ac nibh.,48061,36,3
Drawer,"Vivamus vestibulum sagittis sapien. Cum sociis natoque penatibus et magnis dis parturient montes, nascetur ridiculus mus.",23221,5,5
Wall Decor,"Lorem ipsum dolor sit amet, consectetuer adipiscing elit. Proin interdum mauris non ligula pellentesque ultrices.",29329,1,2
Wood Chair,"In tempor, turpis nec euismod scelerisque, quam turpis adipiscing lorem, vitae mattis nibh ligula nec sem. Duis aliquam convallis nunc.",4874,6,1
Dining Table,"Vivamus in felis eu sapien cursus vestibulum. Proin eu mi. Nulla ac enim. In tempor, turpis nec euismod scelerisque, quam turpis adipiscing lorem, vitae mattis nibh ligula nec sem.",27478,24,3
Wood Shelf,Nullam sit amet turpis elementum ligula vehicula consequat. Morbi a ipsum. Integer a nibh.,6497,13,4
Bed Frame,Aenean auctor gravida sem. Praesent id massa id nisl venenatis lacinia. Aenean sit amet justo.,30638,27,5
Cabinet,"Nulla ac enim. In tempor, turpis nec euismod scelerisque, quam turpis adipiscing lorem, vitae mattis nibh ligula nec sem. Duis aliquam convallis nunc. Proin at turpis a pede posuere nonummy. Integer non velit.",12071,46,5
Coffee Table,Nunc rhoncus dui vel sem.,33891,2,1
Wood Lamp,"Donec ut dolor. Morbi vel lectus in quam fringilla rhoncus. Mauris enim leo, rhoncus sed, vestibulum sit amet, cursus id, turpis.",43050,25,1
Bench,"Morbi non lectus. Aliquam sit amet diam in magna bibendum imperdiet. Nullam orci pede, venenatis non, sodales sed, tincidunt eu, felis. Fusce posuere felis sed lacus. Morbi sem mauris, laoreet ut, rhoncus aliquet, pulvinar sed, nisl.",18509,23,4
Drawer,"Pellentesque viverra pede ac diam. Cras pellentesque volutpat dui. Maecenas tristique, est et tempus semper, est quam pharetra magna, ac consequat metus sapien ut nunc.",41696,6,1
Wall Decor,Nullam porttitor lacus at turpis. Donec posuere metus vitae ipsum.,29658,40,2
Wood Chair,Maecenas ut massa quis augue luctus tincidunt. Nulla mollis molestie lorem. Quisque ut erat.,10346,13,2
Dining Table,Fusce consequat.,31922,45,3
Wood Shelf,Vestibulum ac est lacinia nisi venenatis tristique.,35638,17,1
Bed Frame,"Lorem ipsum dolor sit amet, consectetuer adipiscing elit. Proin risus. Praesent lectus.",24195,18,5
Cabinet,Nam nulla.,20286,22,5
Coffee Table,Etiam justo. Etiam pretium iaculis justo. In hac habitasse platea dictumst. Etiam faucibus cursus urna. Ut tellus.,24508,25,2
Wood Lamp,"Duis bibendum, felis sed interdum venenatis, turpis enim blandit mi, in porttitor pede justo eu massa.",45258,28,2
Bench,Aliquam quis turpis eget elit sodales scelerisque. Mauris sit amet eros. Suspendisse accumsan tortor quis turpis.,44937,15,4
Drawer,Vestibulum ante ipsum primis in faucibus orci luctus et ultrices posuere cubilia Curae; Mauris viverra diam vitae quam. Suspendisse potenti. Nullam porttitor lacus at turpis. Donec posuere metus vitae ipsum.,23559,14,4
Wall Decor,Cras in purus eu magna vulputate luctus.,4045,18,2
Wood Chair,"Aenean sit amet justo. Morbi ut odio. Cras mi pede, malesuada in, imperdiet et, commodo vulputate, justo.",38507,6,5
Dining Table,In hac habitasse platea dictumst. Maecenas ut massa quis augue luctus tincidunt. Nulla mollis molestie lorem. Quisque ut erat.,44057,32,1
Wood Shelf,"Pellentesque ultrices mattis odio. Donec vitae nisi. Nam ultrices, libero non mattis pulvinar, nulla pede ullamcorper augue, a suscipit nulla elit ac nulla.",27025,36,2
Bed Frame,"Cras in purus eu magna vulputate luctus. Cum sociis natoque penatibus et magnis dis parturient montes, nascetur ridiculus mus. Vivamus vestibulum sagittis sapien.",1158,33,2
Cabinet,Nulla ut erat id mauris vulputate elementum. Nullam varius.,22008,21,2
Coffee Table,"Donec ut mauris eget massa tempor convallis. Nulla neque libero, convallis eget, eleifend luctus, ultricies eu, nibh.",2802,49,1
Wood Lamp,"In sagittis dui vel nisl. Duis ac nibh. Fusce lacus purus, aliquet at, feugiat non, pretium quis, lectus.",27878,7,1
Bench,Ut tellus.,11826,1,1
Drawer,"Lorem ipsum dolor sit amet, consectetuer adipiscing elit. Proin risus. Praesent lectus.",30998,47,2
Wall Decor,Vestibulum ante ipsum primis in faucibus orci luctus et ultrices posuere cubilia Curae; Mauris viverra diam vitae quam.,41291,43,4
Wood Chair,Integer ac leo. Pellentesque ultrices mattis odio.,25032,40,5
Dining Table,Nulla suscipit ligula in lacus.,1712,28,1
Wood Shelf,"Proin at turpis a pede posuere nonummy. Integer non velit. Donec diam neque, vestibulum eget, vulputate ut, ultrices vel, augue. Vestibulum ante ipsum primis in faucibus orci luctus et ultrices posuere cubilia Curae; Donec pharetra, magna vestibulum aliquet ultrices, erat tortor sollicitudin mi, sit amet lobortis sapien sapien non mi. Integer ac neque.",5065,33,5
Bed Frame,"Integer aliquet, massa id lobortis convallis, tortor risus dapibus augue, vel accumsan tellus nisi eu orci.",46350,23,5
Cabinet,Quisque id justo sit amet sapien dignissim vestibulum. Vestibulum ante ipsum primis in faucibus orci luctus et ultrices posuere cubilia Curae; Nulla dapibus dolor vel est.,3456,34,4
Coffee Table,Curabitur gravida nisi at nibh.,37220,23,1
Wood Lamp,"Aliquam sit amet diam in magna bibendum imperdiet. Nullam orci pede, venenatis non, sodales sed, tincidunt eu, felis. Fusce posuere felis sed lacus. Morbi sem mauris, laoreet ut, rhoncus aliquet, pulvinar sed, nisl. Nunc rhoncus dui vel sem.",7421,13,1
Bench,Integer a nibh. In quis justo.,39244,36,4
Drawer,Praesent lectus.,32559,4,2
Wall Decor,"Suspendisse ornare consequat lectus. In est risus, auctor sed, tristique in, tempus sit amet, sem. Fusce consequat. Nulla nisl. Nunc nisl.",34811,45,3
Wood Chair,"Donec ut mauris eget massa tempor convallis. Nulla neque libero, convallis eget, eleifend luctus, ultricies eu, nibh. Quisque id justo sit amet sapien dignissim vestibulum. Vestibulum ante ipsum primis in faucibus orci luctus et ultrices posuere cubilia Curae; Nulla dapibus dolor vel est. Donec odio justo, sollicitudin ut, suscipit a, feugiat et, eros.",33004,16,1
Dining Table,In congue. Etiam justo. Etiam pretium iaculis justo. In hac habitasse platea dictumst. Etiam faucibus cursus urna.,39614,27,4
Wood Shelf,"Vestibulum ac est lacinia nisi venenatis tristique. Fusce congue, diam id ornare imperdiet, sapien urna pretium nisl, ut volutpat sapien arcu sed augue. Aliquam erat volutpat. In congue. Etiam justo.",41273,25,5
Bed Frame,"In quis justo. Maecenas rhoncus aliquam lacus. Morbi quis tortor id nulla ultrices aliquet. Maecenas leo odio, condimentum id, luctus nec, molestie sed, justo. Pellentesque viverra pede ac diam.",29357,40,1
Cabinet,Vivamus in felis eu sapien cursus vestibulum. Proin eu mi. Nulla ac enim.,44937,2,1
Coffee Table,"Duis ac nibh. Fusce lacus purus, aliquet at, feugiat non, pretium quis, lectus. Suspendisse potenti. In eleifend quam a odio. In hac habitasse platea dictumst.",6756,45,2
Wood Lamp,In hac habitasse platea dictumst. Maecenas ut massa quis augue luctus tincidunt. Nulla mollis molestie lorem.,13214,44,5
Bench,Nulla mollis molestie lorem. Quisque ut erat.,25580,44,2
Drawer,"Vivamus metus arcu, adipiscing molestie, hendrerit at, vulputate vitae, nisl. Aenean lectus. Pellentesque eget nunc. Donec quis orci eget orci vehicula condimentum.",15115,28,1
Wall Decor,Nulla justo. Aliquam quis turpis eget elit sodales scelerisque. Mauris sit amet eros.,24002,47,4
Wood Chair,"In blandit ultrices enim. Lorem ipsum dolor sit amet, consectetuer adipiscing elit. Proin interdum mauris non ligula pellentesque ultrices. Phasellus id sapien in sapien iaculis congue.",28499,47,2
Dining Table,"Morbi non lectus. Aliquam sit amet diam in magna bibendum imperdiet. Nullam orci pede, venenatis non, sodales sed, tincidunt eu, felis.",17612,49,5
Wood Shelf,Sed accumsan felis. Ut at dolor quis odio consequat varius. Integer ac leo. Pellentesque ultrices mattis odio.,49573,28,3
Bed Frame,"Nulla nisl. Nunc nisl. Duis bibendum, felis sed interdum venenatis, turpis enim blandit mi, in porttitor pede justo eu massa. Donec dapibus. Duis at velit eu est congue elementum.",38993,42,2
Cabinet,"Nunc rhoncus dui vel sem. Sed sagittis. Nam congue, risus semper porta volutpat, quam pede lobortis ligula, sit amet eleifend pede libero quis orci.",26058,23,2
Coffee Table,Nulla justo.,18165,42,3
Wood Lamp,In hac habitasse platea dictumst.,9362,41,4
Bench,Nulla ac enim.,3255,18,5
Drawer,"Vestibulum ante ipsum primis in faucibus orci luctus et ultrices posuere cubilia Curae; Donec pharetra, magna vestibulum aliquet ultrices, erat tortor sollicitudin mi, sit amet lobortis sapien sapien non mi. Integer ac neque. Duis bibendum. Morbi non quam nec dui luctus rutrum. Nulla tellus.",13535,4,5
Wall Decor,"Suspendisse ornare consequat lectus. In est risus, auctor sed, tristique in, tempus sit amet, sem. Fusce consequat.",15377,27,5
Wood Chair,"Fusce congue, diam id ornare imperdiet, sapien urna pretium nisl, ut volutpat sapien arcu sed augue. Aliquam erat volutpat. In congue.",43470,47,1
Dining Table,"Duis at velit eu est congue elementum. In hac habitasse platea dictumst. Morbi vestibulum, velit id pretium iaculis, diam erat fermentum justo, nec condimentum neque sapien placerat ante.",41133,39,1
Wood Shelf,Vivamus in felis eu sapien cursus vestibulum. Proin eu mi.,13747,8,3
Bed Frame,Aenean fermentum. Donec ut mauris eget massa tempor convallis.,34313,33,3
Cabinet,"Vestibulum ac est lacinia nisi venenatis tristique. Fusce congue, diam id ornare imperdiet, sapien urna pretium nisl, ut volutpat sapien arcu sed augue. Aliquam erat volutpat. In congue. Etiam justo.",27809,19,4
Coffee Table,"In hac habitasse platea dictumst. Morbi vestibulum, velit id pretium iaculis, diam erat fermentum justo, nec condimentum neque sapien placerat ante.",20969,39,3
Wood Lamp,Curabitur gravida nisi at nibh. In hac habitasse platea dictumst.,16546,43,5
Bench,Nulla facilisi. Cras non velit nec nisi vulputate nonummy. Maecenas tincidunt lacus at velit.,38840,35,5
Drawer,Sed ante.,37559,26,1
Wall Decor,Vestibulum sed magna at nunc commodo placerat. Praesent blandit. Nam nulla.,32208,11,1
Wood Chair,In congue.,40236,44,2
Dining Table,"Proin at turpis a pede posuere nonummy. Integer non velit. Donec diam neque, vestibulum eget, vulputate ut, ultrices vel, augue. Vestibulum ante ipsum primis in faucibus orci luctus et ultrices posuere cubilia Curae; Donec pharetra, magna vestibulum aliquet ultrices, erat tortor sollicitudin mi, sit amet lobortis sapien sapien non mi. Integer ac neque.",5012,41,5
Wood Shelf,Proin eu mi. Nulla ac enim.,47580,22,2
Bed Frame,Suspendisse potenti. Nullam porttitor lacus at turpis. Donec posuere metus vitae ipsum. Aliquam non mauris.,35038,2,1
Cabinet,"Vestibulum ac est lacinia nisi venenatis tristique. Fusce congue, diam id ornare imperdiet, sapien urna pretium nisl, ut volutpat sapien arcu sed augue.",7950,47,5
Coffee Table,Nunc nisl.,8205,47,4
Wood Lamp,"Duis at velit eu est congue elementum. In hac habitasse platea dictumst. Morbi vestibulum, velit id pretium iaculis, diam erat fermentum justo, nec condimentum neque sapien placerat ante.",14844,5,2
Bench,In quis justo. Maecenas rhoncus aliquam lacus.,22504,4,3
Drawer,"Fusce congue, diam id ornare imperdiet, sapien urna pretium nisl, ut volutpat sapien arcu sed augue. Aliquam erat volutpat. In congue.",49338,43,4
Wall Decor,"Pellentesque eget nunc. Donec quis orci eget orci vehicula condimentum. Curabitur in libero ut massa volutpat convallis. Morbi odio odio, elementum eu, interdum eu, tincidunt in, leo. Maecenas pulvinar lobortis est.",45041,46,3
Wood Chair,"Maecenas tincidunt lacus at velit. Vivamus vel nulla eget eros elementum pellentesque. Quisque porta volutpat erat. Quisque erat eros, viverra eget, congue eget, semper rutrum, nulla.",15588,44,2
Dining Table,Aenean auctor gravida sem.,42890,21,1
Wood Shelf,Maecenas pulvinar lobortis est.,11031,27,3
Bed Frame,In hac habitasse platea dictumst.,7795,18,2
Cabinet,"Proin at turpis a pede posuere nonummy. Integer non velit. Donec diam neque, vestibulum eget, vulputate ut, ultrices vel, augue.",29426,39,4
Coffee Table,In hac habitasse platea dictumst. Etiam faucibus cursus urna. Ut tellus. Nulla ut erat id mauris vulputate elementum. Nullam varius.,16987,44,2
Wood Lamp,Maecenas rhoncus aliquam lacus. Morbi quis tortor id nulla ultrices aliquet.,32145,43,2
Bench,"Aliquam augue quam, sollicitudin vitae, consectetuer eget, rutrum at, lorem.",34791,41,5
Drawer,Maecenas ut massa quis augue luctus tincidunt. Nulla mollis molestie lorem. Quisque ut erat.,24699,20,2
Wall Decor,Vestibulum ante ipsum primis in faucibus orci luctus et ultrices posuere cubilia Curae; Mauris viverra diam vitae quam. Suspendisse potenti. Nullam porttitor lacus at turpis.,14925,24,5
Wood Chair,"Morbi sem mauris, laoreet ut, rhoncus aliquet, pulvinar sed, nisl.",30582,32,4
Dining Table,In hac habitasse platea dictumst. Maecenas ut massa quis augue luctus tincidunt. Nulla mollis molestie lorem. Quisque ut erat. Curabitur gravida nisi at nibh.,48548,5,2
Wood Shelf,Ut tellus. Nulla ut erat id mauris vulputate elementum.,3759,17,2
Bed Frame,"Proin leo odio, porttitor id, consequat in, consequat ut, nulla. Sed accumsan felis. Ut at dolor quis odio consequat varius.",6290,1,5
Cabinet,Sed sagittis.,46312,24,2
Coffee Table,"In est risus, auctor sed, tristique in, tempus sit amet, sem. Fusce consequat. Nulla nisl. Nunc nisl.",32990,36,4
Wood Lamp,Vestibulum ante ipsum primis in faucibus orci luctus et ultrices posuere cubilia Curae; Mauris viverra diam vitae quam. Suspendisse potenti. Nullam porttitor lacus at turpis. Donec posuere metus vitae ipsum. Aliquam non mauris.,21951,15,5
Bench,"Nulla tellus. In sagittis dui vel nisl. Duis ac nibh. Fusce lacus purus, aliquet at, feugiat non, pretium quis, lectus. Suspendisse potenti.",15070,10,1
Drawer,"Phasellus id sapien in sapien iaculis congue. Vivamus metus arcu, adipiscing molestie, hendrerit at, vulputate vitae, nisl. Aenean lectus. Pellentesque eget nunc.",137,11,4
Wall Decor,"Integer aliquet, massa id lobortis convallis, tortor risus dapibus augue, vel accumsan tellus nisi eu orci.",26587,19,5
Wood Chair,"Duis bibendum, felis sed interdum venenatis, turpis enim blandit mi, in porttitor pede justo eu massa. Donec dapibus. Duis at velit eu est congue elementum.",15231,48,4
Dining Table,"Curabitur gravida nisi at nibh. In hac habitasse platea dictumst. Aliquam augue quam, sollicitudin vitae, consectetuer eget, rutrum at, lorem.",27377,38,3
Wood Shelf,"Vivamus vestibulum sagittis sapien. Cum sociis natoque penatibus et magnis dis parturient montes, nascetur ridiculus mus. Etiam vel augue.",35607,24,3
Bed Frame,Ut tellus. Nulla ut erat id mauris vulputate elementum. Nullam varius. Nulla facilisi. Cras non velit nec nisi vulputate nonummy.,43193,37,4
Cabinet,Morbi vel lectus in quam fringilla rhoncus.,21963,7,1
Coffee Table,"In est risus, auctor sed, tristique in, tempus sit amet, sem. Fusce consequat. Nulla nisl. Nunc nisl.",22645,27,1
Wood Lamp,"Donec ut dolor. Morbi vel lectus in quam fringilla rhoncus. Mauris enim leo, rhoncus sed, vestibulum sit amet, cursus id, turpis. Integer aliquet, massa id lobortis convallis, tortor risus dapibus augue, vel accumsan tellus nisi eu orci.",47593,41,5
Bench,"Vestibulum ante ipsum primis in faucibus orci luctus et ultrices posuere cubilia Curae; Nulla dapibus dolor vel est. Donec odio justo, sollicitudin ut, suscipit a, feugiat et, eros. Vestibulum ac est lacinia nisi venenatis tristique.",23490,46,5
Drawer,Vivamus vel nulla eget eros elementum pellentesque. Quisque porta volutpat erat.,3600,4,2
Wall Decor,"Sed sagittis. Nam congue, risus semper porta volutpat, quam pede lobortis ligula, sit amet eleifend pede libero quis orci. Nullam molestie nibh in lectus. Pellentesque at nulla. Suspendisse potenti.",46591,44,2
Wood Chair,Etiam pretium iaculis justo. In hac habitasse platea dictumst. Etiam faucibus cursus urna. Ut tellus.,23323,40,3
Dining Table,"Pellentesque at nulla. Suspendisse potenti. Cras in purus eu magna vulputate luctus. Cum sociis natoque penatibus et magnis dis parturient montes, nascetur ridiculus mus. Vivamus vestibulum sagittis sapien.",12146,36,5
Wood Shelf,"Nulla neque libero, convallis eget, eleifend luctus, ultricies eu, nibh. Quisque id justo sit amet sapien dignissim vestibulum. Vestibulum ante ipsum primis in faucibus orci luctus et ultrices posuere cubilia Curae; Nulla dapibus dolor vel est. Donec odio justo, sollicitudin ut, suscipit a, feugiat et, eros.",28186,46,5
Bed Frame,"Quisque porta volutpat erat. Quisque erat eros, viverra eget, congue eget, semper rutrum, nulla. Nunc purus. Phasellus in felis.",7879,46,2
Cabinet,"Donec diam neque, vestibulum eget, vulputate ut, ultrices vel, augue. Vestibulum ante ipsum primis in faucibus orci luctus et ultrices posuere cubilia Curae; Donec pharetra, magna vestibulum aliquet ultrices, erat tortor sollicitudin mi, sit amet lobortis sapien sapien non mi. Integer ac neque. Duis bibendum.",22724,50,2
Coffee Table,Nulla suscipit ligula in lacus. Curabitur at ipsum ac tellus semper interdum. Mauris ullamcorper purus sit amet nulla.,13496,8,5
Wood Lamp,Praesent lectus.,4412,37,4
Bench,Cras non velit nec nisi vulputate nonummy. Maecenas tincidunt lacus at velit.,24758,1,5
Drawer,"Praesent blandit lacinia erat. Vestibulum sed magna at nunc commodo placerat. Praesent blandit. Nam nulla. Integer pede justo, lacinia eget, tincidunt eget, tempus vel, pede.",10099,16,5
Wall Decor,"Nulla ac enim. In tempor, turpis nec euismod scelerisque, quam turpis adipiscing lorem, vitae mattis nibh ligula nec sem. Duis aliquam convallis nunc. Proin at turpis a pede posuere nonummy.",15204,7,4
Wood Chair,Vestibulum ac est lacinia nisi venenatis tristique.,41964,39,1
Dining Table,"Nunc rhoncus dui vel sem. Sed sagittis. Nam congue, risus semper porta volutpat, quam pede lobortis ligula, sit amet eleifend pede libero quis orci. Nullam molestie nibh in lectus.",30056,50,2
Wood Shelf,"Praesent id massa id nisl venenatis lacinia. Aenean sit amet justo. Morbi ut odio. Cras mi pede, malesuada in, imperdiet et, commodo vulputate, justo. In blandit ultrices enim.",44671,48,3
Bed Frame,Vivamus vestibulum sagittis sapien.,24127,45,3
Cabinet,Etiam pretium iaculis justo.,33322,33,2
Coffee Table,Ut tellus. Nulla ut erat id mauris vulputate elementum. Nullam varius.,17005,30,3
Wood Lamp,In hac habitasse platea dictumst.,41460,20,4
Bench,"Maecenas leo odio, condimentum id, luctus nec, molestie sed, justo. Pellentesque viverra pede ac diam. Cras pellentesque volutpat dui. Maecenas tristique, est et tempus semper, est quam pharetra magna, ac consequat metus sapien ut nunc.",45515,31,2
Drawer,"Cras pellentesque volutpat dui. Maecenas tristique, est et tempus semper, est quam pharetra magna, ac consequat metus sapien ut nunc. Vestibulum ante ipsum primis in faucibus orci luctus et ultrices posuere cubilia Curae; Mauris viverra diam vitae quam. Suspendisse potenti. Nullam porttitor lacus at turpis.",30589,45,5
Wall Decor,"Duis ac nibh. Fusce lacus purus, aliquet at, feugiat non, pretium quis, lectus. Suspendisse potenti. In eleifend quam a odio.",17440,5,5
Wood Chair,Phasellus sit amet erat. Nulla tempus. Vivamus in felis eu sapien cursus vestibulum. Proin eu mi.,30556,46,1
Dining Table,Aliquam quis turpis eget elit sodales scelerisque.,45305,24,3
Wood Shelf,"Quisque id justo sit amet sapien dignissim vestibulum. Vestibulum ante ipsum primis in faucibus orci luctus et ultrices posuere cubilia Curae; Nulla dapibus dolor vel est. Donec odio justo, sollicitudin ut, suscipit a, feugiat et, eros. Vestibulum ac est lacinia nisi venenatis tristique.",39079,18,5
Bed Frame,"Nulla neque libero, convallis eget, eleifend luctus, ultricies eu, nibh. Quisque id justo sit amet sapien dignissim vestibulum. Vestibulum ante ipsum primis in faucibus orci luctus et ultrices posuere cubilia Curae; Nulla dapibus dolor vel est. Donec odio justo, sollicitudin ut, suscipit a, feugiat et, eros. Vestibulum ac est lacinia nisi venenatis tristique.",30036,23,4
Cabinet,"Integer aliquet, massa id lobortis convallis, tortor risus dapibus augue, vel accumsan tellus nisi eu orci. Mauris lacinia sapien quis libero. Nullam sit amet turpis elementum ligula vehicula consequat. Morbi a ipsum.",28894,16,5
Coffee Table,Pellentesque at nulla. Suspendisse potenti. Cras in purus eu magna vulputate luctus.,10143,12,5
Wood Lamp,Vestibulum sed magna at nunc commodo placerat. Praesent blandit.,11699,18,3
Bench,"Nunc purus. Phasellus in felis. Donec semper sapien a libero. Nam dui. Proin leo odio, porttitor id, consequat in, consequat ut, nulla.",29141,1,2
Drawer,Integer a nibh. In quis justo. Maecenas rhoncus aliquam lacus.,25878,35,3
Wall Decor,Sed ante. Vivamus tortor. Duis mattis egestas metus. Aenean fermentum.,15546,38,3
Wood Chair,"Aliquam augue quam, sollicitudin vitae, consectetuer eget, rutrum at, lorem.",33409,40,1
Dining Table,"Morbi odio odio, elementum eu, interdum eu, tincidunt in, leo. Maecenas pulvinar lobortis est.",1952,21,1
Wood Shelf,"Pellentesque at nulla. Suspendisse potenti. Cras in purus eu magna vulputate luctus. Cum sociis natoque penatibus et magnis dis parturient montes, nascetur ridiculus mus.",19448,6,1
Bed Frame,"Quisque id justo sit amet sapien dignissim vestibulum. Vestibulum ante ipsum primis in faucibus orci luctus et ultrices posuere cubilia Curae; Nulla dapibus dolor vel est. Donec odio justo, sollicitudin ut, suscipit a, feugiat et, eros.",40447,12,5
Cabinet,Maecenas pulvinar lobortis est. Phasellus sit amet erat.,47853,43,2
Coffee Table,"Donec odio justo, sollicitudin ut, suscipit a, feugiat et, eros. Vestibulum ac est lacinia nisi venenatis tristique.",26327,45,1
Wood Lamp,In hac habitasse platea dictumst.,3749,46,1
Bench,Etiam pretium iaculis justo.,28682,37,1
Drawer,Aliquam erat volutpat.,18887,28,1
Wall Decor,"Praesent lectus. Vestibulum quam sapien, varius ut, blandit non, interdum in, ante. Vestibulum ante ipsum primis in faucibus orci luctus et ultrices posuere cubilia Curae; Duis faucibus accumsan odio. Curabitur convallis. Duis consequat dui nec nisi volutpat eleifend.",47317,7,5
Wood Chair,"Morbi sem mauris, laoreet ut, rhoncus aliquet, pulvinar sed, nisl. Nunc rhoncus dui vel sem.",44189,45,4
Dining Table,Nullam molestie nibh in lectus. Pellentesque at nulla.,9334,5,1
Wood Shelf,"In hac habitasse platea dictumst. Aliquam augue quam, sollicitudin vitae, consectetuer eget, rutrum at, lorem. Integer tincidunt ante vel ipsum.",28824,2,2
Bed Frame,Praesent id massa id nisl venenatis lacinia.,8649,17,4
Cabinet,"Lorem ipsum dolor sit amet, consectetuer adipiscing elit. Proin risus.",5576,48,2
Coffee Table,"Maecenas leo odio, condimentum id, luctus nec, molestie sed, justo. Pellentesque viverra pede ac diam. Cras pellentesque volutpat dui. Maecenas tristique, est et tempus semper, est quam pharetra magna, ac consequat metus sapien ut nunc. Vestibulum ante ipsum primis in faucibus orci luctus et ultrices posuere cubilia Curae; Mauris viverra diam vitae quam.",31854,9,1
Wood Lamp,Vivamus tortor. Duis mattis egestas metus.,45469,16,4
Bench,In quis justo. Maecenas rhoncus aliquam lacus.,6534,42,4
Drawer,"Aenean lectus. Pellentesque eget nunc. Donec quis orci eget orci vehicula condimentum. Curabitur in libero ut massa volutpat convallis. Morbi odio odio, elementum eu, interdum eu, tincidunt in, leo.",39057,19,3
Wall Decor,"Fusce lacus purus, aliquet at, feugiat non, pretium quis, lectus. Suspendisse potenti. In eleifend quam a odio. In hac habitasse platea dictumst.",18968,20,1
Wood Chair,Vestibulum sed magna at nunc commodo placerat. Praesent blandit. Nam nulla.,31378,50,4
Dining Table,Etiam pretium iaculis justo. In hac habitasse platea dictumst. Etiam faucibus cursus urna. Ut tellus.,44682,38,5
Wood Shelf,Suspendisse potenti. In eleifend quam a odio. In hac habitasse platea dictumst.,49476,47,4
Bed Frame,In hac habitasse platea dictumst. Maecenas ut massa quis augue luctus tincidunt. Nulla mollis molestie lorem. Quisque ut erat.,30712,32,2
Cabinet,Duis aliquam convallis nunc. Proin at turpis a pede posuere nonummy.,24372,36,2
Coffee Table,"Donec ut mauris eget massa tempor convallis. Nulla neque libero, convallis eget, eleifend luctus, ultricies eu, nibh. Quisque id justo sit amet sapien dignissim vestibulum. Vestibulum ante ipsum primis in faucibus orci luctus et ultrices posuere cubilia Curae; Nulla dapibus dolor vel est. Donec odio justo, sollicitudin ut, suscipit a, feugiat et, eros.",40923,22,3
Wood Lamp,"Mauris ullamcorper purus sit amet nulla. Quisque arcu libero, rutrum ac, lobortis vel, dapibus at, diam. Nam tristique tortor eu pede.",31329,3,5
Bench,"Vivamus metus arcu, adipiscing molestie, hendrerit at, vulputate vitae, nisl. Aenean lectus.",12060,8,5
Drawer,Maecenas ut massa quis augue luctus tincidunt. Nulla mollis molestie lorem.,20090,39,3
Wall Decor,"Proin leo odio, porttitor id, consequat in, consequat ut, nulla.",16072,32,5
Wood Chair,"Donec diam neque, vestibulum eget, vulputate ut, ultrices vel, augue. Vestibulum ante ipsum primis in faucibus orci luctus et ultrices posuere cubilia Curae; Donec pharetra, magna vestibulum aliquet ultrices, erat tortor sollicitudin mi, sit amet lobortis sapien sapien non mi. Integer ac neque. Duis bibendum. Morbi non quam nec dui luctus rutrum.",7397,23,3
Dining Table,"Nullam orci pede, venenatis non, sodales sed, tincidunt eu, felis.",35198,49,2
Wood Shelf,Integer tincidunt ante vel ipsum. Praesent blandit lacinia erat. Vestibulum sed magna at nunc commodo placerat. Praesent blandit. Nam nulla.,13151,49,3
Bed Frame,"Duis mattis egestas metus. Aenean fermentum. Donec ut mauris eget massa tempor convallis. Nulla neque libero, convallis eget, eleifend luctus, ultricies eu, nibh.",27333,37,1
Cabinet,"Proin at turpis a pede posuere nonummy. Integer non velit. Donec diam neque, vestibulum eget, vulputate ut, ultrices vel, augue. Vestibulum ante ipsum primis in faucibus orci luctus et ultrices posuere cubilia Curae; Donec pharetra, magna vestibulum aliquet ultrices, erat tortor sollicitudin mi, sit amet lobortis sapien sapien non mi. Integer ac neque.",21324,36,2
Coffee Table,"Morbi vestibulum, velit id pretium iaculis, diam erat fermentum justo, nec condimentum neque sapien placerat ante. Nulla justo. Aliquam quis turpis eget elit sodales scelerisque.",28263,27,3
Wood Lamp,"Vestibulum ante ipsum primis in faucibus orci luctus et ultrices posuere cubilia Curae; Nulla dapibus dolor vel est. Donec odio justo, sollicitudin ut, suscipit a, feugiat et, eros. Vestibulum ac est lacinia nisi venenatis tristique. Fusce congue, diam id ornare imperdiet, sapien urna pretium nisl, ut volutpat sapien arcu sed augue. Aliquam erat volutpat.",20902,7,3
Bench,Morbi a ipsum. Integer a nibh. In quis justo. Maecenas rhoncus aliquam lacus. Morbi quis tortor id nulla ultrices aliquet.,43168,31,2
Drawer,Nulla tempus.,34576,36,3
Wall Decor,Nullam molestie nibh in lectus.,5413,41,5
Wood Chair,"Integer ac leo. Pellentesque ultrices mattis odio. Donec vitae nisi. Nam ultrices, libero non mattis pulvinar, nulla pede ullamcorper augue, a suscipit nulla elit ac nulla.",23409,16,2
Dining Table,"Morbi non lectus. Aliquam sit amet diam in magna bibendum imperdiet. Nullam orci pede, venenatis non, sodales sed, tincidunt eu, felis.",1401,26,4
Wood Shelf,Nunc rhoncus dui vel sem. Sed sagittis.,31717,21,1
Bed Frame,Donec vitae nisi.,16719,43,5
Cabinet,Morbi a ipsum. Integer a nibh. In quis justo.,33412,12,5
Coffee Table,Nulla suscipit ligula in lacus. Curabitur at ipsum ac tellus semper interdum.,45549,6,2
Wood Lamp,Sed ante. Vivamus tortor. Duis mattis egestas metus.,17675,10,5
Bench,Nulla ut erat id mauris vulputate elementum. Nullam varius.,49967,10,3
Drawer,"Nunc rhoncus dui vel sem. Sed sagittis. Nam congue, risus semper porta volutpat, quam pede lobortis ligula, sit amet eleifend pede libero quis orci. Nullam molestie nibh in lectus.",20122,10,4
Wall Decor,"Aenean sit amet justo. Morbi ut odio. Cras mi pede, malesuada in, imperdiet et, commodo vulputate, justo.",6324,2,1
Wood Chair,"Lorem ipsum dolor sit amet, consectetuer adipiscing elit.",13971,47,5
Dining Table,"Vestibulum sed magna at nunc commodo placerat. Praesent blandit. Nam nulla. Integer pede justo, lacinia eget, tincidunt eget, tempus vel, pede. Morbi porttitor lorem id ligula.",24424,22,3
Wood Shelf,Morbi ut odio.,7223,8,3
Bed Frame,Etiam justo. Etiam pretium iaculis justo. In hac habitasse platea dictumst.,10956,14,3
Cabinet,Suspendisse potenti. In eleifend quam a odio. In hac habitasse platea dictumst. Maecenas ut massa quis augue luctus tincidunt. Nulla mollis molestie lorem.,32001,48,4
Coffee Table,"Mauris enim leo, rhoncus sed, vestibulum sit amet, cursus id, turpis.",40076,7,1
Wood Lamp,"Pellentesque eget nunc. Donec quis orci eget orci vehicula condimentum. Curabitur in libero ut massa volutpat convallis. Morbi odio odio, elementum eu, interdum eu, tincidunt in, leo.",37710,7,4
Bench,"Quisque erat eros, viverra eget, congue eget, semper rutrum, nulla. Nunc purus. Phasellus in felis. Donec semper sapien a libero. Nam dui.",47731,41,3
Drawer,"Cum sociis natoque penatibus et magnis dis parturient montes, nascetur ridiculus mus.",10114,34,2
Wall Decor,Morbi ut odio.,29141,14,4
Wood Chair,"Pellentesque ultrices mattis odio. Donec vitae nisi. Nam ultrices, libero non mattis pulvinar, nulla pede ullamcorper augue, a suscipit nulla elit ac nulla. Sed vel enim sit amet nunc viverra dapibus.",30243,28,4
Dining Table,Phasellus sit amet erat. Nulla tempus. Vivamus in felis eu sapien cursus vestibulum. Proin eu mi.,41120,46,1
Wood Shelf,"Fusce lacus purus, aliquet at, feugiat non, pretium quis, lectus. Suspendisse potenti. In eleifend quam a odio. In hac habitasse platea dictumst.",22851,5,1
Bed Frame,"Curabitur gravida nisi at nibh. In hac habitasse platea dictumst. Aliquam augue quam, sollicitudin vitae, consectetuer eget, rutrum at, lorem. Integer tincidunt ante vel ipsum.",34004,6,3
Cabinet,Aenean fermentum.,38696,42,4
Coffee Table,Morbi ut odio.,35033,34,3
Wood Lamp,"Cras pellentesque volutpat dui. Maecenas tristique, est et tempus semper, est quam pharetra magna, ac consequat metus sapien ut nunc. Vestibulum ante ipsum primis in faucibus orci luctus et ultrices posuere cubilia Curae; Mauris viverra diam vitae quam. Suspendisse potenti. Nullam porttitor lacus at turpis.",42260,42,4
Bench,"Fusce posuere felis sed lacus. Morbi sem mauris, laoreet ut, rhoncus aliquet, pulvinar sed, nisl. Nunc rhoncus dui vel sem. Sed sagittis. Nam congue, risus semper porta volutpat, quam pede lobortis ligula, sit amet eleifend pede libero quis orci.",38970,43,4
Drawer,"In tempor, turpis nec euismod scelerisque, quam turpis adipiscing lorem, vitae mattis nibh ligula nec sem. Duis aliquam convallis nunc.",10864,25,5
Wall Decor,"Lorem ipsum dolor sit amet, consectetuer adipiscing elit. Proin interdum mauris non ligula pellentesque ultrices. Phasellus id sapien in sapien iaculis congue.",38937,38,1
Wood Chair,"In hac habitasse platea dictumst. Morbi vestibulum, velit id pretium iaculis, diam erat fermentum justo, nec condimentum neque sapien placerat ante. Nulla justo. Aliquam quis turpis eget elit sodales scelerisque.",38732,7,2
Dining Table,"Cras pellentesque volutpat dui. Maecenas tristique, est et tempus semper, est quam pharetra magna, ac consequat metus sapien ut nunc. Vestibulum ante ipsum primis in faucibus orci luctus et ultrices posuere cubilia Curae; Mauris viverra diam vitae quam.",22969,10,3
Wood Shelf,"Donec semper sapien a libero. Nam dui. Proin leo odio, porttitor id, consequat in, consequat ut, nulla.",47272,17,2
Bed Frame,Vestibulum ante ipsum primis in faucibus orci luctus et ultrices posuere cubilia Curae; Duis faucibus accumsan odio. Curabitur convallis. Duis consequat dui nec nisi volutpat eleifend. Donec ut dolor.,521,4,2
Cabinet,Nam tristique tortor eu pede.,25708,29,4
Coffee Table,Sed accumsan felis. Ut at dolor quis odio consequat varius. Integer ac leo.,13697,20,3
Wood Lamp,"Donec odio justo, sollicitudin ut, suscipit a, feugiat et, eros. Vestibulum ac est lacinia nisi venenatis tristique. Fusce congue, diam id ornare imperdiet, sapien urna pretium nisl, ut volutpat sapien arcu sed augue. Aliquam erat volutpat.",12808,8,1
Bench,Integer tincidunt ante vel ipsum. Praesent blandit lacinia erat. Vestibulum sed magna at nunc commodo placerat. Praesent blandit.,11144,24,2
Drawer,"Praesent id massa id nisl venenatis lacinia. Aenean sit amet justo. Morbi ut odio. Cras mi pede, malesuada in, imperdiet et, commodo vulputate, justo. In blandit ultrices enim.",19687,15,1
Wall Decor,Nulla facilisi. Cras non velit nec nisi vulputate nonummy. Maecenas tincidunt lacus at velit. Vivamus vel nulla eget eros elementum pellentesque. Quisque porta volutpat erat.,30446,25,3
Wood Chair,"Morbi ut odio. Cras mi pede, malesuada in, imperdiet et, commodo vulputate, justo. In blandit ultrices enim.",21641,40,4
Dining Table,Aliquam erat volutpat. In congue. Etiam justo. Etiam pretium iaculis justo.,25741,41,1
Wood Shelf,"Cras in purus eu magna vulputate luctus. Cum sociis natoque penatibus et magnis dis parturient montes, nascetur ridiculus mus. Vivamus vestibulum sagittis sapien. Cum sociis natoque penatibus et magnis dis parturient montes, nascetur ridiculus mus. Etiam vel augue.",37568,47,5
Bed Frame,"Nam dui. Proin leo odio, porttitor id, consequat in, consequat ut, nulla.",38852,48,5
Cabinet,"Lorem ipsum dolor sit amet, consectetuer adipiscing elit. Proin interdum mauris non ligula pellentesque ultrices. Phasellus id sapien in sapien iaculis congue. Vivamus metus arcu, adipiscing molestie, hendrerit at, vulputate vitae, nisl. Aenean lectus.",49452,26,3
Coffee Table,"Morbi non lectus. Aliquam sit amet diam in magna bibendum imperdiet. Nullam orci pede, venenatis non, sodales sed, tincidunt eu, felis. Fusce posuere felis sed lacus.",46774,42,2
Wood Lamp,"Morbi ut odio. Cras mi pede, malesuada in, imperdiet et, commodo vulputate, justo.",28068,4,5
Bench,Donec semper sapien a libero.,31717,36,1
Drawer,"Phasellus in felis. Donec semper sapien a libero. Nam dui. Proin leo odio, porttitor id, consequat in, consequat ut, nulla. Sed accumsan felis.",41883,29,2
Wall Decor,In hac habitasse platea dictumst. Maecenas ut massa quis augue luctus tincidunt. Nulla mollis molestie lorem. Quisque ut erat.,29758,3,5
Wood Chair,"Proin interdum mauris non ligula pellentesque ultrices. Phasellus id sapien in sapien iaculis congue. Vivamus metus arcu, adipiscing molestie, hendrerit at, vulputate vitae, nisl.",18444,46,2
Dining Table,Aliquam quis turpis eget elit sodales scelerisque. Mauris sit amet eros. Suspendisse accumsan tortor quis turpis.,32772,29,2
Wood Shelf,"In tempor, turpis nec euismod scelerisque, quam turpis adipiscing lorem, vitae mattis nibh ligula nec sem. Duis aliquam convallis nunc.",43243,31,3
Bed Frame,"Nunc nisl. Duis bibendum, felis sed interdum venenatis, turpis enim blandit mi, in porttitor pede justo eu massa. Donec dapibus. Duis at velit eu est congue elementum. In hac habitasse platea dictumst.",16678,45,4
Cabinet,"Nam dui. Proin leo odio, porttitor id, consequat in, consequat ut, nulla. Sed accumsan felis.",21677,37,4
Coffee Table,In quis justo. Maecenas rhoncus aliquam lacus.,38393,11,1
Wood Lamp,"Pellentesque eget nunc. Donec quis orci eget orci vehicula condimentum. Curabitur in libero ut massa volutpat convallis. Morbi odio odio, elementum eu, interdum eu, tincidunt in, leo. Maecenas pulvinar lobortis est.",47176,33,3
Bench,Duis mattis egestas metus. Aenean fermentum.,20382,31,3
Drawer,"Nam congue, risus semper porta volutpat, quam pede lobortis ligula, sit amet eleifend pede libero quis orci. Nullam molestie nibh in lectus. Pellentesque at nulla. Suspendisse potenti.",26116,13,3
Wall Decor,Vivamus tortor. Duis mattis egestas metus. Aenean fermentum. Donec ut mauris eget massa tempor convallis.,29870,4,3
Wood Chair,Nullam porttitor lacus at turpis. Donec posuere metus vitae ipsum.,34109,18,4
Dining Table,"Morbi porttitor lorem id ligula. Suspendisse ornare consequat lectus. In est risus, auctor sed, tristique in, tempus sit amet, sem.",31581,45,2
Wood Shelf,"Duis bibendum, felis sed interdum venenatis, turpis enim blandit mi, in porttitor pede justo eu massa. Donec dapibus. Duis at velit eu est congue elementum. In hac habitasse platea dictumst.",10121,18,3
Bed Frame,"Fusce lacus purus, aliquet at, feugiat non, pretium quis, lectus. Suspendisse potenti. In eleifend quam a odio. In hac habitasse platea dictumst.",16189,30,2
Cabinet,Nunc purus.,3533,32,3
Coffee Table,"In tempor, turpis nec euismod scelerisque, quam turpis adipiscing lorem, vitae mattis nibh ligula nec sem. Duis aliquam convallis nunc. Proin at turpis a pede posuere nonummy.",46960,42,5
Wood Lamp,"Cum sociis natoque penatibus et magnis dis parturient montes, nascetur ridiculus mus. Vivamus vestibulum sagittis sapien. Cum sociis natoque penatibus et magnis dis parturient montes, nascetur ridiculus mus.",12520,16,1
Bench,"Duis mattis egestas metus. Aenean fermentum. Donec ut mauris eget massa tempor convallis. Nulla neque libero, convallis eget, eleifend luctus, ultricies eu, nibh. Quisque id justo sit amet sapien dignissim vestibulum.",36608,12,2
Drawer,Duis bibendum. Morbi non quam nec dui luctus rutrum. Nulla tellus. In sagittis dui vel nisl. Duis ac nibh.,3374,19,2
Wall Decor,Cras pellentesque volutpat dui.,28415,47,5
Wood Chair,"Quisque porta volutpat erat. Quisque erat eros, viverra eget, congue eget, semper rutrum, nulla. Nunc purus. Phasellus in felis.",46820,13,4
Dining Table,Ut tellus. Nulla ut erat id mauris vulputate elementum. Nullam varius.,48031,4,4
Wood Shelf,"In hac habitasse platea dictumst. Morbi vestibulum, velit id pretium iaculis, diam erat fermentum justo, nec condimentum neque sapien placerat ante. Nulla justo. Aliquam quis turpis eget elit sodales scelerisque. Mauris sit amet eros.",45171,29,4
Bed Frame,"Vestibulum quam sapien, varius ut, blandit non, interdum in, ante. Vestibulum ante ipsum primis in faucibus orci luctus et ultrices posuere cubilia Curae; Duis faucibus accumsan odio. Curabitur convallis. Duis consequat dui nec nisi volutpat eleifend. Donec ut dolor.",36480,38,5
Cabinet,"Morbi quis tortor id nulla ultrices aliquet. Maecenas leo odio, condimentum id, luctus nec, molestie sed, justo. Pellentesque viverra pede ac diam.",27400,28,5
Coffee Table,Nulla mollis molestie lorem. Quisque ut erat. Curabitur gravida nisi at nibh. In hac habitasse platea dictumst.,25386,32,1
Wood Lamp,"Maecenas tristique, est et tempus semper, est quam pharetra magna, ac consequat metus sapien ut nunc. Vestibulum ante ipsum primis in faucibus orci luctus et ultrices posuere cubilia Curae; Mauris viverra diam vitae quam. Suspendisse potenti.",32518,45,3
Bench,"Quisque erat eros, viverra eget, congue eget, semper rutrum, nulla. Nunc purus. Phasellus in felis. Donec semper sapien a libero. Nam dui.",19088,33,1
Drawer,Maecenas tincidunt lacus at velit.,2447,37,2
Wall Decor,Aliquam erat volutpat. In congue. Etiam justo. Etiam pretium iaculis justo.,349,20,5
Wood Chair,"Quisque ut erat. Curabitur gravida nisi at nibh. In hac habitasse platea dictumst. Aliquam augue quam, sollicitudin vitae, consectetuer eget, rutrum at, lorem. Integer tincidunt ante vel ipsum.",25687,46,5
Dining Table,Suspendisse potenti.,4712,10,1
Wood Shelf,"Cras mi pede, malesuada in, imperdiet et, commodo vulputate, justo. In blandit ultrices enim. Lorem ipsum dolor sit amet, consectetuer adipiscing elit. Proin interdum mauris non ligula pellentesque ultrices.",10081,28,2
Bed Frame,Suspendisse ornare consequat lectus.,5669,36,1
Cabinet,Ut at dolor quis odio consequat varius. Integer ac leo.,33958,37,5
Coffee Table,"Sed sagittis. Nam congue, risus semper porta volutpat, quam pede lobortis ligula, sit amet eleifend pede libero quis orci. Nullam molestie nibh in lectus. Pellentesque at nulla.",22627,38,1
Wood Lamp,"In hac habitasse platea dictumst. Morbi vestibulum, velit id pretium iaculis, diam erat fermentum justo, nec condimentum neque sapien placerat ante. Nulla justo. Aliquam quis turpis eget elit sodales scelerisque. Mauris sit amet eros.",18053,31,5
Bench,"Suspendisse potenti. Cras in purus eu magna vulputate luctus. Cum sociis natoque penatibus et magnis dis parturient montes, nascetur ridiculus mus. Vivamus vestibulum sagittis sapien.",19122,12,3
Drawer,"Fusce congue, diam id ornare imperdiet, sapien urna pretium nisl, ut volutpat sapien arcu sed augue. Aliquam erat volutpat.",11141,27,5
Wall Decor,"Nulla nisl. Nunc nisl. Duis bibendum, felis sed interdum venenatis, turpis enim blandit mi, in porttitor pede justo eu massa.",39730,22,2
Wood Chair,"Nam congue, risus semper porta volutpat, quam pede lobortis ligula, sit amet eleifend pede libero quis orci. Nullam molestie nibh in lectus. Pellentesque at nulla. Suspendisse potenti.",47947,49,3
Dining Table,"Sed sagittis. Nam congue, risus semper porta volutpat, quam pede lobortis ligula, sit amet eleifend pede libero quis orci. Nullam molestie nibh in lectus. Pellentesque at nulla. Suspendisse potenti.",39444,36,4
Wood Shelf,"Proin risus. Praesent lectus. Vestibulum quam sapien, varius ut, blandit non, interdum in, ante. Vestibulum ante ipsum primis in faucibus orci luctus et ultrices posuere cubilia Curae; Duis faucibus accumsan odio. Curabitur convallis.",25107,22,4
Bed Frame,"Cum sociis natoque penatibus et magnis dis parturient montes, nascetur ridiculus mus. Etiam vel augue.",3174,30,3
Cabinet,Nunc nisl.,13886,14,3
Coffee Table,"In quis justo. Maecenas rhoncus aliquam lacus. Morbi quis tortor id nulla ultrices aliquet. Maecenas leo odio, condimentum id, luctus nec, molestie sed, justo.",28292,24,4
Wood Lamp,Proin risus.,4400,17,4
Bench,Vestibulum ante ipsum primis in faucibus orci luctus et ultrices posuere cubilia Curae; Duis faucibus accumsan odio.,27811,45,4
Drawer,"Morbi odio odio, elementum eu, interdum eu, tincidunt in, leo. Maecenas pulvinar lobortis est. Phasellus sit amet erat. Nulla tempus. Vivamus in felis eu sapien cursus vestibulum.",30779,28,2
Wall Decor,In hac habitasse platea dictumst. Maecenas ut massa quis augue luctus tincidunt. Nulla mollis molestie lorem. Quisque ut erat.,35488,43,3
Wood Chair,"Praesent blandit lacinia erat. Vestibulum sed magna at nunc commodo placerat. Praesent blandit. Nam nulla. Integer pede justo, lacinia eget, tincidunt eget, tempus vel, pede.",49675,36,5
Dining Table,In hac habitasse platea dictumst. Etiam faucibus cursus urna. Ut tellus. Nulla ut erat id mauris vulputate elementum. Nullam varius.,4638,47,2
Wood Shelf,"Donec diam neque, vestibulum eget, vulputate ut, ultrices vel, augue. Vestibulum ante ipsum primis in faucibus orci luctus et ultrices posuere cubilia Curae; Donec pharetra, magna vestibulum aliquet ultrices, erat tortor sollicitudin mi, sit amet lobortis sapien sapien non mi. Integer ac neque.",45641,5,4
Bed Frame,Nunc rhoncus dui vel sem. Sed sagittis.,9494,19,4
Cabinet,Proin risus. Praesent lectus.,32085,25,2
Coffee Table,"Quisque erat eros, viverra eget, congue eget, semper rutrum, nulla. Nunc purus. Phasellus in felis. Donec semper sapien a libero.",6951,27,3
Wood Lamp,Etiam vel augue. Vestibulum rutrum rutrum neque.,47301,15,5
Bench,Etiam pretium iaculis justo. In hac habitasse platea dictumst.,30480,9,3
Drawer,"Quisque arcu libero, rutrum ac, lobortis vel, dapibus at, diam.",25289,13,5
Wall Decor,Nulla tellus. In sagittis dui vel nisl. Duis ac nibh.,5964,26,1
Wood Chair,"Vestibulum ante ipsum primis in faucibus orci luctus et ultrices posuere cubilia Curae; Donec pharetra, magna vestibulum aliquet ultrices, erat tortor sollicitudin mi, sit amet lobortis sapien sapien non mi.",10847,2,4
Dining Table,"Morbi vestibulum, velit id pretium iaculis, diam erat fermentum justo, nec condimentum neque sapien placerat ante. Nulla justo. Aliquam quis turpis eget elit sodales scelerisque. Mauris sit amet eros. Suspendisse accumsan tortor quis turpis.",39098,20,3
Wood Shelf,In congue. Etiam justo.,15291,25,2
Bed Frame,"Vestibulum ante ipsum primis in faucibus orci luctus et ultrices posuere cubilia Curae; Donec pharetra, magna vestibulum aliquet ultrices, erat tortor sollicitudin mi, sit amet lobortis sapien sapien non mi. Integer ac neque.",21470,26,2
Cabinet,Aliquam non mauris.,8162,40,2
Coffee Table,"Cras mi pede, malesuada in, imperdiet et, commodo vulputate, justo. In blandit ultrices enim. Lorem ipsum dolor sit amet, consectetuer adipiscing elit.",48249,5,5
Wood Lamp,Mauris sit amet eros. Suspendisse accumsan tortor quis turpis. Sed ante. Vivamus tortor. Duis mattis egestas metus.,25745,39,4
Bench,Vivamus vel nulla eget eros elementum pellentesque.,9261,11,2
Drawer,"Integer ac leo. Pellentesque ultrices mattis odio. Donec vitae nisi. Nam ultrices, libero non mattis pulvinar, nulla pede ullamcorper augue, a suscipit nulla elit ac nulla. Sed vel enim sit amet nunc viverra dapibus.",37630,13,2
Wall Decor,"Quisque erat eros, viverra eget, congue eget, semper rutrum, nulla. Nunc purus.",43355,23,5
Wood Chair,Duis at velit eu est congue elementum.,48714,28,1
Dining Table,Quisque ut erat.,36266,45,1
Wood Shelf,"Duis ac nibh. Fusce lacus purus, aliquet at, feugiat non, pretium quis, lectus.",14341,33,2
Bed Frame,Donec ut dolor. Morbi vel lectus in quam fringilla rhoncus.,29974,20,4
Cabinet,Sed accumsan felis. Ut at dolor quis odio consequat varius. Integer ac leo.,30340,27,4
Coffee Table,"Donec diam neque, vestibulum eget, vulputate ut, ultrices vel, augue. Vestibulum ante ipsum primis in faucibus orci luctus et ultrices posuere cubilia Curae; Donec pharetra, magna vestibulum aliquet ultrices, erat tortor sollicitudin mi, sit amet lobortis sapien sapien non mi. Integer ac neque. Duis bibendum. Morbi non quam nec dui luctus rutrum.",26524,14,3
Wood Lamp,"Donec ut mauris eget massa tempor convallis. Nulla neque libero, convallis eget, eleifend luctus, ultricies eu, nibh. Quisque id justo sit amet sapien dignissim vestibulum. Vestibulum ante ipsum primis in faucibus orci luctus et ultrices posuere cubilia Curae; Nulla dapibus dolor vel est.",25038,33,1
Bench,Suspendisse accumsan tortor quis turpis. Sed ante.,23536,25,4
Drawer,"Maecenas tincidunt lacus at velit. Vivamus vel nulla eget eros elementum pellentesque. Quisque porta volutpat erat. Quisque erat eros, viverra eget, congue eget, semper rutrum, nulla. Nunc purus.",24571,41,5
Wall Decor,Praesent lectus.,22465,17,2
Wood Chair,"Nam dui. Proin leo odio, porttitor id, consequat in, consequat ut, nulla. Sed accumsan felis.",23857,9,2
Dining Table,"Proin at turpis a pede posuere nonummy. Integer non velit. Donec diam neque, vestibulum eget, vulputate ut, ultrices vel, augue. Vestibulum ante ipsum primis in faucibus orci luctus et ultrices posuere cubilia Curae; Donec pharetra, magna vestibulum aliquet ultrices, erat tortor sollicitudin mi, sit amet lobortis sapien sapien non mi.",40995,4,2
Wood Shelf,Vestibulum rutrum rutrum neque. Aenean auctor gravida sem.,30270,41,2
Bed Frame,Maecenas tincidunt lacus at velit.,14764,40,3
Cabinet,"Nullam orci pede, venenatis non, sodales sed, tincidunt eu, felis.",25357,9,4
Coffee Table,Vestibulum rutrum rutrum neque.,33526,33,2
Wood Lamp,"Nam dui. Proin leo odio, porttitor id, consequat in, consequat ut, nulla. Sed accumsan felis.",49286,21,5
Bench,"Aliquam non mauris. Morbi non lectus. Aliquam sit amet diam in magna bibendum imperdiet. Nullam orci pede, venenatis non, sodales sed, tincidunt eu, felis. Fusce posuere felis sed lacus.",22871,16,4
Drawer,"Integer a nibh. In quis justo. Maecenas rhoncus aliquam lacus. Morbi quis tortor id nulla ultrices aliquet. Maecenas leo odio, condimentum id, luctus nec, molestie sed, justo.",25412,5,5
Wall Decor,Etiam faucibus cursus urna. Ut tellus. Nulla ut erat id mauris vulputate elementum. Nullam varius. Nulla facilisi.,6664,41,5
Wood Chair,"Vivamus vel nulla eget eros elementum pellentesque. Quisque porta volutpat erat. Quisque erat eros, viverra eget, congue eget, semper rutrum, nulla. Nunc purus.",44683,44,4
Dining Table,"Morbi quis tortor id nulla ultrices aliquet. Maecenas leo odio, condimentum id, luctus nec, molestie sed, justo.",41499,48,5
Wood Shelf,Ut at dolor quis odio consequat varius. Integer ac leo. Pellentesque ultrices mattis odio. Donec vitae nisi.,8080,49,2
Bed Frame,"Nulla nisl. Nunc nisl. Duis bibendum, felis sed interdum venenatis, turpis enim blandit mi, in porttitor pede justo eu massa. Donec dapibus. Duis at velit eu est congue elementum.",43425,38,3
Cabinet,"Quisque porta volutpat erat. Quisque erat eros, viverra eget, congue eget, semper rutrum, nulla. Nunc purus. Phasellus in felis. Donec semper sapien a libero.",17098,23,5
Coffee Table,Vestibulum ante ipsum primis in faucibus orci luctus et ultrices posuere cubilia Curae; Duis faucibus accumsan odio. Curabitur convallis. Duis consequat dui nec nisi volutpat eleifend.,35934,29,3
Wood Lamp,"Vivamus in felis eu sapien cursus vestibulum. Proin eu mi. Nulla ac enim. In tempor, turpis nec euismod scelerisque, quam turpis adipiscing lorem, vitae mattis nibh ligula nec sem.",18133,20,2
Bench,"Nulla nisl. Nunc nisl. Duis bibendum, felis sed interdum venenatis, turpis enim blandit mi, in porttitor pede justo eu massa.",34202,10,4
Drawer,Integer tincidunt ante vel ipsum. Praesent blandit lacinia erat. Vestibulum sed magna at nunc commodo placerat. Praesent blandit.,41799,37,4
Wall Decor,"Nulla ac enim. In tempor, turpis nec euismod scelerisque, quam turpis adipiscing lorem, vitae mattis nibh ligula nec sem. Duis aliquam convallis nunc.",10771,31,2
Wood Chair,"Fusce lacus purus, aliquet at, feugiat non, pretium quis, lectus. Suspendisse potenti. In eleifend quam a odio. In hac habitasse platea dictumst. Maecenas ut massa quis augue luctus tincidunt.",10959,1,5
Dining Table,"Cras pellentesque volutpat dui. Maecenas tristique, est et tempus semper, est quam pharetra magna, ac consequat metus sapien ut nunc.",47940,6,5
Wood Shelf,Suspendisse potenti. In eleifend quam a odio. In hac habitasse platea dictumst. Maecenas ut massa quis augue luctus tincidunt.,31925,5,2
Bed Frame,"Maecenas leo odio, condimentum id, luctus nec, molestie sed, justo. Pellentesque viverra pede ac diam. Cras pellentesque volutpat dui. Maecenas tristique, est et tempus semper, est quam pharetra magna, ac consequat metus sapien ut nunc. Vestibulum ante ipsum primis in faucibus orci luctus et ultrices posuere cubilia Curae; Mauris viverra diam vitae quam.",112,9,2
Cabinet,Etiam justo. Etiam pretium iaculis justo.,25475,47,4
Coffee Table,Nulla facilisi. Cras non velit nec nisi vulputate nonummy. Maecenas tincidunt lacus at velit. Vivamus vel nulla eget eros elementum pellentesque. Quisque porta volutpat erat.,949,31,2
Wood Lamp,Vestibulum sed magna at nunc commodo placerat. Praesent blandit.,24708,44,5
Bench,"Mauris enim leo, rhoncus sed, vestibulum sit amet, cursus id, turpis.",1507,7,3
Drawer,"Cum sociis natoque penatibus et magnis dis parturient montes, nascetur ridiculus mus.",42285,6,5
Wall Decor,"Duis bibendum, felis sed interdum venenatis, turpis enim blandit mi, in porttitor pede justo eu massa. Donec dapibus. Duis at velit eu est congue elementum. In hac habitasse platea dictumst.",6127,16,5
Wood Chair,"Cum sociis natoque penatibus et magnis dis parturient montes, nascetur ridiculus mus. Etiam vel augue. Vestibulum rutrum rutrum neque. Aenean auctor gravida sem.",38473,10,2
Dining Table,Nulla tempus. Vivamus in felis eu sapien cursus vestibulum. Proin eu mi. Nulla ac enim.,11622,26,3
Wood Shelf,Pellentesque eget nunc. Donec quis orci eget orci vehicula condimentum.,13190,12,5
Bed Frame,"Morbi odio odio, elementum eu, interdum eu, tincidunt in, leo. Maecenas pulvinar lobortis est. Phasellus sit amet erat. Nulla tempus.",5873,10,1
Cabinet,Quisque porta volutpat erat.,26656,37,4
Coffee Table,Duis aliquam convallis nunc. Proin at turpis a pede posuere nonummy.,7665,43,1
Wood Lamp,Suspendisse potenti. Nullam porttitor lacus at turpis. Donec posuere metus vitae ipsum. Aliquam non mauris.,46914,38,2
Bench,Suspendisse potenti. Cras in purus eu magna vulputate luctus.,29228,43,2
Drawer,In hac habitasse platea dictumst. Maecenas ut massa quis augue luctus tincidunt. Nulla mollis molestie lorem. Quisque ut erat.,47064,1,4
Wall Decor,Etiam faucibus cursus urna. Ut tellus. Nulla ut erat id mauris vulputate elementum. Nullam varius. Nulla facilisi.,681,29,3
Wood Chair,"Morbi vel lectus in quam fringilla rhoncus. Mauris enim leo, rhoncus sed, vestibulum sit amet, cursus id, turpis. Integer aliquet, massa id lobortis convallis, tortor risus dapibus augue, vel accumsan tellus nisi eu orci. Mauris lacinia sapien quis libero.",5357,19,2
Dining Table,Aenean auctor gravida sem. Praesent id massa id nisl venenatis lacinia. Aenean sit amet justo.,45109,21,4
Wood Shelf,"Morbi odio odio, elementum eu, interdum eu, tincidunt in, leo. Maecenas pulvinar lobortis est. Phasellus sit amet erat.",4962,29,1
Bed Frame,"Praesent lectus. Vestibulum quam sapien, varius ut, blandit non, interdum in, ante.",26611,46,5
Cabinet,Vivamus tortor.,38700,37,5
Coffee Table,Cras non velit nec nisi vulputate nonummy. Maecenas tincidunt lacus at velit. Vivamus vel nulla eget eros elementum pellentesque. Quisque porta volutpat erat.,39325,37,2
Wood Lamp,Pellentesque eget nunc.,800,40,1
Bench,"Duis at velit eu est congue elementum. In hac habitasse platea dictumst. Morbi vestibulum, velit id pretium iaculis, diam erat fermentum justo, nec condimentum neque sapien placerat ante. Nulla justo. Aliquam quis turpis eget elit sodales scelerisque.",15480,30,3
Drawer,Vestibulum ante ipsum primis in faucibus orci luctus et ultrices posuere cubilia Curae; Mauris viverra diam vitae quam.,23257,26,5
Wall Decor,Aliquam non mauris.,43956,7,4
Wood Chair,"Aliquam augue quam, sollicitudin vitae, consectetuer eget, rutrum at, lorem.",3298,12,3
Dining Table,Morbi vel lectus in quam fringilla rhoncus.,44842,46,4
Wood Shelf,Aenean fermentum. Donec ut mauris eget massa tempor convallis.,42498,23,1
Bed Frame,"Duis ac nibh. Fusce lacus purus, aliquet at, feugiat non, pretium quis, lectus. Suspendisse potenti.",11397,6,5
Cabinet,In quis justo. Maecenas rhoncus aliquam lacus. Morbi quis tortor id nulla ultrices aliquet.,6625,26,5
Coffee Table,Vivamus vel nulla eget eros elementum pellentesque. Quisque porta volutpat erat.,6997,50,4
Wood Lamp,Vestibulum ante ipsum primis in faucibus orci luctus et ultrices posuere cubilia Curae; Mauris viverra diam vitae quam.,42024,16,1
Bench,"Maecenas leo odio, condimentum id, luctus nec, molestie sed, justo.",47275,37,5
Drawer,"In est risus, auctor sed, tristique in, tempus sit amet, sem. Fusce consequat.",25738,33,2
Wall Decor,"Duis bibendum, felis sed interdum venenatis, turpis enim blandit mi, in porttitor pede justo eu massa. Donec dapibus. Duis at velit eu est congue elementum. In hac habitasse platea dictumst. Morbi vestibulum, velit id pretium iaculis, diam erat fermentum justo, nec condimentum neque sapien placerat ante.",240,29,5
Wood Chair,"Fusce congue, diam id ornare imperdiet, sapien urna pretium nisl, ut volutpat sapien arcu sed augue. Aliquam erat volutpat. In congue. Etiam justo. Etiam pretium iaculis justo.",33887,38,1
Dining Table,In congue. Etiam justo. Etiam pretium iaculis justo. In hac habitasse platea dictumst. Etiam faucibus cursus urna.,49659,13,4
Wood Shelf,"Morbi non lectus. Aliquam sit amet diam in magna bibendum imperdiet. Nullam orci pede, venenatis non, sodales sed, tincidunt eu, felis. Fusce posuere felis sed lacus.",37037,5,3
Bed Frame,Mauris sit amet eros. Suspendisse accumsan tortor quis turpis. Sed ante.,30718,40,2
Cabinet,Maecenas pulvinar lobortis est. Phasellus sit amet erat. Nulla tempus. Vivamus in felis eu sapien cursus vestibulum.,15860,39,1
Coffee Table,"Proin risus. Praesent lectus. Vestibulum quam sapien, varius ut, blandit non, interdum in, ante. Vestibulum ante ipsum primis in faucibus orci luctus et ultrices posuere cubilia Curae; Duis faucibus accumsan odio. Curabitur convallis.",48667,23,4
Wood Lamp,"Cras in purus eu magna vulputate luctus. Cum sociis natoque penatibus et magnis dis parturient montes, nascetur ridiculus mus.",5505,41,3
Bench,"Nam ultrices, libero non mattis pulvinar, nulla pede ullamcorper augue, a suscipit nulla elit ac nulla. Sed vel enim sit amet nunc viverra dapibus. Nulla suscipit ligula in lacus. Curabitur at ipsum ac tellus semper interdum. Mauris ullamcorper purus sit amet nulla.",39452,12,5
Drawer,"Vivamus vestibulum sagittis sapien. Cum sociis natoque penatibus et magnis dis parturient montes, nascetur ridiculus mus. Etiam vel augue.",11554,32,4
Wall Decor,In hac habitasse platea dictumst. Etiam faucibus cursus urna.,37061,35,1
Wood Chair,"Cras pellentesque volutpat dui. Maecenas tristique, est et tempus semper, est quam pharetra magna, ac consequat metus sapien ut nunc. Vestibulum ante ipsum primis in faucibus orci luctus et ultrices posuere cubilia Curae; Mauris viverra diam vitae quam.",34986,24,2
Dining Table,Etiam faucibus cursus urna. Ut tellus.,13059,6,4
Wood Shelf,"Nam ultrices, libero non mattis pulvinar, nulla pede ullamcorper augue, a suscipit nulla elit ac nulla. Sed vel enim sit amet nunc viverra dapibus.",15101,5,4
Bed Frame,Morbi a ipsum. Integer a nibh.,4945,49,5
Cabinet,"Lorem ipsum dolor sit amet, consectetuer adipiscing elit. Proin risus. Praesent lectus. Vestibulum quam sapien, varius ut, blandit non, interdum in, ante. Vestibulum ante ipsum primis in faucibus orci luctus et ultrices posuere cubilia Curae; Duis faucibus accumsan odio.",22919,3,1
Coffee Table,"In blandit ultrices enim. Lorem ipsum dolor sit amet, consectetuer adipiscing elit.",18195,18,5
Wood Lamp,"Nam ultrices, libero non mattis pulvinar, nulla pede ullamcorper augue, a suscipit nulla elit ac nulla.",333,46,5
Bench,"Cras mi pede, malesuada in, imperdiet et, commodo vulputate, justo. In blandit ultrices enim.",21741,38,5
Drawer,Nullam sit amet turpis elementum ligula vehicula consequat. Morbi a ipsum. Integer a nibh.,34996,14,4
Wall Decor,Curabitur convallis. Duis consequat dui nec nisi volutpat eleifend. Donec ut dolor. Morbi vel lectus in quam fringilla rhoncus.,3604,37,4
Wood Chair,"Nam ultrices, libero non mattis pulvinar, nulla pede ullamcorper augue, a suscipit nulla elit ac nulla. Sed vel enim sit amet nunc viverra dapibus. Nulla suscipit ligula in lacus. Curabitur at ipsum ac tellus semper interdum. Mauris ullamcorper purus sit amet nulla.",26217,39,3
Dining Table,"Vestibulum ante ipsum primis in faucibus orci luctus et ultrices posuere cubilia Curae; Donec pharetra, magna vestibulum aliquet ultrices, erat tortor sollicitudin mi, sit amet lobortis sapien sapien non mi. Integer ac neque.",37032,19,4
Wood Shelf,Integer a nibh.,48126,25,4
Bed Frame,"Mauris enim leo, rhoncus sed, vestibulum sit amet, cursus id, turpis. Integer aliquet, massa id lobortis convallis, tortor risus dapibus augue, vel accumsan tellus nisi eu orci.",18041,33,2
Cabinet,Nulla tempus. Vivamus in felis eu sapien cursus vestibulum.,43053,17,4
Coffee Table,"Maecenas tristique, est et tempus semper, est quam pharetra magna, ac consequat metus sapien ut nunc. Vestibulum ante ipsum primis in faucibus orci luctus et ultrices posuere cubilia Curae; Mauris viverra diam vitae quam.",26775,31,3
Wood Lamp,"Nullam orci pede, venenatis non, sodales sed, tincidunt eu, felis.",1064,48,4
Bench,"Integer non velit. Donec diam neque, vestibulum eget, vulputate ut, ultrices vel, augue. Vestibulum ante ipsum primis in faucibus orci luctus et ultrices posuere cubilia Curae; Donec pharetra, magna vestibulum aliquet ultrices, erat tortor sollicitudin mi, sit amet lobortis sapien sapien non mi.",24238,45,1
Drawer,Vivamus tortor. Duis mattis egestas metus. Aenean fermentum.,30555,23,5
Wall Decor,"Sed sagittis. Nam congue, risus semper porta volutpat, quam pede lobortis ligula, sit amet eleifend pede libero quis orci. Nullam molestie nibh in lectus. Pellentesque at nulla.",26374,24,2
Wood Chair,"Proin risus. Praesent lectus. Vestibulum quam sapien, varius ut, blandit non, interdum in, ante.",20989,27,1
Dining Table,Sed sagittis.,35640,2,5
Wood Shelf,"Morbi sem mauris, laoreet ut, rhoncus aliquet, pulvinar sed, nisl. Nunc rhoncus dui vel sem. Sed sagittis. Nam congue, risus semper porta volutpat, quam pede lobortis ligula, sit amet eleifend pede libero quis orci.",40406,6,1
Bed Frame,"Sed vel enim sit amet nunc viverra dapibus. Nulla suscipit ligula in lacus. Curabitur at ipsum ac tellus semper interdum. Mauris ullamcorper purus sit amet nulla. Quisque arcu libero, rutrum ac, lobortis vel, dapibus at, diam.",230,16,2
Cabinet,"Maecenas tristique, est et tempus semper, est quam pharetra magna, ac consequat metus sapien ut nunc. Vestibulum ante ipsum primis in faucibus orci luctus et ultrices posuere cubilia Curae; Mauris viverra diam vitae quam. Suspendisse potenti.",16671,35,4
Coffee Table,"Morbi non lectus. Aliquam sit amet diam in magna bibendum imperdiet. Nullam orci pede, venenatis non, sodales sed, tincidunt eu, felis. Fusce posuere felis sed lacus.",5892,34,3
Wood Lamp,"Duis bibendum, felis sed interdum venenatis, turpis enim blandit mi, in porttitor pede justo eu massa. Donec dapibus. Duis at velit eu est congue elementum. In hac habitasse platea dictumst.",45226,4,5
Bench,Nullam porttitor lacus at turpis.,20446,11,5
Drawer,"Nam nulla. Integer pede justo, lacinia eget, tincidunt eget, tempus vel, pede. Morbi porttitor lorem id ligula.",39809,50,2
Wall Decor,Nam tristique tortor eu pede.,15407,23,5
Wood Chair,Quisque ut erat.,13304,17,5
Dining Table,Nullam sit amet turpis elementum ligula vehicula consequat. Morbi a ipsum.,15232,49,1
Wood Shelf,Morbi a ipsum. Integer a nibh. In quis justo. Maecenas rhoncus aliquam lacus. Morbi quis tortor id nulla ultrices aliquet.,21528,8,5
Bed Frame,Pellentesque eget nunc. Donec quis orci eget orci vehicula condimentum.,41412,46,5
Cabinet,Morbi non quam nec dui luctus rutrum. Nulla tellus. In sagittis dui vel nisl. Duis ac nibh.,21410,34,4
Coffee Table,Suspendisse accumsan tortor quis turpis. Sed ante.,44634,12,2
Wood Lamp,"Vivamus metus arcu, adipiscing molestie, hendrerit at, vulputate vitae, nisl.",8600,19,3
Bench,"Morbi quis tortor id nulla ultrices aliquet. Maecenas leo odio, condimentum id, luctus nec, molestie sed, justo. Pellentesque viverra pede ac diam. Cras pellentesque volutpat dui.",5108,13,4
Drawer,"Morbi odio odio, elementum eu, interdum eu, tincidunt in, leo. Maecenas pulvinar lobortis est. Phasellus sit amet erat. Nulla tempus. Vivamus in felis eu sapien cursus vestibulum.",2090,8,1
Wall Decor,"Nam dui. Proin leo odio, porttitor id, consequat in, consequat ut, nulla. Sed accumsan felis.",12525,26,2
Wood Chair,Nulla facilisi. Cras non velit nec nisi vulputate nonummy. Maecenas tincidunt lacus at velit. Vivamus vel nulla eget eros elementum pellentesque.,13886,17,4
Dining Table,"Donec vitae nisi. Nam ultrices, libero non mattis pulvinar, nulla pede ullamcorper augue, a suscipit nulla elit ac nulla. Sed vel enim sit amet nunc viverra dapibus. Nulla suscipit ligula in lacus. Curabitur at ipsum ac tellus semper interdum.",16237,45,5
Wood Shelf,"Aliquam augue quam, sollicitudin vitae, consectetuer eget, rutrum at, lorem.",23222,46,1
Bed Frame,"Quisque erat eros, viverra eget, congue eget, semper rutrum, nulla.",28087,7,4
Cabinet,"Morbi ut odio. Cras mi pede, malesuada in, imperdiet et, commodo vulputate, justo. In blandit ultrices enim.",13415,36,5
Coffee Table,"Donec vitae nisi. Nam ultrices, libero non mattis pulvinar, nulla pede ullamcorper augue, a suscipit nulla elit ac nulla. Sed vel enim sit amet nunc viverra dapibus. Nulla suscipit ligula in lacus.",24421,34,5
Wood Lamp,Maecenas tincidunt lacus at velit.,9794,19,3
Bench,Aliquam non mauris.,41438,24,1
Drawer,Suspendisse accumsan tortor quis turpis.,5503,26,1
Wall Decor,Maecenas pulvinar lobortis est. Phasellus sit amet erat. Nulla tempus.,31531,8,3
Wood Chair,"Praesent blandit lacinia erat. Vestibulum sed magna at nunc commodo placerat. Praesent blandit. Nam nulla. Integer pede justo, lacinia eget, tincidunt eget, tempus vel, pede.",4026,46,5
Dining Table,Maecenas pulvinar lobortis est. Phasellus sit amet erat. Nulla tempus. Vivamus in felis eu sapien cursus vestibulum.,6260,41,1
Wood Shelf,Nam dui.,39816,48,3
Bed Frame,Mauris ullamcorper purus sit amet nulla.,1275,2,2
Cabinet,"Lorem ipsum dolor sit amet, consectetuer adipiscing elit. Proin interdum mauris non ligula pellentesque ultrices. Phasellus id sapien in sapien iaculis congue. Vivamus metus arcu, adipiscing molestie, hendrerit at, vulputate vitae, nisl.",42526,16,5
Coffee Table,Maecenas pulvinar lobortis est. Phasellus sit amet erat. Nulla tempus. Vivamus in felis eu sapien cursus vestibulum. Proin eu mi.,543,44,5
Wood Lamp,Duis aliquam convallis nunc.,36706,34,3
Bench,Mauris sit amet eros.,17361,25,1
Drawer,Praesent id massa id nisl venenatis lacinia. Aenean sit amet justo.,49616,31,5
Wall Decor,Sed accumsan felis. Ut at dolor quis odio consequat varius. Integer ac leo. Pellentesque ultrices mattis odio.,1078,13,4
Wood Chair,In congue. Etiam justo. Etiam pretium iaculis justo.,2749,16,2
Dining Table,Nulla justo. Aliquam quis turpis eget elit sodales scelerisque. Mauris sit amet eros.,46013,17,3
Wood Shelf,"Morbi porttitor lorem id ligula. Suspendisse ornare consequat lectus. In est risus, auctor sed, tristique in, tempus sit amet, sem. Fusce consequat.",13483,50,4
Bed Frame,"Pellentesque ultrices mattis odio. Donec vitae nisi. Nam ultrices, libero non mattis pulvinar, nulla pede ullamcorper augue, a suscipit nulla elit ac nulla. Sed vel enim sit amet nunc viverra dapibus.",21921,29,4
Cabinet,"Vivamus vel nulla eget eros elementum pellentesque. Quisque porta volutpat erat. Quisque erat eros, viverra eget, congue eget, semper rutrum, nulla.",38482,29,5
Coffee Table,"Duis bibendum, felis sed interdum venenatis, turpis enim blandit mi, in porttitor pede justo eu massa. Donec dapibus. Duis at velit eu est congue elementum. In hac habitasse platea dictumst. Morbi vestibulum, velit id pretium iaculis, diam erat fermentum justo, nec condimentum neque sapien placerat ante.",24312,11,3
Wood Lamp,"Pellentesque ultrices mattis odio. Donec vitae nisi. Nam ultrices, libero non mattis pulvinar, nulla pede ullamcorper augue, a suscipit nulla elit ac nulla.",25516,46,1
Bench,Maecenas ut massa quis augue luctus tincidunt. Nulla mollis molestie lorem.,20749,37,4
Drawer,"Nulla tellus. In sagittis dui vel nisl. Duis ac nibh. Fusce lacus purus, aliquet at, feugiat non, pretium quis, lectus.",20890,36,2
Wall Decor,"In hac habitasse platea dictumst. Aliquam augue quam, sollicitudin vitae, consectetuer eget, rutrum at, lorem.",20824,24,3
Wood Chair,"Morbi non quam nec dui luctus rutrum. Nulla tellus. In sagittis dui vel nisl. Duis ac nibh. Fusce lacus purus, aliquet at, feugiat non, pretium quis, lectus.",31818,19,4
Dining Table,"Vestibulum ante ipsum primis in faucibus orci luctus et ultrices posuere cubilia Curae; Donec pharetra, magna vestibulum aliquet ultrices, erat tortor sollicitudin mi, sit amet lobortis sapien sapien non mi. Integer ac neque. Duis bibendum. Morbi non quam nec dui luctus rutrum. Nulla tellus.",19896,34,4
Wood Shelf,"Cras mi pede, malesuada in, imperdiet et, commodo vulputate, justo. In blandit ultrices enim. Lorem ipsum dolor sit amet, consectetuer adipiscing elit. Proin interdum mauris non ligula pellentesque ultrices. Phasellus id sapien in sapien iaculis congue.",27813,15,1
Bed Frame,"Cras in purus eu magna vulputate luctus. Cum sociis natoque penatibus et magnis dis parturient montes, nascetur ridiculus mus. Vivamus vestibulum sagittis sapien. Cum sociis natoque penatibus et magnis dis parturient montes, nascetur ridiculus mus. Etiam vel augue.",26165,15,1
Cabinet,Etiam pretium iaculis justo. In hac habitasse platea dictumst. Etiam faucibus cursus urna. Ut tellus. Nulla ut erat id mauris vulputate elementum.,16228,42,1
Coffee Table,Praesent blandit.,43617,21,4
Wood Lamp,Ut at dolor quis odio consequat varius.,44667,29,3
Bench,Praesent blandit lacinia erat. Vestibulum sed magna at nunc commodo placerat. Praesent blandit.,49111,36,5
Drawer,"Vivamus metus arcu, adipiscing molestie, hendrerit at, vulputate vitae, nisl. Aenean lectus. Pellentesque eget nunc. Donec quis orci eget orci vehicula condimentum.",30225,40,2
Wall Decor,In congue. Etiam justo. Etiam pretium iaculis justo.,31193,44,3
Wood Chair,"Morbi non lectus. Aliquam sit amet diam in magna bibendum imperdiet. Nullam orci pede, venenatis non, sodales sed, tincidunt eu, felis. Fusce posuere felis sed lacus. Morbi sem mauris, laoreet ut, rhoncus aliquet, pulvinar sed, nisl.",16286,41,4
Dining Table,"Donec ut dolor. Morbi vel lectus in quam fringilla rhoncus. Mauris enim leo, rhoncus sed, vestibulum sit amet, cursus id, turpis.",11864,22,3
Wood Shelf,"Vestibulum ante ipsum primis in faucibus orci luctus et ultrices posuere cubilia Curae; Donec pharetra, magna vestibulum aliquet ultrices, erat tortor sollicitudin mi, sit amet lobortis sapien sapien non mi.",40686,22,3
Bed Frame,Cras pellentesque volutpat dui.,10745,4,5
Cabinet,Integer ac leo.,42453,13,4
Coffee Table,In eleifend quam a odio. In hac habitasse platea dictumst. Maecenas ut massa quis augue luctus tincidunt. Nulla mollis molestie lorem.,5767,33,2
Wood Lamp,"Donec quis orci eget orci vehicula condimentum. Curabitur in libero ut massa volutpat convallis. Morbi odio odio, elementum eu, interdum eu, tincidunt in, leo. Maecenas pulvinar lobortis est. Phasellus sit amet erat.",29369,15,5
Bench,Nullam sit amet turpis elementum ligula vehicula consequat. Morbi a ipsum. Integer a nibh. In quis justo. Maecenas rhoncus aliquam lacus.,10746,6,2
Drawer,Nulla facilisi. Cras non velit nec nisi vulputate nonummy. Maecenas tincidunt lacus at velit.,12145,23,2
Wall Decor,"Quisque arcu libero, rutrum ac, lobortis vel, dapibus at, diam. Nam tristique tortor eu pede.",6223,8,3
Wood Chair,Nullam sit amet turpis elementum ligula vehicula consequat. Morbi a ipsum.,11324,46,3
Dining Table,Nulla facilisi. Cras non velit nec nisi vulputate nonummy.,39913,9,1
Wood Shelf,Etiam justo.,35751,36,3
Bed Frame,"Maecenas leo odio, condimentum id, luctus nec, molestie sed, justo.",38772,4,4
Cabinet,Nullam porttitor lacus at turpis. Donec posuere metus vitae ipsum. Aliquam non mauris. Morbi non lectus.,12701,40,4
Coffee Table,"Aliquam sit amet diam in magna bibendum imperdiet. Nullam orci pede, venenatis non, sodales sed, tincidunt eu, felis.",27804,4,1
Wood Lamp,Nullam sit amet turpis elementum ligula vehicula consequat. Morbi a ipsum. Integer a nibh. In quis justo.,49687,29,4
Bench,Pellentesque eget nunc. Donec quis orci eget orci vehicula condimentum.,43420,32,4
Drawer,"Morbi ut odio. Cras mi pede, malesuada in, imperdiet et, commodo vulputate, justo. In blandit ultrices enim. Lorem ipsum dolor sit amet, consectetuer adipiscing elit.",9800,3,4
Wall Decor,"Cras in purus eu magna vulputate luctus. Cum sociis natoque penatibus et magnis dis parturient montes, nascetur ridiculus mus. Vivamus vestibulum sagittis sapien. Cum sociis natoque penatibus et magnis dis parturient montes, nascetur ridiculus mus.",18468,44,2
Wood Chair,Vestibulum sed magna at nunc commodo placerat. Praesent blandit.,35262,19,2
Dining Table,"Donec odio justo, sollicitudin ut, suscipit a, feugiat et, eros. Vestibulum ac est lacinia nisi venenatis tristique.",19807,27,1
Wood Shelf,Maecenas rhoncus aliquam lacus.,457,15,3
Bed Frame,"Vestibulum ante ipsum primis in faucibus orci luctus et ultrices posuere cubilia Curae; Nulla dapibus dolor vel est. Donec odio justo, sollicitudin ut, suscipit a, feugiat et, eros.",36568,21,4
Cabinet,"Integer aliquet, massa id lobortis convallis, tortor risus dapibus augue, vel accumsan tellus nisi eu orci.",49237,39,2
Coffee Table,"Donec posuere metus vitae ipsum. Aliquam non mauris. Morbi non lectus. Aliquam sit amet diam in magna bibendum imperdiet. Nullam orci pede, venenatis non, sodales sed, tincidunt eu, felis.",27073,27,5
Wood Lamp,"Integer aliquet, massa id lobortis convallis, tortor risus dapibus augue, vel accumsan tellus nisi eu orci. Mauris lacinia sapien quis libero. Nullam sit amet turpis elementum ligula vehicula consequat. Morbi a ipsum. Integer a nibh.",2129,11,1
Bench,Donec dapibus. Duis at velit eu est congue elementum.,29681,14,2
Drawer,"Morbi ut odio. Cras mi pede, malesuada in, imperdiet et, commodo vulputate, justo. In blandit ultrices enim. Lorem ipsum dolor sit amet, consectetuer adipiscing elit. Proin interdum mauris non ligula pellentesque ultrices.",16287,1,3
Wall Decor,Donec vitae nisi.,31715,24,4
Wood Chair,"Cum sociis natoque penatibus et magnis dis parturient montes, nascetur ridiculus mus. Vivamus vestibulum sagittis sapien. Cum sociis natoque penatibus et magnis dis parturient montes, nascetur ridiculus mus. Etiam vel augue. Vestibulum rutrum rutrum neque.",43131,9,5
Dining Table,Praesent blandit lacinia erat. Vestibulum sed magna at nunc commodo placerat. Praesent blandit.,28631,13,5
Wood Shelf,Etiam justo. Etiam pretium iaculis justo. In hac habitasse platea dictumst.,18589,30,5
Bed Frame,Nulla justo. Aliquam quis turpis eget elit sodales scelerisque. Mauris sit amet eros. Suspendisse accumsan tortor quis turpis. Sed ante.,26978,38,2
Cabinet,"Quisque porta volutpat erat. Quisque erat eros, viverra eget, congue eget, semper rutrum, nulla. Nunc purus.",8874,34,1
Coffee Table,"Vivamus vel nulla eget eros elementum pellentesque. Quisque porta volutpat erat. Quisque erat eros, viverra eget, congue eget, semper rutrum, nulla. Nunc purus.",25939,10,1
Wood Lamp,Duis bibendum. Morbi non quam nec dui luctus rutrum. Nulla tellus. In sagittis dui vel nisl. Duis ac nibh.,947,1,4
Bench,Vestibulum sed magna at nunc commodo placerat. Praesent blandit. Nam nulla.,27390,38,5
Drawer,"Quisque porta volutpat erat. Quisque erat eros, viverra eget, congue eget, semper rutrum, nulla.",25586,50,1
Wall Decor,Vivamus in felis eu sapien cursus vestibulum.,21104,39,3
Wood Chair,Proin interdum mauris non ligula pellentesque ultrices. Phasellus id sapien in sapien iaculis congue.,49278,24,5
Dining Table,"Cras mi pede, malesuada in, imperdiet et, commodo vulputate, justo. In blandit ultrices enim. Lorem ipsum dolor sit amet, consectetuer adipiscing elit. Proin interdum mauris non ligula pellentesque ultrices. Phasellus id sapien in sapien iaculis congue.",2483,32,5
Wood Shelf,Etiam faucibus cursus urna. Ut tellus. Nulla ut erat id mauris vulputate elementum. Nullam varius.,19474,23,5
Bed Frame,Suspendisse potenti. Nullam porttitor lacus at turpis.,19745,20,1
Cabinet,Suspendisse accumsan tortor quis turpis. Sed ante. Vivamus tortor.,5187,39,2
Coffee Table,Curabitur convallis. Duis consequat dui nec nisi volutpat eleifend. Donec ut dolor. Morbi vel lectus in quam fringilla rhoncus.,13367,45,1
Wood Lamp,"Nunc nisl. Duis bibendum, felis sed interdum venenatis, turpis enim blandit mi, in porttitor pede justo eu massa. Donec dapibus. Duis at velit eu est congue elementum.",8110,40,3
Bench,Duis mattis egestas metus.,4036,46,3
Drawer,"Duis aliquam convallis nunc. Proin at turpis a pede posuere nonummy. Integer non velit. Donec diam neque, vestibulum eget, vulputate ut, ultrices vel, augue.",39538,13,3
Wall Decor,"Aliquam sit amet diam in magna bibendum imperdiet. Nullam orci pede, venenatis non, sodales sed, tincidunt eu, felis. Fusce posuere felis sed lacus. Morbi sem mauris, laoreet ut, rhoncus aliquet, pulvinar sed, nisl.",28402,31,2
Wood Chair,Nulla facilisi. Cras non velit nec nisi vulputate nonummy. Maecenas tincidunt lacus at velit. Vivamus vel nulla eget eros elementum pellentesque.,49736,41,3
Dining Table,"Nunc nisl. Duis bibendum, felis sed interdum venenatis, turpis enim blandit mi, in porttitor pede justo eu massa. Donec dapibus. Duis at velit eu est congue elementum. In hac habitasse platea dictumst.",3445,36,5
Wood Shelf,Morbi non lectus.,39741,27,5
Bed Frame,Vestibulum rutrum rutrum neque.,10982,48,1
Cabinet,"Cum sociis natoque penatibus et magnis dis parturient montes, nascetur ridiculus mus. Etiam vel augue.",35258,41,5
Coffee Table,Suspendisse potenti. Cras in purus eu magna vulputate luctus.,31050,3,1
Wood Lamp,"Phasellus in felis. Donec semper sapien a libero. Nam dui. Proin leo odio, porttitor id, consequat in, consequat ut, nulla. Sed accumsan felis.",22215,33,3
Bench,"Cum sociis natoque penatibus et magnis dis parturient montes, nascetur ridiculus mus. Vivamus vestibulum sagittis sapien. Cum sociis natoque penatibus et magnis dis parturient montes, nascetur ridiculus mus. Etiam vel augue. Vestibulum rutrum rutrum neque.",12168,13,2
Drawer,"Proin leo odio, porttitor id, consequat in, consequat ut, nulla. Sed accumsan felis. Ut at dolor quis odio consequat varius. Integer ac leo.",42276,11,2
Wall Decor,"Proin leo odio, porttitor id, consequat in, consequat ut, nulla. Sed accumsan felis. Ut at dolor quis odio consequat varius.",18859,2,4
Wood Chair,"Donec odio justo, sollicitudin ut, suscipit a, feugiat et, eros. Vestibulum ac est lacinia nisi venenatis tristique. Fusce congue, diam id ornare imperdiet, sapien urna pretium nisl, ut volutpat sapien arcu sed augue. Aliquam erat volutpat.",26093,26,3
Dining Table,"Maecenas leo odio, condimentum id, luctus nec, molestie sed, justo. Pellentesque viverra pede ac diam. Cras pellentesque volutpat dui.",48003,34,4
Wood Shelf,Nullam porttitor lacus at turpis. Donec posuere metus vitae ipsum. Aliquam non mauris. Morbi non lectus. Aliquam sit amet diam in magna bibendum imperdiet.,3253,33,2
Bed Frame,In hac habitasse platea dictumst. Maecenas ut massa quis augue luctus tincidunt. Nulla mollis molestie lorem. Quisque ut erat.,39948,44,1
Cabinet,"Proin eu mi. Nulla ac enim. In tempor, turpis nec euismod scelerisque, quam turpis adipiscing lorem, vitae mattis nibh ligula nec sem. Duis aliquam convallis nunc.",13793,40,3
Coffee Table,Proin risus.,13975,45,5
Wood Lamp,"Nullam orci pede, venenatis non, sodales sed, tincidunt eu, felis. Fusce posuere felis sed lacus. Morbi sem mauris, laoreet ut, rhoncus aliquet, pulvinar sed, nisl. Nunc rhoncus dui vel sem. Sed sagittis.",9748,24,3
Bench,"Suspendisse ornare consequat lectus. In est risus, auctor sed, tristique in, tempus sit amet, sem.",34673,45,4
Drawer,Duis mattis egestas metus. Aenean fermentum. Donec ut mauris eget massa tempor convallis.,35408,9,5
Wall Decor,Maecenas rhoncus aliquam lacus. Morbi quis tortor id nulla ultrices aliquet.,43736,1,2
Wood Chair,"Fusce posuere felis sed lacus. Morbi sem mauris, laoreet ut, rhoncus aliquet, pulvinar sed, nisl. Nunc rhoncus dui vel sem. Sed sagittis. Nam congue, risus semper porta volutpat, quam pede lobortis ligula, sit amet eleifend pede libero quis orci.",46893,16,3
Dining Table,"Maecenas tincidunt lacus at velit. Vivamus vel nulla eget eros elementum pellentesque. Quisque porta volutpat erat. Quisque erat eros, viverra eget, congue eget, semper rutrum, nulla. Nunc purus.",46896,27,5
Wood Shelf,"Nunc nisl. Duis bibendum, felis sed interdum venenatis, turpis enim blandit mi, in porttitor pede justo eu massa. Donec dapibus. Duis at velit eu est congue elementum. In hac habitasse platea dictumst.",22516,44,5
Bed Frame,"Mauris ullamcorper purus sit amet nulla. Quisque arcu libero, rutrum ac, lobortis vel, dapibus at, diam.",32942,5,2
Cabinet,Mauris sit amet eros. Suspendisse accumsan tortor quis turpis. Sed ante. Vivamus tortor. Duis mattis egestas metus.,2879,5,2
Coffee Table,Vestibulum sed magna at nunc commodo placerat. Praesent blandit. Nam nulla.,18072,19,5
Wood Lamp,"Quisque ut erat. Curabitur gravida nisi at nibh. In hac habitasse platea dictumst. Aliquam augue quam, sollicitudin vitae, consectetuer eget, rutrum at, lorem. Integer tincidunt ante vel ipsum.",24877,38,2
Bench,"In sagittis dui vel nisl. Duis ac nibh. Fusce lacus purus, aliquet at, feugiat non, pretium quis, lectus. Suspendisse potenti.",17034,18,4
Drawer,"Aenean auctor gravida sem. Praesent id massa id nisl venenatis lacinia. Aenean sit amet justo. Morbi ut odio. Cras mi pede, malesuada in, imperdiet et, commodo vulputate, justo.",24307,1,3
Wall Decor,Sed sagittis.,40690,37,4
Wood Chair,Curabitur at ipsum ac tellus semper interdum.,8249,48,1
Dining Table,"Curabitur at ipsum ac tellus semper interdum. Mauris ullamcorper purus sit amet nulla. Quisque arcu libero, rutrum ac, lobortis vel, dapibus at, diam.",45718,36,2
Wood Shelf,Morbi non quam nec dui luctus rutrum. Nulla tellus. In sagittis dui vel nisl.,42140,3,2
Bed Frame,"Aenean fermentum. Donec ut mauris eget massa tempor convallis. Nulla neque libero, convallis eget, eleifend luctus, ultricies eu, nibh.",2666,10,1
Cabinet,"Proin at turpis a pede posuere nonummy. Integer non velit. Donec diam neque, vestibulum eget, vulputate ut, ultrices vel, augue. Vestibulum ante ipsum primis in faucibus orci luctus et ultrices posuere cubilia Curae; Donec pharetra, magna vestibulum aliquet ultrices, erat tortor sollicitudin mi, sit amet lobortis sapien sapien non mi. Integer ac neque.",38246,18,1
Coffee Table,"Morbi vel lectus in quam fringilla rhoncus. Mauris enim leo, rhoncus sed, vestibulum sit amet, cursus id, turpis.",1705,39,2
Wood Lamp,Nullam sit amet turpis elementum ligula vehicula consequat. Morbi a ipsum.,46257,28,5
Bench,Morbi non quam nec dui luctus rutrum. Nulla tellus. In sagittis dui vel nisl.,42544,19,5
Drawer,Cras non velit nec nisi vulputate nonummy. Maecenas tincidunt lacus at velit.,13110,30,3
Wall Decor,Integer ac leo. Pellentesque ultrices mattis odio. Donec vitae nisi.,33322,43,1
Wood Chair,"Nam congue, risus semper porta volutpat, quam pede lobortis ligula, sit amet eleifend pede libero quis orci. Nullam molestie nibh in lectus. Pellentesque at nulla. Suspendisse potenti.",10008,14,4
Dining Table,"Nam congue, risus semper porta volutpat, quam pede lobortis ligula, sit amet eleifend pede libero quis orci. Nullam molestie nibh in lectus. Pellentesque at nulla.",15214,27,1
Wood Shelf,Nunc nisl.,15525,48,4
Bed Frame,Ut tellus.,34300,46,1
Cabinet,Nulla justo. Aliquam quis turpis eget elit sodales scelerisque. Mauris sit amet eros. Suspendisse accumsan tortor quis turpis. Sed ante.,46642,29,3
Coffee Table,"Quisque erat eros, viverra eget, congue eget, semper rutrum, nulla.",26826,45,2
Wood Lamp,In hac habitasse platea dictumst. Maecenas ut massa quis augue luctus tincidunt.,22403,35,2
Bench,In hac habitasse platea dictumst. Etiam faucibus cursus urna. Ut tellus. Nulla ut erat id mauris vulputate elementum. Nullam varius.,31614,37,5
Drawer,Donec posuere metus vitae ipsum.,23265,20,2
Wall Decor,Nam dui.,43744,13,1
Wood Chair,"In tempor, turpis nec euismod scelerisque, quam turpis adipiscing lorem, vitae mattis nibh ligula nec sem. Duis aliquam convallis nunc. Proin at turpis a pede posuere nonummy. Integer non velit. Donec diam neque, vestibulum eget, vulputate ut, ultrices vel, augue.",25304,27,2
Dining Table,Integer a nibh. In quis justo. Maecenas rhoncus aliquam lacus. Morbi quis tortor id nulla ultrices aliquet.,40302,23,4
Wood Shelf,Donec vitae nisi.,48791,46,3
Bed Frame,Duis bibendum. Morbi non quam nec dui luctus rutrum. Nulla tellus.,4886,24,1
Cabinet,"In quis justo. Maecenas rhoncus aliquam lacus. Morbi quis tortor id nulla ultrices aliquet. Maecenas leo odio, condimentum id, luctus nec, molestie sed, justo.",15029,27,2
Coffee Table,Etiam vel augue. Vestibulum rutrum rutrum neque.,18388,44,3
Wood Lamp,Aliquam erat volutpat.,13208,26,3
Bench,Nulla nisl. Nunc nisl.,11588,32,4
Drawer,"Lorem ipsum dolor sit amet, consectetuer adipiscing elit. Proin risus.",18127,15,5
Wall Decor,In congue. Etiam justo. Etiam pretium iaculis justo. In hac habitasse platea dictumst.,32489,5,1
Wood Chair,Pellentesque ultrices mattis odio. Donec vitae nisi.,28665,39,3
Dining Table,"Maecenas tincidunt lacus at velit. Vivamus vel nulla eget eros elementum pellentesque. Quisque porta volutpat erat. Quisque erat eros, viverra eget, congue eget, semper rutrum, nulla.",23448,19,5
Wood Shelf,Donec dapibus.,29621,1,2
Bed Frame,"Curabitur in libero ut massa volutpat convallis. Morbi odio odio, elementum eu, interdum eu, tincidunt in, leo. Maecenas pulvinar lobortis est.",38916,30,5
Cabinet,"Cras in purus eu magna vulputate luctus. Cum sociis natoque penatibus et magnis dis parturient montes, nascetur ridiculus mus. Vivamus vestibulum sagittis sapien. Cum sociis natoque penatibus et magnis dis parturient montes, nascetur ridiculus mus.",9983,13,2
Coffee Table,"Nulla suscipit ligula in lacus. Curabitur at ipsum ac tellus semper interdum. Mauris ullamcorper purus sit amet nulla. Quisque arcu libero, rutrum ac, lobortis vel, dapibus at, diam. Nam tristique tortor eu pede.",18428,37,5
Wood Lamp,Integer ac neque. Duis bibendum. Morbi non quam nec dui luctus rutrum. Nulla tellus. In sagittis dui vel nisl.,27398,21,5
Bench,"In est risus, auctor sed, tristique in, tempus sit amet, sem. Fusce consequat.",43293,22,1
Drawer,"Quisque erat eros, viverra eget, congue eget, semper rutrum, nulla. Nunc purus. Phasellus in felis. Donec semper sapien a libero. Nam dui.",40883,10,5
Wall Decor,"Morbi ut odio. Cras mi pede, malesuada in, imperdiet et, commodo vulputate, justo.",27199,32,2
Wood Chair,Etiam vel augue. Vestibulum rutrum rutrum neque. Aenean auctor gravida sem. Praesent id massa id nisl venenatis lacinia.,41943,11,1
Dining Table,"Aliquam augue quam, sollicitudin vitae, consectetuer eget, rutrum at, lorem.",43865,40,2
Wood Shelf,"Vestibulum ante ipsum primis in faucibus orci luctus et ultrices posuere cubilia Curae; Donec pharetra, magna vestibulum aliquet ultrices, erat tortor sollicitudin mi, sit amet lobortis sapien sapien non mi.",19523,14,3
Bed Frame,In hac habitasse platea dictumst. Maecenas ut massa quis augue luctus tincidunt.,7049,7,5
Cabinet,"Lorem ipsum dolor sit amet, consectetuer adipiscing elit. Proin interdum mauris non ligula pellentesque ultrices. Phasellus id sapien in sapien iaculis congue.",18896,1,4
Coffee Table,Mauris sit amet eros. Suspendisse accumsan tortor quis turpis. Sed ante. Vivamus tortor. Duis mattis egestas metus.,12040,18,5
Wood Lamp,Donec quis orci eget orci vehicula condimentum.,28576,31,2
Bench,"Morbi ut odio. Cras mi pede, malesuada in, imperdiet et, commodo vulputate, justo. In blandit ultrices enim. Lorem ipsum dolor sit amet, consectetuer adipiscing elit.",16251,27,3
Drawer,"In blandit ultrices enim. Lorem ipsum dolor sit amet, consectetuer adipiscing elit. Proin interdum mauris non ligula pellentesque ultrices. Phasellus id sapien in sapien iaculis congue. Vivamus metus arcu, adipiscing molestie, hendrerit at, vulputate vitae, nisl.",25318,29,1
Wall Decor,Duis mattis egestas metus. Aenean fermentum. Donec ut mauris eget massa tempor convallis.,1050,38,3
Wood Chair,"Nam ultrices, libero non mattis pulvinar, nulla pede ullamcorper augue, a suscipit nulla elit ac nulla.",7320,34,4
Dining Table,"Integer non velit. Donec diam neque, vestibulum eget, vulputate ut, ultrices vel, augue. Vestibulum ante ipsum primis in faucibus orci luctus et ultrices posuere cubilia Curae; Donec pharetra, magna vestibulum aliquet ultrices, erat tortor sollicitudin mi, sit amet lobortis sapien sapien non mi.",18033,7,1
Wood Shelf,"Suspendisse ornare consequat lectus. In est risus, auctor sed, tristique in, tempus sit amet, sem. Fusce consequat.",16991,26,5
Bed Frame,Vestibulum rutrum rutrum neque. Aenean auctor gravida sem.,6879,1,1
Cabinet,"Maecenas tincidunt lacus at velit. Vivamus vel nulla eget eros elementum pellentesque. Quisque porta volutpat erat. Quisque erat eros, viverra eget, congue eget, semper rutrum, nulla. Nunc purus.",13023,22,2
Coffee Table,"Nulla tellus. In sagittis dui vel nisl. Duis ac nibh. Fusce lacus purus, aliquet at, feugiat non, pretium quis, lectus. Suspendisse potenti.",29240,38,3
Wood Lamp,"Sed sagittis. Nam congue, risus semper porta volutpat, quam pede lobortis ligula, sit amet eleifend pede libero quis orci. Nullam molestie nibh in lectus. Pellentesque at nulla.",9530,26,3
Bench,In hac habitasse platea dictumst. Maecenas ut massa quis augue luctus tincidunt. Nulla mollis molestie lorem.,26637,14,3
Drawer,"Integer aliquet, massa id lobortis convallis, tortor risus dapibus augue, vel accumsan tellus nisi eu orci. Mauris lacinia sapien quis libero. Nullam sit amet turpis elementum ligula vehicula consequat. Morbi a ipsum.",24860,5,5
Wall Decor,Vivamus in felis eu sapien cursus vestibulum.,17324,16,5
Wood Chair,"Vestibulum ac est lacinia nisi venenatis tristique. Fusce congue, diam id ornare imperdiet, sapien urna pretium nisl, ut volutpat sapien arcu sed augue. Aliquam erat volutpat. In congue. Etiam justo.",35543,6,1
Dining Table,In congue. Etiam justo. Etiam pretium iaculis justo. In hac habitasse platea dictumst.,7294,23,1
Wood Shelf,Aenean auctor gravida sem. Praesent id massa id nisl venenatis lacinia. Aenean sit amet justo.,20955,7,3
Bed Frame,Donec quis orci eget orci vehicula condimentum.,31721,47,5
Cabinet,"Proin risus. Praesent lectus. Vestibulum quam sapien, varius ut, blandit non, interdum in, ante. Vestibulum ante ipsum primis in faucibus orci luctus et ultrices posuere cubilia Curae; Duis faucibus accumsan odio.",6155,12,4
Coffee Table,Maecenas pulvinar lobortis est. Phasellus sit amet erat. Nulla tempus.,47072,31,4
Wood Lamp,Etiam pretium iaculis justo. In hac habitasse platea dictumst. Etiam faucibus cursus urna. Ut tellus. Nulla ut erat id mauris vulputate elementum.,922,3,5
Bench,Maecenas pulvinar lobortis est. Phasellus sit amet erat. Nulla tempus.,15872,3,3
Drawer,"Cras in purus eu magna vulputate luctus. Cum sociis natoque penatibus et magnis dis parturient montes, nascetur ridiculus mus. Vivamus vestibulum sagittis sapien. Cum sociis natoque penatibus et magnis dis parturient montes, nascetur ridiculus mus.",33542,10,3
Wall Decor,Pellentesque at nulla. Suspendisse potenti.,48252,39,1
Wood Chair,"Nulla tellus. In sagittis dui vel nisl. Duis ac nibh. Fusce lacus purus, aliquet at, feugiat non, pretium quis, lectus.",44424,1,5
Dining Table,"Morbi vestibulum, velit id pretium iaculis, diam erat fermentum justo, nec condimentum neque sapien placerat ante. Nulla justo.",44921,11,4
Wood Shelf,"Lorem ipsum dolor sit amet, consectetuer adipiscing elit. Proin interdum mauris non ligula pellentesque ultrices. Phasellus id sapien in sapien iaculis congue. Vivamus metus arcu, adipiscing molestie, hendrerit at, vulputate vitae, nisl.",28900,7,5
Bed Frame,"Proin at turpis a pede posuere nonummy. Integer non velit. Donec diam neque, vestibulum eget, vulputate ut, ultrices vel, augue. Vestibulum ante ipsum primis in faucibus orci luctus et ultrices posuere cubilia Curae; Donec pharetra, magna vestibulum aliquet ultrices, erat tortor sollicitudin mi, sit amet lobortis sapien sapien non mi.",10654,41,3
Cabinet,Curabitur gravida nisi at nibh. In hac habitasse platea dictumst.,26830,24,4
Coffee Table,"Morbi odio odio, elementum eu, interdum eu, tincidunt in, leo. Maecenas pulvinar lobortis est. Phasellus sit amet erat. Nulla tempus. Vivamus in felis eu sapien cursus vestibulum.",24395,29,1
Wood Lamp,Suspendisse potenti. Nullam porttitor lacus at turpis.,16850,22,5
Bench,"Donec ut mauris eget massa tempor convallis. Nulla neque libero, convallis eget, eleifend luctus, ultricies eu, nibh.",11208,35,4
Drawer,"Vivamus vestibulum sagittis sapien. Cum sociis natoque penatibus et magnis dis parturient montes, nascetur ridiculus mus. Etiam vel augue. Vestibulum rutrum rutrum neque. Aenean auctor gravida sem.",34336,9,5
Wall Decor,"Vivamus vel nulla eget eros elementum pellentesque. Quisque porta volutpat erat. Quisque erat eros, viverra eget, congue eget, semper rutrum, nulla. Nunc purus.",38845,7,5
Wood Chair,Donec semper sapien a libero. Nam dui.,18206,41,3
Dining Table,Morbi a ipsum. Integer a nibh. In quis justo. Maecenas rhoncus aliquam lacus. Morbi quis tortor id nulla ultrices aliquet.,5023,40,3
Wood Shelf,Etiam justo. Etiam pretium iaculis justo. In hac habitasse platea dictumst.,7949,32,4
Bed Frame,Nulla tempus.,22173,41,4
Cabinet,Morbi non lectus. Aliquam sit amet diam in magna bibendum imperdiet.,10118,12,1
Coffee Table,"Praesent lectus. Vestibulum quam sapien, varius ut, blandit non, interdum in, ante. Vestibulum ante ipsum primis in faucibus orci luctus et ultrices posuere cubilia Curae; Duis faucibus accumsan odio. Curabitur convallis. Duis consequat dui nec nisi volutpat eleifend.",32445,37,3
Wood Lamp,Vestibulum ante ipsum primis in faucibus orci luctus et ultrices posuere cubilia Curae; Mauris viverra diam vitae quam. Suspendisse potenti. Nullam porttitor lacus at turpis.,25986,49,1
Bench,"Proin at turpis a pede posuere nonummy. Integer non velit. Donec diam neque, vestibulum eget, vulputate ut, ultrices vel, augue.",457,25,2
Drawer,Suspendisse accumsan tortor quis turpis. Sed ante. Vivamus tortor.,4091,28,1
Wall Decor,"Praesent blandit. Nam nulla. Integer pede justo, lacinia eget, tincidunt eget, tempus vel, pede. Morbi porttitor lorem id ligula.",1533,7,1
Wood Chair,"Aenean fermentum. Donec ut mauris eget massa tempor convallis. Nulla neque libero, convallis eget, eleifend luctus, ultricies eu, nibh. Quisque id justo sit amet sapien dignissim vestibulum.",1687,23,1
Dining Table,Praesent blandit lacinia erat. Vestibulum sed magna at nunc commodo placerat.,26559,8,4
Wood Shelf,Phasellus sit amet erat. Nulla tempus.,101,29,1
Bed Frame,In quis justo. Maecenas rhoncus aliquam lacus. Morbi quis tortor id nulla ultrices aliquet.,1797,45,4
Cabinet,"Nulla tellus. In sagittis dui vel nisl. Duis ac nibh. Fusce lacus purus, aliquet at, feugiat non, pretium quis, lectus. Suspendisse potenti.",22088,5,4
Coffee Table,"In hac habitasse platea dictumst. Aliquam augue quam, sollicitudin vitae, consectetuer eget, rutrum at, lorem. Integer tincidunt ante vel ipsum. Praesent blandit lacinia erat.",5256,15,3
Wood Lamp,"Vestibulum quam sapien, varius ut, blandit non, interdum in, ante. Vestibulum ante ipsum primis in faucibus orci luctus et ultrices posuere cubilia Curae; Duis faucibus accumsan odio. Curabitur convallis. Duis consequat dui nec nisi volutpat eleifend. Donec ut dolor.",9272,12,2
Bench,Nullam varius. Nulla facilisi.,17242,6,4
Drawer,Mauris lacinia sapien quis libero. Nullam sit amet turpis elementum ligula vehicula consequat. Morbi a ipsum. Integer a nibh. In quis justo.,44888,11,2
Wall Decor,Suspendisse accumsan tortor quis turpis. Sed ante. Vivamus tortor. Duis mattis egestas metus. Aenean fermentum.,31447,50,5
Wood Chair,"Praesent lectus. Vestibulum quam sapien, varius ut, blandit non, interdum in, ante. Vestibulum ante ipsum primis in faucibus orci luctus et ultrices posuere cubilia Curae; Duis faucibus accumsan odio. Curabitur convallis.",16388,8,1
Dining Table,"Cum sociis natoque penatibus et magnis dis parturient montes, nascetur ridiculus mus. Etiam vel augue. Vestibulum rutrum rutrum neque.",39265,9,4
Wood Shelf,"Quisque porta volutpat erat. Quisque erat eros, viverra eget, congue eget, semper rutrum, nulla. Nunc purus. Phasellus in felis.",2931,42,4
Bed Frame,Phasellus sit amet erat. Nulla tempus. Vivamus in felis eu sapien cursus vestibulum. Proin eu mi. Nulla ac enim.,23767,40,4
Cabinet,Proin eu mi. Nulla ac enim.,37024,47,1
Coffee Table,"Integer pede justo, lacinia eget, tincidunt eget, tempus vel, pede. Morbi porttitor lorem id ligula. Suspendisse ornare consequat lectus.",49218,29,3
Wood Lamp,Donec ut dolor.,22658,7,4
Bench,Etiam faucibus cursus urna. Ut tellus. Nulla ut erat id mauris vulputate elementum.,33920,1,4
Drawer,"Morbi vel lectus in quam fringilla rhoncus. Mauris enim leo, rhoncus sed, vestibulum sit amet, cursus id, turpis.",15338,14,1
Wall Decor,"Praesent blandit. Nam nulla. Integer pede justo, lacinia eget, tincidunt eget, tempus vel, pede. Morbi porttitor lorem id ligula.",21877,5,4
Wood Chair,Curabitur convallis. Duis consequat dui nec nisi volutpat eleifend. Donec ut dolor. Morbi vel lectus in quam fringilla rhoncus.,36006,32,5
Dining Table,Ut tellus. Nulla ut erat id mauris vulputate elementum. Nullam varius. Nulla facilisi. Cras non velit nec nisi vulputate nonummy.,25379,47,5
Wood Shelf,"Duis at velit eu est congue elementum. In hac habitasse platea dictumst. Morbi vestibulum, velit id pretium iaculis, diam erat fermentum justo, nec condimentum neque sapien placerat ante.",33078,24,3
Bed Frame,"Aenean fermentum. Donec ut mauris eget massa tempor convallis. Nulla neque libero, convallis eget, eleifend luctus, ultricies eu, nibh. Quisque id justo sit amet sapien dignissim vestibulum.",28352,36,5
Cabinet,"Curabitur convallis. Duis consequat dui nec nisi volutpat eleifend. Donec ut dolor. Morbi vel lectus in quam fringilla rhoncus. Mauris enim leo, rhoncus sed, vestibulum sit amet, cursus id, turpis.",13189,29,1
Coffee Table,"Nulla suscipit ligula in lacus. Curabitur at ipsum ac tellus semper interdum. Mauris ullamcorper purus sit amet nulla. Quisque arcu libero, rutrum ac, lobortis vel, dapibus at, diam. Nam tristique tortor eu pede.",2879,29,2
Wood Lamp,"Nam dui. Proin leo odio, porttitor id, consequat in, consequat ut, nulla. Sed accumsan felis. Ut at dolor quis odio consequat varius. Integer ac leo.",8838,45,5
Bench,Donec semper sapien a libero.,30504,22,2
Drawer,In congue. Etiam justo. Etiam pretium iaculis justo. In hac habitasse platea dictumst.,30877,12,2
Wall Decor,"Cum sociis natoque penatibus et magnis dis parturient montes, nascetur ridiculus mus. Vivamus vestibulum sagittis sapien. Cum sociis natoque penatibus et magnis dis parturient montes, nascetur ridiculus mus.",12139,13,3
Wood Chair,"Maecenas leo odio, condimentum id, luctus nec, molestie sed, justo. Pellentesque viverra pede ac diam.",23397,7,5
Dining Table,"Maecenas leo odio, condimentum id, luctus nec, molestie sed, justo. Pellentesque viverra pede ac diam. Cras pellentesque volutpat dui. Maecenas tristique, est et tempus semper, est quam pharetra magna, ac consequat metus sapien ut nunc. Vestibulum ante ipsum primis in faucibus orci luctus et ultrices posuere cubilia Curae; Mauris viverra diam vitae quam.",10044,1,5
Wood Shelf,"Maecenas rhoncus aliquam lacus. Morbi quis tortor id nulla ultrices aliquet. Maecenas leo odio, condimentum id, luctus nec, molestie sed, justo. Pellentesque viverra pede ac diam.",5052,10,5
Bed Frame,"Suspendisse ornare consequat lectus. In est risus, auctor sed, tristique in, tempus sit amet, sem. Fusce consequat.",42482,7,5
Cabinet,Duis aliquam convallis nunc. Proin at turpis a pede posuere nonummy. Integer non velit.,6265,25,2
Coffee Table,Sed accumsan felis. Ut at dolor quis odio consequat varius. Integer ac leo.,47837,41,2
Wood Lamp,Suspendisse potenti. In eleifend quam a odio.,20012,13,1
Bench,"Morbi quis tortor id nulla ultrices aliquet. Maecenas leo odio, condimentum id, luctus nec, molestie sed, justo.",49410,1,3
Drawer,"Morbi odio odio, elementum eu, interdum eu, tincidunt in, leo.",36954,50,4
Wall Decor,Integer ac leo.,22827,34,1
Wood Chair,In hac habitasse platea dictumst. Etiam faucibus cursus urna. Ut tellus. Nulla ut erat id mauris vulputate elementum.,27520,8,1
Dining Table,"Integer non velit. Donec diam neque, vestibulum eget, vulputate ut, ultrices vel, augue. Vestibulum ante ipsum primis in faucibus orci luctus et ultrices posuere cubilia Curae; Donec pharetra, magna vestibulum aliquet ultrices, erat tortor sollicitudin mi, sit amet lobortis sapien sapien non mi. Integer ac neque.",46349,44,3
Wood Shelf,"Duis at velit eu est congue elementum. In hac habitasse platea dictumst. Morbi vestibulum, velit id pretium iaculis, diam erat fermentum justo, nec condimentum neque sapien placerat ante. Nulla justo. Aliquam quis turpis eget elit sodales scelerisque.",34316,37,4
Bed Frame,Praesent id massa id nisl venenatis lacinia. Aenean sit amet justo. Morbi ut odio.,11197,40,1
Cabinet,Curabitur convallis. Duis consequat dui nec nisi volutpat eleifend. Donec ut dolor. Morbi vel lectus in quam fringilla rhoncus.,8095,14,5
Coffee Table,Sed ante. Vivamus tortor. Duis mattis egestas metus. Aenean fermentum. Donec ut mauris eget massa tempor convallis.,26119,2,4
Wood Lamp,Curabitur convallis.,39849,9,4
Bench,In hac habitasse platea dictumst. Maecenas ut massa quis augue luctus tincidunt.,50000,22,2
Drawer,"Aenean fermentum. Donec ut mauris eget massa tempor convallis. Nulla neque libero, convallis eget, eleifend luctus, ultricies eu, nibh.",5179,17,2
Wall Decor,Mauris lacinia sapien quis libero. Nullam sit amet turpis elementum ligula vehicula consequat. Morbi a ipsum. Integer a nibh. In quis justo.,48541,45,3
Wood Chair,"Lorem ipsum dolor sit amet, consectetuer adipiscing elit. Proin risus.",12796,24,4
Dining Table,"Nulla neque libero, convallis eget, eleifend luctus, ultricies eu, nibh. Quisque id justo sit amet sapien dignissim vestibulum. Vestibulum ante ipsum primis in faucibus orci luctus et ultrices posuere cubilia Curae; Nulla dapibus dolor vel est. Donec odio justo, sollicitudin ut, suscipit a, feugiat et, eros. Vestibulum ac est lacinia nisi venenatis tristique.",38232,3,2
Wood Shelf,Curabitur at ipsum ac tellus semper interdum. Mauris ullamcorper purus sit amet nulla.,46855,16,5
Bed Frame,"Mauris enim leo, rhoncus sed, vestibulum sit amet, cursus id, turpis. Integer aliquet, massa id lobortis convallis, tortor risus dapibus augue, vel accumsan tellus nisi eu orci. Mauris lacinia sapien quis libero.",9024,31,4
Cabinet,Proin risus.,45132,44,5
Coffee Table,"Morbi non lectus. Aliquam sit amet diam in magna bibendum imperdiet. Nullam orci pede, venenatis non, sodales sed, tincidunt eu, felis. Fusce posuere felis sed lacus.",21919,8,5
Wood Lamp,Sed vel enim sit amet nunc viverra dapibus. Nulla suscipit ligula in lacus.,37977,31,5
Bench,Vestibulum ante ipsum primis in faucibus orci luctus et ultrices posuere cubilia Curae; Duis faucibus accumsan odio. Curabitur convallis. Duis consequat dui nec nisi volutpat eleifend. Donec ut dolor.,32029,46,1
Drawer,"Donec vitae nisi. Nam ultrices, libero non mattis pulvinar, nulla pede ullamcorper augue, a suscipit nulla elit ac nulla. Sed vel enim sit amet nunc viverra dapibus. Nulla suscipit ligula in lacus. Curabitur at ipsum ac tellus semper interdum.",22076,48,1
Wall Decor,"Donec ut mauris eget massa tempor convallis. Nulla neque libero, convallis eget, eleifend luctus, ultricies eu, nibh.",415,12,2
Wood Chair,"Suspendisse ornare consequat lectus. In est risus, auctor sed, tristique in, tempus sit amet, sem.",40805,3,1
Dining Table,Duis at velit eu est congue elementum. In hac habitasse platea dictumst.,15735,18,1
Wood Shelf,"Donec ut mauris eget massa tempor convallis. Nulla neque libero, convallis eget, eleifend luctus, ultricies eu, nibh.",6323,12,1
Bed Frame,"In tempor, turpis nec euismod scelerisque, quam turpis adipiscing lorem, vitae mattis nibh ligula nec sem. Duis aliquam convallis nunc. Proin at turpis a pede posuere nonummy. Integer non velit.",31360,1,3
Cabinet,"Donec semper sapien a libero. Nam dui. Proin leo odio, porttitor id, consequat in, consequat ut, nulla. Sed accumsan felis.",24076,11,4
Coffee Table,"Aliquam augue quam, sollicitudin vitae, consectetuer eget, rutrum at, lorem. Integer tincidunt ante vel ipsum. Praesent blandit lacinia erat.",44977,38,1
Wood Lamp,"Praesent lectus. Vestibulum quam sapien, varius ut, blandit non, interdum in, ante. Vestibulum ante ipsum primis in faucibus orci luctus et ultrices posuere cubilia Curae; Duis faucibus accumsan odio.",40897,29,1
Bench,Aliquam non mauris.,240,4,1
Drawer,Morbi quis tortor id nulla ultrices aliquet.,40993,45,4
Wall Decor,"Nullam orci pede, venenatis non, sodales sed, tincidunt eu, felis. Fusce posuere felis sed lacus.",4197,24,4
Wood Chair,"Donec dapibus. Duis at velit eu est congue elementum. In hac habitasse platea dictumst. Morbi vestibulum, velit id pretium iaculis, diam erat fermentum justo, nec condimentum neque sapien placerat ante. Nulla justo.",10209,46,2
Dining Table,"Donec quis orci eget orci vehicula condimentum. Curabitur in libero ut massa volutpat convallis. Morbi odio odio, elementum eu, interdum eu, tincidunt in, leo. Maecenas pulvinar lobortis est.",36939,10,4
Wood Shelf,Curabitur at ipsum ac tellus semper interdum.,41636,36,5
Bed Frame,Nullam molestie nibh in lectus.,14160,28,2
Cabinet,In eleifend quam a odio. In hac habitasse platea dictumst. Maecenas ut massa quis augue luctus tincidunt. Nulla mollis molestie lorem.,12705,46,2
Coffee Table,"Maecenas leo odio, condimentum id, luctus nec, molestie sed, justo. Pellentesque viverra pede ac diam. Cras pellentesque volutpat dui. Maecenas tristique, est et tempus semper, est quam pharetra magna, ac consequat metus sapien ut nunc.",1853,9,1
Wood Lamp,"Lorem ipsum dolor sit amet, consectetuer adipiscing elit. Proin risus. Praesent lectus.",17851,40,3
Bench,In hac habitasse platea dictumst. Etiam faucibus cursus urna. Ut tellus.,29677,16,4
Drawer,Donec quis orci eget orci vehicula condimentum.,1642,7,1
Wall Decor,"Suspendisse ornare consequat lectus. In est risus, auctor sed, tristique in, tempus sit amet, sem. Fusce consequat. Nulla nisl. Nunc nisl.",47496,12,5
Wood Chair,Sed ante. Vivamus tortor. Duis mattis egestas metus. Aenean fermentum.,8357,3,5
Dining Table,"Maecenas tristique, est et tempus semper, est quam pharetra magna, ac consequat metus sapien ut nunc. Vestibulum ante ipsum primis in faucibus orci luctus et ultrices posuere cubilia Curae; Mauris viverra diam vitae quam. Suspendisse potenti.",11452,22,3
Wood Shelf,"Praesent blandit. Nam nulla. Integer pede justo, lacinia eget, tincidunt eget, tempus vel, pede. Morbi porttitor lorem id ligula. Suspendisse ornare consequat lectus.",34163,25,1
Bed Frame,Nulla facilisi. Cras non velit nec nisi vulputate nonummy.,41058,10,5
Cabinet,"Phasellus id sapien in sapien iaculis congue. Vivamus metus arcu, adipiscing molestie, hendrerit at, vulputate vitae, nisl. Aenean lectus.",38151,47,2
Coffee Table,"Curabitur in libero ut massa volutpat convallis. Morbi odio odio, elementum eu, interdum eu, tincidunt in, leo.",24561,37,4
Wood Lamp,Ut at dolor quis odio consequat varius. Integer ac leo. Pellentesque ultrices mattis odio. Donec vitae nisi.,26945,48,1
Bench,"Donec quis orci eget orci vehicula condimentum. Curabitur in libero ut massa volutpat convallis. Morbi odio odio, elementum eu, interdum eu, tincidunt in, leo. Maecenas pulvinar lobortis est. Phasellus sit amet erat.",10366,15,3
Drawer,Aenean lectus. Pellentesque eget nunc. Donec quis orci eget orci vehicula condimentum.,8418,32,2
Wall Decor,Phasellus in felis.,44853,5,5
Wood Chair,"Nulla tellus. In sagittis dui vel nisl. Duis ac nibh. Fusce lacus purus, aliquet at, feugiat non, pretium quis, lectus.",45163,7,5
Dining Table,Etiam pretium iaculis justo. In hac habitasse platea dictumst. Etiam faucibus cursus urna. Ut tellus.,2790,5,5
Wood Shelf,"Nam nulla. Integer pede justo, lacinia eget, tincidunt eget, tempus vel, pede.",12870,9,5
Bed Frame,"Integer ac leo. Pellentesque ultrices mattis odio. Donec vitae nisi. Nam ultrices, libero non mattis pulvinar, nulla pede ullamcorper augue, a suscipit nulla elit ac nulla.",32116,49,1
Cabinet,"Donec semper sapien a libero. Nam dui. Proin leo odio, porttitor id, consequat in, consequat ut, nulla.",17973,20,2
Coffee Table,"Integer aliquet, massa id lobortis convallis, tortor risus dapibus augue, vel accumsan tellus nisi eu orci. Mauris lacinia sapien quis libero. Nullam sit amet turpis elementum ligula vehicula consequat. Morbi a ipsum.",10008,29,4
Wood Lamp,"Integer non velit. Donec diam neque, vestibulum eget, vulputate ut, ultrices vel, augue. Vestibulum ante ipsum primis in faucibus orci luctus et ultrices posuere cubilia Curae; Donec pharetra, magna vestibulum aliquet ultrices, erat tortor sollicitudin mi, sit amet lobortis sapien sapien non mi. Integer ac neque. Duis bibendum.",26734,39,3
Bench,"Donec posuere metus vitae ipsum. Aliquam non mauris. Morbi non lectus. Aliquam sit amet diam in magna bibendum imperdiet. Nullam orci pede, venenatis non, sodales sed, tincidunt eu, felis.",3048,26,1
Drawer,Pellentesque viverra pede ac diam.,12803,48,4
Wall Decor,"Maecenas leo odio, condimentum id, luctus nec, molestie sed, justo. Pellentesque viverra pede ac diam. Cras pellentesque volutpat dui. Maecenas tristique, est et tempus semper, est quam pharetra magna, ac consequat metus sapien ut nunc. Vestibulum ante ipsum primis in faucibus orci luctus et ultrices posuere cubilia Curae; Mauris viverra diam vitae quam.",36223,17,4
Wood Chair,Duis consequat dui nec nisi volutpat eleifend. Donec ut dolor. Morbi vel lectus in quam fringilla rhoncus.,1195,47,5
Dining Table,"Morbi ut odio. Cras mi pede, malesuada in, imperdiet et, commodo vulputate, justo. In blandit ultrices enim. Lorem ipsum dolor sit amet, consectetuer adipiscing elit.",45527,37,5
Wood Shelf,In congue. Etiam justo.,30540,9,5
Bed Frame,Integer tincidunt ante vel ipsum. Praesent blandit lacinia erat. Vestibulum sed magna at nunc commodo placerat.,17517,14,4
Cabinet,Nunc purus. Phasellus in felis.,21154,13,2
Coffee Table,Proin risus.,37654,31,4
Wood Lamp,Etiam vel augue.,47467,7,5
Bench,Vivamus tortor. Duis mattis egestas metus. Aenean fermentum. Donec ut mauris eget massa tempor convallis.,42445,8,2
Drawer,Vivamus vestibulum sagittis sapien.,22021,20,5
Wall Decor,Suspendisse potenti.,2237,15,4
Wood Chair,Curabitur gravida nisi at nibh.,16885,21,3
Dining Table,"Morbi sem mauris, laoreet ut, rhoncus aliquet, pulvinar sed, nisl. Nunc rhoncus dui vel sem.",35946,22,3
Wood Shelf,"Cras mi pede, malesuada in, imperdiet et, commodo vulputate, justo. In blandit ultrices enim.",1482,38,4
Bed Frame,"Cras in purus eu magna vulputate luctus. Cum sociis natoque penatibus et magnis dis parturient montes, nascetur ridiculus mus.",42873,22,1
Cabinet,Mauris sit amet eros. Suspendisse accumsan tortor quis turpis. Sed ante. Vivamus tortor. Duis mattis egestas metus.,4517,16,4
Coffee Table,"Duis bibendum, felis sed interdum venenatis, turpis enim blandit mi, in porttitor pede justo eu massa. Donec dapibus. Duis at velit eu est congue elementum. In hac habitasse platea dictumst. Morbi vestibulum, velit id pretium iaculis, diam erat fermentum justo, nec condimentum neque sapien placerat ante.",33927,27,3
Wood Lamp,"Nam dui. Proin leo odio, porttitor id, consequat in, consequat ut, nulla. Sed accumsan felis. Ut at dolor quis odio consequat varius.",39484,13,3
Bench,"Nulla mollis molestie lorem. Quisque ut erat. Curabitur gravida nisi at nibh. In hac habitasse platea dictumst. Aliquam augue quam, sollicitudin vitae, consectetuer eget, rutrum at, lorem.",34622,6,1
Drawer,"Duis bibendum, felis sed interdum venenatis, turpis enim blandit mi, in porttitor pede justo eu massa. Donec dapibus.",8982,14,4
Wall Decor,"Vivamus metus arcu, adipiscing molestie, hendrerit at, vulputate vitae, nisl. Aenean lectus. Pellentesque eget nunc. Donec quis orci eget orci vehicula condimentum.",32462,7,5
Wood Chair,"Cum sociis natoque penatibus et magnis dis parturient montes, nascetur ridiculus mus. Etiam vel augue.",876,43,1
Dining Table,Aliquam sit amet diam in magna bibendum imperdiet.,36614,38,2
Wood Shelf,Pellentesque at nulla. Suspendisse potenti.,32086,26,2
Bed Frame,"Proin leo odio, porttitor id, consequat in, consequat ut, nulla. Sed accumsan felis. Ut at dolor quis odio consequat varius. Integer ac leo. Pellentesque ultrices mattis odio.",39720,38,4
Cabinet,Morbi non quam nec dui luctus rutrum. Nulla tellus. In sagittis dui vel nisl. Duis ac nibh.,30365,47,1
Coffee Table,Fusce posuere felis sed lacus.,23882,30,2
Wood Lamp,Proin interdum mauris non ligula pellentesque ultrices. Phasellus id sapien in sapien iaculis congue.,48458,4,4
Bench,Duis aliquam convallis nunc. Proin at turpis a pede posuere nonummy. Integer non velit.,39927,12,4
Drawer,"Integer aliquet, massa id lobortis convallis, tortor risus dapibus augue, vel accumsan tellus nisi eu orci. Mauris lacinia sapien quis libero. Nullam sit amet turpis elementum ligula vehicula consequat. Morbi a ipsum. Integer a nibh.",15960,46,4
Wall Decor,In hac habitasse platea dictumst. Maecenas ut massa quis augue luctus tincidunt. Nulla mollis molestie lorem. Quisque ut erat.,373,18,4
Wood Chair,"Nam nulla. Integer pede justo, lacinia eget, tincidunt eget, tempus vel, pede. Morbi porttitor lorem id ligula. Suspendisse ornare consequat lectus.",10468,1,3
Dining Table,"Morbi non lectus. Aliquam sit amet diam in magna bibendum imperdiet. Nullam orci pede, venenatis non, sodales sed, tincidunt eu, felis. Fusce posuere felis sed lacus.",35750,21,1
Wood Shelf,Duis consequat dui nec nisi volutpat eleifend.,6279,36,3
Bed Frame,Proin at turpis a pede posuere nonummy.,21478,43,2
Cabinet,Vivamus vel nulla eget eros elementum pellentesque. Quisque porta volutpat erat.,3012,38,4
Coffee Table,In congue. Etiam justo. Etiam pretium iaculis justo.,14996,12,5
Wood Lamp,"Vestibulum sed magna at nunc commodo placerat. Praesent blandit. Nam nulla. Integer pede justo, lacinia eget, tincidunt eget, tempus vel, pede. Morbi porttitor lorem id ligula.",8285,45,2
Bench,"Nullam orci pede, venenatis non, sodales sed, tincidunt eu, felis. Fusce posuere felis sed lacus. Morbi sem mauris, laoreet ut, rhoncus aliquet, pulvinar sed, nisl. Nunc rhoncus dui vel sem. Sed sagittis.",47811,4,5
Drawer,Phasellus sit amet erat. Nulla tempus. Vivamus in felis eu sapien cursus vestibulum. Proin eu mi.,46034,35,5
Wall Decor,"Praesent lectus. Vestibulum quam sapien, varius ut, blandit non, interdum in, ante. Vestibulum ante ipsum primis in faucibus orci luctus et ultrices posuere cubilia Curae; Duis faucibus accumsan odio. Curabitur convallis. Duis consequat dui nec nisi volutpat eleifend.",31223,21,2
Wood Chair,"Quisque id justo sit amet sapien dignissim vestibulum. Vestibulum ante ipsum primis in faucibus orci luctus et ultrices posuere cubilia Curae; Nulla dapibus dolor vel est. Donec odio justo, sollicitudin ut, suscipit a, feugiat et, eros. Vestibulum ac est lacinia nisi venenatis tristique. Fusce congue, diam id ornare imperdiet, sapien urna pretium nisl, ut volutpat sapien arcu sed augue.",21641,34,3
Dining Table,Suspendisse potenti. In eleifend quam a odio. In hac habitasse platea dictumst.,27698,42,1
Wood Shelf,"Morbi porttitor lorem id ligula. Suspendisse ornare consequat lectus. In est risus, auctor sed, tristique in, tempus sit amet, sem. Fusce consequat.",29366,16,1
Bed Frame,"Phasellus in felis. Donec semper sapien a libero. Nam dui. Proin leo odio, porttitor id, consequat in, consequat ut, nulla.",21723,29,2
Cabinet,"Duis bibendum, felis sed interdum venenatis, turpis enim blandit mi, in porttitor pede justo eu massa.",3263,7,4
Coffee Table,"Nam ultrices, libero non mattis pulvinar, nulla pede ullamcorper augue, a suscipit nulla elit ac nulla. Sed vel enim sit amet nunc viverra dapibus. Nulla suscipit ligula in lacus. Curabitur at ipsum ac tellus semper interdum.",40582,43,1
Wood Lamp,"Integer non velit. Donec diam neque, vestibulum eget, vulputate ut, ultrices vel, augue. Vestibulum ante ipsum primis in faucibus orci luctus et ultrices posuere cubilia Curae; Donec pharetra, magna vestibulum aliquet ultrices, erat tortor sollicitudin mi, sit amet lobortis sapien sapien non mi. Integer ac neque. Duis bibendum.",32250,34,5
Bench,Vestibulum ante ipsum primis in faucibus orci luctus et ultrices posuere cubilia Curae; Duis faucibus accumsan odio. Curabitur convallis. Duis consequat dui nec nisi volutpat eleifend. Donec ut dolor. Morbi vel lectus in quam fringilla rhoncus.,47642,39,3
Drawer,"Phasellus id sapien in sapien iaculis congue. Vivamus metus arcu, adipiscing molestie, hendrerit at, vulputate vitae, nisl. Aenean lectus.",10663,47,1
Wall Decor,Mauris sit amet eros. Suspendisse accumsan tortor quis turpis. Sed ante.,38821,47,1
Wood Chair,"Nulla mollis molestie lorem. Quisque ut erat. Curabitur gravida nisi at nibh. In hac habitasse platea dictumst. Aliquam augue quam, sollicitudin vitae, consectetuer eget, rutrum at, lorem.",48364,38,3
Dining Table,"Fusce lacus purus, aliquet at, feugiat non, pretium quis, lectus. Suspendisse potenti. In eleifend quam a odio.",2841,28,3
Wood Shelf,Curabitur convallis. Duis consequat dui nec nisi volutpat eleifend. Donec ut dolor.,12114,17,4
Bed Frame,Aliquam non mauris. Morbi non lectus. Aliquam sit amet diam in magna bibendum imperdiet.,25614,32,4
Cabinet,"In est risus, auctor sed, tristique in, tempus sit amet, sem. Fusce consequat. Nulla nisl. Nunc nisl. Duis bibendum, felis sed interdum venenatis, turpis enim blandit mi, in porttitor pede justo eu massa.",3811,16,2
Coffee Table,In hac habitasse platea dictumst. Etiam faucibus cursus urna. Ut tellus.,7638,48,2
Wood Lamp,Curabitur in libero ut massa volutpat convallis.,29220,23,3
Bench,"Vestibulum quam sapien, varius ut, blandit non, interdum in, ante. Vestibulum ante ipsum primis in faucibus orci luctus et ultrices posuere cubilia Curae; Duis faucibus accumsan odio. Curabitur convallis. Duis consequat dui nec nisi volutpat eleifend.",17517,39,4
Drawer,"Nulla neque libero, convallis eget, eleifend luctus, ultricies eu, nibh. Quisque id justo sit amet sapien dignissim vestibulum.",46898,18,1
Wall Decor,Nulla suscipit ligula in lacus. Curabitur at ipsum ac tellus semper interdum.,34827,14,2
Wood Chair,In hac habitasse platea dictumst.,25519,32,2
Dining Table,Etiam justo. Etiam pretium iaculis justo. In hac habitasse platea dictumst. Etiam faucibus cursus urna. Ut tellus.,49992,50,1
Wood Shelf,"Nam nulla. Integer pede justo, lacinia eget, tincidunt eget, tempus vel, pede.",22198,2,2
Bed Frame,Donec quis orci eget orci vehicula condimentum. Curabitur in libero ut massa volutpat convallis.,43280,30,4
Cabinet,"Aliquam sit amet diam in magna bibendum imperdiet. Nullam orci pede, venenatis non, sodales sed, tincidunt eu, felis. Fusce posuere felis sed lacus.",38597,37,1
Coffee Table,Duis aliquam convallis nunc. Proin at turpis a pede posuere nonummy.,45013,12,2
Wood Lamp,"Vivamus in felis eu sapien cursus vestibulum. Proin eu mi. Nulla ac enim. In tempor, turpis nec euismod scelerisque, quam turpis adipiscing lorem, vitae mattis nibh ligula nec sem. Duis aliquam convallis nunc.",11823,26,3
Bench,"Ut at dolor quis odio consequat varius. Integer ac leo. Pellentesque ultrices mattis odio. Donec vitae nisi. Nam ultrices, libero non mattis pulvinar, nulla pede ullamcorper augue, a suscipit nulla elit ac nulla.",49396,2,2
Drawer,"Phasellus id sapien in sapien iaculis congue. Vivamus metus arcu, adipiscing molestie, hendrerit at, vulputate vitae, nisl. Aenean lectus. Pellentesque eget nunc. Donec quis orci eget orci vehicula condimentum.",24732,25,2
Wall Decor,"Vivamus vel nulla eget eros elementum pellentesque. Quisque porta volutpat erat. Quisque erat eros, viverra eget, congue eget, semper rutrum, nulla.",43812,9,1
Wood Chair,Vivamus in felis eu sapien cursus vestibulum. Proin eu mi.,2053,42,3
Dining Table,"Morbi sem mauris, laoreet ut, rhoncus aliquet, pulvinar sed, nisl. Nunc rhoncus dui vel sem. Sed sagittis.",11648,49,4
Wood Shelf,Suspendisse potenti. Nullam porttitor lacus at turpis.,23733,15,1
Bed Frame,Mauris lacinia sapien quis libero. Nullam sit amet turpis elementum ligula vehicula consequat. Morbi a ipsum. Integer a nibh. In quis justo.,34970,33,3
Cabinet,Suspendisse accumsan tortor quis turpis. Sed ante. Vivamus tortor.,23202,9,4
Coffee Table,"Maecenas leo odio, condimentum id, luctus nec, molestie sed, justo. Pellentesque viverra pede ac diam. Cras pellentesque volutpat dui. Maecenas tristique, est et tempus semper, est quam pharetra magna, ac consequat metus sapien ut nunc. Vestibulum ante ipsum primis in faucibus orci luctus et ultrices posuere cubilia Curae; Mauris viverra diam vitae quam.",34722,9,1
Wood Lamp,"Duis at velit eu est congue elementum. In hac habitasse platea dictumst. Morbi vestibulum, velit id pretium iaculis, diam erat fermentum justo, nec condimentum neque sapien placerat ante. Nulla justo. Aliquam quis turpis eget elit sodales scelerisque.",33635,22,2
Bench,Praesent blandit lacinia erat. Vestibulum sed magna at nunc commodo placerat.,11408,49,2
Drawer,"Donec semper sapien a libero. Nam dui. Proin leo odio, porttitor id, consequat in, consequat ut, nulla. Sed accumsan felis.",12250,1,1
Wall Decor,Curabitur gravida nisi at nibh. In hac habitasse platea dictumst.,18488,23,2
Wood Chair,Morbi a ipsum. Integer a nibh. In quis justo.,44451,33,5
Dining Table,"Aenean auctor gravida sem. Praesent id massa id nisl venenatis lacinia. Aenean sit amet justo. Morbi ut odio. Cras mi pede, malesuada in, imperdiet et, commodo vulputate, justo.",21844,11,1
Wood Shelf,"Sed vel enim sit amet nunc viverra dapibus. Nulla suscipit ligula in lacus. Curabitur at ipsum ac tellus semper interdum. Mauris ullamcorper purus sit amet nulla. Quisque arcu libero, rutrum ac, lobortis vel, dapibus at, diam.",6243,42,1
Bed Frame,"Nulla ac enim. In tempor, turpis nec euismod scelerisque, quam turpis adipiscing lorem, vitae mattis nibh ligula nec sem. Duis aliquam convallis nunc. Proin at turpis a pede posuere nonummy. Integer non velit.",25342,10,2
Cabinet,Donec posuere metus vitae ipsum. Aliquam non mauris. Morbi non lectus.,46030,32,1
Coffee Table,In eleifend quam a odio. In hac habitasse platea dictumst.,48789,11,5
Wood Lamp,Integer tincidunt ante vel ipsum. Praesent blandit lacinia erat. Vestibulum sed magna at nunc commodo placerat. Praesent blandit. Nam nulla.,20985,13,2
Bench,"Donec diam neque, vestibulum eget, vulputate ut, ultrices vel, augue. Vestibulum ante ipsum primis in faucibus orci luctus et ultrices posuere cubilia Curae; Donec pharetra, magna vestibulum aliquet ultrices, erat tortor sollicitudin mi, sit amet lobortis sapien sapien non mi. Integer ac neque.",22005,24,2
Drawer,"In hac habitasse platea dictumst. Aliquam augue quam, sollicitudin vitae, consectetuer eget, rutrum at, lorem. Integer tincidunt ante vel ipsum. Praesent blandit lacinia erat. Vestibulum sed magna at nunc commodo placerat.",29006,8,3
Wall Decor,"Morbi odio odio, elementum eu, interdum eu, tincidunt in, leo. Maecenas pulvinar lobortis est. Phasellus sit amet erat. Nulla tempus.",11303,22,4
Wood Chair,Etiam faucibus cursus urna. Ut tellus. Nulla ut erat id mauris vulputate elementum.,881,23,2
Dining Table,"In blandit ultrices enim. Lorem ipsum dolor sit amet, consectetuer adipiscing elit. Proin interdum mauris non ligula pellentesque ultrices. Phasellus id sapien in sapien iaculis congue.",25512,11,4
Wood Shelf,"Duis ac nibh. Fusce lacus purus, aliquet at, feugiat non, pretium quis, lectus. Suspendisse potenti. In eleifend quam a odio.",22736,38,2
Bed Frame,"Cum sociis natoque penatibus et magnis dis parturient montes, nascetur ridiculus mus.",36148,14,3
Cabinet,"Aliquam non mauris. Morbi non lectus. Aliquam sit amet diam in magna bibendum imperdiet. Nullam orci pede, venenatis non, sodales sed, tincidunt eu, felis. Fusce posuere felis sed lacus.",1412,9,3
Coffee Table,Vivamus vel nulla eget eros elementum pellentesque.,42279,41,3
Wood Lamp,Vivamus tortor. Duis mattis egestas metus. Aenean fermentum.,20939,35,2
Bench,Vivamus in felis eu sapien cursus vestibulum. Proin eu mi. Nulla ac enim.,48629,29,4
Drawer,"Suspendisse potenti. Cras in purus eu magna vulputate luctus. Cum sociis natoque penatibus et magnis dis parturient montes, nascetur ridiculus mus.",33420,42,3
Wall Decor,"Morbi sem mauris, laoreet ut, rhoncus aliquet, pulvinar sed, nisl.",37606,9,2
Wood Chair,"In tempor, turpis nec euismod scelerisque, quam turpis adipiscing lorem, vitae mattis nibh ligula nec sem. Duis aliquam convallis nunc. Proin at turpis a pede posuere nonummy. Integer non velit.",29800,14,1
Dining Table,"Vivamus in felis eu sapien cursus vestibulum. Proin eu mi. Nulla ac enim. In tempor, turpis nec euismod scelerisque, quam turpis adipiscing lorem, vitae mattis nibh ligula nec sem.",1446,6,2
Wood Shelf,Suspendisse potenti. Nullam porttitor lacus at turpis.,35050,41,3
Bed Frame,Maecenas tincidunt lacus at velit. Vivamus vel nulla eget eros elementum pellentesque. Quisque porta volutpat erat.,804,45,1
Cabinet,Aliquam non mauris.,22949,32,2
Coffee Table,In hac habitasse platea dictumst.,42439,18,1
Wood Lamp,Fusce consequat. Nulla nisl.,37129,2,3
Bench,In eleifend quam a odio. In hac habitasse platea dictumst. Maecenas ut massa quis augue luctus tincidunt. Nulla mollis molestie lorem. Quisque ut erat.,17166,37,5
Drawer,Sed ante. Vivamus tortor. Duis mattis egestas metus. Aenean fermentum.,16224,42,3
Wall Decor,"Morbi vel lectus in quam fringilla rhoncus. Mauris enim leo, rhoncus sed, vestibulum sit amet, cursus id, turpis.",25820,2,3
Wood Chair,"Pellentesque ultrices mattis odio. Donec vitae nisi. Nam ultrices, libero non mattis pulvinar, nulla pede ullamcorper augue, a suscipit nulla elit ac nulla. Sed vel enim sit amet nunc viverra dapibus. Nulla suscipit ligula in lacus.",24419,24,5
Dining Table,"Morbi odio odio, elementum eu, interdum eu, tincidunt in, leo. Maecenas pulvinar lobortis est. Phasellus sit amet erat. Nulla tempus. Vivamus in felis eu sapien cursus vestibulum.",21310,27,3
Wood Shelf,"Duis bibendum, felis sed interdum venenatis, turpis enim blandit mi, in porttitor pede justo eu massa. Donec dapibus. Duis at velit eu est congue elementum. In hac habitasse platea dictumst.",43290,2,4
Bed Frame,"Quisque id justo sit amet sapien dignissim vestibulum. Vestibulum ante ipsum primis in faucibus orci luctus et ultrices posuere cubilia Curae; Nulla dapibus dolor vel est. Donec odio justo, sollicitudin ut, suscipit a, feugiat et, eros. Vestibulum ac est lacinia nisi venenatis tristique.",5868,36,1
Cabinet,"Fusce posuere felis sed lacus. Morbi sem mauris, laoreet ut, rhoncus aliquet, pulvinar sed, nisl. Nunc rhoncus dui vel sem.",24612,31,2
Coffee Table,Proin risus.,12945,26,2
Wood Lamp,"Integer pede justo, lacinia eget, tincidunt eget, tempus vel, pede. Morbi porttitor lorem id ligula. Suspendisse ornare consequat lectus. In est risus, auctor sed, tristique in, tempus sit amet, sem.",27128,29,5
Bench,Quisque ut erat. Curabitur gravida nisi at nibh. In hac habitasse platea dictumst.,8497,42,1
Drawer,Integer a nibh. In quis justo. Maecenas rhoncus aliquam lacus. Morbi quis tortor id nulla ultrices aliquet.,38284,40,2
Wall Decor,"Cum sociis natoque penatibus et magnis dis parturient montes, nascetur ridiculus mus. Vivamus vestibulum sagittis sapien.",42290,34,4
Wood Chair,"In hac habitasse platea dictumst. Morbi vestibulum, velit id pretium iaculis, diam erat fermentum justo, nec condimentum neque sapien placerat ante. Nulla justo.",25952,34,5
Dining Table,Nullam sit amet turpis elementum ligula vehicula consequat. Morbi a ipsum.,36373,46,4
Wood Shelf,"Suspendisse ornare consequat lectus. In est risus, auctor sed, tristique in, tempus sit amet, sem.",39909,36,2
Bed Frame,"In tempor, turpis nec euismod scelerisque, quam turpis adipiscing lorem, vitae mattis nibh ligula nec sem. Duis aliquam convallis nunc. Proin at turpis a pede posuere nonummy. Integer non velit. Donec diam neque, vestibulum eget, vulputate ut, ultrices vel, augue.",47703,8,5
Cabinet,Phasellus sit amet erat. Nulla tempus. Vivamus in felis eu sapien cursus vestibulum. Proin eu mi. Nulla ac enim.,33836,2,1
Coffee Table,"Vestibulum quam sapien, varius ut, blandit non, interdum in, ante. Vestibulum ante ipsum primis in faucibus orci luctus et ultrices posuere cubilia Curae; Duis faucibus accumsan odio. Curabitur convallis. Duis consequat dui nec nisi volutpat eleifend. Donec ut dolor.",45651,3,2
Wood Lamp,"In blandit ultrices enim. Lorem ipsum dolor sit amet, consectetuer adipiscing elit. Proin interdum mauris non ligula pellentesque ultrices.",41253,14,2
Bench,"Fusce lacus purus, aliquet at, feugiat non, pretium quis, lectus. Suspendisse potenti.",41349,46,4
Drawer,"Vestibulum ante ipsum primis in faucibus orci luctus et ultrices posuere cubilia Curae; Donec pharetra, magna vestibulum aliquet ultrices, erat tortor sollicitudin mi, sit amet lobortis sapien sapien non mi. Integer ac neque. Duis bibendum. Morbi non quam nec dui luctus rutrum. Nulla tellus.",12783,42,5
Wall Decor,Nulla justo. Aliquam quis turpis eget elit sodales scelerisque. Mauris sit amet eros. Suspendisse accumsan tortor quis turpis. Sed ante.,36965,8,1
Wood Chair,"Curabitur in libero ut massa volutpat convallis. Morbi odio odio, elementum eu, interdum eu, tincidunt in, leo.",21054,39,5
Dining Table,Duis bibendum. Morbi non quam nec dui luctus rutrum. Nulla tellus. In sagittis dui vel nisl. Duis ac nibh.,46894,44,4
Wood Shelf,Morbi a ipsum. Integer a nibh. In quis justo. Maecenas rhoncus aliquam lacus. Morbi quis tortor id nulla ultrices aliquet.,47888,9,5
Bed Frame,Donec posuere metus vitae ipsum. Aliquam non mauris. Morbi non lectus.,5225,15,3
Cabinet,Vestibulum ante ipsum primis in faucibus orci luctus et ultrices posuere cubilia Curae; Mauris viverra diam vitae quam. Suspendisse potenti. Nullam porttitor lacus at turpis. Donec posuere metus vitae ipsum.,19196,18,1
Coffee Table,Cras non velit nec nisi vulputate nonummy. Maecenas tincidunt lacus at velit. Vivamus vel nulla eget eros elementum pellentesque. Quisque porta volutpat erat.,5930,6,4
Wood Lamp,"Donec vitae nisi. Nam ultrices, libero non mattis pulvinar, nulla pede ullamcorper augue, a suscipit nulla elit ac nulla. Sed vel enim sit amet nunc viverra dapibus. Nulla suscipit ligula in lacus. Curabitur at ipsum ac tellus semper interdum.",32021,22,4
Bench,"Donec semper sapien a libero. Nam dui. Proin leo odio, porttitor id, consequat in, consequat ut, nulla. Sed accumsan felis.",46882,4,3
Drawer,Donec ut dolor.,28526,18,5
Wall Decor,"Donec odio justo, sollicitudin ut, suscipit a, feugiat et, eros. Vestibulum ac est lacinia nisi venenatis tristique. Fusce congue, diam id ornare imperdiet, sapien urna pretium nisl, ut volutpat sapien arcu sed augue. Aliquam erat volutpat.",3760,10,4
Wood Chair,Suspendisse potenti.,30891,37,1
Dining Table,Integer ac leo.,16909,37,5
Wood Shelf,Aenean auctor gravida sem.,23488,30,4
Bed Frame,Vestibulum rutrum rutrum neque. Aenean auctor gravida sem. Praesent id massa id nisl venenatis lacinia. Aenean sit amet justo. Morbi ut odio.,46765,25,3
Cabinet,"Nullam orci pede, venenatis non, sodales sed, tincidunt eu, felis.",20453,29,2
Coffee Table,"Morbi vestibulum, velit id pretium iaculis, diam erat fermentum justo, nec condimentum neque sapien placerat ante. Nulla justo. Aliquam quis turpis eget elit sodales scelerisque.",5575,9,1
Wood Lamp,Maecenas ut massa quis augue luctus tincidunt. Nulla mollis molestie lorem. Quisque ut erat. Curabitur gravida nisi at nibh.,41681,25,3
Bench,Maecenas pulvinar lobortis est. Phasellus sit amet erat. Nulla tempus. Vivamus in felis eu sapien cursus vestibulum. Proin eu mi.,25310,49,4
Drawer,"Morbi porttitor lorem id ligula. Suspendisse ornare consequat lectus. In est risus, auctor sed, tristique in, tempus sit amet, sem. Fusce consequat.",35154,44,1
Wall Decor,Cras non velit nec nisi vulputate nonummy. Maecenas tincidunt lacus at velit.,7458,19,4
Wood Chair,Integer a nibh.,7385,25,5
Dining Table,Nullam molestie nibh in lectus. Pellentesque at nulla. Suspendisse potenti.,39991,1,1
Wood Shelf,Nullam porttitor lacus at turpis. Donec posuere metus vitae ipsum. Aliquam non mauris. Morbi non lectus. Aliquam sit amet diam in magna bibendum imperdiet.,3741,35,4
Bed Frame,"Proin risus. Praesent lectus. Vestibulum quam sapien, varius ut, blandit non, interdum in, ante. Vestibulum ante ipsum primis in faucibus orci luctus et ultrices posuere cubilia Curae; Duis faucibus accumsan odio.",31213,32,1
Cabinet,"Mauris ullamcorper purus sit amet nulla. Quisque arcu libero, rutrum ac, lobortis vel, dapibus at, diam.",19070,5,5
Coffee Table,Curabitur at ipsum ac tellus semper interdum.,4397,12,3
Wood Lamp,Suspendisse potenti. Nullam porttitor lacus at turpis. Donec posuere metus vitae ipsum. Aliquam non mauris. Morbi non lectus.,2649,19,4
Bench,"Fusce lacus purus, aliquet at, feugiat non, pretium quis, lectus.",14158,41,4
Drawer,"Nam dui. Proin leo odio, porttitor id, consequat in, consequat ut, nulla. Sed accumsan felis. Ut at dolor quis odio consequat varius.",3431,4,5
Wall Decor,Duis aliquam convallis nunc. Proin at turpis a pede posuere nonummy. Integer non velit.,2638,27,2
Wood Chair,"Nullam orci pede, venenatis non, sodales sed, tincidunt eu, felis. Fusce posuere felis sed lacus.",20677,5,2
Dining Table,Proin at turpis a pede posuere nonummy. Integer non velit.,34248,9,2
Wood Shelf,"Donec diam neque, vestibulum eget, vulputate ut, ultrices vel, augue.",24805,18,2
Bed Frame,Etiam faucibus cursus urna. Ut tellus. Nulla ut erat id mauris vulputate elementum. Nullam varius.,18975,4,1
Cabinet,Mauris sit amet eros. Suspendisse accumsan tortor quis turpis. Sed ante.,34479,18,2
Coffee Table,Aenean lectus. Pellentesque eget nunc. Donec quis orci eget orci vehicula condimentum.,43439,19,4
Wood Lamp,"Aliquam non mauris. Morbi non lectus. Aliquam sit amet diam in magna bibendum imperdiet. Nullam orci pede, venenatis non, sodales sed, tincidunt eu, felis. Fusce posuere felis sed lacus.",20826,47,4
Bench,Etiam pretium iaculis justo.,16076,16,1
Drawer,"Morbi quis tortor id nulla ultrices aliquet. Maecenas leo odio, condimentum id, luctus nec, molestie sed, justo. Pellentesque viverra pede ac diam. Cras pellentesque volutpat dui.",21242,23,2
Wall Decor,"Quisque erat eros, viverra eget, congue eget, semper rutrum, nulla. Nunc purus.",39914,28,5
Wood Chair,Suspendisse accumsan tortor quis turpis. Sed ante.,37072,12,1
Dining Table,Vivamus tortor. Duis mattis egestas metus. Aenean fermentum.,13772,26,5
Wood Shelf,"In hac habitasse platea dictumst. Aliquam augue quam, sollicitudin vitae, consectetuer eget, rutrum at, lorem. Integer tincidunt ante vel ipsum. Praesent blandit lacinia erat.",19752,2,2
Bed Frame,"Duis consequat dui nec nisi volutpat eleifend. Donec ut dolor. Morbi vel lectus in quam fringilla rhoncus. Mauris enim leo, rhoncus sed, vestibulum sit amet, cursus id, turpis.",20419,39,1
Cabinet,"Aliquam non mauris. Morbi non lectus. Aliquam sit amet diam in magna bibendum imperdiet. Nullam orci pede, venenatis non, sodales sed, tincidunt eu, felis.",34068,16,3
Coffee Table,Vestibulum ante ipsum primis in faucibus orci luctus et ultrices posuere cubilia Curae; Duis faucibus accumsan odio. Curabitur convallis. Duis consequat dui nec nisi volutpat eleifend.,49370,9,2
Wood Lamp,"Donec ut dolor. Morbi vel lectus in quam fringilla rhoncus. Mauris enim leo, rhoncus sed, vestibulum sit amet, cursus id, turpis. Integer aliquet, massa id lobortis convallis, tortor risus dapibus augue, vel accumsan tellus nisi eu orci. Mauris lacinia sapien quis libero.",22091,44,3
Bench,Sed vel enim sit amet nunc viverra dapibus. Nulla suscipit ligula in lacus.,41820,50,2
Drawer,"Nulla neque libero, convallis eget, eleifend luctus, ultricies eu, nibh. Quisque id justo sit amet sapien dignissim vestibulum. Vestibulum ante ipsum primis in faucibus orci luctus et ultrices posuere cubilia Curae; Nulla dapibus dolor vel est.",45515,10,4
Wall Decor,"Pellentesque at nulla. Suspendisse potenti. Cras in purus eu magna vulputate luctus. Cum sociis natoque penatibus et magnis dis parturient montes, nascetur ridiculus mus.",29039,46,5
Wood Chair,Donec posuere metus vitae ipsum. Aliquam non mauris.,361,29,5
Dining Table,In congue. Etiam justo. Etiam pretium iaculis justo. In hac habitasse platea dictumst. Etiam faucibus cursus urna.,38291,24,4
Wood Shelf,"Nunc nisl. Duis bibendum, felis sed interdum venenatis, turpis enim blandit mi, in porttitor pede justo eu massa. Donec dapibus. Duis at velit eu est congue elementum.",21416,23,5
Bed Frame,Nullam molestie nibh in lectus. Pellentesque at nulla.,23477,30,4
Cabinet,"Duis bibendum, felis sed interdum venenatis, turpis enim blandit mi, in porttitor pede justo eu massa. Donec dapibus. Duis at velit eu est congue elementum. In hac habitasse platea dictumst. Morbi vestibulum, velit id pretium iaculis, diam erat fermentum justo, nec condimentum neque sapien placerat ante.",30565,48,5
Coffee Table,Nullam porttitor lacus at turpis. Donec posuere metus vitae ipsum. Aliquam non mauris. Morbi non lectus. Aliquam sit amet diam in magna bibendum imperdiet.,24850,15,2
Wood Lamp,"Morbi ut odio. Cras mi pede, malesuada in, imperdiet et, commodo vulputate, justo. In blandit ultrices enim. Lorem ipsum dolor sit amet, consectetuer adipiscing elit.",23824,22,3
Bench,Donec dapibus.,3104,22,4
Drawer,"Cum sociis natoque penatibus et magnis dis parturient montes, nascetur ridiculus mus. Vivamus vestibulum sagittis sapien. Cum sociis natoque penatibus et magnis dis parturient montes, nascetur ridiculus mus. Etiam vel augue.",18338,23,4
Wall Decor,"Sed sagittis. Nam congue, risus semper porta volutpat, quam pede lobortis ligula, sit amet eleifend pede libero quis orci. Nullam molestie nibh in lectus. Pellentesque at nulla. Suspendisse potenti.",39874,24,5
Wood Chair,Vestibulum ante ipsum primis in faucibus orci luctus et ultrices posuere cubilia Curae; Nulla dapibus dolor vel est.,33250,45,4
Dining Table,"Donec diam neque, vestibulum eget, vulputate ut, ultrices vel, augue. Vestibulum ante ipsum primis in faucibus orci luctus et ultrices posuere cubilia Curae; Donec pharetra, magna vestibulum aliquet ultrices, erat tortor sollicitudin mi, sit amet lobortis sapien sapien non mi. Integer ac neque. Duis bibendum. Morbi non quam nec dui luctus rutrum.",46605,19,2
Wood Shelf,Phasellus in felis.,36700,15,4
Bed Frame,"Morbi vestibulum, velit id pretium iaculis, diam erat fermentum justo, nec condimentum neque sapien placerat ante.",20098,44,5
Cabinet,Ut at dolor quis odio consequat varius. Integer ac leo. Pellentesque ultrices mattis odio. Donec vitae nisi.,13739,17,5
Coffee Table,Donec quis orci eget orci vehicula condimentum. Curabitur in libero ut massa volutpat convallis.,34136,16,2
Wood Lamp,"Fusce congue, diam id ornare imperdiet, sapien urna pretium nisl, ut volutpat sapien arcu sed augue. Aliquam erat volutpat. In congue. Etiam justo.",43258,40,5
Bench,In hac habitasse platea dictumst. Etiam faucibus cursus urna. Ut tellus.,25215,14,1
Drawer,Vestibulum rutrum rutrum neque. Aenean auctor gravida sem. Praesent id massa id nisl venenatis lacinia. Aenean sit amet justo. Morbi ut odio.,19969,20,4
Wall Decor,"Proin at turpis a pede posuere nonummy. Integer non velit. Donec diam neque, vestibulum eget, vulputate ut, ultrices vel, augue. Vestibulum ante ipsum primis in faucibus orci luctus et ultrices posuere cubilia Curae; Donec pharetra, magna vestibulum aliquet ultrices, erat tortor sollicitudin mi, sit amet lobortis sapien sapien non mi.",26584,35,3
Wood Chair,"Duis ac nibh. Fusce lacus purus, aliquet at, feugiat non, pretium quis, lectus.",43235,1,1
Dining Table,"Proin at turpis a pede posuere nonummy. Integer non velit. Donec diam neque, vestibulum eget, vulputate ut, ultrices vel, augue. Vestibulum ante ipsum primis in faucibus orci luctus et ultrices posuere cubilia Curae; Donec pharetra, magna vestibulum aliquet ultrices, erat tortor sollicitudin mi, sit amet lobortis sapien sapien non mi.",37701,27,3
Wood Shelf,"Fusce congue, diam id ornare imperdiet, sapien urna pretium nisl, ut volutpat sapien arcu sed augue.",14123,11,5
Bed Frame,Nulla nisl.,45356,9,5
Cabinet,"Fusce posuere felis sed lacus. Morbi sem mauris, laoreet ut, rhoncus aliquet, pulvinar sed, nisl. Nunc rhoncus dui vel sem.",27211,30,3
Coffee Table,"Cum sociis natoque penatibus et magnis dis parturient montes, nascetur ridiculus mus.",13316,22,2
Wood Lamp,"Curabitur convallis. Duis consequat dui nec nisi volutpat eleifend. Donec ut dolor. Morbi vel lectus in quam fringilla rhoncus. Mauris enim leo, rhoncus sed, vestibulum sit amet, cursus id, turpis.",18136,9,2
Bench,"Vivamus metus arcu, adipiscing molestie, hendrerit at, vulputate vitae, nisl. Aenean lectus.",11336,5,3
Drawer,"Proin interdum mauris non ligula pellentesque ultrices. Phasellus id sapien in sapien iaculis congue. Vivamus metus arcu, adipiscing molestie, hendrerit at, vulputate vitae, nisl.",24813,29,1
Wall Decor,"Cras non velit nec nisi vulputate nonummy. Maecenas tincidunt lacus at velit. Vivamus vel nulla eget eros elementum pellentesque. Quisque porta volutpat erat. Quisque erat eros, viverra eget, congue eget, semper rutrum, nulla.",11124,17,1
Wood Chair,"Sed sagittis. Nam congue, risus semper porta volutpat, quam pede lobortis ligula, sit amet eleifend pede libero quis orci. Nullam molestie nibh in lectus. Pellentesque at nulla. Suspendisse potenti.",8161,12,1
Dining Table,"Duis ac nibh. Fusce lacus purus, aliquet at, feugiat non, pretium quis, lectus.",46801,13,2
Wood Shelf,Vestibulum sed magna at nunc commodo placerat.,44932,43,3
Bed Frame,Nulla ut erat id mauris vulputate elementum. Nullam varius.,11993,37,1
Cabinet,"Nullam orci pede, venenatis non, sodales sed, tincidunt eu, felis. Fusce posuere felis sed lacus. Morbi sem mauris, laoreet ut, rhoncus aliquet, pulvinar sed, nisl. Nunc rhoncus dui vel sem. Sed sagittis.",40181,24,3
Coffee Table,"Lorem ipsum dolor sit amet, consectetuer adipiscing elit. Proin risus.",46411,6,3
Wood Lamp,"Aenean sit amet justo. Morbi ut odio. Cras mi pede, malesuada in, imperdiet et, commodo vulputate, justo.",472,39,5
Bench,"In blandit ultrices enim. Lorem ipsum dolor sit amet, consectetuer adipiscing elit. Proin interdum mauris non ligula pellentesque ultrices. Phasellus id sapien in sapien iaculis congue. Vivamus metus arcu, adipiscing molestie, hendrerit at, vulputate vitae, nisl.",41100,5,3
Drawer,"Suspendisse potenti. Cras in purus eu magna vulputate luctus. Cum sociis natoque penatibus et magnis dis parturient montes, nascetur ridiculus mus. Vivamus vestibulum sagittis sapien.",43407,34,1
Wall Decor,Praesent id massa id nisl venenatis lacinia.,3507,45,2
Wood Chair,Vestibulum ante ipsum primis in faucibus orci luctus et ultrices posuere cubilia Curae; Duis faucibus accumsan odio.,43609,13,2
Dining Table,"Proin eu mi. Nulla ac enim. In tempor, turpis nec euismod scelerisque, quam turpis adipiscing lorem, vitae mattis nibh ligula nec sem.",5292,15,4
Wood Shelf,"Nam congue, risus semper porta volutpat, quam pede lobortis ligula, sit amet eleifend pede libero quis orci. Nullam molestie nibh in lectus. Pellentesque at nulla. Suspendisse potenti. Cras in purus eu magna vulputate luctus.",21163,44,4
Bed Frame,"Duis at velit eu est congue elementum. In hac habitasse platea dictumst. Morbi vestibulum, velit id pretium iaculis, diam erat fermentum justo, nec condimentum neque sapien placerat ante. Nulla justo. Aliquam quis turpis eget elit sodales scelerisque.",9527,40,5
Cabinet,In eleifend quam a odio. In hac habitasse platea dictumst.,20593,43,3
Coffee Table,Pellentesque eget nunc. Donec quis orci eget orci vehicula condimentum.,47268,34,4
Wood Lamp,"Donec quis orci eget orci vehicula condimentum. Curabitur in libero ut massa volutpat convallis. Morbi odio odio, elementum eu, interdum eu, tincidunt in, leo. Maecenas pulvinar lobortis est. Phasellus sit amet erat.",38381,21,1
Bench,Nulla facilisi. Cras non velit nec nisi vulputate nonummy.,1112,9,4
Drawer,Sed vel enim sit amet nunc viverra dapibus. Nulla suscipit ligula in lacus. Curabitur at ipsum ac tellus semper interdum.,32250,41,4
Wall Decor,Maecenas tincidunt lacus at velit.,19058,29,3
Wood Chair,Nulla tellus.,436,11,3
Dining Table,"Vestibulum ac est lacinia nisi venenatis tristique. Fusce congue, diam id ornare imperdiet, sapien urna pretium nisl, ut volutpat sapien arcu sed augue. Aliquam erat volutpat.",12852,24,5
Wood Shelf,Duis at velit eu est congue elementum. In hac habitasse platea dictumst.,15433,23,2
Bed Frame,Aenean lectus. Pellentesque eget nunc. Donec quis orci eget orci vehicula condimentum. Curabitur in libero ut massa volutpat convallis.,23903,17,5
Cabinet,Duis consequat dui nec nisi volutpat eleifend. Donec ut dolor. Morbi vel lectus in quam fringilla rhoncus.,23774,8,1
Coffee Table,Etiam vel augue. Vestibulum rutrum rutrum neque.,13536,47,4
Wood Lamp,"Nunc nisl. Duis bibendum, felis sed interdum venenatis, turpis enim blandit mi, in porttitor pede justo eu massa. Donec dapibus. Duis at velit eu est congue elementum.",6769,50,1
Bench,Vivamus vel nulla eget eros elementum pellentesque. Quisque porta volutpat erat.,27927,1,4
Drawer,"Nam congue, risus semper porta volutpat, quam pede lobortis ligula, sit amet eleifend pede libero quis orci.",49468,24,4
Wall Decor,Duis bibendum.,10658,27,5
Wood Chair,"Lorem ipsum dolor sit amet, consectetuer adipiscing elit.",3310,29,4
Dining Table,"Nulla nisl. Nunc nisl. Duis bibendum, felis sed interdum venenatis, turpis enim blandit mi, in porttitor pede justo eu massa. Donec dapibus. Duis at velit eu est congue elementum.",17312,8,1
Wood Shelf,Sed accumsan felis. Ut at dolor quis odio consequat varius.,28201,22,1
Bed Frame,"Suspendisse ornare consequat lectus. In est risus, auctor sed, tristique in, tempus sit amet, sem. Fusce consequat.",23917,16,3
Cabinet,"Cum sociis natoque penatibus et magnis dis parturient montes, nascetur ridiculus mus.",17445,48,2
Coffee Table,In congue. Etiam justo. Etiam pretium iaculis justo. In hac habitasse platea dictumst.,15699,40,1
Wood Lamp,"Nam congue, risus semper porta volutpat, quam pede lobortis ligula, sit amet eleifend pede libero quis orci. Nullam molestie nibh in lectus.",23636,49,5
Bench,In hac habitasse platea dictumst. Maecenas ut massa quis augue luctus tincidunt. Nulla mollis molestie lorem. Quisque ut erat.,47074,11,5
Drawer,"In hac habitasse platea dictumst. Morbi vestibulum, velit id pretium iaculis, diam erat fermentum justo, nec condimentum neque sapien placerat ante. Nulla justo. Aliquam quis turpis eget elit sodales scelerisque.",42773,47,3
Wall Decor,"Aliquam augue quam, sollicitudin vitae, consectetuer eget, rutrum at, lorem. Integer tincidunt ante vel ipsum.",12027,43,5
Wood Chair,Etiam justo. Etiam pretium iaculis justo. In hac habitasse platea dictumst. Etiam faucibus cursus urna. Ut tellus.,8286,25,1
Dining Table,Integer a nibh. In quis justo. Maecenas rhoncus aliquam lacus. Morbi quis tortor id nulla ultrices aliquet.,40753,7,1
Wood Shelf,Duis mattis egestas metus. Aenean fermentum.,24813,22,1
Bed Frame,Nunc purus.,875,16,2
Cabinet,"Vivamus vestibulum sagittis sapien. Cum sociis natoque penatibus et magnis dis parturient montes, nascetur ridiculus mus. Etiam vel augue. Vestibulum rutrum rutrum neque. Aenean auctor gravida sem.",22031,3,3
Coffee Table,"Vestibulum ante ipsum primis in faucibus orci luctus et ultrices posuere cubilia Curae; Nulla dapibus dolor vel est. Donec odio justo, sollicitudin ut, suscipit a, feugiat et, eros. Vestibulum ac est lacinia nisi venenatis tristique. Fusce congue, diam id ornare imperdiet, sapien urna pretium nisl, ut volutpat sapien arcu sed augue.",4573,23,1
Wood Lamp,In hac habitasse platea dictumst.,3675,13,2
Bench,Sed vel enim sit amet nunc viverra dapibus. Nulla suscipit ligula in lacus. Curabitur at ipsum ac tellus semper interdum.,10064,11,3
Drawer,"Vestibulum sed magna at nunc commodo placerat. Praesent blandit. Nam nulla. Integer pede justo, lacinia eget, tincidunt eget, tempus vel, pede.",18895,45,4
Wall Decor,Curabitur gravida nisi at nibh. In hac habitasse platea dictumst.,36207,38,5
Wood Chair,Aliquam erat volutpat. In congue.,33833,50,1
Dining Table,"In quis justo. Maecenas rhoncus aliquam lacus. Morbi quis tortor id nulla ultrices aliquet. Maecenas leo odio, condimentum id, luctus nec, molestie sed, justo.",48549,10,4
Wood Shelf,"Proin interdum mauris non ligula pellentesque ultrices. Phasellus id sapien in sapien iaculis congue. Vivamus metus arcu, adipiscing molestie, hendrerit at, vulputate vitae, nisl. Aenean lectus.",17101,42,3
Bed Frame,"Nam dui. Proin leo odio, porttitor id, consequat in, consequat ut, nulla. Sed accumsan felis. Ut at dolor quis odio consequat varius.",22461,9,3
Cabinet,"Vivamus vestibulum sagittis sapien. Cum sociis natoque penatibus et magnis dis parturient montes, nascetur ridiculus mus. Etiam vel augue.",32619,25,2
Coffee Table,Aliquam quis turpis eget elit sodales scelerisque. Mauris sit amet eros. Suspendisse accumsan tortor quis turpis. Sed ante. Vivamus tortor.,16073,5,2
Wood Lamp,Etiam pretium iaculis justo.,16042,3,3
Bench,"Maecenas tristique, est et tempus semper, est quam pharetra magna, ac consequat metus sapien ut nunc. Vestibulum ante ipsum primis in faucibus orci luctus et ultrices posuere cubilia Curae; Mauris viverra diam vitae quam.",41411,10,4
Drawer,Vivamus vel nulla eget eros elementum pellentesque.,17084,23,3
Wall Decor,Integer ac neque. Duis bibendum. Morbi non quam nec dui luctus rutrum.,875,15,5
Wood Chair,Morbi non lectus.,30796,18,1
Dining Table,Vestibulum ante ipsum primis in faucibus orci luctus et ultrices posuere cubilia Curae; Duis faucibus accumsan odio. Curabitur convallis. Duis consequat dui nec nisi volutpat eleifend.,2970,49,2
Wood Shelf,"Cum sociis natoque penatibus et magnis dis parturient montes, nascetur ridiculus mus. Etiam vel augue.",1475,20,4
Bed Frame,Phasellus sit amet erat. Nulla tempus. Vivamus in felis eu sapien cursus vestibulum. Proin eu mi. Nulla ac enim.,20425,32,4
Cabinet,"Morbi quis tortor id nulla ultrices aliquet. Maecenas leo odio, condimentum id, luctus nec, molestie sed, justo.",7319,44,5
Coffee Table,"Duis ac nibh. Fusce lacus purus, aliquet at, feugiat non, pretium quis, lectus.",21838,17,4
Wood Lamp,Etiam faucibus cursus urna. Ut tellus. Nulla ut erat id mauris vulputate elementum. Nullam varius.,10481,20,1
Bench,"Morbi ut odio. Cras mi pede, malesuada in, imperdiet et, commodo vulputate, justo. In blandit ultrices enim.",43236,18,1
Drawer,"In hac habitasse platea dictumst. Morbi vestibulum, velit id pretium iaculis, diam erat fermentum justo, nec condimentum neque sapien placerat ante.",37464,47,2
Wall Decor,"Nulla mollis molestie lorem. Quisque ut erat. Curabitur gravida nisi at nibh. In hac habitasse platea dictumst. Aliquam augue quam, sollicitudin vitae, consectetuer eget, rutrum at, lorem.",21144,50,5
Wood Chair,"Morbi vel lectus in quam fringilla rhoncus. Mauris enim leo, rhoncus sed, vestibulum sit amet, cursus id, turpis. Integer aliquet, massa id lobortis convallis, tortor risus dapibus augue, vel accumsan tellus nisi eu orci. Mauris lacinia sapien quis libero. Nullam sit amet turpis elementum ligula vehicula consequat.",37025,16,2
Dining Table,"Lorem ipsum dolor sit amet, consectetuer adipiscing elit.",35728,38,1
Wood Shelf,Maecenas ut massa quis augue luctus tincidunt. Nulla mollis molestie lorem. Quisque ut erat. Curabitur gravida nisi at nibh.,38117,14,2
Bed Frame,"Integer non velit. Donec diam neque, vestibulum eget, vulputate ut, ultrices vel, augue. Vestibulum ante ipsum primis in faucibus orci luctus et ultrices posuere cubilia Curae; Donec pharetra, magna vestibulum aliquet ultrices, erat tortor sollicitudin mi, sit amet lobortis sapien sapien non mi. Integer ac neque. Duis bibendum.",45000,32,1
Cabinet,Vestibulum ante ipsum primis in faucibus orci luctus et ultrices posuere cubilia Curae; Duis faucibus accumsan odio.,47104,17,2
Coffee Table,Curabitur convallis.,39967,18,4
Wood Lamp,Ut at dolor quis odio consequat varius. Integer ac leo.,33757,25,4
Bench,"Quisque erat eros, viverra eget, congue eget, semper rutrum, nulla. Nunc purus. Phasellus in felis. Donec semper sapien a libero.",42701,25,1
Drawer,"Morbi non lectus. Aliquam sit amet diam in magna bibendum imperdiet. Nullam orci pede, venenatis non, sodales sed, tincidunt eu, felis.",3174,31,4
Wall Decor,"Nulla neque libero, convallis eget, eleifend luctus, ultricies eu, nibh. Quisque id justo sit amet sapien dignissim vestibulum. Vestibulum ante ipsum primis in faucibus orci luctus et ultrices posuere cubilia Curae; Nulla dapibus dolor vel est. Donec odio justo, sollicitudin ut, suscipit a, feugiat et, eros. Vestibulum ac est lacinia nisi venenatis tristique.",46678,38,4
Wood Chair,"Proin eu mi. Nulla ac enim. In tempor, turpis nec euismod scelerisque, quam turpis adipiscing lorem, vitae mattis nibh ligula nec sem.",7292,26,4
Dining Table,Vivamus tortor. Duis mattis egestas metus. Aenean fermentum. Donec ut mauris eget massa tempor convallis.,8738,13,2
Wood Shelf,Curabitur gravida nisi at nibh. In hac habitasse platea dictumst.,23600,14,2
Bed Frame,Vestibulum ante ipsum primis in faucibus orci luctus et ultrices posuere cubilia Curae; Nulla dapibus dolor vel est.,44523,27,5
Cabinet,"Nulla neque libero, convallis eget, eleifend luctus, ultricies eu, nibh. Quisque id justo sit amet sapien dignissim vestibulum. Vestibulum ante ipsum primis in faucibus orci luctus et ultrices posuere cubilia Curae; Nulla dapibus dolor vel est. Donec odio justo, sollicitudin ut, suscipit a, feugiat et, eros. Vestibulum ac est lacinia nisi venenatis tristique.",46682,15,1
Coffee Table,Proin at turpis a pede posuere nonummy. Integer non velit.,26155,38,2
Wood Lamp,"Cum sociis natoque penatibus et magnis dis parturient montes, nascetur ridiculus mus.",41411,5,2
Bench,"Nulla neque libero, convallis eget, eleifend luctus, ultricies eu, nibh. Quisque id justo sit amet sapien dignissim vestibulum.",24599,43,5
Drawer,"Nam dui. Proin leo odio, porttitor id, consequat in, consequat ut, nulla. Sed accumsan felis. Ut at dolor quis odio consequat varius.",13477,2,3
Wall Decor,Phasellus id sapien in sapien iaculis congue.,38114,22,1
Wood Chair,"Aenean lectus. Pellentesque eget nunc. Donec quis orci eget orci vehicula condimentum. Curabitur in libero ut massa volutpat convallis. Morbi odio odio, elementum eu, interdum eu, tincidunt in, leo.",49382,38,4
Dining Table,"Cras pellentesque volutpat dui. Maecenas tristique, est et tempus semper, est quam pharetra magna, ac consequat metus sapien ut nunc. Vestibulum ante ipsum primis in faucibus orci luctus et ultrices posuere cubilia Curae; Mauris viverra diam vitae quam.",34402,46,5
Wood Shelf,Nulla suscipit ligula in lacus. Curabitur at ipsum ac tellus semper interdum. Mauris ullamcorper purus sit amet nulla.,36020,25,2
Bed Frame,"Morbi quis tortor id nulla ultrices aliquet. Maecenas leo odio, condimentum id, luctus nec, molestie sed, justo. Pellentesque viverra pede ac diam. Cras pellentesque volutpat dui. Maecenas tristique, est et tempus semper, est quam pharetra magna, ac consequat metus sapien ut nunc.",28614,16,2
Cabinet,Aenean sit amet justo. Morbi ut odio.,5374,17,5
Coffee Table,"Morbi vel lectus in quam fringilla rhoncus. Mauris enim leo, rhoncus sed, vestibulum sit amet, cursus id, turpis. Integer aliquet, massa id lobortis convallis, tortor risus dapibus augue, vel accumsan tellus nisi eu orci. Mauris lacinia sapien quis libero.",14628,33,4
Wood Lamp,Morbi a ipsum. Integer a nibh. In quis justo. Maecenas rhoncus aliquam lacus.,14167,14,1
Bench,"Duis mattis egestas metus. Aenean fermentum. Donec ut mauris eget massa tempor convallis. Nulla neque libero, convallis eget, eleifend luctus, ultricies eu, nibh. Quisque id justo sit amet sapien dignissim vestibulum.",30996,37,2
Drawer,Vestibulum ante ipsum primis in faucibus orci luctus et ultrices posuere cubilia Curae; Mauris viverra diam vitae quam. Suspendisse potenti. Nullam porttitor lacus at turpis.,42481,49,3
Wall Decor,"Fusce lacus purus, aliquet at, feugiat non, pretium quis, lectus. Suspendisse potenti. In eleifend quam a odio. In hac habitasse platea dictumst.",48878,45,4
Wood Chair,Sed accumsan felis.,24863,27,5
Dining Table,"Curabitur in libero ut massa volutpat convallis. Morbi odio odio, elementum eu, interdum eu, tincidunt in, leo.",8350,10,3
Wood Shelf,"Cum sociis natoque penatibus et magnis dis parturient montes, nascetur ridiculus mus.",45521,13,3
Bed Frame,"Suspendisse ornare consequat lectus. In est risus, auctor sed, tristique in, tempus sit amet, sem. Fusce consequat.",5084,46,4
Cabinet,Suspendisse potenti.,30907,40,1
Coffee Table,"Fusce congue, diam id ornare imperdiet, sapien urna pretium nisl, ut volutpat sapien arcu sed augue. Aliquam erat volutpat. In congue. Etiam justo. Etiam pretium iaculis justo.",10477,43,1
Wood Lamp,Vestibulum ante ipsum primis in faucibus orci luctus et ultrices posuere cubilia Curae; Mauris viverra diam vitae quam. Suspendisse potenti.,10254,18,3
Bench,Etiam justo. Etiam pretium iaculis justo. In hac habitasse platea dictumst. Etiam faucibus cursus urna. Ut tellus.,1144,6,3
Drawer,"Morbi ut odio. Cras mi pede, malesuada in, imperdiet et, commodo vulputate, justo. In blandit ultrices enim. Lorem ipsum dolor sit amet, consectetuer adipiscing elit.",20525,42,1
Wall Decor,"Nam ultrices, libero non mattis pulvinar, nulla pede ullamcorper augue, a suscipit nulla elit ac nulla.",33846,13,1
Wood Chair,Duis bibendum.,40432,37,3
Dining Table,"Morbi non lectus. Aliquam sit amet diam in magna bibendum imperdiet. Nullam orci pede, venenatis non, sodales sed, tincidunt eu, felis. Fusce posuere felis sed lacus.",21297,2,1
Wood Shelf,"Donec vitae nisi. Nam ultrices, libero non mattis pulvinar, nulla pede ullamcorper augue, a suscipit nulla elit ac nulla.",2477,6,3
Bed Frame,Etiam justo. Etiam pretium iaculis justo. In hac habitasse platea dictumst. Etiam faucibus cursus urna.,43925,2,3
Cabinet,Proin eu mi.,23991,25,3
Coffee Table,"Pellentesque ultrices mattis odio. Donec vitae nisi. Nam ultrices, libero non mattis pulvinar, nulla pede ullamcorper augue, a suscipit nulla elit ac nulla. Sed vel enim sit amet nunc viverra dapibus.",8173,47,5
Wood Lamp,Quisque porta volutpat erat.,49196,31,1
Bench,Etiam justo.,18735,13,4
Drawer,Vivamus in felis eu sapien cursus vestibulum. Proin eu mi.,39293,46,2
Wall Decor,"Aliquam augue quam, sollicitudin vitae, consectetuer eget, rutrum at, lorem. Integer tincidunt ante vel ipsum.",42834,41,3
Wood Chair,"In quis justo. Maecenas rhoncus aliquam lacus. Morbi quis tortor id nulla ultrices aliquet. Maecenas leo odio, condimentum id, luctus nec, molestie sed, justo. Pellentesque viverra pede ac diam.",33150,3,1
Dining Table,"Fusce lacus purus, aliquet at, feugiat non, pretium quis, lectus. Suspendisse potenti.",26023,4,3
Wood Shelf,"Integer aliquet, massa id lobortis convallis, tortor risus dapibus augue, vel accumsan tellus nisi eu orci.",22240,2,4
Bed Frame,Nullam varius. Nulla facilisi.,19362,31,5
Cabinet,Nunc nisl.,14634,41,2
Coffee Table,Quisque porta volutpat erat.,24971,38,4
Wood Lamp,Mauris sit amet eros. Suspendisse accumsan tortor quis turpis. Sed ante. Vivamus tortor. Duis mattis egestas metus.,29704,6,5
Bench,In eleifend quam a odio. In hac habitasse platea dictumst. Maecenas ut massa quis augue luctus tincidunt. Nulla mollis molestie lorem.,49994,35,1
Drawer,"Integer aliquet, massa id lobortis convallis, tortor risus dapibus augue, vel accumsan tellus nisi eu orci.",42909,2,2
Wall Decor,Nunc purus. Phasellus in felis. Donec semper sapien a libero.,42972,2,2
Wood Chair,Nullam varius. Nulla facilisi. Cras non velit nec nisi vulputate nonummy. Maecenas tincidunt lacus at velit.,11799,21,1
Dining Table,"Mauris enim leo, rhoncus sed, vestibulum sit amet, cursus id, turpis.",44025,19,5
Wood Shelf,"Donec ut mauris eget massa tempor convallis. Nulla neque libero, convallis eget, eleifend luctus, ultricies eu, nibh. Quisque id justo sit amet sapien dignissim vestibulum.",19215,43,3
Bed Frame,"Phasellus id sapien in sapien iaculis congue. Vivamus metus arcu, adipiscing molestie, hendrerit at, vulputate vitae, nisl. Aenean lectus.",47535,38,2
Cabinet,"Cras in purus eu magna vulputate luctus. Cum sociis natoque penatibus et magnis dis parturient montes, nascetur ridiculus mus. Vivamus vestibulum sagittis sapien.",25784,34,4
Coffee Table,Vivamus vel nulla eget eros elementum pellentesque.,15766,3,3
Wood Lamp,Mauris lacinia sapien quis libero. Nullam sit amet turpis elementum ligula vehicula consequat. Morbi a ipsum. Integer a nibh. In quis justo.,11352,40,4
Bench,In congue. Etiam justo. Etiam pretium iaculis justo. In hac habitasse platea dictumst.,16285,48,3
Drawer,"Pellentesque at nulla. Suspendisse potenti. Cras in purus eu magna vulputate luctus. Cum sociis natoque penatibus et magnis dis parturient montes, nascetur ridiculus mus. Vivamus vestibulum sagittis sapien.",27252,32,5
Wall Decor,"In est risus, auctor sed, tristique in, tempus sit amet, sem. Fusce consequat. Nulla nisl.",27121,25,2
Wood Chair,"In sagittis dui vel nisl. Duis ac nibh. Fusce lacus purus, aliquet at, feugiat non, pretium quis, lectus. Suspendisse potenti.",36371,46,1
Dining Table,"Phasellus in felis. Donec semper sapien a libero. Nam dui. Proin leo odio, porttitor id, consequat in, consequat ut, nulla. Sed accumsan felis.",38525,47,5
Wood Shelf,"Aenean lectus. Pellentesque eget nunc. Donec quis orci eget orci vehicula condimentum. Curabitur in libero ut massa volutpat convallis. Morbi odio odio, elementum eu, interdum eu, tincidunt in, leo.",37106,22,1
Bed Frame,"Vestibulum ante ipsum primis in faucibus orci luctus et ultrices posuere cubilia Curae; Nulla dapibus dolor vel est. Donec odio justo, sollicitudin ut, suscipit a, feugiat et, eros. Vestibulum ac est lacinia nisi venenatis tristique. Fusce congue, diam id ornare imperdiet, sapien urna pretium nisl, ut volutpat sapien arcu sed augue. Aliquam erat volutpat.",8673,20,3
Cabinet,"Proin interdum mauris non ligula pellentesque ultrices. Phasellus id sapien in sapien iaculis congue. Vivamus metus arcu, adipiscing molestie, hendrerit at, vulputate vitae, nisl. Aenean lectus.",39276,25,2
Coffee Table,"Duis bibendum, felis sed interdum venenatis, turpis enim blandit mi, in porttitor pede justo eu massa. Donec dapibus. Duis at velit eu est congue elementum. In hac habitasse platea dictumst. Morbi vestibulum, velit id pretium iaculis, diam erat fermentum justo, nec condimentum neque sapien placerat ante.",14522,32,5
Wood Lamp,"Morbi quis tortor id nulla ultrices aliquet. Maecenas leo odio, condimentum id, luctus nec, molestie sed, justo. Pellentesque viverra pede ac diam.",11213,3,3
Bench,"Curabitur at ipsum ac tellus semper interdum. Mauris ullamcorper purus sit amet nulla. Quisque arcu libero, rutrum ac, lobortis vel, dapibus at, diam.",18980,9,4
Drawer,Nunc purus. Phasellus in felis. Donec semper sapien a libero. Nam dui.,43007,46,5
Wall Decor,"Vivamus in felis eu sapien cursus vestibulum. Proin eu mi. Nulla ac enim. In tempor, turpis nec euismod scelerisque, quam turpis adipiscing lorem, vitae mattis nibh ligula nec sem. Duis aliquam convallis nunc.",15050,1,4
Wood Chair,Nulla tempus. Vivamus in felis eu sapien cursus vestibulum. Proin eu mi.,28479,20,2
Dining Table,"Pellentesque at nulla. Suspendisse potenti. Cras in purus eu magna vulputate luctus. Cum sociis natoque penatibus et magnis dis parturient montes, nascetur ridiculus mus. Vivamus vestibulum sagittis sapien.",28591,31,4
Wood Shelf,Morbi vel lectus in quam fringilla rhoncus.,13022,13,3
Bed Frame,Sed vel enim sit amet nunc viverra dapibus. Nulla suscipit ligula in lacus. Curabitur at ipsum ac tellus semper interdum.,30119,13,4
Cabinet,Phasellus in felis.,32672,37,5
Coffee Table,"Praesent id massa id nisl venenatis lacinia. Aenean sit amet justo. Morbi ut odio. Cras mi pede, malesuada in, imperdiet et, commodo vulputate, justo. In blandit ultrices enim.",29348,47,2
Wood Lamp,Nulla ut erat id mauris vulputate elementum. Nullam varius. Nulla facilisi. Cras non velit nec nisi vulputate nonummy. Maecenas tincidunt lacus at velit.,45591,22,1
Bench,Mauris lacinia sapien quis libero. Nullam sit amet turpis elementum ligula vehicula consequat. Morbi a ipsum. Integer a nibh. In quis justo.,17436,3,4
Drawer,Vestibulum ante ipsum primis in faucibus orci luctus et ultrices posuere cubilia Curae; Mauris viverra diam vitae quam. Suspendisse potenti. Nullam porttitor lacus at turpis.,2625,40,5
Wall Decor,"Integer ac leo. Pellentesque ultrices mattis odio. Donec vitae nisi. Nam ultrices, libero non mattis pulvinar, nulla pede ullamcorper augue, a suscipit nulla elit ac nulla.",17618,7,2
Wood Chair,Duis bibendum. Morbi non quam nec dui luctus rutrum.,16399,3,4
Dining Table,Vestibulum ante ipsum primis in faucibus orci luctus et ultrices posuere cubilia Curae; Duis faucibus accumsan odio. Curabitur convallis. Duis consequat dui nec nisi volutpat eleifend.,40580,19,3
Wood Shelf,"Donec diam neque, vestibulum eget, vulputate ut, ultrices vel, augue. Vestibulum ante ipsum primis in faucibus orci luctus et ultrices posuere cubilia Curae; Donec pharetra, magna vestibulum aliquet ultrices, erat tortor sollicitudin mi, sit amet lobortis sapien sapien non mi. Integer ac neque.",15051,39,1
Bed Frame,Praesent blandit. Nam nulla.,13350,20,4
Cabinet,"Quisque erat eros, viverra eget, congue eget, semper rutrum, nulla.",21836,42,2
Coffee Table,"Nunc rhoncus dui vel sem. Sed sagittis. Nam congue, risus semper porta volutpat, quam pede lobortis ligula, sit amet eleifend pede libero quis orci.",25206,40,1
Wood Lamp,"Cum sociis natoque penatibus et magnis dis parturient montes, nascetur ridiculus mus. Vivamus vestibulum sagittis sapien. Cum sociis natoque penatibus et magnis dis parturient montes, nascetur ridiculus mus.",11910,34,4
Bench,In blandit ultrices enim.,19517,25,2
Drawer,"Pellentesque ultrices mattis odio. Donec vitae nisi. Nam ultrices, libero non mattis pulvinar, nulla pede ullamcorper augue, a suscipit nulla elit ac nulla. Sed vel enim sit amet nunc viverra dapibus. Nulla suscipit ligula in lacus.",45927,25,2
Wall Decor,"Nunc nisl. Duis bibendum, felis sed interdum venenatis, turpis enim blandit mi, in porttitor pede justo eu massa. Donec dapibus. Duis at velit eu est congue elementum.",27699,45,4
Wood Chair,"Proin leo odio, porttitor id, consequat in, consequat ut, nulla. Sed accumsan felis. Ut at dolor quis odio consequat varius. Integer ac leo. Pellentesque ultrices mattis odio.",29326,47,4
Dining Table,"Pellentesque eget nunc. Donec quis orci eget orci vehicula condimentum. Curabitur in libero ut massa volutpat convallis. Morbi odio odio, elementum eu, interdum eu, tincidunt in, leo.",44396,14,3
Wood Shelf,"Duis ac nibh. Fusce lacus purus, aliquet at, feugiat non, pretium quis, lectus.",3849,15,3
Bed Frame,"Vestibulum ac est lacinia nisi venenatis tristique. Fusce congue, diam id ornare imperdiet, sapien urna pretium nisl, ut volutpat sapien arcu sed augue. Aliquam erat volutpat. In congue.",9900,12,5
Cabinet,Phasellus sit amet erat. Nulla tempus. Vivamus in felis eu sapien cursus vestibulum. Proin eu mi.,5094,22,5
Coffee Table,Quisque ut erat. Curabitur gravida nisi at nibh.,10172,26,4
Wood Lamp,Donec ut mauris eget massa tempor convallis.,613,45,1
Bench,"In tempor, turpis nec euismod scelerisque, quam turpis adipiscing lorem, vitae mattis nibh ligula nec sem. Duis aliquam convallis nunc. Proin at turpis a pede posuere nonummy.",3948,34,1
Drawer,Etiam faucibus cursus urna.,4591,38,2
Wall Decor,"In tempor, turpis nec euismod scelerisque, quam turpis adipiscing lorem, vitae mattis nibh ligula nec sem. Duis aliquam convallis nunc. Proin at turpis a pede posuere nonummy. Integer non velit.",36116,37,3
Wood Chair,Proin eu mi. Nulla ac enim.,48564,34,4
Dining Table,"Maecenas leo odio, condimentum id, luctus nec, molestie sed, justo.",38070,33,3
Wood Shelf,"Aliquam augue quam, sollicitudin vitae, consectetuer eget, rutrum at, lorem. Integer tincidunt ante vel ipsum. Praesent blandit lacinia erat.",16809,19,1
Bed Frame,"Maecenas tristique, est et tempus semper, est quam pharetra magna, ac consequat metus sapien ut nunc. Vestibulum ante ipsum primis in faucibus orci luctus et ultrices posuere cubilia Curae; Mauris viverra diam vitae quam. Suspendisse potenti. Nullam porttitor lacus at turpis.",45303,33,2
Cabinet,Vestibulum ante ipsum primis in faucibus orci luctus et ultrices posuere cubilia Curae; Duis faucibus accumsan odio. Curabitur convallis. Duis consequat dui nec nisi volutpat eleifend. Donec ut dolor. Morbi vel lectus in quam fringilla rhoncus.,43700,28,5
Coffee Table,Maecenas pulvinar lobortis est. Phasellus sit amet erat. Nulla tempus.,32242,33,4
Wood Lamp,"Pellentesque ultrices mattis odio. Donec vitae nisi. Nam ultrices, libero non mattis pulvinar, nulla pede ullamcorper augue, a suscipit nulla elit ac nulla. Sed vel enim sit amet nunc viverra dapibus.",36946,11,2
Bench,"Aenean fermentum. Donec ut mauris eget massa tempor convallis. Nulla neque libero, convallis eget, eleifend luctus, ultricies eu, nibh. Quisque id justo sit amet sapien dignissim vestibulum. Vestibulum ante ipsum primis in faucibus orci luctus et ultrices posuere cubilia Curae; Nulla dapibus dolor vel est.",28806,1,1
Drawer,Integer tincidunt ante vel ipsum. Praesent blandit lacinia erat. Vestibulum sed magna at nunc commodo placerat. Praesent blandit.,24831,19,5
Wall Decor,Vivamus tortor. Duis mattis egestas metus. Aenean fermentum. Donec ut mauris eget massa tempor convallis.,36745,2,1
Wood Chair,"Maecenas tincidunt lacus at velit. Vivamus vel nulla eget eros elementum pellentesque. Quisque porta volutpat erat. Quisque erat eros, viverra eget, congue eget, semper rutrum, nulla.",17934,8,5
Dining Table,"Cum sociis natoque penatibus et magnis dis parturient montes, nascetur ridiculus mus. Etiam vel augue. Vestibulum rutrum rutrum neque.",48961,48,4
Wood Shelf,"In est risus, auctor sed, tristique in, tempus sit amet, sem.",40079,37,3
Bed Frame,"Nunc rhoncus dui vel sem. Sed sagittis. Nam congue, risus semper porta volutpat, quam pede lobortis ligula, sit amet eleifend pede libero quis orci. Nullam molestie nibh in lectus. Pellentesque at nulla.",41684,35,1
Cabinet,Maecenas pulvinar lobortis est. Phasellus sit amet erat.,32530,46,4
Coffee Table,Phasellus sit amet erat.,12339,4,3
Wood Lamp,"Cum sociis natoque penatibus et magnis dis parturient montes, nascetur ridiculus mus. Etiam vel augue.",17823,31,4
Bench,Etiam faucibus cursus urna.,7891,32,3
Drawer,Aenean auctor gravida sem. Praesent id massa id nisl venenatis lacinia. Aenean sit amet justo. Morbi ut odio.,11055,5,2
Wall Decor,Nulla mollis molestie lorem. Quisque ut erat.,29427,26,2
Wood Chair,"Quisque id justo sit amet sapien dignissim vestibulum. Vestibulum ante ipsum primis in faucibus orci luctus et ultrices posuere cubilia Curae; Nulla dapibus dolor vel est. Donec odio justo, sollicitudin ut, suscipit a, feugiat et, eros. Vestibulum ac est lacinia nisi venenatis tristique.",24932,32,1
Dining Table,"Vivamus in felis eu sapien cursus vestibulum. Proin eu mi. Nulla ac enim. In tempor, turpis nec euismod scelerisque, quam turpis adipiscing lorem, vitae mattis nibh ligula nec sem. Duis aliquam convallis nunc.",48984,24,5
Wood Shelf,"Integer pede justo, lacinia eget, tincidunt eget, tempus vel, pede. Morbi porttitor lorem id ligula. Suspendisse ornare consequat lectus.",418,14,4
Bed Frame,"Nunc purus. Phasellus in felis. Donec semper sapien a libero. Nam dui. Proin leo odio, porttitor id, consequat in, consequat ut, nulla.",2011,5,5
Cabinet,"Nulla suscipit ligula in lacus. Curabitur at ipsum ac tellus semper interdum. Mauris ullamcorper purus sit amet nulla. Quisque arcu libero, rutrum ac, lobortis vel, dapibus at, diam. Nam tristique tortor eu pede.",29403,38,1
Coffee Table,Suspendisse potenti. In eleifend quam a odio.,36158,18,1
Wood Lamp,"Cras pellentesque volutpat dui. Maecenas tristique, est et tempus semper, est quam pharetra magna, ac consequat metus sapien ut nunc. Vestibulum ante ipsum primis in faucibus orci luctus et ultrices posuere cubilia Curae; Mauris viverra diam vitae quam. Suspendisse potenti. Nullam porttitor lacus at turpis.",49984,45,1
Bench,"Morbi non quam nec dui luctus rutrum. Nulla tellus. In sagittis dui vel nisl. Duis ac nibh. Fusce lacus purus, aliquet at, feugiat non, pretium quis, lectus.",34107,22,1
Drawer,"Vestibulum ante ipsum primis in faucibus orci luctus et ultrices posuere cubilia Curae; Donec pharetra, magna vestibulum aliquet ultrices, erat tortor sollicitudin mi, sit amet lobortis sapien sapien non mi. Integer ac neque.",29823,7,4
Wall Decor,"Lorem ipsum dolor sit amet, consectetuer adipiscing elit. Proin interdum mauris non ligula pellentesque ultrices.",46767,35,4
Wood Chair,Suspendisse accumsan tortor quis turpis. Sed ante. Vivamus tortor. Duis mattis egestas metus. Aenean fermentum.,33149,10,1
Dining Table,"Donec ut mauris eget massa tempor convallis. Nulla neque libero, convallis eget, eleifend luctus, ultricies eu, nibh. Quisque id justo sit amet sapien dignissim vestibulum. Vestibulum ante ipsum primis in faucibus orci luctus et ultrices posuere cubilia Curae; Nulla dapibus dolor vel est.",31796,41,5
Wood Shelf,"Aenean lectus. Pellentesque eget nunc. Donec quis orci eget orci vehicula condimentum. Curabitur in libero ut massa volutpat convallis. Morbi odio odio, elementum eu, interdum eu, tincidunt in, leo.",43541,29,2
Bed Frame,"Maecenas leo odio, condimentum id, luctus nec, molestie sed, justo. Pellentesque viverra pede ac diam.",18339,13,5
Cabinet,Nulla tellus.,4994,2,1
Coffee Table,"Aenean lectus. Pellentesque eget nunc. Donec quis orci eget orci vehicula condimentum. Curabitur in libero ut massa volutpat convallis. Morbi odio odio, elementum eu, interdum eu, tincidunt in, leo.",12602,8,2
Wood Lamp,In eleifend quam a odio. In hac habitasse platea dictumst.,13155,7,4
Bench,In eleifend quam a odio. In hac habitasse platea dictumst.,37881,45,2
Drawer,Vestibulum sed magna at nunc commodo placerat. Praesent blandit. Nam nulla.,22591,7,2
Wall Decor,Aliquam erat volutpat. In congue.,34513,14,3
Wood Chair,Morbi porttitor lorem id ligula. Suspendisse ornare consequat lectus.,37852,50,5
Dining Table,Sed vel enim sit amet nunc viverra dapibus. Nulla suscipit ligula in lacus. Curabitur at ipsum ac tellus semper interdum.,45707,46,3
Wood Shelf,Nulla mollis molestie lorem. Quisque ut erat. Curabitur gravida nisi at nibh. In hac habitasse platea dictumst.,44864,11,2
Bed Frame,"In sagittis dui vel nisl. Duis ac nibh. Fusce lacus purus, aliquet at, feugiat non, pretium quis, lectus. Suspendisse potenti.",6637,30,5
Cabinet,"Integer aliquet, massa id lobortis convallis, tortor risus dapibus augue, vel accumsan tellus nisi eu orci.",46778,42,2
Coffee Table,"Curabitur convallis. Duis consequat dui nec nisi volutpat eleifend. Donec ut dolor. Morbi vel lectus in quam fringilla rhoncus. Mauris enim leo, rhoncus sed, vestibulum sit amet, cursus id, turpis.",42392,50,2
Wood Lamp,Nulla tempus. Vivamus in felis eu sapien cursus vestibulum. Proin eu mi. Nulla ac enim.,20163,44,2
Bench,"Lorem ipsum dolor sit amet, consectetuer adipiscing elit. Proin interdum mauris non ligula pellentesque ultrices. Phasellus id sapien in sapien iaculis congue. Vivamus metus arcu, adipiscing molestie, hendrerit at, vulputate vitae, nisl.",33138,41,5
Drawer,"In tempor, turpis nec euismod scelerisque, quam turpis adipiscing lorem, vitae mattis nibh ligula nec sem. Duis aliquam convallis nunc.",16385,14,2
Wall Decor,"Duis at velit eu est congue elementum. In hac habitasse platea dictumst. Morbi vestibulum, velit id pretium iaculis, diam erat fermentum justo, nec condimentum neque sapien placerat ante. Nulla justo. Aliquam quis turpis eget elit sodales scelerisque.",11139,35,2
Wood Chair,"Proin at turpis a pede posuere nonummy. Integer non velit. Donec diam neque, vestibulum eget, vulputate ut, ultrices vel, augue. Vestibulum ante ipsum primis in faucibus orci luctus et ultrices posuere cubilia Curae; Donec pharetra, magna vestibulum aliquet ultrices, erat tortor sollicitudin mi, sit amet lobortis sapien sapien non mi.",26557,48,5
Dining Table,"In blandit ultrices enim. Lorem ipsum dolor sit amet, consectetuer adipiscing elit. Proin interdum mauris non ligula pellentesque ultrices. Phasellus id sapien in sapien iaculis congue. Vivamus metus arcu, adipiscing molestie, hendrerit at, vulputate vitae, nisl.",46536,2,5
Wood Shelf,In eleifend quam a odio. In hac habitasse platea dictumst.,28110,44,1
Bed Frame,Nunc purus. Phasellus in felis.,13288,35,5
Cabinet,Nam dui.,18245,2,2
Coffee Table,"Fusce congue, diam id ornare imperdiet, sapien urna pretium nisl, ut volutpat sapien arcu sed augue.",16560,39,3
Wood Lamp,"Proin interdum mauris non ligula pellentesque ultrices. Phasellus id sapien in sapien iaculis congue. Vivamus metus arcu, adipiscing molestie, hendrerit at, vulputate vitae, nisl. Aenean lectus.",3776,35,1
Bench,"Vivamus vestibulum sagittis sapien. Cum sociis natoque penatibus et magnis dis parturient montes, nascetur ridiculus mus. Etiam vel augue. Vestibulum rutrum rutrum neque.",33129,7,5
Drawer,"Vivamus metus arcu, adipiscing molestie, hendrerit at, vulputate vitae, nisl. Aenean lectus.",33840,7,4
Wall Decor,"Donec ut mauris eget massa tempor convallis. Nulla neque libero, convallis eget, eleifend luctus, ultricies eu, nibh. Quisque id justo sit amet sapien dignissim vestibulum. Vestibulum ante ipsum primis in faucibus orci luctus et ultrices posuere cubilia Curae; Nulla dapibus dolor vel est.",22443,40,1
Wood Chair,Phasellus sit amet erat. Nulla tempus. Vivamus in felis eu sapien cursus vestibulum.,16147,45,5
Dining Table,Suspendisse potenti.,24579,5,1
Wood Shelf,"In hac habitasse platea dictumst. Morbi vestibulum, velit id pretium iaculis, diam erat fermentum justo, nec condimentum neque sapien placerat ante. Nulla justo.",7691,19,1
Bed Frame,"Nam nulla. Integer pede justo, lacinia eget, tincidunt eget, tempus vel, pede.",30800,49,1
Cabinet,Maecenas tincidunt lacus at velit. Vivamus vel nulla eget eros elementum pellentesque. Quisque porta volutpat erat.,16351,27,2
Coffee Table,"Maecenas leo odio, condimentum id, luctus nec, molestie sed, justo. Pellentesque viverra pede ac diam. Cras pellentesque volutpat dui. Maecenas tristique, est et tempus semper, est quam pharetra magna, ac consequat metus sapien ut nunc. Vestibulum ante ipsum primis in faucibus orci luctus et ultrices posuere cubilia Curae; Mauris viverra diam vitae quam.",16802,2,1
Wood Lamp,Cras non velit nec nisi vulputate nonummy. Maecenas tincidunt lacus at velit. Vivamus vel nulla eget eros elementum pellentesque.,18108,20,3
Bench,Morbi porttitor lorem id ligula.,45336,50,4
Drawer,"Cum sociis natoque penatibus et magnis dis parturient montes, nascetur ridiculus mus. Etiam vel augue.",16193,24,3
Wall Decor,"Fusce posuere felis sed lacus. Morbi sem mauris, laoreet ut, rhoncus aliquet, pulvinar sed, nisl.",37407,6,3
Wood Chair,"Integer aliquet, massa id lobortis convallis, tortor risus dapibus augue, vel accumsan tellus nisi eu orci. Mauris lacinia sapien quis libero. Nullam sit amet turpis elementum ligula vehicula consequat.",11535,50,3
Dining Table,"Nam ultrices, libero non mattis pulvinar, nulla pede ullamcorper augue, a suscipit nulla elit ac nulla. Sed vel enim sit amet nunc viverra dapibus.",19643,36,1
Wood Shelf,"Cum sociis natoque penatibus et magnis dis parturient montes, nascetur ridiculus mus. Vivamus vestibulum sagittis sapien. Cum sociis natoque penatibus et magnis dis parturient montes, nascetur ridiculus mus. Etiam vel augue. Vestibulum rutrum rutrum neque.",34709,5,5
Bed Frame,"Donec diam neque, vestibulum eget, vulputate ut, ultrices vel, augue.",48492,38,3
Cabinet,"Donec odio justo, sollicitudin ut, suscipit a, feugiat et, eros. Vestibulum ac est lacinia nisi venenatis tristique. Fusce congue, diam id ornare imperdiet, sapien urna pretium nisl, ut volutpat sapien arcu sed augue.",1446,27,4
Coffee Table,"Vivamus metus arcu, adipiscing molestie, hendrerit at, vulputate vitae, nisl.",20632,7,2
Wood Lamp,"Duis bibendum, felis sed interdum venenatis, turpis enim blandit mi, in porttitor pede justo eu massa. Donec dapibus.",4178,19,1
Bench,"Mauris ullamcorper purus sit amet nulla. Quisque arcu libero, rutrum ac, lobortis vel, dapibus at, diam. Nam tristique tortor eu pede.",31406,19,4
Drawer,Vestibulum ante ipsum primis in faucibus orci luctus et ultrices posuere cubilia Curae; Mauris viverra diam vitae quam. Suspendisse potenti. Nullam porttitor lacus at turpis.,4753,25,5
Wall Decor,Mauris lacinia sapien quis libero. Nullam sit amet turpis elementum ligula vehicula consequat.,49121,10,3
Wood Chair,Duis at velit eu est congue elementum.,43456,46,5
Dining Table,"Fusce congue, diam id ornare imperdiet, sapien urna pretium nisl, ut volutpat sapien arcu sed augue. Aliquam erat volutpat. In congue. Etiam justo. Etiam pretium iaculis justo.",3829,2,3
Wood Shelf,"Duis ac nibh. Fusce lacus purus, aliquet at, feugiat non, pretium quis, lectus.",22271,50,4
Bed Frame,Vestibulum ante ipsum primis in faucibus orci luctus et ultrices posuere cubilia Curae; Duis faucibus accumsan odio. Curabitur convallis. Duis consequat dui nec nisi volutpat eleifend. Donec ut dolor.,33398,10,2
Cabinet,"Nam nulla. Integer pede justo, lacinia eget, tincidunt eget, tempus vel, pede.",27648,28,2
Coffee Table,In hac habitasse platea dictumst.,4030,5,1
Wood Lamp,"Vestibulum ante ipsum primis in faucibus orci luctus et ultrices posuere cubilia Curae; Donec pharetra, magna vestibulum aliquet ultrices, erat tortor sollicitudin mi, sit amet lobortis sapien sapien non mi. Integer ac neque. Duis bibendum. Morbi non quam nec dui luctus rutrum. Nulla tellus.",2751,9,5
Bench,In hac habitasse platea dictumst. Etiam faucibus cursus urna. Ut tellus.,48819,4,1
Drawer,In eleifend quam a odio. In hac habitasse platea dictumst. Maecenas ut massa quis augue luctus tincidunt. Nulla mollis molestie lorem. Quisque ut erat.,10465,8,5
Wall Decor,"Aenean auctor gravida sem. Praesent id massa id nisl venenatis lacinia. Aenean sit amet justo. Morbi ut odio. Cras mi pede, malesuada in, imperdiet et, commodo vulputate, justo.",16567,24,1
Wood Chair,"Cum sociis natoque penatibus et magnis dis parturient montes, nascetur ridiculus mus. Vivamus vestibulum sagittis sapien. Cum sociis natoque penatibus et magnis dis parturient montes, nascetur ridiculus mus. Etiam vel augue.",16402,13,1
Dining Table,"Duis ac nibh. Fusce lacus purus, aliquet at, feugiat non, pretium quis, lectus. Suspendisse potenti.",21016,31,5
Wood Shelf,Proin at turpis a pede posuere nonummy.,40297,6,5
Bed Frame,"Morbi vestibulum, velit id pretium iaculis, diam erat fermentum justo, nec condimentum neque sapien placerat ante.",39648,25,4
Cabinet,"Lorem ipsum dolor sit amet, consectetuer adipiscing elit. Proin risus. Praesent lectus. Vestibulum quam sapien, varius ut, blandit non, interdum in, ante.",36083,8,5
Coffee Table,Praesent blandit lacinia erat. Vestibulum sed magna at nunc commodo placerat.,14267,31,2
Wood Lamp,Morbi non quam nec dui luctus rutrum. Nulla tellus. In sagittis dui vel nisl. Duis ac nibh.,45972,23,2
Bench,"Vestibulum ante ipsum primis in faucibus orci luctus et ultrices posuere cubilia Curae; Donec pharetra, magna vestibulum aliquet ultrices, erat tortor sollicitudin mi, sit amet lobortis sapien sapien non mi. Integer ac neque.",29333,25,4
Drawer,"Nulla nisl. Nunc nisl. Duis bibendum, felis sed interdum venenatis, turpis enim blandit mi, in porttitor pede justo eu massa. Donec dapibus. Duis at velit eu est congue elementum.",22219,36,4
Wall Decor,"Nulla neque libero, convallis eget, eleifend luctus, ultricies eu, nibh. Quisque id justo sit amet sapien dignissim vestibulum. Vestibulum ante ipsum primis in faucibus orci luctus et ultrices posuere cubilia Curae; Nulla dapibus dolor vel est. Donec odio justo, sollicitudin ut, suscipit a, feugiat et, eros.",32596,50,1
Wood Chair,"Morbi vestibulum, velit id pretium iaculis, diam erat fermentum justo, nec condimentum neque sapien placerat ante.",26454,21,5
Dining Table,"Donec quis orci eget orci vehicula condimentum. Curabitur in libero ut massa volutpat convallis. Morbi odio odio, elementum eu, interdum eu, tincidunt in, leo. Maecenas pulvinar lobortis est.",38224,2,5
Wood Shelf,"Nullam orci pede, venenatis non, sodales sed, tincidunt eu, felis.",36013,33,5
Bed Frame,"Morbi non quam nec dui luctus rutrum. Nulla tellus. In sagittis dui vel nisl. Duis ac nibh. Fusce lacus purus, aliquet at, feugiat non, pretium quis, lectus.",6847,9,2
Cabinet,Praesent lectus.,29849,21,2
Coffee Table,Cras non velit nec nisi vulputate nonummy. Maecenas tincidunt lacus at velit.,20432,24,3
Wood Lamp,Sed accumsan felis. Ut at dolor quis odio consequat varius. Integer ac leo. Pellentesque ultrices mattis odio. Donec vitae nisi.,7776,7,5
Bench,Sed vel enim sit amet nunc viverra dapibus. Nulla suscipit ligula in lacus.,5789,15,2
Drawer,Proin at turpis a pede posuere nonummy. Integer non velit.,36251,21,3
Wall Decor,"Morbi ut odio. Cras mi pede, malesuada in, imperdiet et, commodo vulputate, justo. In blandit ultrices enim. Lorem ipsum dolor sit amet, consectetuer adipiscing elit. Proin interdum mauris non ligula pellentesque ultrices.",33614,37,4
Wood Chair,Morbi porttitor lorem id ligula. Suspendisse ornare consequat lectus.,32450,43,3
Dining Table,Mauris ullamcorper purus sit amet nulla.,46122,26,5
Wood Shelf,In hac habitasse platea dictumst. Etiam faucibus cursus urna. Ut tellus. Nulla ut erat id mauris vulputate elementum.,33308,5,1
Bed Frame,"Vivamus metus arcu, adipiscing molestie, hendrerit at, vulputate vitae, nisl. Aenean lectus. Pellentesque eget nunc.",43121,25,3
Cabinet,Aenean lectus. Pellentesque eget nunc. Donec quis orci eget orci vehicula condimentum. Curabitur in libero ut massa volutpat convallis.,30230,47,3
Coffee Table,"Lorem ipsum dolor sit amet, consectetuer adipiscing elit.",1145,28,5
Wood Lamp,"Vestibulum ante ipsum primis in faucibus orci luctus et ultrices posuere cubilia Curae; Donec pharetra, magna vestibulum aliquet ultrices, erat tortor sollicitudin mi, sit amet lobortis sapien sapien non mi.",32384,50,5
Bench,Aliquam erat volutpat.,7833,49,5
Drawer,Nulla suscipit ligula in lacus. Curabitur at ipsum ac tellus semper interdum. Mauris ullamcorper purus sit amet nulla.,49125,28,3
Wall Decor,"Aliquam sit amet diam in magna bibendum imperdiet. Nullam orci pede, venenatis non, sodales sed, tincidunt eu, felis. Fusce posuere felis sed lacus. Morbi sem mauris, laoreet ut, rhoncus aliquet, pulvinar sed, nisl. Nunc rhoncus dui vel sem.",30481,27,2
Wood Chair,Nulla facilisi. Cras non velit nec nisi vulputate nonummy. Maecenas tincidunt lacus at velit.,538,16,3
Dining Table,Sed accumsan felis. Ut at dolor quis odio consequat varius. Integer ac leo. Pellentesque ultrices mattis odio.,47857,19,5
Wood Shelf,"Donec vitae nisi. Nam ultrices, libero non mattis pulvinar, nulla pede ullamcorper augue, a suscipit nulla elit ac nulla. Sed vel enim sit amet nunc viverra dapibus. Nulla suscipit ligula in lacus. Curabitur at ipsum ac tellus semper interdum.",39898,47,5
Bed Frame,Cras non velit nec nisi vulputate nonummy.,32049,19,3
Cabinet,"In tempor, turpis nec euismod scelerisque, quam turpis adipiscing lorem, vitae mattis nibh ligula nec sem. Duis aliquam convallis nunc. Proin at turpis a pede posuere nonummy.",5028,28,3
Coffee Table,"Quisque erat eros, viverra eget, congue eget, semper rutrum, nulla. Nunc purus. Phasellus in felis. Donec semper sapien a libero. Nam dui.",33863,47,3
Wood Lamp,"Aenean lectus. Pellentesque eget nunc. Donec quis orci eget orci vehicula condimentum. Curabitur in libero ut massa volutpat convallis. Morbi odio odio, elementum eu, interdum eu, tincidunt in, leo.",13451,43,4
Bench,"Mauris enim leo, rhoncus sed, vestibulum sit amet, cursus id, turpis. Integer aliquet, massa id lobortis convallis, tortor risus dapibus augue, vel accumsan tellus nisi eu orci. Mauris lacinia sapien quis libero.",11714,21,2
Drawer,"Nam ultrices, libero non mattis pulvinar, nulla pede ullamcorper augue, a suscipit nulla elit ac nulla. Sed vel enim sit amet nunc viverra dapibus. Nulla suscipit ligula in lacus. Curabitur at ipsum ac tellus semper interdum. Mauris ullamcorper purus sit amet nulla.",21293,48,5
Wall Decor,"Nam congue, risus semper porta volutpat, quam pede lobortis ligula, sit amet eleifend pede libero quis orci. Nullam molestie nibh in lectus. Pellentesque at nulla. Suspendisse potenti. Cras in purus eu magna vulputate luctus.",5670,41,5
Wood Chair,Morbi a ipsum. Integer a nibh. In quis justo.,24925,3,4
Dining Table,Curabitur gravida nisi at nibh.,32873,4,3
Wood Shelf,Sed vel enim sit amet nunc viverra dapibus.,45537,32,3
Bed Frame,In hac habitasse platea dictumst. Etiam faucibus cursus urna. Ut tellus.,29800,36,2
Cabinet,"Pellentesque at nulla. Suspendisse potenti. Cras in purus eu magna vulputate luctus. Cum sociis natoque penatibus et magnis dis parturient montes, nascetur ridiculus mus. Vivamus vestibulum sagittis sapien.",117,42,2
Coffee Table,"Donec diam neque, vestibulum eget, vulputate ut, ultrices vel, augue.",31680,30,4
Wood Lamp,"Nulla nisl. Nunc nisl. Duis bibendum, felis sed interdum venenatis, turpis enim blandit mi, in porttitor pede justo eu massa. Donec dapibus. Duis at velit eu est congue elementum.",28161,28,2
Bench,Nam dui.,20994,40,1
Drawer,"Praesent id massa id nisl venenatis lacinia. Aenean sit amet justo. Morbi ut odio. Cras mi pede, malesuada in, imperdiet et, commodo vulputate, justo.",33736,7,4
Wall Decor,Suspendisse ornare consequat lectus.,27192,45,4
Wood Chair,"Nulla neque libero, convallis eget, eleifend luctus, ultricies eu, nibh.",14551,24,3
Dining Table,"Proin risus. Praesent lectus. Vestibulum quam sapien, varius ut, blandit non, interdum in, ante.",12556,28,2
Wood Shelf,"Pellentesque ultrices mattis odio. Donec vitae nisi. Nam ultrices, libero non mattis pulvinar, nulla pede ullamcorper augue, a suscipit nulla elit ac nulla. Sed vel enim sit amet nunc viverra dapibus. Nulla suscipit ligula in lacus.",31896,25,1
Bed Frame,Nam tristique tortor eu pede.,18586,2,5
Cabinet,"Nulla tellus. In sagittis dui vel nisl. Duis ac nibh. Fusce lacus purus, aliquet at, feugiat non, pretium quis, lectus. Suspendisse potenti.",27971,4,1
Coffee Table,Nulla justo. Aliquam quis turpis eget elit sodales scelerisque. Mauris sit amet eros. Suspendisse accumsan tortor quis turpis.,21971,1,4
Wood Lamp,"Aliquam augue quam, sollicitudin vitae, consectetuer eget, rutrum at, lorem. Integer tincidunt ante vel ipsum.",49677,50,1
Bench,Pellentesque viverra pede ac diam. Cras pellentesque volutpat dui.,33751,9,5
Drawer,"Integer aliquet, massa id lobortis convallis, tortor risus dapibus augue, vel accumsan tellus nisi eu orci. Mauris lacinia sapien quis libero.",1355,15,4
Wall Decor,"Quisque ut erat. Curabitur gravida nisi at nibh. In hac habitasse platea dictumst. Aliquam augue quam, sollicitudin vitae, consectetuer eget, rutrum at, lorem. Integer tincidunt ante vel ipsum.",13536,40,1
Wood Chair,"Duis mattis egestas metus. Aenean fermentum. Donec ut mauris eget massa tempor convallis. Nulla neque libero, convallis eget, eleifend luctus, ultricies eu, nibh. Quisque id justo sit amet sapien dignissim vestibulum.",23311,30,2
Dining Table,"Vivamus vestibulum sagittis sapien. Cum sociis natoque penatibus et magnis dis parturient montes, nascetur ridiculus mus.",48612,35,4
Wood Shelf,"Lorem ipsum dolor sit amet, consectetuer adipiscing elit.",16095,35,2
Bed Frame,Aenean lectus. Pellentesque eget nunc. Donec quis orci eget orci vehicula condimentum.,35810,36,4
Cabinet,Phasellus sit amet erat.,27676,36,2
Coffee Table,"Donec semper sapien a libero. Nam dui. Proin leo odio, porttitor id, consequat in, consequat ut, nulla. Sed accumsan felis. Ut at dolor quis odio consequat varius.",2605,3,4
Wood Lamp,"Cum sociis natoque penatibus et magnis dis parturient montes, nascetur ridiculus mus. Vivamus vestibulum sagittis sapien.",42287,43,3
Bench,Etiam faucibus cursus urna. Ut tellus. Nulla ut erat id mauris vulputate elementum.,25756,17,4
Drawer,"Nulla neque libero, convallis eget, eleifend luctus, ultricies eu, nibh. Quisque id justo sit amet sapien dignissim vestibulum. Vestibulum ante ipsum primis in faucibus orci luctus et ultrices posuere cubilia Curae; Nulla dapibus dolor vel est. Donec odio justo, sollicitudin ut, suscipit a, feugiat et, eros. Vestibulum ac est lacinia nisi venenatis tristique.",36446,29,3
Wall Decor,Aliquam erat volutpat. In congue. Etiam justo. Etiam pretium iaculis justo.,49834,45,3
Wood Chair,"Integer non velit. Donec diam neque, vestibulum eget, vulputate ut, ultrices vel, augue. Vestibulum ante ipsum primis in faucibus orci luctus et ultrices posuere cubilia Curae; Donec pharetra, magna vestibulum aliquet ultrices, erat tortor sollicitudin mi, sit amet lobortis sapien sapien non mi. Integer ac neque.",22514,36,3
Dining Table,"Lorem ipsum dolor sit amet, consectetuer adipiscing elit. Proin risus. Praesent lectus. Vestibulum quam sapien, varius ut, blandit non, interdum in, ante. Vestibulum ante ipsum primis in faucibus orci luctus et ultrices posuere cubilia Curae; Duis faucibus accumsan odio.",22244,36,3
Wood Shelf,Vestibulum sed magna at nunc commodo placerat. Praesent blandit.,6043,37,3
Bed Frame,Mauris lacinia sapien quis libero. Nullam sit amet turpis elementum ligula vehicula consequat.,18801,30,2
Cabinet,Suspendisse potenti. In eleifend quam a odio. In hac habitasse platea dictumst. Maecenas ut massa quis augue luctus tincidunt. Nulla mollis molestie lorem.,47289,19,1
Coffee Table,Nulla justo.,44064,27,3
Wood Lamp,"Pellentesque viverra pede ac diam. Cras pellentesque volutpat dui. Maecenas tristique, est et tempus semper, est quam pharetra magna, ac consequat metus sapien ut nunc. Vestibulum ante ipsum primis in faucibus orci luctus et ultrices posuere cubilia Curae; Mauris viverra diam vitae quam.",6551,16,3
Bench,"Morbi odio odio, elementum eu, interdum eu, tincidunt in, leo. Maecenas pulvinar lobortis est. Phasellus sit amet erat. Nulla tempus.",20769,37,1
Drawer,Pellentesque eget nunc. Donec quis orci eget orci vehicula condimentum.,404,43,2
Wall Decor,"Nam congue, risus semper porta volutpat, quam pede lobortis ligula, sit amet eleifend pede libero quis orci. Nullam molestie nibh in lectus. Pellentesque at nulla. Suspendisse potenti. Cras in purus eu magna vulputate luctus.",45993,29,4
Wood Chair,"Vivamus in felis eu sapien cursus vestibulum. Proin eu mi. Nulla ac enim. In tempor, turpis nec euismod scelerisque, quam turpis adipiscing lorem, vitae mattis nibh ligula nec sem.",30134,9,1
Dining Table,Suspendisse accumsan tortor quis turpis. Sed ante. Vivamus tortor. Duis mattis egestas metus.,41073,47,3
Wood Shelf,Sed sagittis.,23012,23,4
Bed Frame,"Maecenas leo odio, condimentum id, luctus nec, molestie sed, justo.",3866,50,2
Cabinet,"Cras pellentesque volutpat dui. Maecenas tristique, est et tempus semper, est quam pharetra magna, ac consequat metus sapien ut nunc. Vestibulum ante ipsum primis in faucibus orci luctus et ultrices posuere cubilia Curae; Mauris viverra diam vitae quam. Suspendisse potenti. Nullam porttitor lacus at turpis.",39670,33,4
Coffee Table,"Nunc rhoncus dui vel sem. Sed sagittis. Nam congue, risus semper porta volutpat, quam pede lobortis ligula, sit amet eleifend pede libero quis orci. Nullam molestie nibh in lectus. Pellentesque at nulla.",16286,11,4
Wood Lamp,"Vivamus vel nulla eget eros elementum pellentesque. Quisque porta volutpat erat. Quisque erat eros, viverra eget, congue eget, semper rutrum, nulla. Nunc purus. Phasellus in felis.",7540,31,4
Bench,"Vestibulum ac est lacinia nisi venenatis tristique. Fusce congue, diam id ornare imperdiet, sapien urna pretium nisl, ut volutpat sapien arcu sed augue.",7041,35,5
Drawer,"Morbi ut odio. Cras mi pede, malesuada in, imperdiet et, commodo vulputate, justo. In blandit ultrices enim. Lorem ipsum dolor sit amet, consectetuer adipiscing elit.",26147,39,1
Wall Decor,"Donec vitae nisi. Nam ultrices, libero non mattis pulvinar, nulla pede ullamcorper augue, a suscipit nulla elit ac nulla.",43703,10,2
Wood Chair,Vivamus tortor. Duis mattis egestas metus. Aenean fermentum.,13610,50,4
Dining Table,"Cras in purus eu magna vulputate luctus. Cum sociis natoque penatibus et magnis dis parturient montes, nascetur ridiculus mus. Vivamus vestibulum sagittis sapien.",21390,48,3
Wood Shelf,"Nam dui. Proin leo odio, porttitor id, consequat in, consequat ut, nulla. Sed accumsan felis.",25791,27,2
Bed Frame,Etiam pretium iaculis justo. In hac habitasse platea dictumst. Etiam faucibus cursus urna.,20587,2,1
Cabinet,"Lorem ipsum dolor sit amet, consectetuer adipiscing elit. Proin interdum mauris non ligula pellentesque ultrices. Phasellus id sapien in sapien iaculis congue. Vivamus metus arcu, adipiscing molestie, hendrerit at, vulputate vitae, nisl.",24021,23,1
Coffee Table,Nulla ac enim.,40247,2,4
Wood Lamp,Integer ac neque.,30254,25,1
Bench,"Integer pede justo, lacinia eget, tincidunt eget, tempus vel, pede. Morbi porttitor lorem id ligula. Suspendisse ornare consequat lectus. In est risus, auctor sed, tristique in, tempus sit amet, sem. Fusce consequat.",30347,1,5
Drawer,Morbi a ipsum. Integer a nibh. In quis justo.,31479,42,4
Wall Decor,"Maecenas tristique, est et tempus semper, est quam pharetra magna, ac consequat metus sapien ut nunc. Vestibulum ante ipsum primis in faucibus orci luctus et ultrices posuere cubilia Curae; Mauris viverra diam vitae quam.",10443,39,1
Wood Chair,"Integer non velit. Donec diam neque, vestibulum eget, vulputate ut, ultrices vel, augue. Vestibulum ante ipsum primis in faucibus orci luctus et ultrices posuere cubilia Curae; Donec pharetra, magna vestibulum aliquet ultrices, erat tortor sollicitudin mi, sit amet lobortis sapien sapien non mi. Integer ac neque. Duis bibendum.",43427,43,1
Dining Table,Vivamus vestibulum sagittis sapien.,37738,6,3
Wood Shelf,Pellentesque eget nunc. Donec quis orci eget orci vehicula condimentum. Curabitur in libero ut massa volutpat convallis.,33926,7,3
Bed Frame,"Nulla nisl. Nunc nisl. Duis bibendum, felis sed interdum venenatis, turpis enim blandit mi, in porttitor pede justo eu massa.",28480,25,4
Cabinet,"Pellentesque viverra pede ac diam. Cras pellentesque volutpat dui. Maecenas tristique, est et tempus semper, est quam pharetra magna, ac consequat metus sapien ut nunc. Vestibulum ante ipsum primis in faucibus orci luctus et ultrices posuere cubilia Curae; Mauris viverra diam vitae quam. Suspendisse potenti.",46256,34,5
Coffee Table,Cras non velit nec nisi vulputate nonummy. Maecenas tincidunt lacus at velit. Vivamus vel nulla eget eros elementum pellentesque.,5710,31,3
Wood Lamp,Cras non velit nec nisi vulputate nonummy.,23381,36,2
Bench,Suspendisse potenti. Nullam porttitor lacus at turpis. Donec posuere metus vitae ipsum. Aliquam non mauris.,47495,26,4
Drawer,"Nulla tempus. Vivamus in felis eu sapien cursus vestibulum. Proin eu mi. Nulla ac enim. In tempor, turpis nec euismod scelerisque, quam turpis adipiscing lorem, vitae mattis nibh ligula nec sem.",19212,20,1
Wall Decor,Proin interdum mauris non ligula pellentesque ultrices. Phasellus id sapien in sapien iaculis congue.,23898,32,5
Wood Chair,Integer tincidunt ante vel ipsum. Praesent blandit lacinia erat.,49225,23,2
Dining Table,Vivamus vel nulla eget eros elementum pellentesque. Quisque porta volutpat erat.,35714,4,3
Wood Shelf,"Curabitur convallis. Duis consequat dui nec nisi volutpat eleifend. Donec ut dolor. Morbi vel lectus in quam fringilla rhoncus. Mauris enim leo, rhoncus sed, vestibulum sit amet, cursus id, turpis.",38819,5,4
Bed Frame,Vestibulum ante ipsum primis in faucibus orci luctus et ultrices posuere cubilia Curae; Duis faucibus accumsan odio.,11267,3,2
Cabinet,Nulla tempus. Vivamus in felis eu sapien cursus vestibulum.,46163,39,1
Coffee Table,"Quisque arcu libero, rutrum ac, lobortis vel, dapibus at, diam.",3629,22,2
Wood Lamp,"Quisque erat eros, viverra eget, congue eget, semper rutrum, nulla. Nunc purus. Phasellus in felis. Donec semper sapien a libero. Nam dui.",3308,13,4
Bench,Maecenas tincidunt lacus at velit. Vivamus vel nulla eget eros elementum pellentesque.,38972,45,4
Drawer,"Aliquam augue quam, sollicitudin vitae, consectetuer eget, rutrum at, lorem. Integer tincidunt ante vel ipsum. Praesent blandit lacinia erat. Vestibulum sed magna at nunc commodo placerat. Praesent blandit.",33381,44,4
Wall Decor,Aliquam quis turpis eget elit sodales scelerisque.,27224,24,5
Wood Chair,"Nulla neque libero, convallis eget, eleifend luctus, ultricies eu, nibh. Quisque id justo sit amet sapien dignissim vestibulum. Vestibulum ante ipsum primis in faucibus orci luctus et ultrices posuere cubilia Curae; Nulla dapibus dolor vel est.",32955,5,5
Dining Table,"Morbi vel lectus in quam fringilla rhoncus. Mauris enim leo, rhoncus sed, vestibulum sit amet, cursus id, turpis. Integer aliquet, massa id lobortis convallis, tortor risus dapibus augue, vel accumsan tellus nisi eu orci. Mauris lacinia sapien quis libero.",7439,11,4
Wood Shelf,Vivamus vel nulla eget eros elementum pellentesque. Quisque porta volutpat erat.,24972,7,4
Bed Frame,"Donec diam neque, vestibulum eget, vulputate ut, ultrices vel, augue. Vestibulum ante ipsum primis in faucibus orci luctus et ultrices posuere cubilia Curae; Donec pharetra, magna vestibulum aliquet ultrices, erat tortor sollicitudin mi, sit amet lobortis sapien sapien non mi. Integer ac neque. Duis bibendum. Morbi non quam nec dui luctus rutrum.",21845,25,2
Cabinet,Morbi non lectus. Aliquam sit amet diam in magna bibendum imperdiet.,49549,23,5
Coffee Table,Proin at turpis a pede posuere nonummy.,31798,1,3
Wood Lamp,"Quisque porta volutpat erat. Quisque erat eros, viverra eget, congue eget, semper rutrum, nulla. Nunc purus.",17983,20,3
Bench,"Nam nulla. Integer pede justo, lacinia eget, tincidunt eget, tempus vel, pede. Morbi porttitor lorem id ligula.",29663,33,1
Drawer,"Suspendisse ornare consequat lectus. In est risus, auctor sed, tristique in, tempus sit amet, sem. Fusce consequat. Nulla nisl.",21477,3,2
Wall Decor,Maecenas ut massa quis augue luctus tincidunt. Nulla mollis molestie lorem. Quisque ut erat.,3591,41,3
Wood Chair,"Curabitur in libero ut massa volutpat convallis. Morbi odio odio, elementum eu, interdum eu, tincidunt in, leo.",47480,30,5
Dining Table,Duis bibendum. Morbi non quam nec dui luctus rutrum.,23384,32,2
Wood Shelf,Suspendisse potenti. Nullam porttitor lacus at turpis. Donec posuere metus vitae ipsum.,49968,1,5
Bed Frame,Nulla tellus. In sagittis dui vel nisl.,32638,24,3
Cabinet,"Vivamus tortor. Duis mattis egestas metus. Aenean fermentum. Donec ut mauris eget massa tempor convallis. Nulla neque libero, convallis eget, eleifend luctus, ultricies eu, nibh.",39917,25,3
Coffee Table,Ut at dolor quis odio consequat varius. Integer ac leo. Pellentesque ultrices mattis odio.,25620,33,4
Wood Lamp,Aenean lectus. Pellentesque eget nunc. Donec quis orci eget orci vehicula condimentum. Curabitur in libero ut massa volutpat convallis.,29736,21,4
Bench,"Duis consequat dui nec nisi volutpat eleifend. Donec ut dolor. Morbi vel lectus in quam fringilla rhoncus. Mauris enim leo, rhoncus sed, vestibulum sit amet, cursus id, turpis.",2096,9,3
Drawer,Nulla mollis molestie lorem.,3073,1,1
Wall Decor,Duis bibendum. Morbi non quam nec dui luctus rutrum. Nulla tellus. In sagittis dui vel nisl.,10610,9,2
Wood Chair,"Nam ultrices, libero non mattis pulvinar, nulla pede ullamcorper augue, a suscipit nulla elit ac nulla. Sed vel enim sit amet nunc viverra dapibus. Nulla suscipit ligula in lacus. Curabitur at ipsum ac tellus semper interdum. Mauris ullamcorper purus sit amet nulla.",22433,13,2
Dining Table,Maecenas pulvinar lobortis est. Phasellus sit amet erat.,39587,14,1
Wood Shelf,Vivamus tortor. Duis mattis egestas metus.,49763,15,5
Bed Frame,"Duis bibendum, felis sed interdum venenatis, turpis enim blandit mi, in porttitor pede justo eu massa. Donec dapibus. Duis at velit eu est congue elementum.",12036,50,5
Cabinet,Mauris lacinia sapien quis libero. Nullam sit amet turpis elementum ligula vehicula consequat. Morbi a ipsum.,21648,49,4
Coffee Table,"Duis at velit eu est congue elementum. In hac habitasse platea dictumst. Morbi vestibulum, velit id pretium iaculis, diam erat fermentum justo, nec condimentum neque sapien placerat ante. Nulla justo.",3469,5,5
Wood Lamp,Nam tristique tortor eu pede.,17813,22,4
Bench,"Nam dui. Proin leo odio, porttitor id, consequat in, consequat ut, nulla. Sed accumsan felis. Ut at dolor quis odio consequat varius. Integer ac leo.",33056,50,5
Drawer,Etiam justo.,25210,5,3
Wall Decor,"Vivamus vel nulla eget eros elementum pellentesque. Quisque porta volutpat erat. Quisque erat eros, viverra eget, congue eget, semper rutrum, nulla. Nunc purus.",26585,23,4
Wood Chair,Maecenas ut massa quis augue luctus tincidunt. Nulla mollis molestie lorem.,44353,20,1
Dining Table,Maecenas ut massa quis augue luctus tincidunt. Nulla mollis molestie lorem. Quisque ut erat. Curabitur gravida nisi at nibh.,44887,21,3
Wood Shelf,Nullam molestie nibh in lectus. Pellentesque at nulla.,15747,44,5
Bed Frame,"Maecenas tristique, est et tempus semper, est quam pharetra magna, ac consequat metus sapien ut nunc.",1700,23,1
Cabinet,"Donec diam neque, vestibulum eget, vulputate ut, ultrices vel, augue.",28094,23,4
Coffee Table,Nullam sit amet turpis elementum ligula vehicula consequat. Morbi a ipsum. Integer a nibh.,20642,15,1
Wood Lamp,Sed vel enim sit amet nunc viverra dapibus.,42208,37,5
Bench,Quisque ut erat. Curabitur gravida nisi at nibh. In hac habitasse platea dictumst.,17482,45,2
Drawer,Nullam varius.,9821,47,4
Wall Decor,Etiam vel augue. Vestibulum rutrum rutrum neque. Aenean auctor gravida sem. Praesent id massa id nisl venenatis lacinia.,28109,35,2
Wood Chair,"Pellentesque viverra pede ac diam. Cras pellentesque volutpat dui. Maecenas tristique, est et tempus semper, est quam pharetra magna, ac consequat metus sapien ut nunc.",42824,2,3
Dining Table,Nulla ut erat id mauris vulputate elementum. Nullam varius. Nulla facilisi.,3285,19,3
Wood Shelf,Pellentesque eget nunc. Donec quis orci eget orci vehicula condimentum.,33453,50,3
Bed Frame,"Vivamus metus arcu, adipiscing molestie, hendrerit at, vulputate vitae, nisl.",18489,36,4
Cabinet,Nulla tellus. In sagittis dui vel nisl. Duis ac nibh.,13285,34,2
Coffee Table,"Fusce posuere felis sed lacus. Morbi sem mauris, laoreet ut, rhoncus aliquet, pulvinar sed, nisl. Nunc rhoncus dui vel sem. Sed sagittis.",49933,25,3
Wood Lamp,"Cum sociis natoque penatibus et magnis dis parturient montes, nascetur ridiculus mus.",37559,14,3
Bench,Pellentesque eget nunc. Donec quis orci eget orci vehicula condimentum.,32121,48,5
Drawer,"Maecenas rhoncus aliquam lacus. Morbi quis tortor id nulla ultrices aliquet. Maecenas leo odio, condimentum id, luctus nec, molestie sed, justo.",33418,6,4
Wall Decor,"Duis ac nibh. Fusce lacus purus, aliquet at, feugiat non, pretium quis, lectus. Suspendisse potenti. In eleifend quam a odio. In hac habitasse platea dictumst.",14038,13,3
Wood Chair,"Quisque porta volutpat erat. Quisque erat eros, viverra eget, congue eget, semper rutrum, nulla.",2410,30,4
Dining Table,Ut tellus.,44413,20,2
Wood Shelf,"Nullam orci pede, venenatis non, sodales sed, tincidunt eu, felis.",44476,2,3
Bed Frame,"Cras mi pede, malesuada in, imperdiet et, commodo vulputate, justo. In blandit ultrices enim. Lorem ipsum dolor sit amet, consectetuer adipiscing elit.",11947,21,5
Cabinet,Nulla facilisi. Cras non velit nec nisi vulputate nonummy. Maecenas tincidunt lacus at velit. Vivamus vel nulla eget eros elementum pellentesque.,17028,42,4
Coffee Table,"Praesent lectus. Vestibulum quam sapien, varius ut, blandit non, interdum in, ante.",7298,26,2
Wood Lamp,"Cras mi pede, malesuada in, imperdiet et, commodo vulputate, justo. In blandit ultrices enim. Lorem ipsum dolor sit amet, consectetuer adipiscing elit.",42406,2,5
Bench,Integer tincidunt ante vel ipsum. Praesent blandit lacinia erat. Vestibulum sed magna at nunc commodo placerat. Praesent blandit. Nam nulla.,9585,1,3
Drawer,Aliquam erat volutpat. In congue. Etiam justo.,35431,38,4
Wall Decor,Aliquam erat volutpat. In congue.,678,33,4
Wood Chair,Integer a nibh. In quis justo. Maecenas rhoncus aliquam lacus. Morbi quis tortor id nulla ultrices aliquet.,12060,38,1
Dining Table,Nulla facilisi. Cras non velit nec nisi vulputate nonummy. Maecenas tincidunt lacus at velit.,6000,4,3
Wood Shelf,"Pellentesque eget nunc. Donec quis orci eget orci vehicula condimentum. Curabitur in libero ut massa volutpat convallis. Morbi odio odio, elementum eu, interdum eu, tincidunt in, leo. Maecenas pulvinar lobortis est.",6057,12,2
Bed Frame,Morbi a ipsum. Integer a nibh. In quis justo. Maecenas rhoncus aliquam lacus. Morbi quis tortor id nulla ultrices aliquet.,12200,14,1
Cabinet,In eleifend quam a odio. In hac habitasse platea dictumst. Maecenas ut massa quis augue luctus tincidunt.,45843,19,2
Coffee Table,"Lorem ipsum dolor sit amet, consectetuer adipiscing elit.",49265,34,3
Wood Lamp,"Proin risus. Praesent lectus. Vestibulum quam sapien, varius ut, blandit non, interdum in, ante.",21708,11,2
Bench,"Nam congue, risus semper porta volutpat, quam pede lobortis ligula, sit amet eleifend pede libero quis orci. Nullam molestie nibh in lectus.",7836,7,4
Drawer,Nulla suscipit ligula in lacus. Curabitur at ipsum ac tellus semper interdum. Mauris ullamcorper purus sit amet nulla.,22905,47,5
Wall Decor,In congue. Etiam justo. Etiam pretium iaculis justo. In hac habitasse platea dictumst.,28134,49,3
Wood Chair,Nam dui.,3131,9,4
Dining Table,"Vestibulum quam sapien, varius ut, blandit non, interdum in, ante. Vestibulum ante ipsum primis in faucibus orci luctus et ultrices posuere cubilia Curae; Duis faucibus accumsan odio. Curabitur convallis.",20768,33,3
Wood Shelf,"Mauris enim leo, rhoncus sed, vestibulum sit amet, cursus id, turpis. Integer aliquet, massa id lobortis convallis, tortor risus dapibus augue, vel accumsan tellus nisi eu orci. Mauris lacinia sapien quis libero. Nullam sit amet turpis elementum ligula vehicula consequat.",42650,21,3
Bed Frame,"Cum sociis natoque penatibus et magnis dis parturient montes, nascetur ridiculus mus. Vivamus vestibulum sagittis sapien. Cum sociis natoque penatibus et magnis dis parturient montes, nascetur ridiculus mus.",27268,9,4
Cabinet,Duis ac nibh.,45560,23,3
Coffee Table,"In est risus, auctor sed, tristique in, tempus sit amet, sem.",40082,16,4
Wood Lamp,Integer a nibh. In quis justo. Maecenas rhoncus aliquam lacus.,13959,43,2
Bench,"Vestibulum ante ipsum primis in faucibus orci luctus et ultrices posuere cubilia Curae; Donec pharetra, magna vestibulum aliquet ultrices, erat tortor sollicitudin mi, sit amet lobortis sapien sapien non mi. Integer ac neque. Duis bibendum. Morbi non quam nec dui luctus rutrum.",3969,32,5
Drawer,"Duis bibendum, felis sed interdum venenatis, turpis enim blandit mi, in porttitor pede justo eu massa. Donec dapibus. Duis at velit eu est congue elementum. In hac habitasse platea dictumst. Morbi vestibulum, velit id pretium iaculis, diam erat fermentum justo, nec condimentum neque sapien placerat ante.",25346,11,1
Wall Decor,Aenean auctor gravida sem.,9049,34,2
Wood Chair,"Maecenas leo odio, condimentum id, luctus nec, molestie sed, justo. Pellentesque viverra pede ac diam. Cras pellentesque volutpat dui. Maecenas tristique, est et tempus semper, est quam pharetra magna, ac consequat metus sapien ut nunc. Vestibulum ante ipsum primis in faucibus orci luctus et ultrices posuere cubilia Curae; Mauris viverra diam vitae quam.",46406,42,4
Dining Table,"Donec odio justo, sollicitudin ut, suscipit a, feugiat et, eros. Vestibulum ac est lacinia nisi venenatis tristique. Fusce congue, diam id ornare imperdiet, sapien urna pretium nisl, ut volutpat sapien arcu sed augue. Aliquam erat volutpat.",40566,39,5
Wood Shelf,"Vivamus in felis eu sapien cursus vestibulum. Proin eu mi. Nulla ac enim. In tempor, turpis nec euismod scelerisque, quam turpis adipiscing lorem, vitae mattis nibh ligula nec sem. Duis aliquam convallis nunc.",5211,19,3
Bed Frame,Aliquam erat volutpat. In congue.,6038,14,2
Cabinet,Praesent id massa id nisl venenatis lacinia.,5045,47,2
Coffee Table,"Nam nulla. Integer pede justo, lacinia eget, tincidunt eget, tempus vel, pede.",18797,43,3
Wood Lamp,"Nulla neque libero, convallis eget, eleifend luctus, ultricies eu, nibh.",14971,48,3
Bench,Ut at dolor quis odio consequat varius.,47429,12,3
Drawer,Nullam varius.,21818,32,4
Wall Decor,"Phasellus in felis. Donec semper sapien a libero. Nam dui. Proin leo odio, porttitor id, consequat in, consequat ut, nulla.",2567,50,3
Wood Chair,"Donec ut dolor. Morbi vel lectus in quam fringilla rhoncus. Mauris enim leo, rhoncus sed, vestibulum sit amet, cursus id, turpis. Integer aliquet, massa id lobortis convallis, tortor risus dapibus augue, vel accumsan tellus nisi eu orci. Mauris lacinia sapien quis libero.",10502,47,3
Dining Table,Etiam justo. Etiam pretium iaculis justo. In hac habitasse platea dictumst.,20235,32,5
Wood Shelf,"Morbi non quam nec dui luctus rutrum. Nulla tellus. In sagittis dui vel nisl. Duis ac nibh. Fusce lacus purus, aliquet at, feugiat non, pretium quis, lectus.",20133,25,4
Bed Frame,Quisque ut erat. Curabitur gravida nisi at nibh. In hac habitasse platea dictumst.,47398,10,2
Cabinet,"In tempor, turpis nec euismod scelerisque, quam turpis adipiscing lorem, vitae mattis nibh ligula nec sem. Duis aliquam convallis nunc. Proin at turpis a pede posuere nonummy. Integer non velit. Donec diam neque, vestibulum eget, vulputate ut, ultrices vel, augue.",12038,1,5
Coffee Table,"Proin at turpis a pede posuere nonummy. Integer non velit. Donec diam neque, vestibulum eget, vulputate ut, ultrices vel, augue. Vestibulum ante ipsum primis in faucibus orci luctus et ultrices posuere cubilia Curae; Donec pharetra, magna vestibulum aliquet ultrices, erat tortor sollicitudin mi, sit amet lobortis sapien sapien non mi.",43402,15,3
Wood Lamp,Maecenas pulvinar lobortis est.,1379,8,2
Bench,Etiam faucibus cursus urna. Ut tellus. Nulla ut erat id mauris vulputate elementum.,22305,16,1
Drawer,"In est risus, auctor sed, tristique in, tempus sit amet, sem. Fusce consequat. Nulla nisl. Nunc nisl.",2896,18,3
Wall Decor,"Morbi odio odio, elementum eu, interdum eu, tincidunt in, leo.",21687,46,2
Wood Chair,Aenean auctor gravida sem. Praesent id massa id nisl venenatis lacinia. Aenean sit amet justo. Morbi ut odio.,23628,35,2
Dining Table,Nullam sit amet turpis elementum ligula vehicula consequat.,13604,43,3
Wood Shelf,"Morbi sem mauris, laoreet ut, rhoncus aliquet, pulvinar sed, nisl. Nunc rhoncus dui vel sem. Sed sagittis. Nam congue, risus semper porta volutpat, quam pede lobortis ligula, sit amet eleifend pede libero quis orci.",49849,26,5
Bed Frame,"Aliquam sit amet diam in magna bibendum imperdiet. Nullam orci pede, venenatis non, sodales sed, tincidunt eu, felis. Fusce posuere felis sed lacus.",44166,17,1
Cabinet,Proin interdum mauris non ligula pellentesque ultrices.,15890,21,1
Coffee Table,Nulla facilisi.,33721,25,1
Wood Lamp,Ut at dolor quis odio consequat varius. Integer ac leo.,49504,14,2
Bench,"Pellentesque at nulla. Suspendisse potenti. Cras in purus eu magna vulputate luctus. Cum sociis natoque penatibus et magnis dis parturient montes, nascetur ridiculus mus. Vivamus vestibulum sagittis sapien.",28374,15,2
Drawer,Vestibulum sed magna at nunc commodo placerat. Praesent blandit. Nam nulla.,28452,30,1
Wall Decor,"Proin at turpis a pede posuere nonummy. Integer non velit. Donec diam neque, vestibulum eget, vulputate ut, ultrices vel, augue. Vestibulum ante ipsum primis in faucibus orci luctus et ultrices posuere cubilia Curae; Donec pharetra, magna vestibulum aliquet ultrices, erat tortor sollicitudin mi, sit amet lobortis sapien sapien non mi. Integer ac neque.",34774,49,2
Wood Chair,"Morbi odio odio, elementum eu, interdum eu, tincidunt in, leo. Maecenas pulvinar lobortis est. Phasellus sit amet erat. Nulla tempus. Vivamus in felis eu sapien cursus vestibulum.",32904,16,4
Dining Table,"Praesent blandit lacinia erat. Vestibulum sed magna at nunc commodo placerat. Praesent blandit. Nam nulla. Integer pede justo, lacinia eget, tincidunt eget, tempus vel, pede.",36778,23,2
Wood Shelf,"Quisque id justo sit amet sapien dignissim vestibulum. Vestibulum ante ipsum primis in faucibus orci luctus et ultrices posuere cubilia Curae; Nulla dapibus dolor vel est. Donec odio justo, sollicitudin ut, suscipit a, feugiat et, eros.",17297,23,3
Bed Frame,In hac habitasse platea dictumst. Maecenas ut massa quis augue luctus tincidunt.,4977,29,5
Cabinet,"Morbi odio odio, elementum eu, interdum eu, tincidunt in, leo.",1152,39,2
Coffee Table,Suspendisse potenti.,2297,29,2
Wood Lamp,Donec posuere metus vitae ipsum. Aliquam non mauris. Morbi non lectus. Aliquam sit amet diam in magna bibendum imperdiet.,23951,34,4
Bench,Nulla tempus.,6942,24,3
Drawer,Nunc rhoncus dui vel sem. Sed sagittis.,24689,1,1
Wall Decor,Duis mattis egestas metus. Aenean fermentum. Donec ut mauris eget massa tempor convallis.,30621,4,3
Wood Chair,"Vestibulum sed magna at nunc commodo placerat. Praesent blandit. Nam nulla. Integer pede justo, lacinia eget, tincidunt eget, tempus vel, pede.",6097,25,1
Dining Table,Vestibulum ante ipsum primis in faucibus orci luctus et ultrices posuere cubilia Curae; Duis faucibus accumsan odio.,3711,11,4
Wood Shelf,"Donec vitae nisi. Nam ultrices, libero non mattis pulvinar, nulla pede ullamcorper augue, a suscipit nulla elit ac nulla.",29840,29,4
Bed Frame,Aliquam erat volutpat. In congue. Etiam justo.,29996,11,1
Cabinet,In eleifend quam a odio.,32306,35,4
Coffee Table,Nulla mollis molestie lorem. Quisque ut erat. Curabitur gravida nisi at nibh.,18770,21,4
Wood Lamp,Nullam porttitor lacus at turpis.,16311,14,1
Bench,Suspendisse accumsan tortor quis turpis. Sed ante. Vivamus tortor. Duis mattis egestas metus. Aenean fermentum.,36546,7,4
Drawer,"Pellentesque at nulla. Suspendisse potenti. Cras in purus eu magna vulputate luctus. Cum sociis natoque penatibus et magnis dis parturient montes, nascetur ridiculus mus. Vivamus vestibulum sagittis sapien.",16314,3,3
Wall Decor,Nulla tellus. In sagittis dui vel nisl. Duis ac nibh.,46869,33,4
Wood Chair,"Vestibulum ante ipsum primis in faucibus orci luctus et ultrices posuere cubilia Curae; Donec pharetra, magna vestibulum aliquet ultrices, erat tortor sollicitudin mi, sit amet lobortis sapien sapien non mi. Integer ac neque. Duis bibendum. Morbi non quam nec dui luctus rutrum.",39056,4,5
Dining Table,Integer tincidunt ante vel ipsum. Praesent blandit lacinia erat. Vestibulum sed magna at nunc commodo placerat.,12823,28,2
Wood Shelf,Integer tincidunt ante vel ipsum. Praesent blandit lacinia erat. Vestibulum sed magna at nunc commodo placerat. Praesent blandit.,10540,37,3
Bed Frame,"Aliquam sit amet diam in magna bibendum imperdiet. Nullam orci pede, venenatis non, sodales sed, tincidunt eu, felis. Fusce posuere felis sed lacus. Morbi sem mauris, laoreet ut, rhoncus aliquet, pulvinar sed, nisl. Nunc rhoncus dui vel sem.",9074,29,3
Cabinet,"Lorem ipsum dolor sit amet, consectetuer adipiscing elit. Proin interdum mauris non ligula pellentesque ultrices. Phasellus id sapien in sapien iaculis congue. Vivamus metus arcu, adipiscing molestie, hendrerit at, vulputate vitae, nisl. Aenean lectus.",31865,29,4
Coffee Table,"Pellentesque viverra pede ac diam. Cras pellentesque volutpat dui. Maecenas tristique, est et tempus semper, est quam pharetra magna, ac consequat metus sapien ut nunc.",48749,34,2
Wood Lamp,Nulla mollis molestie lorem. Quisque ut erat. Curabitur gravida nisi at nibh. In hac habitasse platea dictumst.,21625,49,2
Bench,"Vestibulum quam sapien, varius ut, blandit non, interdum in, ante. Vestibulum ante ipsum primis in faucibus orci luctus et ultrices posuere cubilia Curae; Duis faucibus accumsan odio. Curabitur convallis.",26209,39,1
Drawer,"Mauris enim leo, rhoncus sed, vestibulum sit amet, cursus id, turpis. Integer aliquet, massa id lobortis convallis, tortor risus dapibus augue, vel accumsan tellus nisi eu orci. Mauris lacinia sapien quis libero.",33434,39,5
Wall Decor,"Pellentesque ultrices mattis odio. Donec vitae nisi. Nam ultrices, libero non mattis pulvinar, nulla pede ullamcorper augue, a suscipit nulla elit ac nulla. Sed vel enim sit amet nunc viverra dapibus. Nulla suscipit ligula in lacus.",26693,19,4
Wood Chair,"Nulla mollis molestie lorem. Quisque ut erat. Curabitur gravida nisi at nibh. In hac habitasse platea dictumst. Aliquam augue quam, sollicitudin vitae, consectetuer eget, rutrum at, lorem.",48734,40,2
Dining Table,"Proin interdum mauris non ligula pellentesque ultrices. Phasellus id sapien in sapien iaculis congue. Vivamus metus arcu, adipiscing molestie, hendrerit at, vulputate vitae, nisl. Aenean lectus.",46300,17,3
Wood Shelf,"Sed sagittis. Nam congue, risus semper porta volutpat, quam pede lobortis ligula, sit amet eleifend pede libero quis orci. Nullam molestie nibh in lectus. Pellentesque at nulla. Suspendisse potenti.",47424,50,2
Bed Frame,Suspendisse accumsan tortor quis turpis. Sed ante.,15179,22,5
Cabinet,"Cras in purus eu magna vulputate luctus. Cum sociis natoque penatibus et magnis dis parturient montes, nascetur ridiculus mus.",37716,15,1
Coffee Table,In congue. Etiam justo. Etiam pretium iaculis justo.,11642,36,2
Wood Lamp,"Sed sagittis. Nam congue, risus semper porta volutpat, quam pede lobortis ligula, sit amet eleifend pede libero quis orci. Nullam molestie nibh in lectus. Pellentesque at nulla.",6297,47,3
Bench,"Duis bibendum, felis sed interdum venenatis, turpis enim blandit mi, in porttitor pede justo eu massa. Donec dapibus.",49454,3,1
Drawer,Aenean lectus. Pellentesque eget nunc.,37983,49,4
Wall Decor,Ut tellus. Nulla ut erat id mauris vulputate elementum. Nullam varius.,27967,16,2
Wood Chair,Aenean lectus. Pellentesque eget nunc. Donec quis orci eget orci vehicula condimentum.,46318,3,5
Dining Table,"Quisque porta volutpat erat. Quisque erat eros, viverra eget, congue eget, semper rutrum, nulla. Nunc purus.",38317,34,2
Wood Shelf,Nulla suscipit ligula in lacus. Curabitur at ipsum ac tellus semper interdum.,7830,9,3
Bed Frame,"Integer aliquet, massa id lobortis convallis, tortor risus dapibus augue, vel accumsan tellus nisi eu orci. Mauris lacinia sapien quis libero. Nullam sit amet turpis elementum ligula vehicula consequat. Morbi a ipsum.",25214,24,3
Cabinet,Nulla nisl. Nunc nisl.,36885,23,5
Coffee Table,"Sed sagittis. Nam congue, risus semper porta volutpat, quam pede lobortis ligula, sit amet eleifend pede libero quis orci. Nullam molestie nibh in lectus. Pellentesque at nulla. Suspendisse potenti.",33748,17,1
Wood Lamp,Cras non velit nec nisi vulputate nonummy. Maecenas tincidunt lacus at velit.,41993,37,3
Bench,Nunc nisl.,17526,18,1
Drawer,Aliquam quis turpis eget elit sodales scelerisque. Mauris sit amet eros. Suspendisse accumsan tortor quis turpis.,1057,42,1
Wall Decor,"Mauris ullamcorper purus sit amet nulla. Quisque arcu libero, rutrum ac, lobortis vel, dapibus at, diam.",21405,13,2
Wood Chair,"Cum sociis natoque penatibus et magnis dis parturient montes, nascetur ridiculus mus. Etiam vel augue. Vestibulum rutrum rutrum neque. Aenean auctor gravida sem. Praesent id massa id nisl venenatis lacinia.",44922,41,3
Dining Table,"Integer aliquet, massa id lobortis convallis, tortor risus dapibus augue, vel accumsan tellus nisi eu orci. Mauris lacinia sapien quis libero. Nullam sit amet turpis elementum ligula vehicula consequat. Morbi a ipsum.",13215,34,1
Wood Shelf,"Proin interdum mauris non ligula pellentesque ultrices. Phasellus id sapien in sapien iaculis congue. Vivamus metus arcu, adipiscing molestie, hendrerit at, vulputate vitae, nisl.",29736,30,1
Bed Frame,In quis justo.,15316,17,4
Cabinet,Vestibulum ante ipsum primis in faucibus orci luctus et ultrices posuere cubilia Curae; Mauris viverra diam vitae quam. Suspendisse potenti. Nullam porttitor lacus at turpis. Donec posuere metus vitae ipsum.,38831,16,4
Coffee Table,Vestibulum rutrum rutrum neque.,46422,31,1
Wood Lamp,Nulla justo. Aliquam quis turpis eget elit sodales scelerisque.,44145,22,2
Bench,"Nulla neque libero, convallis eget, eleifend luctus, ultricies eu, nibh.",7985,6,2
Drawer,Etiam justo. Etiam pretium iaculis justo.,28059,28,1
Wall Decor,"Donec ut mauris eget massa tempor convallis. Nulla neque libero, convallis eget, eleifend luctus, ultricies eu, nibh. Quisque id justo sit amet sapien dignissim vestibulum. Vestibulum ante ipsum primis in faucibus orci luctus et ultrices posuere cubilia Curae; Nulla dapibus dolor vel est.",18951,36,5
Wood Chair,Proin at turpis a pede posuere nonummy.,11105,22,4
Dining Table,"Quisque porta volutpat erat. Quisque erat eros, viverra eget, congue eget, semper rutrum, nulla.",16078,39,2
Wood Shelf,"Donec ut mauris eget massa tempor convallis. Nulla neque libero, convallis eget, eleifend luctus, ultricies eu, nibh.",49655,34,5
Bed Frame,Integer ac leo.,17924,5,4
Cabinet,Nulla mollis molestie lorem. Quisque ut erat.,43645,41,5
Coffee Table,Aliquam quis turpis eget elit sodales scelerisque. Mauris sit amet eros. Suspendisse accumsan tortor quis turpis.,19066,45,3
Wood Lamp,Vivamus in felis eu sapien cursus vestibulum. Proin eu mi.,15144,27,2
Bench,"Donec ut mauris eget massa tempor convallis. Nulla neque libero, convallis eget, eleifend luctus, ultricies eu, nibh.",26806,15,3
Drawer,Duis mattis egestas metus. Aenean fermentum.,24705,43,3
Wall Decor,Nullam sit amet turpis elementum ligula vehicula consequat.,48411,31,5
Wood Chair,Sed vel enim sit amet nunc viverra dapibus. Nulla suscipit ligula in lacus.,44548,34,2
Dining Table,Praesent blandit.,23105,44,5
Wood Shelf,Praesent id massa id nisl venenatis lacinia.,12621,1,3
Bed Frame,Vestibulum sed magna at nunc commodo placerat.,8725,18,5
Cabinet,"Mauris enim leo, rhoncus sed, vestibulum sit amet, cursus id, turpis. Integer aliquet, massa id lobortis convallis, tortor risus dapibus augue, vel accumsan tellus nisi eu orci. Mauris lacinia sapien quis libero.",22035,38,4
Coffee Table,"Morbi vel lectus in quam fringilla rhoncus. Mauris enim leo, rhoncus sed, vestibulum sit amet, cursus id, turpis. Integer aliquet, massa id lobortis convallis, tortor risus dapibus augue, vel accumsan tellus nisi eu orci. Mauris lacinia sapien quis libero. Nullam sit amet turpis elementum ligula vehicula consequat.",9741,14,4
Wood Lamp,"In est risus, auctor sed, tristique in, tempus sit amet, sem.",36617,36,5
Bench,Pellentesque viverra pede ac diam.,504,28,2
Drawer,"Duis consequat dui nec nisi volutpat eleifend. Donec ut dolor. Morbi vel lectus in quam fringilla rhoncus. Mauris enim leo, rhoncus sed, vestibulum sit amet, cursus id, turpis. Integer aliquet, massa id lobortis convallis, tortor risus dapibus augue, vel accumsan tellus nisi eu orci.",44974,38,4
Wall Decor,"Curabitur gravida nisi at nibh. In hac habitasse platea dictumst. Aliquam augue quam, sollicitudin vitae, consectetuer eget, rutrum at, lorem. Integer tincidunt ante vel ipsum.",39546,2,3
Wood Chair,Nullam varius.,46743,6,1
Dining Table,"Integer pede justo, lacinia eget, tincidunt eget, tempus vel, pede. Morbi porttitor lorem id ligula. Suspendisse ornare consequat lectus. In est risus, auctor sed, tristique in, tempus sit amet, sem.",16723,25,5
Wood Shelf,"Vestibulum ante ipsum primis in faucibus orci luctus et ultrices posuere cubilia Curae; Nulla dapibus dolor vel est. Donec odio justo, sollicitudin ut, suscipit a, feugiat et, eros. Vestibulum ac est lacinia nisi venenatis tristique. Fusce congue, diam id ornare imperdiet, sapien urna pretium nisl, ut volutpat sapien arcu sed augue. Aliquam erat volutpat.",40519,37,1
Bed Frame,Vestibulum rutrum rutrum neque. Aenean auctor gravida sem. Praesent id massa id nisl venenatis lacinia.,10125,37,4
Cabinet,"Maecenas rhoncus aliquam lacus. Morbi quis tortor id nulla ultrices aliquet. Maecenas leo odio, condimentum id, luctus nec, molestie sed, justo.",31525,28,1
Coffee Table,"Aenean sit amet justo. Morbi ut odio. Cras mi pede, malesuada in, imperdiet et, commodo vulputate, justo. In blandit ultrices enim.",22463,9,5
Wood Lamp,"Fusce lacus purus, aliquet at, feugiat non, pretium quis, lectus. Suspendisse potenti. In eleifend quam a odio. In hac habitasse platea dictumst. Maecenas ut massa quis augue luctus tincidunt.",48968,1,5
Bench,"In hac habitasse platea dictumst. Aliquam augue quam, sollicitudin vitae, consectetuer eget, rutrum at, lorem. Integer tincidunt ante vel ipsum. Praesent blandit lacinia erat.",12843,42,1
Drawer,"Donec diam neque, vestibulum eget, vulputate ut, ultrices vel, augue. Vestibulum ante ipsum primis in faucibus orci luctus et ultrices posuere cubilia Curae; Donec pharetra, magna vestibulum aliquet ultrices, erat tortor sollicitudin mi, sit amet lobortis sapien sapien non mi. Integer ac neque. Duis bibendum.",17560,49,2
Wall Decor,In eleifend quam a odio.,16081,7,4
Wood Chair,"Pellentesque at nulla. Suspendisse potenti. Cras in purus eu magna vulputate luctus. Cum sociis natoque penatibus et magnis dis parturient montes, nascetur ridiculus mus.",27808,42,5
Dining Table,Aliquam erat volutpat. In congue. Etiam justo. Etiam pretium iaculis justo. In hac habitasse platea dictumst.,6316,4,4
Wood Shelf,"Cras in purus eu magna vulputate luctus. Cum sociis natoque penatibus et magnis dis parturient montes, nascetur ridiculus mus.",17083,47,1
Bed Frame,Vestibulum ante ipsum primis in faucibus orci luctus et ultrices posuere cubilia Curae; Duis faucibus accumsan odio. Curabitur convallis.,8605,7,1
Cabinet,Vestibulum sed magna at nunc commodo placerat.,48968,1,5
Coffee Table,Nulla justo. Aliquam quis turpis eget elit sodales scelerisque.,42408,33,5
Wood Lamp,"Nullam orci pede, venenatis non, sodales sed, tincidunt eu, felis.",3525,30,1
Bench,"Proin at turpis a pede posuere nonummy. Integer non velit. Donec diam neque, vestibulum eget, vulputate ut, ultrices vel, augue.",26041,34,1
Drawer,"Nam congue, risus semper porta volutpat, quam pede lobortis ligula, sit amet eleifend pede libero quis orci. Nullam molestie nibh in lectus.",20881,44,4
Wall Decor,Phasellus in felis. Donec semper sapien a libero.,43579,28,2
Wood Chair,"Aliquam sit amet diam in magna bibendum imperdiet. Nullam orci pede, venenatis non, sodales sed, tincidunt eu, felis.",49679,2,5
Dining Table,Vestibulum ante ipsum primis in faucibus orci luctus et ultrices posuere cubilia Curae; Mauris viverra diam vitae quam.,25238,14,4
Wood Shelf,"Praesent blandit. Nam nulla. Integer pede justo, lacinia eget, tincidunt eget, tempus vel, pede. Morbi porttitor lorem id ligula.",2288,19,4
Bed Frame,"Proin at turpis a pede posuere nonummy. Integer non velit. Donec diam neque, vestibulum eget, vulputate ut, ultrices vel, augue.",21393,26,4
Cabinet,"In est risus, auctor sed, tristique in, tempus sit amet, sem. Fusce consequat. Nulla nisl.",23553,24,5
Coffee Table,"Morbi ut odio. Cras mi pede, malesuada in, imperdiet et, commodo vulputate, justo. In blandit ultrices enim. Lorem ipsum dolor sit amet, consectetuer adipiscing elit. Proin interdum mauris non ligula pellentesque ultrices.",39886,40,3
Wood Lamp,Nunc rhoncus dui vel sem.,32963,4,5
Bench,Ut at dolor quis odio consequat varius. Integer ac leo. Pellentesque ultrices mattis odio. Donec vitae nisi.,46340,33,3
Drawer,"Duis mattis egestas metus. Aenean fermentum. Donec ut mauris eget massa tempor convallis. Nulla neque libero, convallis eget, eleifend luctus, ultricies eu, nibh.",17057,23,1
Wall Decor,Aliquam non mauris. Morbi non lectus.,45373,19,1
Wood Chair,Donec ut dolor.,28019,26,5
Dining Table,Integer tincidunt ante vel ipsum. Praesent blandit lacinia erat. Vestibulum sed magna at nunc commodo placerat. Praesent blandit. Nam nulla.,3836,14,5
Wood Shelf,"Aliquam sit amet diam in magna bibendum imperdiet. Nullam orci pede, venenatis non, sodales sed, tincidunt eu, felis. Fusce posuere felis sed lacus. Morbi sem mauris, laoreet ut, rhoncus aliquet, pulvinar sed, nisl.",18991,21,2
Bed Frame,"Morbi sem mauris, laoreet ut, rhoncus aliquet, pulvinar sed, nisl. Nunc rhoncus dui vel sem. Sed sagittis. Nam congue, risus semper porta volutpat, quam pede lobortis ligula, sit amet eleifend pede libero quis orci.",858,21,4
Cabinet,Morbi non quam nec dui luctus rutrum. Nulla tellus.,19817,46,2
Coffee Table,"Fusce congue, diam id ornare imperdiet, sapien urna pretium nisl, ut volutpat sapien arcu sed augue. Aliquam erat volutpat. In congue.",25148,16,1
Wood Lamp,Maecenas pulvinar lobortis est. Phasellus sit amet erat.,5275,34,5
Bench,"Fusce consequat. Nulla nisl. Nunc nisl. Duis bibendum, felis sed interdum venenatis, turpis enim blandit mi, in porttitor pede justo eu massa.",28459,23,5
Drawer,Praesent id massa id nisl venenatis lacinia. Aenean sit amet justo.,687,16,2
Wall Decor,"Nam congue, risus semper porta volutpat, quam pede lobortis ligula, sit amet eleifend pede libero quis orci.",18004,35,5
Wood Chair,"Aliquam sit amet diam in magna bibendum imperdiet. Nullam orci pede, venenatis non, sodales sed, tincidunt eu, felis.",443,12,4
Dining Table,"Integer pede justo, lacinia eget, tincidunt eget, tempus vel, pede. Morbi porttitor lorem id ligula. Suspendisse ornare consequat lectus. In est risus, auctor sed, tristique in, tempus sit amet, sem.",7464,14,5
Wood Shelf,"Aliquam augue quam, sollicitudin vitae, consectetuer eget, rutrum at, lorem. Integer tincidunt ante vel ipsum. Praesent blandit lacinia erat. Vestibulum sed magna at nunc commodo placerat. Praesent blandit.",25732,4,1
Bed Frame,"Vestibulum ante ipsum primis in faucibus orci luctus et ultrices posuere cubilia Curae; Nulla dapibus dolor vel est. Donec odio justo, sollicitudin ut, suscipit a, feugiat et, eros. Vestibulum ac est lacinia nisi venenatis tristique. Fusce congue, diam id ornare imperdiet, sapien urna pretium nisl, ut volutpat sapien arcu sed augue.",10619,23,1
Cabinet,"Sed sagittis. Nam congue, risus semper porta volutpat, quam pede lobortis ligula, sit amet eleifend pede libero quis orci. Nullam molestie nibh in lectus.",2580,32,2
Coffee Table,Etiam pretium iaculis justo.,32490,41,4
Wood Lamp,"Suspendisse potenti. Cras in purus eu magna vulputate luctus. Cum sociis natoque penatibus et magnis dis parturient montes, nascetur ridiculus mus. Vivamus vestibulum sagittis sapien. Cum sociis natoque penatibus et magnis dis parturient montes, nascetur ridiculus mus.",12044,2,5
Bench,"Nullam orci pede, venenatis non, sodales sed, tincidunt eu, felis. Fusce posuere felis sed lacus.",10291,9,2
Drawer,Pellentesque viverra pede ac diam. Cras pellentesque volutpat dui.,23668,2,2
Wall Decor,"Pellentesque eget nunc. Donec quis orci eget orci vehicula condimentum. Curabitur in libero ut massa volutpat convallis. Morbi odio odio, elementum eu, interdum eu, tincidunt in, leo.",32585,39,5
Wood Chair,"Nunc nisl. Duis bibendum, felis sed interdum venenatis, turpis enim blandit mi, in porttitor pede justo eu massa.",32812,6,3
Dining Table,"Integer aliquet, massa id lobortis convallis, tortor risus dapibus augue, vel accumsan tellus nisi eu orci. Mauris lacinia sapien quis libero.",16848,33,5
Wood Shelf,Aenean lectus. Pellentesque eget nunc. Donec quis orci eget orci vehicula condimentum. Curabitur in libero ut massa volutpat convallis.,9635,34,2
Bed Frame,Donec quis orci eget orci vehicula condimentum. Curabitur in libero ut massa volutpat convallis.,31348,8,2
Cabinet,Nullam molestie nibh in lectus. Pellentesque at nulla. Suspendisse potenti. Cras in purus eu magna vulputate luctus.,27180,28,5
Coffee Table,"Praesent blandit lacinia erat. Vestibulum sed magna at nunc commodo placerat. Praesent blandit. Nam nulla. Integer pede justo, lacinia eget, tincidunt eget, tempus vel, pede.",35820,29,4
Wood Lamp,"Aenean sit amet justo. Morbi ut odio. Cras mi pede, malesuada in, imperdiet et, commodo vulputate, justo. In blandit ultrices enim.",3314,43,2
Bench,Aenean auctor gravida sem. Praesent id massa id nisl venenatis lacinia.,337,31,4
Drawer,"Aliquam non mauris. Morbi non lectus. Aliquam sit amet diam in magna bibendum imperdiet. Nullam orci pede, venenatis non, sodales sed, tincidunt eu, felis. Fusce posuere felis sed lacus.",42633,13,2
Wall Decor,In hac habitasse platea dictumst. Maecenas ut massa quis augue luctus tincidunt. Nulla mollis molestie lorem. Quisque ut erat.,1308,36,5
Wood Chair,"Suspendisse ornare consequat lectus. In est risus, auctor sed, tristique in, tempus sit amet, sem. Fusce consequat. Nulla nisl.",12569,3,3
Dining Table,"Morbi vel lectus in quam fringilla rhoncus. Mauris enim leo, rhoncus sed, vestibulum sit amet, cursus id, turpis. Integer aliquet, massa id lobortis convallis, tortor risus dapibus augue, vel accumsan tellus nisi eu orci. Mauris lacinia sapien quis libero.",23550,5,4
Wood Shelf,"Maecenas rhoncus aliquam lacus. Morbi quis tortor id nulla ultrices aliquet. Maecenas leo odio, condimentum id, luctus nec, molestie sed, justo.",39087,6,5
Bed Frame,"Morbi ut odio. Cras mi pede, malesuada in, imperdiet et, commodo vulputate, justo. In blandit ultrices enim. Lorem ipsum dolor sit amet, consectetuer adipiscing elit. Proin interdum mauris non ligula pellentesque ultrices.",24457,23,5
Cabinet,Aliquam quis turpis eget elit sodales scelerisque.,48654,34,1
Coffee Table,"Vivamus vestibulum sagittis sapien. Cum sociis natoque penatibus et magnis dis parturient montes, nascetur ridiculus mus. Etiam vel augue.",31386,13,4
Wood Lamp,Suspendisse ornare consequat lectus.,45472,11,2
Bench,"Integer pede justo, lacinia eget, tincidunt eget, tempus vel, pede. Morbi porttitor lorem id ligula.",25344,32,2
Drawer,Vestibulum ante ipsum primis in faucibus orci luctus et ultrices posuere cubilia Curae; Duis faucibus accumsan odio. Curabitur convallis. Duis consequat dui nec nisi volutpat eleifend. Donec ut dolor.,19475,17,3
Wall Decor,Etiam justo. Etiam pretium iaculis justo. In hac habitasse platea dictumst. Etiam faucibus cursus urna.,29169,10,5
Wood Chair,Suspendisse accumsan tortor quis turpis. Sed ante. Vivamus tortor. Duis mattis egestas metus. Aenean fermentum.,5259,30,5
Dining Table,Maecenas pulvinar lobortis est. Phasellus sit amet erat. Nulla tempus. Vivamus in felis eu sapien cursus vestibulum. Proin eu mi.,131,44,5
Wood Shelf,"Duis bibendum, felis sed interdum venenatis, turpis enim blandit mi, in porttitor pede justo eu massa. Donec dapibus. Duis at velit eu est congue elementum. In hac habitasse platea dictumst.",20697,27,3
Bed Frame,Proin eu mi. Nulla ac enim.,46556,36,3
Cabinet,"Donec ut dolor. Morbi vel lectus in quam fringilla rhoncus. Mauris enim leo, rhoncus sed, vestibulum sit amet, cursus id, turpis. Integer aliquet, massa id lobortis convallis, tortor risus dapibus augue, vel accumsan tellus nisi eu orci.",29190,29,5
Coffee Table,Vestibulum ante ipsum primis in faucibus orci luctus et ultrices posuere cubilia Curae; Duis faucibus accumsan odio. Curabitur convallis.,24435,28,3
Wood Lamp,Mauris sit amet eros.,21395,13,1
Bench,"Aliquam non mauris. Morbi non lectus. Aliquam sit amet diam in magna bibendum imperdiet. Nullam orci pede, venenatis non, sodales sed, tincidunt eu, felis. Fusce posuere felis sed lacus.",2253,7,2
Drawer,"In tempor, turpis nec euismod scelerisque, quam turpis adipiscing lorem, vitae mattis nibh ligula nec sem. Duis aliquam convallis nunc. Proin at turpis a pede posuere nonummy. Integer non velit. Donec diam neque, vestibulum eget, vulputate ut, ultrices vel, augue.",23032,23,3
Wall Decor,Mauris sit amet eros. Suspendisse accumsan tortor quis turpis. Sed ante.,42506,27,3
Wood Chair,Nulla facilisi. Cras non velit nec nisi vulputate nonummy.,23667,41,3
Dining Table,Praesent id massa id nisl venenatis lacinia. Aenean sit amet justo. Morbi ut odio.,19982,16,1
Wood Shelf,"Donec diam neque, vestibulum eget, vulputate ut, ultrices vel, augue. Vestibulum ante ipsum primis in faucibus orci luctus et ultrices posuere cubilia Curae; Donec pharetra, magna vestibulum aliquet ultrices, erat tortor sollicitudin mi, sit amet lobortis sapien sapien non mi.",18380,23,3
Bed Frame,"Vivamus vestibulum sagittis sapien. Cum sociis natoque penatibus et magnis dis parturient montes, nascetur ridiculus mus. Etiam vel augue. Vestibulum rutrum rutrum neque.",19575,8,2
Cabinet,"Cras in purus eu magna vulputate luctus. Cum sociis natoque penatibus et magnis dis parturient montes, nascetur ridiculus mus. Vivamus vestibulum sagittis sapien.",8233,9,1
Coffee Table,Curabitur gravida nisi at nibh. In hac habitasse platea dictumst.,38210,45,3
Wood Lamp,Nam dui.,11707,27,5
Bench,In eleifend quam a odio.,16914,14,2
Drawer,"Donec vitae nisi. Nam ultrices, libero non mattis pulvinar, nulla pede ullamcorper augue, a suscipit nulla elit ac nulla. Sed vel enim sit amet nunc viverra dapibus.",34452,31,4
Wall Decor,Pellentesque viverra pede ac diam.,29670,33,1
Wood Chair,Praesent lectus.,32931,25,1
Dining Table,"Cras mi pede, malesuada in, imperdiet et, commodo vulputate, justo.",5657,27,1
Wood Shelf,"Quisque porta volutpat erat. Quisque erat eros, viverra eget, congue eget, semper rutrum, nulla. Nunc purus. Phasellus in felis.",33724,5,2
Bed Frame,Nulla mollis molestie lorem.,45457,49,2
Cabinet,Aliquam non mauris. Morbi non lectus.,35819,42,2
Coffee Table,"In tempor, turpis nec euismod scelerisque, quam turpis adipiscing lorem, vitae mattis nibh ligula nec sem. Duis aliquam convallis nunc. Proin at turpis a pede posuere nonummy. Integer non velit. Donec diam neque, vestibulum eget, vulputate ut, ultrices vel, augue.",22472,32,4
Wood Lamp,"Nulla tempus. Vivamus in felis eu sapien cursus vestibulum. Proin eu mi. Nulla ac enim. In tempor, turpis nec euismod scelerisque, quam turpis adipiscing lorem, vitae mattis nibh ligula nec sem.",10412,41,3
Bench,"Morbi vel lectus in quam fringilla rhoncus. Mauris enim leo, rhoncus sed, vestibulum sit amet, cursus id, turpis.",39884,48,5
Drawer,"Lorem ipsum dolor sit amet, consectetuer adipiscing elit. Proin interdum mauris non ligula pellentesque ultrices. Phasellus id sapien in sapien iaculis congue.",45186,6,1
Wall Decor,Integer tincidunt ante vel ipsum. Praesent blandit lacinia erat. Vestibulum sed magna at nunc commodo placerat. Praesent blandit.,39624,35,3
Wood Chair,Aliquam non mauris. Morbi non lectus.,12327,33,5
Dining Table,In hac habitasse platea dictumst. Maecenas ut massa quis augue luctus tincidunt. Nulla mollis molestie lorem.,28700,34,1
Wood Shelf,"Proin interdum mauris non ligula pellentesque ultrices. Phasellus id sapien in sapien iaculis congue. Vivamus metus arcu, adipiscing molestie, hendrerit at, vulputate vitae, nisl. Aenean lectus. Pellentesque eget nunc.",28148,24,1
Bed Frame,"Sed sagittis. Nam congue, risus semper porta volutpat, quam pede lobortis ligula, sit amet eleifend pede libero quis orci. Nullam molestie nibh in lectus. Pellentesque at nulla.",41886,44,1
Cabinet,"In blandit ultrices enim. Lorem ipsum dolor sit amet, consectetuer adipiscing elit. Proin interdum mauris non ligula pellentesque ultrices. Phasellus id sapien in sapien iaculis congue. Vivamus metus arcu, adipiscing molestie, hendrerit at, vulputate vitae, nisl.",30240,18,1
Coffee Table,"Cras pellentesque volutpat dui. Maecenas tristique, est et tempus semper, est quam pharetra magna, ac consequat metus sapien ut nunc. Vestibulum ante ipsum primis in faucibus orci luctus et ultrices posuere cubilia Curae; Mauris viverra diam vitae quam.",29279,4,1
Wood Lamp,Duis at velit eu est congue elementum.,14355,16,5
Bench,Aenean auctor gravida sem. Praesent id massa id nisl venenatis lacinia. Aenean sit amet justo. Morbi ut odio.,11934,50,3
Drawer,"Vivamus vestibulum sagittis sapien. Cum sociis natoque penatibus et magnis dis parturient montes, nascetur ridiculus mus.",35006,41,5
Wall Decor,Nulla tempus. Vivamus in felis eu sapien cursus vestibulum.,28162,36,3
Wood Chair,Morbi a ipsum. Integer a nibh. In quis justo. Maecenas rhoncus aliquam lacus.,11326,7,5
Dining Table,"Integer ac leo. Pellentesque ultrices mattis odio. Donec vitae nisi. Nam ultrices, libero non mattis pulvinar, nulla pede ullamcorper augue, a suscipit nulla elit ac nulla.",25627,40,2
Wood Shelf,Nulla mollis molestie lorem. Quisque ut erat. Curabitur gravida nisi at nibh. In hac habitasse platea dictumst.,6501,50,4
Bed Frame,In quis justo. Maecenas rhoncus aliquam lacus.,13461,9,5
Cabinet,Cras non velit nec nisi vulputate nonummy.,33494,24,3
Coffee Table,Nulla justo.,28757,14,1
Wood Lamp,"Proin risus. Praesent lectus. Vestibulum quam sapien, varius ut, blandit non, interdum in, ante. Vestibulum ante ipsum primis in faucibus orci luctus et ultrices posuere cubilia Curae; Duis faucibus accumsan odio.",15204,21,1
Bench,Vestibulum ante ipsum primis in faucibus orci luctus et ultrices posuere cubilia Curae; Duis faucibus accumsan odio. Curabitur convallis. Duis consequat dui nec nisi volutpat eleifend.,6390,10,2
Drawer,"Pellentesque ultrices mattis odio. Donec vitae nisi. Nam ultrices, libero non mattis pulvinar, nulla pede ullamcorper augue, a suscipit nulla elit ac nulla.",18047,48,1
Wall Decor,"Morbi non lectus. Aliquam sit amet diam in magna bibendum imperdiet. Nullam orci pede, venenatis non, sodales sed, tincidunt eu, felis. Fusce posuere felis sed lacus. Morbi sem mauris, laoreet ut, rhoncus aliquet, pulvinar sed, nisl.",8998,5,2
Wood Chair,"Nulla nisl. Nunc nisl. Duis bibendum, felis sed interdum venenatis, turpis enim blandit mi, in porttitor pede justo eu massa.",25611,49,5
Dining Table,"Nam dui. Proin leo odio, porttitor id, consequat in, consequat ut, nulla. Sed accumsan felis.",12127,40,1
Wood Shelf,Mauris lacinia sapien quis libero. Nullam sit amet turpis elementum ligula vehicula consequat. Morbi a ipsum. Integer a nibh. In quis justo.,36731,17,4
Bed Frame,"Nam nulla. Integer pede justo, lacinia eget, tincidunt eget, tempus vel, pede. Morbi porttitor lorem id ligula.",37448,29,5
Cabinet,"Fusce lacus purus, aliquet at, feugiat non, pretium quis, lectus. Suspendisse potenti. In eleifend quam a odio.",11716,44,2
Coffee Table,"Vivamus vel nulla eget eros elementum pellentesque. Quisque porta volutpat erat. Quisque erat eros, viverra eget, congue eget, semper rutrum, nulla. Nunc purus. Phasellus in felis.",44525,17,3
Wood Lamp,Nullam molestie nibh in lectus.,35599,21,3
Bench,Morbi a ipsum.,18693,20,2
Drawer,Aliquam non mauris. Morbi non lectus. Aliquam sit amet diam in magna bibendum imperdiet.,44601,5,1
Wall Decor,Nulla justo. Aliquam quis turpis eget elit sodales scelerisque. Mauris sit amet eros. Suspendisse accumsan tortor quis turpis. Sed ante.,47576,46,1
Wood Chair,"Vestibulum sed magna at nunc commodo placerat. Praesent blandit. Nam nulla. Integer pede justo, lacinia eget, tincidunt eget, tempus vel, pede.",44862,24,5
Dining Table,"Praesent blandit. Nam nulla. Integer pede justo, lacinia eget, tincidunt eget, tempus vel, pede.",31028,4,4
Wood Shelf,"Phasellus id sapien in sapien iaculis congue. Vivamus metus arcu, adipiscing molestie, hendrerit at, vulputate vitae, nisl.",43264,47,2
Bed Frame,Maecenas rhoncus aliquam lacus. Morbi quis tortor id nulla ultrices aliquet.,36241,16,3
Cabinet,"Nulla nisl. Nunc nisl. Duis bibendum, felis sed interdum venenatis, turpis enim blandit mi, in porttitor pede justo eu massa. Donec dapibus.",21140,31,2
Coffee Table,"Vestibulum ante ipsum primis in faucibus orci luctus et ultrices posuere cubilia Curae; Donec pharetra, magna vestibulum aliquet ultrices, erat tortor sollicitudin mi, sit amet lobortis sapien sapien non mi. Integer ac neque. Duis bibendum.",17198,2,5
Wood Lamp,"Nam dui. Proin leo odio, porttitor id, consequat in, consequat ut, nulla. Sed accumsan felis. Ut at dolor quis odio consequat varius. Integer ac leo.",17638,13,3
Bench,Ut tellus. Nulla ut erat id mauris vulputate elementum. Nullam varius. Nulla facilisi.,31834,42,5
Drawer,"Quisque erat eros, viverra eget, congue eget, semper rutrum, nulla. Nunc purus. Phasellus in felis. Donec semper sapien a libero. Nam dui.",27403,25,5
Wall Decor,Vivamus in felis eu sapien cursus vestibulum. Proin eu mi. Nulla ac enim.,48181,29,5
Wood Chair,Donec posuere metus vitae ipsum. Aliquam non mauris.,9559,47,3
Dining Table,"Cras pellentesque volutpat dui. Maecenas tristique, est et tempus semper, est quam pharetra magna, ac consequat metus sapien ut nunc. Vestibulum ante ipsum primis in faucibus orci luctus et ultrices posuere cubilia Curae; Mauris viverra diam vitae quam. Suspendisse potenti.",11868,17,2
Wood Shelf,Aliquam erat volutpat. In congue. Etiam justo. Etiam pretium iaculis justo.,45091,12,1
Bed Frame,Integer ac neque. Duis bibendum.,17556,22,5
Cabinet,Sed accumsan felis.,13750,16,1
Coffee Table,Phasellus in felis. Donec semper sapien a libero. Nam dui.,20117,48,2
Wood Lamp,"Vivamus in felis eu sapien cursus vestibulum. Proin eu mi. Nulla ac enim. In tempor, turpis nec euismod scelerisque, quam turpis adipiscing lorem, vitae mattis nibh ligula nec sem.",15430,22,3
Bench,Nullam varius. Nulla facilisi.,45330,27,3
Drawer,Fusce consequat. Nulla nisl.,48648,49,4
Wall Decor,"Nam ultrices, libero non mattis pulvinar, nulla pede ullamcorper augue, a suscipit nulla elit ac nulla.",31277,8,2
Wood Chair,"Donec ut dolor. Morbi vel lectus in quam fringilla rhoncus. Mauris enim leo, rhoncus sed, vestibulum sit amet, cursus id, turpis. Integer aliquet, massa id lobortis convallis, tortor risus dapibus augue, vel accumsan tellus nisi eu orci. Mauris lacinia sapien quis libero.",4718,42,5
Dining Table,Pellentesque eget nunc. Donec quis orci eget orci vehicula condimentum. Curabitur in libero ut massa volutpat convallis.,18929,4,5
Wood Shelf,"Aliquam augue quam, sollicitudin vitae, consectetuer eget, rutrum at, lorem. Integer tincidunt ante vel ipsum. Praesent blandit lacinia erat. Vestibulum sed magna at nunc commodo placerat. Praesent blandit.",32014,19,5
Bed Frame,Morbi quis tortor id nulla ultrices aliquet.,21019,3,2
Cabinet,"Aenean auctor gravida sem. Praesent id massa id nisl venenatis lacinia. Aenean sit amet justo. Morbi ut odio. Cras mi pede, malesuada in, imperdiet et, commodo vulputate, justo.",30967,9,2
Coffee Table,"Maecenas tristique, est et tempus semper, est quam pharetra magna, ac consequat metus sapien ut nunc. Vestibulum ante ipsum primis in faucibus orci luctus et ultrices posuere cubilia Curae; Mauris viverra diam vitae quam. Suspendisse potenti. Nullam porttitor lacus at turpis.",30517,33,5
Wood Lamp,"Vivamus metus arcu, adipiscing molestie, hendrerit at, vulputate vitae, nisl. Aenean lectus. Pellentesque eget nunc.",18459,36,3
Bench,Nulla tellus. In sagittis dui vel nisl.,33080,40,3
Drawer,Praesent blandit lacinia erat. Vestibulum sed magna at nunc commodo placerat.,34537,48,5
Wall Decor,Suspendisse potenti. In eleifend quam a odio. In hac habitasse platea dictumst. Maecenas ut massa quis augue luctus tincidunt.,48395,45,1
Wood Chair,Integer a nibh. In quis justo.,29433,14,3
Dining Table,Vestibulum ante ipsum primis in faucibus orci luctus et ultrices posuere cubilia Curae; Duis faucibus accumsan odio.,30396,29,4
Wood Shelf,"Quisque porta volutpat erat. Quisque erat eros, viverra eget, congue eget, semper rutrum, nulla. Nunc purus.",26429,13,3
Bed Frame,"Morbi odio odio, elementum eu, interdum eu, tincidunt in, leo. Maecenas pulvinar lobortis est. Phasellus sit amet erat. Nulla tempus. Vivamus in felis eu sapien cursus vestibulum.",1961,30,1
Cabinet,Proin risus. Praesent lectus.,38819,10,2
Coffee Table,"In tempor, turpis nec euismod scelerisque, quam turpis adipiscing lorem, vitae mattis nibh ligula nec sem. Duis aliquam convallis nunc. Proin at turpis a pede posuere nonummy. Integer non velit.",47205,6,1
Wood Lamp,Nulla ut erat id mauris vulputate elementum. Nullam varius. Nulla facilisi. Cras non velit nec nisi vulputate nonummy.,34445,18,4
Bench,Aliquam erat volutpat. In congue. Etiam justo.,42405,31,5
Drawer,In sagittis dui vel nisl.,39656,49,4
Wall Decor,"Donec dapibus. Duis at velit eu est congue elementum. In hac habitasse platea dictumst. Morbi vestibulum, velit id pretium iaculis, diam erat fermentum justo, nec condimentum neque sapien placerat ante. Nulla justo.",46126,6,3
Wood Chair,Suspendisse potenti. In eleifend quam a odio. In hac habitasse platea dictumst.,19990,45,1
Dining Table,In quis justo.,40326,44,2
Wood Shelf,Mauris sit amet eros. Suspendisse accumsan tortor quis turpis. Sed ante. Vivamus tortor. Duis mattis egestas metus.,25171,48,2
Bed Frame,Integer ac leo. Pellentesque ultrices mattis odio.,33024,39,2
Cabinet,"Praesent id massa id nisl venenatis lacinia. Aenean sit amet justo. Morbi ut odio. Cras mi pede, malesuada in, imperdiet et, commodo vulputate, justo. In blandit ultrices enim.",46306,32,3
Coffee Table,"In blandit ultrices enim. Lorem ipsum dolor sit amet, consectetuer adipiscing elit. Proin interdum mauris non ligula pellentesque ultrices. Phasellus id sapien in sapien iaculis congue. Vivamus metus arcu, adipiscing molestie, hendrerit at, vulputate vitae, nisl.",46368,44,5
Wood Lamp,Vestibulum sed magna at nunc commodo placerat. Praesent blandit.,35517,24,5
Bench,Vestibulum ac est lacinia nisi venenatis tristique.,14057,47,2
Drawer,"Nulla neque libero, convallis eget, eleifend luctus, ultricies eu, nibh. Quisque id justo sit amet sapien dignissim vestibulum.",34692,37,2
Wall Decor,"Maecenas leo odio, condimentum id, luctus nec, molestie sed, justo.",35646,36,2
Wood Chair,"Fusce congue, diam id ornare imperdiet, sapien urna pretium nisl, ut volutpat sapien arcu sed augue.",29849,33,3
Dining Table,"Morbi ut odio. Cras mi pede, malesuada in, imperdiet et, commodo vulputate, justo.",24678,50,3
Wood Shelf,"Nulla neque libero, convallis eget, eleifend luctus, ultricies eu, nibh.",14009,12,1
Bed Frame,"Cras pellentesque volutpat dui. Maecenas tristique, est et tempus semper, est quam pharetra magna, ac consequat metus sapien ut nunc. Vestibulum ante ipsum primis in faucibus orci luctus et ultrices posuere cubilia Curae; Mauris viverra diam vitae quam. Suspendisse potenti.",21308,1,3
Cabinet,Suspendisse accumsan tortor quis turpis. Sed ante.,47690,43,4
Coffee Table,"Quisque id justo sit amet sapien dignissim vestibulum. Vestibulum ante ipsum primis in faucibus orci luctus et ultrices posuere cubilia Curae; Nulla dapibus dolor vel est. Donec odio justo, sollicitudin ut, suscipit a, feugiat et, eros.",11974,31,4
Wood Lamp,Aenean lectus. Pellentesque eget nunc. Donec quis orci eget orci vehicula condimentum.,40814,33,1
Bench,"Mauris enim leo, rhoncus sed, vestibulum sit amet, cursus id, turpis. Integer aliquet, massa id lobortis convallis, tortor risus dapibus augue, vel accumsan tellus nisi eu orci.",3760,31,5
Drawer,Maecenas pulvinar lobortis est. Phasellus sit amet erat.,43715,21,1
Wall Decor,"Cum sociis natoque penatibus et magnis dis parturient montes, nascetur ridiculus mus. Etiam vel augue. Vestibulum rutrum rutrum neque.",41803,23,5
Wood Chair,"Aenean fermentum. Donec ut mauris eget massa tempor convallis. Nulla neque libero, convallis eget, eleifend luctus, ultricies eu, nibh. Quisque id justo sit amet sapien dignissim vestibulum. Vestibulum ante ipsum primis in faucibus orci luctus et ultrices posuere cubilia Curae; Nulla dapibus dolor vel est.",8975,47,5
Dining Table,Vestibulum sed magna at nunc commodo placerat.,11660,25,5
Wood Shelf,"Nulla nisl. Nunc nisl. Duis bibendum, felis sed interdum venenatis, turpis enim blandit mi, in porttitor pede justo eu massa.",13201,3,2
Bed Frame,"Integer pede justo, lacinia eget, tincidunt eget, tempus vel, pede. Morbi porttitor lorem id ligula.",28536,23,2
Cabinet,"Nulla nisl. Nunc nisl. Duis bibendum, felis sed interdum venenatis, turpis enim blandit mi, in porttitor pede justo eu massa.",42824,37,1
Coffee Table,Duis mattis egestas metus.,8842,9,2
Wood Lamp,Praesent blandit lacinia erat. Vestibulum sed magna at nunc commodo placerat.,2555,35,4
Bench,"Donec ut dolor. Morbi vel lectus in quam fringilla rhoncus. Mauris enim leo, rhoncus sed, vestibulum sit amet, cursus id, turpis.",44982,1,2
Drawer,"In tempor, turpis nec euismod scelerisque, quam turpis adipiscing lorem, vitae mattis nibh ligula nec sem. Duis aliquam convallis nunc.",14370,8,2
Wall Decor,"Aliquam augue quam, sollicitudin vitae, consectetuer eget, rutrum at, lorem. Integer tincidunt ante vel ipsum.",3551,42,1
Wood Chair,In quis justo.,32395,6,1
Dining Table,"Vestibulum ante ipsum primis in faucibus orci luctus et ultrices posuere cubilia Curae; Donec pharetra, magna vestibulum aliquet ultrices, erat tortor sollicitudin mi, sit amet lobortis sapien sapien non mi.",16807,13,2
Wood Shelf,"Fusce lacus purus, aliquet at, feugiat non, pretium quis, lectus. Suspendisse potenti. In eleifend quam a odio. In hac habitasse platea dictumst. Maecenas ut massa quis augue luctus tincidunt.",14625,38,4
Bed Frame,"Aliquam sit amet diam in magna bibendum imperdiet. Nullam orci pede, venenatis non, sodales sed, tincidunt eu, felis. Fusce posuere felis sed lacus.",15673,23,5
Cabinet,Maecenas tincidunt lacus at velit. Vivamus vel nulla eget eros elementum pellentesque. Quisque porta volutpat erat.,44824,5,1
Coffee Table,"Suspendisse ornare consequat lectus. In est risus, auctor sed, tristique in, tempus sit amet, sem.",38381,38,3
Wood Lamp,"Proin at turpis a pede posuere nonummy. Integer non velit. Donec diam neque, vestibulum eget, vulputate ut, ultrices vel, augue. Vestibulum ante ipsum primis in faucibus orci luctus et ultrices posuere cubilia Curae; Donec pharetra, magna vestibulum aliquet ultrices, erat tortor sollicitudin mi, sit amet lobortis sapien sapien non mi. Integer ac neque.",11377,44,3
Bench,"Morbi vel lectus in quam fringilla rhoncus. Mauris enim leo, rhoncus sed, vestibulum sit amet, cursus id, turpis. Integer aliquet, massa id lobortis convallis, tortor risus dapibus augue, vel accumsan tellus nisi eu orci. Mauris lacinia sapien quis libero.",40920,10,5
Drawer,"Morbi ut odio. Cras mi pede, malesuada in, imperdiet et, commodo vulputate, justo. In blandit ultrices enim.",48143,41,4
Wall Decor,"Cum sociis natoque penatibus et magnis dis parturient montes, nascetur ridiculus mus.",38151,41,1
Wood Chair,"In est risus, auctor sed, tristique in, tempus sit amet, sem. Fusce consequat. Nulla nisl.",46804,44,2
Dining Table,"Aliquam augue quam, sollicitudin vitae, consectetuer eget, rutrum at, lorem. Integer tincidunt ante vel ipsum. Praesent blandit lacinia erat. Vestibulum sed magna at nunc commodo placerat.",41466,43,4
Wood Shelf,Proin interdum mauris non ligula pellentesque ultrices.,6403,11,1
Bed Frame,"Nulla suscipit ligula in lacus. Curabitur at ipsum ac tellus semper interdum. Mauris ullamcorper purus sit amet nulla. Quisque arcu libero, rutrum ac, lobortis vel, dapibus at, diam. Nam tristique tortor eu pede.",49397,30,1
Cabinet,Vivamus in felis eu sapien cursus vestibulum. Proin eu mi. Nulla ac enim.,40785,10,5
Coffee Table,"Morbi sem mauris, laoreet ut, rhoncus aliquet, pulvinar sed, nisl. Nunc rhoncus dui vel sem.",833,6,4
Wood Lamp,Phasellus sit amet erat. Nulla tempus. Vivamus in felis eu sapien cursus vestibulum.,21648,27,5
Bench,Nulla facilisi.,10646,30,4
Drawer,"Integer ac leo. Pellentesque ultrices mattis odio. Donec vitae nisi. Nam ultrices, libero non mattis pulvinar, nulla pede ullamcorper augue, a suscipit nulla elit ac nulla. Sed vel enim sit amet nunc viverra dapibus.",44273,15,2
Wall Decor,Nulla nisl.,26245,29,4
Wood Chair,Cras non velit nec nisi vulputate nonummy. Maecenas tincidunt lacus at velit. Vivamus vel nulla eget eros elementum pellentesque. Quisque porta volutpat erat.,46731,45,4
Dining Table,"Donec semper sapien a libero. Nam dui. Proin leo odio, porttitor id, consequat in, consequat ut, nulla. Sed accumsan felis. Ut at dolor quis odio consequat varius.",8199,11,4
Wood Shelf,Maecenas tincidunt lacus at velit. Vivamus vel nulla eget eros elementum pellentesque. Quisque porta volutpat erat.,12484,31,5
Bed Frame,Nulla tellus. In sagittis dui vel nisl. Duis ac nibh.,22003,35,2
Cabinet,Phasellus in felis. Donec semper sapien a libero. Nam dui.,44208,11,4
Coffee Table,Integer ac neque. Duis bibendum.,22404,5,1
Wood Lamp,Nunc purus.,40125,13,1
Bench,Nunc nisl.,20480,16,5
Drawer,Duis mattis egestas metus. Aenean fermentum.,12493,35,5
Wall Decor,Vestibulum ac est lacinia nisi venenatis tristique.,29118,12,4
Wood Chair,In hac habitasse platea dictumst. Etiam faucibus cursus urna.,14374,9,2
Dining Table,"Aenean auctor gravida sem. Praesent id massa id nisl venenatis lacinia. Aenean sit amet justo. Morbi ut odio. Cras mi pede, malesuada in, imperdiet et, commodo vulputate, justo.",42531,5,5
Wood Shelf,Aliquam non mauris. Morbi non lectus.,28315,16,5
Bed Frame,Donec ut mauris eget massa tempor convallis.,23331,46,4
Cabinet,Suspendisse accumsan tortor quis turpis. Sed ante.,38638,24,2
Coffee Table,"Donec odio justo, sollicitudin ut, suscipit a, feugiat et, eros. Vestibulum ac est lacinia nisi venenatis tristique. Fusce congue, diam id ornare imperdiet, sapien urna pretium nisl, ut volutpat sapien arcu sed augue.",22973,20,2
Wood Lamp,"Vivamus metus arcu, adipiscing molestie, hendrerit at, vulputate vitae, nisl. Aenean lectus.",44535,8,5
Bench,"Fusce posuere felis sed lacus. Morbi sem mauris, laoreet ut, rhoncus aliquet, pulvinar sed, nisl. Nunc rhoncus dui vel sem.",34300,37,2
Drawer,"Duis mattis egestas metus. Aenean fermentum. Donec ut mauris eget massa tempor convallis. Nulla neque libero, convallis eget, eleifend luctus, ultricies eu, nibh.",4982,30,4
Wall Decor,"Morbi vestibulum, velit id pretium iaculis, diam erat fermentum justo, nec condimentum neque sapien placerat ante.",18851,43,5
Wood Chair,Morbi a ipsum. Integer a nibh. In quis justo.,46018,14,2
Dining Table,"Vestibulum quam sapien, varius ut, blandit non, interdum in, ante. Vestibulum ante ipsum primis in faucibus orci luctus et ultrices posuere cubilia Curae; Duis faucibus accumsan odio.",48187,43,1
Wood Shelf,"Nulla ac enim. In tempor, turpis nec euismod scelerisque, quam turpis adipiscing lorem, vitae mattis nibh ligula nec sem.",19065,37,3
Bed Frame,Maecenas ut massa quis augue luctus tincidunt. Nulla mollis molestie lorem. Quisque ut erat.,7512,16,3
Cabinet,"Donec vitae nisi. Nam ultrices, libero non mattis pulvinar, nulla pede ullamcorper augue, a suscipit nulla elit ac nulla. Sed vel enim sit amet nunc viverra dapibus. Nulla suscipit ligula in lacus.",30338,33,3
Coffee Table,Nulla ut erat id mauris vulputate elementum. Nullam varius. Nulla facilisi. Cras non velit nec nisi vulputate nonummy. Maecenas tincidunt lacus at velit.,1724,25,4
Wood Lamp,Curabitur gravida nisi at nibh. In hac habitasse platea dictumst.,48496,37,5
Bench,Etiam pretium iaculis justo. In hac habitasse platea dictumst.,10074,44,4
Drawer,"In tempor, turpis nec euismod scelerisque, quam turpis adipiscing lorem, vitae mattis nibh ligula nec sem.",37014,21,5
Wall Decor,"Lorem ipsum dolor sit amet, consectetuer adipiscing elit. Proin interdum mauris non ligula pellentesque ultrices. Phasellus id sapien in sapien iaculis congue. Vivamus metus arcu, adipiscing molestie, hendrerit at, vulputate vitae, nisl. Aenean lectus.",5075,38,5
Wood Chair,Suspendisse potenti. In eleifend quam a odio.,17658,5,5
Dining Table,"Morbi quis tortor id nulla ultrices aliquet. Maecenas leo odio, condimentum id, luctus nec, molestie sed, justo. Pellentesque viverra pede ac diam. Cras pellentesque volutpat dui. Maecenas tristique, est et tempus semper, est quam pharetra magna, ac consequat metus sapien ut nunc.",31556,31,2
Wood Shelf,Curabitur convallis. Duis consequat dui nec nisi volutpat eleifend. Donec ut dolor.,42554,13,4
Bed Frame,"Vestibulum quam sapien, varius ut, blandit non, interdum in, ante.",12467,7,3
Cabinet,Aenean lectus.,30361,22,3
Coffee Table,"Nullam orci pede, venenatis non, sodales sed, tincidunt eu, felis. Fusce posuere felis sed lacus.",13359,8,3
Wood Lamp,"Vestibulum quam sapien, varius ut, blandit non, interdum in, ante.",43897,3,3
Bench,"Integer non velit. Donec diam neque, vestibulum eget, vulputate ut, ultrices vel, augue.",34942,37,2
Drawer,"Maecenas leo odio, condimentum id, luctus nec, molestie sed, justo. Pellentesque viverra pede ac diam. Cras pellentesque volutpat dui. Maecenas tristique, est et tempus semper, est quam pharetra magna, ac consequat metus sapien ut nunc. Vestibulum ante ipsum primis in faucibus orci luctus et ultrices posuere cubilia Curae; Mauris viverra diam vitae quam.",3113,26,2
Wall Decor,Suspendisse accumsan tortor quis turpis.,2906,2,1
Wood Chair,Nulla ut erat id mauris vulputate elementum. Nullam varius. Nulla facilisi.,2103,1,2
Dining Table,"Donec posuere metus vitae ipsum. Aliquam non mauris. Morbi non lectus. Aliquam sit amet diam in magna bibendum imperdiet. Nullam orci pede, venenatis non, sodales sed, tincidunt eu, felis.",16503,8,4
Wood Shelf,"Maecenas rhoncus aliquam lacus. Morbi quis tortor id nulla ultrices aliquet. Maecenas leo odio, condimentum id, luctus nec, molestie sed, justo. Pellentesque viverra pede ac diam.",47154,32,3
Bed Frame,"In est risus, auctor sed, tristique in, tempus sit amet, sem.",35646,35,2
Cabinet,"Cras in purus eu magna vulputate luctus. Cum sociis natoque penatibus et magnis dis parturient montes, nascetur ridiculus mus.",13129,34,3
Coffee Table,"Lorem ipsum dolor sit amet, consectetuer adipiscing elit. Proin risus. Praesent lectus. Vestibulum quam sapien, varius ut, blandit non, interdum in, ante. Vestibulum ante ipsum primis in faucibus orci luctus et ultrices posuere cubilia Curae; Duis faucibus accumsan odio.",32136,24,5
Wood Lamp,"Vestibulum ante ipsum primis in faucibus orci luctus et ultrices posuere cubilia Curae; Nulla dapibus dolor vel est. Donec odio justo, sollicitudin ut, suscipit a, feugiat et, eros. Vestibulum ac est lacinia nisi venenatis tristique. Fusce congue, diam id ornare imperdiet, sapien urna pretium nisl, ut volutpat sapien arcu sed augue. Aliquam erat volutpat.",47991,24,3
Bench,"Donec semper sapien a libero. Nam dui. Proin leo odio, porttitor id, consequat in, consequat ut, nulla. Sed accumsan felis. Ut at dolor quis odio consequat varius.",42175,16,1
Drawer,Nulla nisl. Nunc nisl.,7995,47,5
Wall Decor,"Donec ut dolor. Morbi vel lectus in quam fringilla rhoncus. Mauris enim leo, rhoncus sed, vestibulum sit amet, cursus id, turpis.",47782,43,2
Wood Chair,"Suspendisse potenti. Cras in purus eu magna vulputate luctus. Cum sociis natoque penatibus et magnis dis parturient montes, nascetur ridiculus mus.",5910,24,5
Dining Table,"Aenean sit amet justo. Morbi ut odio. Cras mi pede, malesuada in, imperdiet et, commodo vulputate, justo. In blandit ultrices enim. Lorem ipsum dolor sit amet, consectetuer adipiscing elit.",8168,40,2
Wood Shelf,"Aenean lectus. Pellentesque eget nunc. Donec quis orci eget orci vehicula condimentum. Curabitur in libero ut massa volutpat convallis. Morbi odio odio, elementum eu, interdum eu, tincidunt in, leo.",15523,6,4
Bed Frame,Sed vel enim sit amet nunc viverra dapibus. Nulla suscipit ligula in lacus. Curabitur at ipsum ac tellus semper interdum.,37300,10,1
Cabinet,Morbi non lectus. Aliquam sit amet diam in magna bibendum imperdiet.,34162,2,5
Coffee Table,"Maecenas tincidunt lacus at velit. Vivamus vel nulla eget eros elementum pellentesque. Quisque porta volutpat erat. Quisque erat eros, viverra eget, congue eget, semper rutrum, nulla. Nunc purus.",17420,18,4
Wood Lamp,Aenean sit amet justo. Morbi ut odio.,37851,43,3
Bench,"Proin eu mi. Nulla ac enim. In tempor, turpis nec euismod scelerisque, quam turpis adipiscing lorem, vitae mattis nibh ligula nec sem. Duis aliquam convallis nunc.",40408,26,4
Drawer,Nulla tempus. Vivamus in felis eu sapien cursus vestibulum. Proin eu mi. Nulla ac enim.,32580,8,5
Wall Decor,"Cras mi pede, malesuada in, imperdiet et, commodo vulputate, justo. In blandit ultrices enim. Lorem ipsum dolor sit amet, consectetuer adipiscing elit. Proin interdum mauris non ligula pellentesque ultrices.",5192,50,3
Wood Chair,"Cras in purus eu magna vulputate luctus. Cum sociis natoque penatibus et magnis dis parturient montes, nascetur ridiculus mus. Vivamus vestibulum sagittis sapien.",18701,25,1
Dining Table,"Lorem ipsum dolor sit amet, consectetuer adipiscing elit. Proin interdum mauris non ligula pellentesque ultrices.",20943,31,1
Wood Shelf,"Vestibulum ac est lacinia nisi venenatis tristique. Fusce congue, diam id ornare imperdiet, sapien urna pretium nisl, ut volutpat sapien arcu sed augue. Aliquam erat volutpat.",1593,32,5
Bed Frame,Nulla nisl.,39936,1,1
Cabinet,Nulla justo. Aliquam quis turpis eget elit sodales scelerisque.,10315,36,3
Coffee Table,Morbi a ipsum. Integer a nibh. In quis justo. Maecenas rhoncus aliquam lacus.,38047,25,1
Wood Lamp,Curabitur at ipsum ac tellus semper interdum.,6545,29,4
Bench,Cras pellentesque volutpat dui.,17410,15,2
Drawer,"Donec vitae nisi. Nam ultrices, libero non mattis pulvinar, nulla pede ullamcorper augue, a suscipit nulla elit ac nulla. Sed vel enim sit amet nunc viverra dapibus.",3811,15,3
Wall Decor,"In blandit ultrices enim. Lorem ipsum dolor sit amet, consectetuer adipiscing elit.",33262,22,5
Wood Chair,"Proin at turpis a pede posuere nonummy. Integer non velit. Donec diam neque, vestibulum eget, vulputate ut, ultrices vel, augue. Vestibulum ante ipsum primis in faucibus orci luctus et ultrices posuere cubilia Curae; Donec pharetra, magna vestibulum aliquet ultrices, erat tortor sollicitudin mi, sit amet lobortis sapien sapien non mi.",24114,8,2
Dining Table,"Mauris enim leo, rhoncus sed, vestibulum sit amet, cursus id, turpis. Integer aliquet, massa id lobortis convallis, tortor risus dapibus augue, vel accumsan tellus nisi eu orci. Mauris lacinia sapien quis libero. Nullam sit amet turpis elementum ligula vehicula consequat.",35261,17,1
Wood Shelf,Nulla justo. Aliquam quis turpis eget elit sodales scelerisque. Mauris sit amet eros.,23742,48,4
Bed Frame,"In blandit ultrices enim. Lorem ipsum dolor sit amet, consectetuer adipiscing elit. Proin interdum mauris non ligula pellentesque ultrices.",2866,12,4
Cabinet,"Duis at velit eu est congue elementum. In hac habitasse platea dictumst. Morbi vestibulum, velit id pretium iaculis, diam erat fermentum justo, nec condimentum neque sapien placerat ante. Nulla justo.",18844,42,4
Coffee Table,"Duis ac nibh. Fusce lacus purus, aliquet at, feugiat non, pretium quis, lectus. Suspendisse potenti. In eleifend quam a odio.",33691,37,3
Wood Lamp,"Lorem ipsum dolor sit amet, consectetuer adipiscing elit. Proin risus. Praesent lectus.",19635,49,5
Bench,Aenean lectus. Pellentesque eget nunc. Donec quis orci eget orci vehicula condimentum.,27016,6,3
Drawer,"Aliquam sit amet diam in magna bibendum imperdiet. Nullam orci pede, venenatis non, sodales sed, tincidunt eu, felis.",14945,25,3
Wall Decor,Nam tristique tortor eu pede.,32524,22,4
Wood Chair,Duis bibendum. Morbi non quam nec dui luctus rutrum. Nulla tellus. In sagittis dui vel nisl.,17158,1,1
Dining Table,"Aliquam augue quam, sollicitudin vitae, consectetuer eget, rutrum at, lorem.",1549,49,4
Wood Shelf,Suspendisse potenti.,14630,8,3
Bed Frame,Donec vitae nisi.,43361,41,3
Cabinet,"Proin leo odio, porttitor id, consequat in, consequat ut, nulla. Sed accumsan felis. Ut at dolor quis odio consequat varius. Integer ac leo.",9645,16,5
Coffee Table,"Maecenas tristique, est et tempus semper, est quam pharetra magna, ac consequat metus sapien ut nunc. Vestibulum ante ipsum primis in faucibus orci luctus et ultrices posuere cubilia Curae; Mauris viverra diam vitae quam.",6765,33,5
Wood Lamp,"Vestibulum ante ipsum primis in faucibus orci luctus et ultrices posuere cubilia Curae; Nulla dapibus dolor vel est. Donec odio justo, sollicitudin ut, suscipit a, feugiat et, eros.",30717,26,3
Bench,Nulla justo. Aliquam quis turpis eget elit sodales scelerisque. Mauris sit amet eros.,36758,39,1
Drawer,Mauris lacinia sapien quis libero. Nullam sit amet turpis elementum ligula vehicula consequat. Morbi a ipsum.,21749,1,5
Wall Decor,"Mauris ullamcorper purus sit amet nulla. Quisque arcu libero, rutrum ac, lobortis vel, dapibus at, diam.",36311,48,1
Wood Chair,"Pellentesque viverra pede ac diam. Cras pellentesque volutpat dui. Maecenas tristique, est et tempus semper, est quam pharetra magna, ac consequat metus sapien ut nunc.",10668,42,2
Dining Table,"Nulla neque libero, convallis eget, eleifend luctus, ultricies eu, nibh. Quisque id justo sit amet sapien dignissim vestibulum. Vestibulum ante ipsum primis in faucibus orci luctus et ultrices posuere cubilia Curae; Nulla dapibus dolor vel est.",21372,33,3
Wood Shelf,"Lorem ipsum dolor sit amet, consectetuer adipiscing elit. Proin risus. Praesent lectus. Vestibulum quam sapien, varius ut, blandit non, interdum in, ante. Vestibulum ante ipsum primis in faucibus orci luctus et ultrices posuere cubilia Curae; Duis faucibus accumsan odio.",17089,40,5
Bed Frame,Praesent blandit lacinia erat. Vestibulum sed magna at nunc commodo placerat. Praesent blandit.,36334,7,5
Cabinet,"Aliquam augue quam, sollicitudin vitae, consectetuer eget, rutrum at, lorem. Integer tincidunt ante vel ipsum.",8186,28,5
Coffee Table,Aenean auctor gravida sem. Praesent id massa id nisl venenatis lacinia. Aenean sit amet justo.,17007,12,5
Wood Lamp,Ut tellus. Nulla ut erat id mauris vulputate elementum.,13231,5,4
Bench,Nullam porttitor lacus at turpis. Donec posuere metus vitae ipsum. Aliquam non mauris. Morbi non lectus. Aliquam sit amet diam in magna bibendum imperdiet.,12200,27,2
Drawer,In hac habitasse platea dictumst. Maecenas ut massa quis augue luctus tincidunt. Nulla mollis molestie lorem. Quisque ut erat.,42707,35,2
Wall Decor,Nam dui.,38689,8,4
Wood Chair,Morbi ut odio.,20070,40,4
Dining Table,Ut at dolor quis odio consequat varius.,17024,29,3
Wood Shelf,Maecenas tincidunt lacus at velit. Vivamus vel nulla eget eros elementum pellentesque. Quisque porta volutpat erat.,19504,25,3
Bed Frame,Suspendisse potenti. In eleifend quam a odio. In hac habitasse platea dictumst. Maecenas ut massa quis augue luctus tincidunt. Nulla mollis molestie lorem.,49223,29,4
Cabinet,"Morbi vestibulum, velit id pretium iaculis, diam erat fermentum justo, nec condimentum neque sapien placerat ante. Nulla justo. Aliquam quis turpis eget elit sodales scelerisque. Mauris sit amet eros. Suspendisse accumsan tortor quis turpis.",31514,13,5
Coffee Table,"Morbi non lectus. Aliquam sit amet diam in magna bibendum imperdiet. Nullam orci pede, venenatis non, sodales sed, tincidunt eu, felis. Fusce posuere felis sed lacus.",20835,29,4
Wood Lamp,Integer ac neque. Duis bibendum. Morbi non quam nec dui luctus rutrum.,22297,34,1
Bench,Integer ac neque. Duis bibendum. Morbi non quam nec dui luctus rutrum.,41098,7,4
Drawer,Donec quis orci eget orci vehicula condimentum. Curabitur in libero ut massa volutpat convallis.,47372,21,3
Wall Decor,Nullam varius.,11423,41,4
Wood Chair,Ut tellus.,36680,11,1
Dining Table,"Mauris ullamcorper purus sit amet nulla. Quisque arcu libero, rutrum ac, lobortis vel, dapibus at, diam.",19859,49,2
Wood Shelf,"Cras pellentesque volutpat dui. Maecenas tristique, est et tempus semper, est quam pharetra magna, ac consequat metus sapien ut nunc. Vestibulum ante ipsum primis in faucibus orci luctus et ultrices posuere cubilia Curae; Mauris viverra diam vitae quam.",41361,16,5
Bed Frame,"Nulla mollis molestie lorem. Quisque ut erat. Curabitur gravida nisi at nibh. In hac habitasse platea dictumst. Aliquam augue quam, sollicitudin vitae, consectetuer eget, rutrum at, lorem.",49583,40,2
Cabinet,Integer tincidunt ante vel ipsum. Praesent blandit lacinia erat. Vestibulum sed magna at nunc commodo placerat. Praesent blandit. Nam nulla.,31365,3,5
Coffee Table,Maecenas pulvinar lobortis est. Phasellus sit amet erat.,43716,17,1
Wood Lamp,Sed accumsan felis. Ut at dolor quis odio consequat varius. Integer ac leo. Pellentesque ultrices mattis odio.,45709,47,3
Bench,"Pellentesque viverra pede ac diam. Cras pellentesque volutpat dui. Maecenas tristique, est et tempus semper, est quam pharetra magna, ac consequat metus sapien ut nunc.",17959,33,2
Drawer,In hac habitasse platea dictumst. Maecenas ut massa quis augue luctus tincidunt. Nulla mollis molestie lorem. Quisque ut erat.,46092,50,5
Wall Decor,"Fusce congue, diam id ornare imperdiet, sapien urna pretium nisl, ut volutpat sapien arcu sed augue. Aliquam erat volutpat.",32103,34,1
Wood Chair,Sed vel enim sit amet nunc viverra dapibus. Nulla suscipit ligula in lacus. Curabitur at ipsum ac tellus semper interdum. Mauris ullamcorper purus sit amet nulla.,28813,36,4
Dining Table,"Praesent id massa id nisl venenatis lacinia. Aenean sit amet justo. Morbi ut odio. Cras mi pede, malesuada in, imperdiet et, commodo vulputate, justo.",34823,28,3
Wood Shelf,In hac habitasse platea dictumst. Maecenas ut massa quis augue luctus tincidunt. Nulla mollis molestie lorem.,36838,24,5
Bed Frame,"Nullam orci pede, venenatis non, sodales sed, tincidunt eu, felis.",49618,45,2
Cabinet,"Nunc rhoncus dui vel sem. Sed sagittis. Nam congue, risus semper porta volutpat, quam pede lobortis ligula, sit amet eleifend pede libero quis orci. Nullam molestie nibh in lectus. Pellentesque at nulla.",27761,43,3
Coffee Table,"Duis bibendum, felis sed interdum venenatis, turpis enim blandit mi, in porttitor pede justo eu massa. Donec dapibus. Duis at velit eu est congue elementum.",3897,16,2
Wood Lamp,"Morbi porttitor lorem id ligula. Suspendisse ornare consequat lectus. In est risus, auctor sed, tristique in, tempus sit amet, sem. Fusce consequat.",4274,5,4
Bench,"Quisque porta volutpat erat. Quisque erat eros, viverra eget, congue eget, semper rutrum, nulla. Nunc purus. Phasellus in felis. Donec semper sapien a libero.",45122,17,4
Drawer,Integer a nibh. In quis justo. Maecenas rhoncus aliquam lacus. Morbi quis tortor id nulla ultrices aliquet.,2850,35,2
Wall Decor,Aenean sit amet justo. Morbi ut odio.,46064,35,3
Wood Chair,In eleifend quam a odio. In hac habitasse platea dictumst. Maecenas ut massa quis augue luctus tincidunt.,26107,33,5
Dining Table,"Morbi non lectus. Aliquam sit amet diam in magna bibendum imperdiet. Nullam orci pede, venenatis non, sodales sed, tincidunt eu, felis.",19104,7,4
Wood Shelf,Mauris lacinia sapien quis libero. Nullam sit amet turpis elementum ligula vehicula consequat.,35696,40,4
Bed Frame,"Morbi non lectus. Aliquam sit amet diam in magna bibendum imperdiet. Nullam orci pede, venenatis non, sodales sed, tincidunt eu, felis. Fusce posuere felis sed lacus. Morbi sem mauris, laoreet ut, rhoncus aliquet, pulvinar sed, nisl.",35899,36,1
Cabinet,"Nulla ac enim. In tempor, turpis nec euismod scelerisque, quam turpis adipiscing lorem, vitae mattis nibh ligula nec sem. Duis aliquam convallis nunc.",39253,17,2
Coffee Table,Curabitur convallis. Duis consequat dui nec nisi volutpat eleifend. Donec ut dolor. Morbi vel lectus in quam fringilla rhoncus.,28883,31,3
Wood Lamp,Duis mattis egestas metus.,9685,22,2
Bench,"Fusce posuere felis sed lacus. Morbi sem mauris, laoreet ut, rhoncus aliquet, pulvinar sed, nisl.",3910,14,5
Drawer,"Morbi odio odio, elementum eu, interdum eu, tincidunt in, leo.",13864,43,4
Wall Decor,Nullam sit amet turpis elementum ligula vehicula consequat. Morbi a ipsum.,44094,20,5
Wood Chair,"Fusce posuere felis sed lacus. Morbi sem mauris, laoreet ut, rhoncus aliquet, pulvinar sed, nisl. Nunc rhoncus dui vel sem.",41764,46,4
Dining Table,"Morbi vestibulum, velit id pretium iaculis, diam erat fermentum justo, nec condimentum neque sapien placerat ante. Nulla justo.",35630,46,1
Wood Shelf,Maecenas tincidunt lacus at velit.,14964,10,2
Bed Frame,Sed vel enim sit amet nunc viverra dapibus. Nulla suscipit ligula in lacus. Curabitur at ipsum ac tellus semper interdum.,15751,47,3
Cabinet,Mauris ullamcorper purus sit amet nulla.,26593,49,4
Coffee Table,Nunc rhoncus dui vel sem.,49357,18,3
Wood Lamp,"Morbi ut odio. Cras mi pede, malesuada in, imperdiet et, commodo vulputate, justo. In blandit ultrices enim.",47600,29,4
Bench,Aliquam non mauris.,34991,44,1
Drawer,"Lorem ipsum dolor sit amet, consectetuer adipiscing elit.",27624,3,4
Wall Decor,"In sagittis dui vel nisl. Duis ac nibh. Fusce lacus purus, aliquet at, feugiat non, pretium quis, lectus. Suspendisse potenti. In eleifend quam a odio.",38951,13,4
Wood Chair,Aenean lectus.,38444,10,5
Dining Table,"Vestibulum sed magna at nunc commodo placerat. Praesent blandit. Nam nulla. Integer pede justo, lacinia eget, tincidunt eget, tempus vel, pede. Morbi porttitor lorem id ligula.",36975,4,4
Wood Shelf,"Nam ultrices, libero non mattis pulvinar, nulla pede ullamcorper augue, a suscipit nulla elit ac nulla.",43207,37,3
Bed Frame,"Nulla neque libero, convallis eget, eleifend luctus, ultricies eu, nibh. Quisque id justo sit amet sapien dignissim vestibulum. Vestibulum ante ipsum primis in faucibus orci luctus et ultrices posuere cubilia Curae; Nulla dapibus dolor vel est. Donec odio justo, sollicitudin ut, suscipit a, feugiat et, eros. Vestibulum ac est lacinia nisi venenatis tristique.",37725,17,3
Cabinet,"Morbi sem mauris, laoreet ut, rhoncus aliquet, pulvinar sed, nisl. Nunc rhoncus dui vel sem. Sed sagittis. Nam congue, risus semper porta volutpat, quam pede lobortis ligula, sit amet eleifend pede libero quis orci. Nullam molestie nibh in lectus.",14799,16,2
Coffee Table,Morbi porttitor lorem id ligula. Suspendisse ornare consequat lectus.,12430,14,1
Wood Lamp,Etiam pretium iaculis justo. In hac habitasse platea dictumst. Etiam faucibus cursus urna. Ut tellus.,24941,48,2
Bench,Etiam justo. Etiam pretium iaculis justo. In hac habitasse platea dictumst. Etiam faucibus cursus urna. Ut tellus.,48071,2,2
Drawer,"Morbi sem mauris, laoreet ut, rhoncus aliquet, pulvinar sed, nisl. Nunc rhoncus dui vel sem. Sed sagittis.",5059,34,1
Wall Decor,Nullam porttitor lacus at turpis. Donec posuere metus vitae ipsum.,34357,44,5
Wood Chair,"Vivamus metus arcu, adipiscing molestie, hendrerit at, vulputate vitae, nisl. Aenean lectus. Pellentesque eget nunc.",34982,40,3
Dining Table,"Duis aliquam convallis nunc. Proin at turpis a pede posuere nonummy. Integer non velit. Donec diam neque, vestibulum eget, vulputate ut, ultrices vel, augue. Vestibulum ante ipsum primis in faucibus orci luctus et ultrices posuere cubilia Curae; Donec pharetra, magna vestibulum aliquet ultrices, erat tortor sollicitudin mi, sit amet lobortis sapien sapien non mi.",5558,39,4
Wood Shelf,Morbi porttitor lorem id ligula.,49309,47,3
Bed Frame,Vestibulum rutrum rutrum neque. Aenean auctor gravida sem.,7362,11,5
Cabinet,In hac habitasse platea dictumst. Etiam faucibus cursus urna. Ut tellus. Nulla ut erat id mauris vulputate elementum.,40511,43,3
Coffee Table,"Praesent lectus. Vestibulum quam sapien, varius ut, blandit non, interdum in, ante.",42400,44,3
Wood Lamp,Duis mattis egestas metus. Aenean fermentum. Donec ut mauris eget massa tempor convallis.,41026,7,5
Bench,Ut tellus. Nulla ut erat id mauris vulputate elementum.,15808,48,3
Drawer,In hac habitasse platea dictumst. Etiam faucibus cursus urna. Ut tellus.,13516,37,4
Wall Decor,"Nulla mollis molestie lorem. Quisque ut erat. Curabitur gravida nisi at nibh. In hac habitasse platea dictumst. Aliquam augue quam, sollicitudin vitae, consectetuer eget, rutrum at, lorem.",29738,47,2
Wood Chair,"Quisque id justo sit amet sapien dignissim vestibulum. Vestibulum ante ipsum primis in faucibus orci luctus et ultrices posuere cubilia Curae; Nulla dapibus dolor vel est. Donec odio justo, sollicitudin ut, suscipit a, feugiat et, eros.",7108,5,5
Dining Table,"Nam ultrices, libero non mattis pulvinar, nulla pede ullamcorper augue, a suscipit nulla elit ac nulla. Sed vel enim sit amet nunc viverra dapibus. Nulla suscipit ligula in lacus.",46864,43,5
Wood Shelf,Nullam varius. Nulla facilisi.,20692,37,3
Bed Frame,"Vestibulum ante ipsum primis in faucibus orci luctus et ultrices posuere cubilia Curae; Donec pharetra, magna vestibulum aliquet ultrices, erat tortor sollicitudin mi, sit amet lobortis sapien sapien non mi. Integer ac neque. Duis bibendum. Morbi non quam nec dui luctus rutrum.",28019,23,4
Cabinet,"Mauris enim leo, rhoncus sed, vestibulum sit amet, cursus id, turpis.",25310,47,1
Coffee Table,Aenean auctor gravida sem. Praesent id massa id nisl venenatis lacinia. Aenean sit amet justo. Morbi ut odio.,27568,16,1
Wood Lamp,Etiam justo.,23841,23,2
Bench,Vivamus in felis eu sapien cursus vestibulum. Proin eu mi. Nulla ac enim.,43038,34,4
Drawer,"Quisque porta volutpat erat. Quisque erat eros, viverra eget, congue eget, semper rutrum, nulla. Nunc purus.",45108,28,3
Wall Decor,"Fusce lacus purus, aliquet at, feugiat non, pretium quis, lectus. Suspendisse potenti.",6129,1,4
Wood Chair,"Aliquam augue quam, sollicitudin vitae, consectetuer eget, rutrum at, lorem. Integer tincidunt ante vel ipsum.",30362,43,5
Dining Table,Proin interdum mauris non ligula pellentesque ultrices.,34763,24,2
Wood Shelf,Mauris lacinia sapien quis libero.,44372,24,3
Bed Frame,"Proin risus. Praesent lectus. Vestibulum quam sapien, varius ut, blandit non, interdum in, ante. Vestibulum ante ipsum primis in faucibus orci luctus et ultrices posuere cubilia Curae; Duis faucibus accumsan odio.",33831,28,1
Cabinet,Proin at turpis a pede posuere nonummy.,267,4,5
Coffee Table,Quisque id justo sit amet sapien dignissim vestibulum. Vestibulum ante ipsum primis in faucibus orci luctus et ultrices posuere cubilia Curae; Nulla dapibus dolor vel est.,34777,36,2
Wood Lamp,Sed ante. Vivamus tortor. Duis mattis egestas metus. Aenean fermentum.,9410,24,1
Bench,"Maecenas tristique, est et tempus semper, est quam pharetra magna, ac consequat metus sapien ut nunc. Vestibulum ante ipsum primis in faucibus orci luctus et ultrices posuere cubilia Curae; Mauris viverra diam vitae quam. Suspendisse potenti. Nullam porttitor lacus at turpis.",5192,21,2
Drawer,Etiam justo. Etiam pretium iaculis justo. In hac habitasse platea dictumst. Etiam faucibus cursus urna. Ut tellus.,10396,38,1
Wall Decor,"Fusce lacus purus, aliquet at, feugiat non, pretium quis, lectus. Suspendisse potenti.",46387,14,1
Wood Chair,"Suspendisse ornare consequat lectus. In est risus, auctor sed, tristique in, tempus sit amet, sem. Fusce consequat. Nulla nisl. Nunc nisl.",40517,15,3
Dining Table,Etiam pretium iaculis justo.,48150,25,1
Wood Shelf,Vestibulum rutrum rutrum neque. Aenean auctor gravida sem. Praesent id massa id nisl venenatis lacinia.,45478,1,5
Bed Frame,"Nullam molestie nibh in lectus. Pellentesque at nulla. Suspendisse potenti. Cras in purus eu magna vulputate luctus. Cum sociis natoque penatibus et magnis dis parturient montes, nascetur ridiculus mus.",2890,23,3
Cabinet,"Aliquam augue quam, sollicitudin vitae, consectetuer eget, rutrum at, lorem. Integer tincidunt ante vel ipsum.",1085,21,3
Coffee Table,"Vestibulum ante ipsum primis in faucibus orci luctus et ultrices posuere cubilia Curae; Nulla dapibus dolor vel est. Donec odio justo, sollicitudin ut, suscipit a, feugiat et, eros. Vestibulum ac est lacinia nisi venenatis tristique. Fusce congue, diam id ornare imperdiet, sapien urna pretium nisl, ut volutpat sapien arcu sed augue. Aliquam erat volutpat.",44635,17,4
Wood Lamp,"Integer aliquet, massa id lobortis convallis, tortor risus dapibus augue, vel accumsan tellus nisi eu orci. Mauris lacinia sapien quis libero. Nullam sit amet turpis elementum ligula vehicula consequat.",3162,45,3
Bench,Aenean fermentum.,18090,9,3
Drawer,"Pellentesque viverra pede ac diam. Cras pellentesque volutpat dui. Maecenas tristique, est et tempus semper, est quam pharetra magna, ac consequat metus sapien ut nunc. Vestibulum ante ipsum primis in faucibus orci luctus et ultrices posuere cubilia Curae; Mauris viverra diam vitae quam.",19084,33,4
Wall Decor,"Maecenas rhoncus aliquam lacus. Morbi quis tortor id nulla ultrices aliquet. Maecenas leo odio, condimentum id, luctus nec, molestie sed, justo. Pellentesque viverra pede ac diam.",12852,26,3
Wood Chair,Nullam sit amet turpis elementum ligula vehicula consequat. Morbi a ipsum. Integer a nibh. In quis justo. Maecenas rhoncus aliquam lacus.,37178,20,5
Dining Table,Curabitur convallis.,39507,29,4
Wood Shelf,Suspendisse potenti. In eleifend quam a odio. In hac habitasse platea dictumst. Maecenas ut massa quis augue luctus tincidunt. Nulla mollis molestie lorem.,14059,6,2
Bed Frame,"Fusce congue, diam id ornare imperdiet, sapien urna pretium nisl, ut volutpat sapien arcu sed augue.",12531,50,2
Cabinet,In hac habitasse platea dictumst. Etiam faucibus cursus urna.,25058,32,1
Coffee Table,Maecenas ut massa quis augue luctus tincidunt. Nulla mollis molestie lorem. Quisque ut erat. Curabitur gravida nisi at nibh. In hac habitasse platea dictumst.,44917,31,5
Wood Lamp,Sed ante. Vivamus tortor. Duis mattis egestas metus. Aenean fermentum. Donec ut mauris eget massa tempor convallis.,35979,18,2
Bench,Nulla ut erat id mauris vulputate elementum. Nullam varius.,40338,27,1
Drawer,Sed accumsan felis.,36343,1,5
Wall Decor,"Integer ac leo. Pellentesque ultrices mattis odio. Donec vitae nisi. Nam ultrices, libero non mattis pulvinar, nulla pede ullamcorper augue, a suscipit nulla elit ac nulla. Sed vel enim sit amet nunc viverra dapibus.",35383,47,1
Wood Chair,In congue.,24747,22,4
Dining Table,"Nam dui. Proin leo odio, porttitor id, consequat in, consequat ut, nulla. Sed accumsan felis.",19725,3,5
Wood Shelf,"Mauris enim leo, rhoncus sed, vestibulum sit amet, cursus id, turpis. Integer aliquet, massa id lobortis convallis, tortor risus dapibus augue, vel accumsan tellus nisi eu orci. Mauris lacinia sapien quis libero.",41734,5,4
Bed Frame,"Duis ac nibh. Fusce lacus purus, aliquet at, feugiat non, pretium quis, lectus. Suspendisse potenti. In eleifend quam a odio.",14082,28,2
Cabinet,Aenean lectus. Pellentesque eget nunc. Donec quis orci eget orci vehicula condimentum.,31874,23,4
Coffee Table,Integer ac leo. Pellentesque ultrices mattis odio.,26380,40,1
Wood Lamp,"Fusce posuere felis sed lacus. Morbi sem mauris, laoreet ut, rhoncus aliquet, pulvinar sed, nisl. Nunc rhoncus dui vel sem. Sed sagittis.",19809,5,2
Bench,Vestibulum rutrum rutrum neque. Aenean auctor gravida sem. Praesent id massa id nisl venenatis lacinia. Aenean sit amet justo. Morbi ut odio.,47567,26,2
Drawer,"Vivamus vestibulum sagittis sapien. Cum sociis natoque penatibus et magnis dis parturient montes, nascetur ridiculus mus. Etiam vel augue. Vestibulum rutrum rutrum neque. Aenean auctor gravida sem.",48227,3,5
Wall Decor,Vestibulum sed magna at nunc commodo placerat. Praesent blandit. Nam nulla.,8790,36,1
Wood Chair,"Curabitur in libero ut massa volutpat convallis. Morbi odio odio, elementum eu, interdum eu, tincidunt in, leo. Maecenas pulvinar lobortis est. Phasellus sit amet erat.",11669,49,4
Dining Table,Ut tellus.,17952,43,5
Wood Shelf,"Nulla nisl. Nunc nisl. Duis bibendum, felis sed interdum venenatis, turpis enim blandit mi, in porttitor pede justo eu massa. Donec dapibus. Duis at velit eu est congue elementum.",4111,17,4
Bed Frame,"Praesent blandit lacinia erat. Vestibulum sed magna at nunc commodo placerat. Praesent blandit. Nam nulla. Integer pede justo, lacinia eget, tincidunt eget, tempus vel, pede.",45279,5,4
Cabinet,Etiam justo. Etiam pretium iaculis justo. In hac habitasse platea dictumst. Etiam faucibus cursus urna.,27368,5,2
Coffee Table,"Fusce posuere felis sed lacus. Morbi sem mauris, laoreet ut, rhoncus aliquet, pulvinar sed, nisl. Nunc rhoncus dui vel sem. Sed sagittis. Nam congue, risus semper porta volutpat, quam pede lobortis ligula, sit amet eleifend pede libero quis orci.",33677,13,3
Wood Lamp,Donec quis orci eget orci vehicula condimentum. Curabitur in libero ut massa volutpat convallis.,1693,8,2
Bench,Donec posuere metus vitae ipsum. Aliquam non mauris.,6240,21,3
Drawer,"Cras in purus eu magna vulputate luctus. Cum sociis natoque penatibus et magnis dis parturient montes, nascetur ridiculus mus. Vivamus vestibulum sagittis sapien. Cum sociis natoque penatibus et magnis dis parturient montes, nascetur ridiculus mus. Etiam vel augue.",45271,38,1
Wall Decor,"Cum sociis natoque penatibus et magnis dis parturient montes, nascetur ridiculus mus. Etiam vel augue. Vestibulum rutrum rutrum neque. Aenean auctor gravida sem.",19811,31,2
Wood Chair,Duis at velit eu est congue elementum. In hac habitasse platea dictumst.,42011,24,3
Dining Table,"Donec ut dolor. Morbi vel lectus in quam fringilla rhoncus. Mauris enim leo, rhoncus sed, vestibulum sit amet, cursus id, turpis. Integer aliquet, massa id lobortis convallis, tortor risus dapibus augue, vel accumsan tellus nisi eu orci.",14336,2,1
Wood Shelf,"Vivamus metus arcu, adipiscing molestie, hendrerit at, vulputate vitae, nisl. Aenean lectus.",4681,47,4
Bed Frame,Duis mattis egestas metus.,7224,30,1
Cabinet,Duis mattis egestas metus.,6320,14,4
Coffee Table,"Nunc nisl. Duis bibendum, felis sed interdum venenatis, turpis enim blandit mi, in porttitor pede justo eu massa. Donec dapibus. Duis at velit eu est congue elementum.",33582,43,1
Wood Lamp,Etiam pretium iaculis justo. In hac habitasse platea dictumst. Etiam faucibus cursus urna.,20315,2,2
Bench,Vestibulum ante ipsum primis in faucibus orci luctus et ultrices posuere cubilia Curae; Mauris viverra diam vitae quam.,29920,18,1
Drawer,"Vestibulum ac est lacinia nisi venenatis tristique. Fusce congue, diam id ornare imperdiet, sapien urna pretium nisl, ut volutpat sapien arcu sed augue. Aliquam erat volutpat. In congue.",9884,36,5
Wall Decor,Donec dapibus. Duis at velit eu est congue elementum.,10969,4,4
Wood Chair,Mauris lacinia sapien quis libero. Nullam sit amet turpis elementum ligula vehicula consequat. Morbi a ipsum.,9457,21,4
Dining Table,Nulla tempus.,30232,50,5
Wood Shelf,Duis mattis egestas metus. Aenean fermentum. Donec ut mauris eget massa tempor convallis.,4093,11,3
Bed Frame,"In tempor, turpis nec euismod scelerisque, quam turpis adipiscing lorem, vitae mattis nibh ligula nec sem. Duis aliquam convallis nunc. Proin at turpis a pede posuere nonummy.",42757,16,1
Cabinet,"Morbi vel lectus in quam fringilla rhoncus. Mauris enim leo, rhoncus sed, vestibulum sit amet, cursus id, turpis. Integer aliquet, massa id lobortis convallis, tortor risus dapibus augue, vel accumsan tellus nisi eu orci. Mauris lacinia sapien quis libero.",34599,10,5
Coffee Table,Vivamus vel nulla eget eros elementum pellentesque. Quisque porta volutpat erat.,47309,29,1
Wood Lamp,"Donec semper sapien a libero. Nam dui. Proin leo odio, porttitor id, consequat in, consequat ut, nulla. Sed accumsan felis.",19116,28,5
Bench,Vivamus vel nulla eget eros elementum pellentesque.,49520,5,4
Drawer,Vivamus tortor. Duis mattis egestas metus. Aenean fermentum.,307,8,4
Wall Decor,"Donec dapibus. Duis at velit eu est congue elementum. In hac habitasse platea dictumst. Morbi vestibulum, velit id pretium iaculis, diam erat fermentum justo, nec condimentum neque sapien placerat ante.",13163,33,4
Wood Chair,Etiam vel augue. Vestibulum rutrum rutrum neque. Aenean auctor gravida sem. Praesent id massa id nisl venenatis lacinia. Aenean sit amet justo.,4825,50,4
Dining Table,"Morbi ut odio. Cras mi pede, malesuada in, imperdiet et, commodo vulputate, justo.",42769,8,4
Wood Shelf,"Morbi quis tortor id nulla ultrices aliquet. Maecenas leo odio, condimentum id, luctus nec, molestie sed, justo. Pellentesque viverra pede ac diam. Cras pellentesque volutpat dui.",3516,29,2
Bed Frame,"Fusce lacus purus, aliquet at, feugiat non, pretium quis, lectus. Suspendisse potenti. In eleifend quam a odio. In hac habitasse platea dictumst.",5184,18,1
Cabinet,"Lorem ipsum dolor sit amet, consectetuer adipiscing elit.",23044,30,5
Coffee Table,"Pellentesque at nulla. Suspendisse potenti. Cras in purus eu magna vulputate luctus. Cum sociis natoque penatibus et magnis dis parturient montes, nascetur ridiculus mus. Vivamus vestibulum sagittis sapien.",35515,17,5
Wood Lamp,"Lorem ipsum dolor sit amet, consectetuer adipiscing elit. Proin interdum mauris non ligula pellentesque ultrices.",43895,6,2
Bench,Donec quis orci eget orci vehicula condimentum.,20785,32,1
Drawer,"Suspendisse potenti. Cras in purus eu magna vulputate luctus. Cum sociis natoque penatibus et magnis dis parturient montes, nascetur ridiculus mus.",47498,39,4
Wall Decor,"Fusce consequat. Nulla nisl. Nunc nisl. Duis bibendum, felis sed interdum venenatis, turpis enim blandit mi, in porttitor pede justo eu massa. Donec dapibus.",30092,10,2
Wood Chair,Etiam justo. Etiam pretium iaculis justo. In hac habitasse platea dictumst. Etiam faucibus cursus urna.,7697,32,1
Dining Table,"Quisque erat eros, viverra eget, congue eget, semper rutrum, nulla.",8906,5,5
Wood Shelf,"Morbi sem mauris, laoreet ut, rhoncus aliquet, pulvinar sed, nisl. Nunc rhoncus dui vel sem. Sed sagittis.",2500,22,5
Bed Frame,"Duis at velit eu est congue elementum. In hac habitasse platea dictumst. Morbi vestibulum, velit id pretium iaculis, diam erat fermentum justo, nec condimentum neque sapien placerat ante. Nulla justo.",31839,26,1
Cabinet,"In hac habitasse platea dictumst. Aliquam augue quam, sollicitudin vitae, consectetuer eget, rutrum at, lorem.",1397,18,4
Coffee Table,Integer tincidunt ante vel ipsum. Praesent blandit lacinia erat.,12878,20,2
Wood Lamp,Vivamus in felis eu sapien cursus vestibulum.,16372,16,3
Bench,"Vestibulum ante ipsum primis in faucibus orci luctus et ultrices posuere cubilia Curae; Nulla dapibus dolor vel est. Donec odio justo, sollicitudin ut, suscipit a, feugiat et, eros.",29687,33,3
Drawer,"In est risus, auctor sed, tristique in, tempus sit amet, sem. Fusce consequat. Nulla nisl. Nunc nisl. Duis bibendum, felis sed interdum venenatis, turpis enim blandit mi, in porttitor pede justo eu massa.",17028,17,3
Wall Decor,Suspendisse potenti.,15377,24,4
Wood Chair,Donec dapibus. Duis at velit eu est congue elementum.,16086,49,4
Dining Table,Aenean sit amet justo.,4998,20,4
Wood Shelf,"Quisque ut erat. Curabitur gravida nisi at nibh. In hac habitasse platea dictumst. Aliquam augue quam, sollicitudin vitae, consectetuer eget, rutrum at, lorem.",9362,32,4
Bed Frame,Sed ante. Vivamus tortor. Duis mattis egestas metus. Aenean fermentum.,686,39,1
Cabinet,Nullam varius. Nulla facilisi.,10431,16,1
Coffee Table,"Nunc rhoncus dui vel sem. Sed sagittis. Nam congue, risus semper porta volutpat, quam pede lobortis ligula, sit amet eleifend pede libero quis orci. Nullam molestie nibh in lectus. Pellentesque at nulla.",25407,45,1
Wood Lamp,Nulla suscipit ligula in lacus. Curabitur at ipsum ac tellus semper interdum. Mauris ullamcorper purus sit amet nulla.,17690,50,1
Bench,Vestibulum sed magna at nunc commodo placerat. Praesent blandit.,15273,48,2
Drawer,"Suspendisse ornare consequat lectus. In est risus, auctor sed, tristique in, tempus sit amet, sem.",24563,18,3
Wall Decor,"In sagittis dui vel nisl. Duis ac nibh. Fusce lacus purus, aliquet at, feugiat non, pretium quis, lectus. Suspendisse potenti. In eleifend quam a odio.",19686,45,4
Wood Chair,"Vivamus vestibulum sagittis sapien. Cum sociis natoque penatibus et magnis dis parturient montes, nascetur ridiculus mus.",22220,15,1
Dining Table,"Proin risus. Praesent lectus. Vestibulum quam sapien, varius ut, blandit non, interdum in, ante.",32513,11,1
Wood Shelf,"In est risus, auctor sed, tristique in, tempus sit amet, sem. Fusce consequat. Nulla nisl.",36708,2,4
Bed Frame,In hac habitasse platea dictumst.,4369,23,1
Cabinet,"Vivamus in felis eu sapien cursus vestibulum. Proin eu mi. Nulla ac enim. In tempor, turpis nec euismod scelerisque, quam turpis adipiscing lorem, vitae mattis nibh ligula nec sem.",35411,27,1
Coffee Table,Morbi non lectus. Aliquam sit amet diam in magna bibendum imperdiet.,39310,41,2
Wood Lamp,"Nulla neque libero, convallis eget, eleifend luctus, ultricies eu, nibh.",25026,25,1
Bench,"Duis ac nibh. Fusce lacus purus, aliquet at, feugiat non, pretium quis, lectus. Suspendisse potenti. In eleifend quam a odio. In hac habitasse platea dictumst.",33828,14,5
Drawer,Vestibulum ante ipsum primis in faucibus orci luctus et ultrices posuere cubilia Curae; Duis faucibus accumsan odio.,48277,34,4
Wall Decor,Ut at dolor quis odio consequat varius. Integer ac leo. Pellentesque ultrices mattis odio.,5254,4,1
Wood Chair,"Morbi porttitor lorem id ligula. Suspendisse ornare consequat lectus. In est risus, auctor sed, tristique in, tempus sit amet, sem. Fusce consequat.",42803,1,2
Dining Table,Vestibulum ac est lacinia nisi venenatis tristique.,32942,41,3
Wood Shelf,"Vestibulum quam sapien, varius ut, blandit non, interdum in, ante. Vestibulum ante ipsum primis in faucibus orci luctus et ultrices posuere cubilia Curae; Duis faucibus accumsan odio.",49470,14,4
Bed Frame,Curabitur in libero ut massa volutpat convallis.,614,7,4
Cabinet,"Nam congue, risus semper porta volutpat, quam pede lobortis ligula, sit amet eleifend pede libero quis orci. Nullam molestie nibh in lectus.",28050,3,3
Coffee Table,Nulla ut erat id mauris vulputate elementum. Nullam varius. Nulla facilisi. Cras non velit nec nisi vulputate nonummy.,1183,26,4
Wood Lamp,Suspendisse potenti. In eleifend quam a odio. In hac habitasse platea dictumst. Maecenas ut massa quis augue luctus tincidunt.,20600,20,1
Bench,Cras pellentesque volutpat dui.,7299,37,3
Drawer,Nam nulla.,20316,28,5
Wall Decor,"Cum sociis natoque penatibus et magnis dis parturient montes, nascetur ridiculus mus. Vivamus vestibulum sagittis sapien. Cum sociis natoque penatibus et magnis dis parturient montes, nascetur ridiculus mus.",25631,47,3
Wood Chair,"Phasellus id sapien in sapien iaculis congue. Vivamus metus arcu, adipiscing molestie, hendrerit at, vulputate vitae, nisl.",15665,12,3
Dining Table,Sed vel enim sit amet nunc viverra dapibus. Nulla suscipit ligula in lacus. Curabitur at ipsum ac tellus semper interdum.,4543,43,2
Wood Shelf,Vivamus vestibulum sagittis sapien.,26070,39,2
Bed Frame,Integer ac neque. Duis bibendum.,16021,28,4
Cabinet,Mauris sit amet eros. Suspendisse accumsan tortor quis turpis. Sed ante.,3898,6,1
Coffee Table,Suspendisse potenti.,48970,40,3
Wood Lamp,"Vestibulum ante ipsum primis in faucibus orci luctus et ultrices posuere cubilia Curae; Nulla dapibus dolor vel est. Donec odio justo, sollicitudin ut, suscipit a, feugiat et, eros. Vestibulum ac est lacinia nisi venenatis tristique. Fusce congue, diam id ornare imperdiet, sapien urna pretium nisl, ut volutpat sapien arcu sed augue. Aliquam erat volutpat.",27668,11,2
Bench,"Vestibulum sed magna at nunc commodo placerat. Praesent blandit. Nam nulla. Integer pede justo, lacinia eget, tincidunt eget, tempus vel, pede. Morbi porttitor lorem id ligula.",20308,31,3
Drawer,Suspendisse accumsan tortor quis turpis. Sed ante. Vivamus tortor.,20315,28,5
Wall Decor,Nullam sit amet turpis elementum ligula vehicula consequat. Morbi a ipsum. Integer a nibh. In quis justo. Maecenas rhoncus aliquam lacus.,35177,41,4
Wood Chair,Morbi vel lectus in quam fringilla rhoncus.,29982,29,3
Dining Table,Maecenas rhoncus aliquam lacus.,22633,50,1
Wood Shelf,"Donec quis orci eget orci vehicula condimentum. Curabitur in libero ut massa volutpat convallis. Morbi odio odio, elementum eu, interdum eu, tincidunt in, leo.",147,42,1
Bed Frame,Pellentesque at nulla. Suspendisse potenti.,15075,47,4
Cabinet,"Donec vitae nisi. Nam ultrices, libero non mattis pulvinar, nulla pede ullamcorper augue, a suscipit nulla elit ac nulla.",21057,42,1
Coffee Table,In hac habitasse platea dictumst.,27760,22,3
Wood Lamp,"Duis bibendum, felis sed interdum venenatis, turpis enim blandit mi, in porttitor pede justo eu massa.",16920,2,3
Bench,Duis bibendum. Morbi non quam nec dui luctus rutrum. Nulla tellus. In sagittis dui vel nisl. Duis ac nibh.,11718,28,3
Drawer,Etiam justo. Etiam pretium iaculis justo. In hac habitasse platea dictumst. Etiam faucibus cursus urna.,38693,36,4
Wall Decor,"Curabitur in libero ut massa volutpat convallis. Morbi odio odio, elementum eu, interdum eu, tincidunt in, leo. Maecenas pulvinar lobortis est. Phasellus sit amet erat.",47112,2,2
Wood Chair,"Integer non velit. Donec diam neque, vestibulum eget, vulputate ut, ultrices vel, augue. Vestibulum ante ipsum primis in faucibus orci luctus et ultrices posuere cubilia Curae; Donec pharetra, magna vestibulum aliquet ultrices, erat tortor sollicitudin mi, sit amet lobortis sapien sapien non mi. Integer ac neque.",876,9,1
Dining Table,In hac habitasse platea dictumst. Maecenas ut massa quis augue luctus tincidunt.,32010,20,3
Wood Shelf,In congue.,26270,1,3
Bed Frame,"Pellentesque ultrices mattis odio. Donec vitae nisi. Nam ultrices, libero non mattis pulvinar, nulla pede ullamcorper augue, a suscipit nulla elit ac nulla. Sed vel enim sit amet nunc viverra dapibus. Nulla suscipit ligula in lacus.",14636,2,3
Cabinet,"Donec ut mauris eget massa tempor convallis. Nulla neque libero, convallis eget, eleifend luctus, ultricies eu, nibh. Quisque id justo sit amet sapien dignissim vestibulum. Vestibulum ante ipsum primis in faucibus orci luctus et ultrices posuere cubilia Curae; Nulla dapibus dolor vel est.",13049,6,5
Coffee Table,Morbi a ipsum. Integer a nibh.,38604,18,2
Wood Lamp,Nullam molestie nibh in lectus. Pellentesque at nulla.,9964,29,5
Bench,Suspendisse potenti.,34353,34,5
Drawer,"Aliquam sit amet diam in magna bibendum imperdiet. Nullam orci pede, venenatis non, sodales sed, tincidunt eu, felis. Fusce posuere felis sed lacus.",42448,14,4
Wall Decor,"Donec ut dolor. Morbi vel lectus in quam fringilla rhoncus. Mauris enim leo, rhoncus sed, vestibulum sit amet, cursus id, turpis. Integer aliquet, massa id lobortis convallis, tortor risus dapibus augue, vel accumsan tellus nisi eu orci. Mauris lacinia sapien quis libero.",15959,7,2
Wood Chair,"Nulla ac enim. In tempor, turpis nec euismod scelerisque, quam turpis adipiscing lorem, vitae mattis nibh ligula nec sem.",9076,41,3
Dining Table,Nam nulla.,43927,16,4
Wood Shelf,"Cum sociis natoque penatibus et magnis dis parturient montes, nascetur ridiculus mus. Vivamus vestibulum sagittis sapien. Cum sociis natoque penatibus et magnis dis parturient montes, nascetur ridiculus mus. Etiam vel augue.",12311,12,5
Bed Frame,In hac habitasse platea dictumst. Maecenas ut massa quis augue luctus tincidunt. Nulla mollis molestie lorem. Quisque ut erat.,31678,15,4
Cabinet,Integer tincidunt ante vel ipsum. Praesent blandit lacinia erat. Vestibulum sed magna at nunc commodo placerat. Praesent blandit.,7649,12,5
Coffee Table,"Vivamus vestibulum sagittis sapien. Cum sociis natoque penatibus et magnis dis parturient montes, nascetur ridiculus mus.",21651,40,2
Wood Lamp,"Nunc nisl. Duis bibendum, felis sed interdum venenatis, turpis enim blandit mi, in porttitor pede justo eu massa. Donec dapibus.",31790,18,2
Bench,In hac habitasse platea dictumst. Maecenas ut massa quis augue luctus tincidunt. Nulla mollis molestie lorem. Quisque ut erat. Curabitur gravida nisi at nibh.,37854,8,4
Drawer,"Vivamus metus arcu, adipiscing molestie, hendrerit at, vulputate vitae, nisl.",19532,7,5
Wall Decor,Vestibulum ante ipsum primis in faucibus orci luctus et ultrices posuere cubilia Curae; Duis faucibus accumsan odio. Curabitur convallis. Duis consequat dui nec nisi volutpat eleifend. Donec ut dolor.,8931,43,2
Wood Chair,"Aenean auctor gravida sem. Praesent id massa id nisl venenatis lacinia. Aenean sit amet justo. Morbi ut odio. Cras mi pede, malesuada in, imperdiet et, commodo vulputate, justo.",10023,5,3
Dining Table,Duis mattis egestas metus.,32309,6,1
Wood Shelf,"Donec odio justo, sollicitudin ut, suscipit a, feugiat et, eros.",36833,5,5
Bed Frame,Nulla suscipit ligula in lacus.,31664,4,4
Cabinet,Suspendisse potenti. Nullam porttitor lacus at turpis. Donec posuere metus vitae ipsum. Aliquam non mauris.,14432,34,2
Coffee Table,In hac habitasse platea dictumst. Etiam faucibus cursus urna.,33569,8,3
Wood Lamp,"Fusce congue, diam id ornare imperdiet, sapien urna pretium nisl, ut volutpat sapien arcu sed augue. Aliquam erat volutpat.",40833,43,3
Bench,"Proin risus. Praesent lectus. Vestibulum quam sapien, varius ut, blandit non, interdum in, ante. Vestibulum ante ipsum primis in faucibus orci luctus et ultrices posuere cubilia Curae; Duis faucibus accumsan odio. Curabitur convallis.",33577,36,3
Drawer,"Nunc rhoncus dui vel sem. Sed sagittis. Nam congue, risus semper porta volutpat, quam pede lobortis ligula, sit amet eleifend pede libero quis orci.",36508,48,4
Wall Decor,Ut tellus. Nulla ut erat id mauris vulputate elementum.,42613,14,4
Wood Chair,Phasellus sit amet erat. Nulla tempus. Vivamus in felis eu sapien cursus vestibulum. Proin eu mi.,30074,25,5
Dining Table,Nulla nisl. Nunc nisl.,2792,17,1
Wood Shelf,Vestibulum sed magna at nunc commodo placerat.,30984,37,1
Bed Frame,"Praesent id massa id nisl venenatis lacinia. Aenean sit amet justo. Morbi ut odio. Cras mi pede, malesuada in, imperdiet et, commodo vulputate, justo.",24627,34,2
Cabinet,"Nam ultrices, libero non mattis pulvinar, nulla pede ullamcorper augue, a suscipit nulla elit ac nulla. Sed vel enim sit amet nunc viverra dapibus. Nulla suscipit ligula in lacus. Curabitur at ipsum ac tellus semper interdum. Mauris ullamcorper purus sit amet nulla.",19059,40,3
Coffee Table,"Proin interdum mauris non ligula pellentesque ultrices. Phasellus id sapien in sapien iaculis congue. Vivamus metus arcu, adipiscing molestie, hendrerit at, vulputate vitae, nisl.",28607,20,4
Wood Lamp,"Donec odio justo, sollicitudin ut, suscipit a, feugiat et, eros. Vestibulum ac est lacinia nisi venenatis tristique.",25864,1,1
Bench,"Quisque id justo sit amet sapien dignissim vestibulum. Vestibulum ante ipsum primis in faucibus orci luctus et ultrices posuere cubilia Curae; Nulla dapibus dolor vel est. Donec odio justo, sollicitudin ut, suscipit a, feugiat et, eros.",49963,14,4
Drawer,"Integer aliquet, massa id lobortis convallis, tortor risus dapibus augue, vel accumsan tellus nisi eu orci. Mauris lacinia sapien quis libero. Nullam sit amet turpis elementum ligula vehicula consequat. Morbi a ipsum.",9849,38,5
Wall Decor,"Fusce posuere felis sed lacus. Morbi sem mauris, laoreet ut, rhoncus aliquet, pulvinar sed, nisl. Nunc rhoncus dui vel sem. Sed sagittis.",17069,19,4
Wood Chair,"Nam congue, risus semper porta volutpat, quam pede lobortis ligula, sit amet eleifend pede libero quis orci. Nullam molestie nibh in lectus.",14723,26,1
Dining Table,"Lorem ipsum dolor sit amet, consectetuer adipiscing elit. Proin interdum mauris non ligula pellentesque ultrices. Phasellus id sapien in sapien iaculis congue. Vivamus metus arcu, adipiscing molestie, hendrerit at, vulputate vitae, nisl.",46075,37,1
Wood Shelf,"Nullam orci pede, venenatis non, sodales sed, tincidunt eu, felis. Fusce posuere felis sed lacus. Morbi sem mauris, laoreet ut, rhoncus aliquet, pulvinar sed, nisl. Nunc rhoncus dui vel sem.",7743,26,5
Bed Frame,"Donec diam neque, vestibulum eget, vulputate ut, ultrices vel, augue.",36509,30,1
Cabinet,Nullam sit amet turpis elementum ligula vehicula consequat. Morbi a ipsum. Integer a nibh. In quis justo.,1476,25,4
Coffee Table,"In tempor, turpis nec euismod scelerisque, quam turpis adipiscing lorem, vitae mattis nibh ligula nec sem. Duis aliquam convallis nunc. Proin at turpis a pede posuere nonummy.",20847,24,5
Wood Lamp,"Aenean sit amet justo. Morbi ut odio. Cras mi pede, malesuada in, imperdiet et, commodo vulputate, justo. In blandit ultrices enim. Lorem ipsum dolor sit amet, consectetuer adipiscing elit.",416,6,2
Bench,Nullam varius. Nulla facilisi. Cras non velit nec nisi vulputate nonummy. Maecenas tincidunt lacus at velit. Vivamus vel nulla eget eros elementum pellentesque.,13223,44,4
Drawer,Nullam varius. Nulla facilisi. Cras non velit nec nisi vulputate nonummy. Maecenas tincidunt lacus at velit.,36594,1,2
Wall Decor,"Morbi vel lectus in quam fringilla rhoncus. Mauris enim leo, rhoncus sed, vestibulum sit amet, cursus id, turpis. Integer aliquet, massa id lobortis convallis, tortor risus dapibus augue, vel accumsan tellus nisi eu orci. Mauris lacinia sapien quis libero.",27946,30,3
Wood Chair,Aenean fermentum.,5105,46,1
Dining Table,Nullam sit amet turpis elementum ligula vehicula consequat. Morbi a ipsum.,8269,16,5
Wood Shelf,Pellentesque at nulla.,29885,45,3
Bed Frame,"Vestibulum quam sapien, varius ut, blandit non, interdum in, ante. Vestibulum ante ipsum primis in faucibus orci luctus et ultrices posuere cubilia Curae; Duis faucibus accumsan odio. Curabitur convallis.",1286,4,4
Cabinet,"In tempor, turpis nec euismod scelerisque, quam turpis adipiscing lorem, vitae mattis nibh ligula nec sem. Duis aliquam convallis nunc. Proin at turpis a pede posuere nonummy. Integer non velit. Donec diam neque, vestibulum eget, vulputate ut, ultrices vel, augue.",32286,34,3
Coffee Table,In hac habitasse platea dictumst. Etiam faucibus cursus urna. Ut tellus. Nulla ut erat id mauris vulputate elementum. Nullam varius.,4289,21,4
Wood Lamp,"Suspendisse potenti. Cras in purus eu magna vulputate luctus. Cum sociis natoque penatibus et magnis dis parturient montes, nascetur ridiculus mus. Vivamus vestibulum sagittis sapien. Cum sociis natoque penatibus et magnis dis parturient montes, nascetur ridiculus mus.",25014,31,3
Bench,Nullam sit amet turpis elementum ligula vehicula consequat. Morbi a ipsum. Integer a nibh.,27290,32,4
Drawer,Maecenas tincidunt lacus at velit.,29999,11,1
Wall Decor,"Lorem ipsum dolor sit amet, consectetuer adipiscing elit. Proin interdum mauris non ligula pellentesque ultrices. Phasellus id sapien in sapien iaculis congue. Vivamus metus arcu, adipiscing molestie, hendrerit at, vulputate vitae, nisl.",15341,28,3
Wood Chair,Ut tellus. Nulla ut erat id mauris vulputate elementum. Nullam varius.,18616,27,5
Dining Table,Integer ac neque. Duis bibendum. Morbi non quam nec dui luctus rutrum. Nulla tellus. In sagittis dui vel nisl.,30565,7,5
Wood Shelf,"Cras in purus eu magna vulputate luctus. Cum sociis natoque penatibus et magnis dis parturient montes, nascetur ridiculus mus. Vivamus vestibulum sagittis sapien.",13836,1,4
Bed Frame,"Morbi vel lectus in quam fringilla rhoncus. Mauris enim leo, rhoncus sed, vestibulum sit amet, cursus id, turpis.",36881,41,2
Cabinet,Nulla ut erat id mauris vulputate elementum. Nullam varius. Nulla facilisi.,29265,35,5
Coffee Table,"Cum sociis natoque penatibus et magnis dis parturient montes, nascetur ridiculus mus. Etiam vel augue. Vestibulum rutrum rutrum neque.",43810,9,5
Wood Lamp,"Phasellus id sapien in sapien iaculis congue. Vivamus metus arcu, adipiscing molestie, hendrerit at, vulputate vitae, nisl.",12294,29,3
Bench,Quisque ut erat. Curabitur gravida nisi at nibh.,43719,25,1
Drawer,In hac habitasse platea dictumst. Etiam faucibus cursus urna.,6155,43,2
Wall Decor,"Nullam orci pede, venenatis non, sodales sed, tincidunt eu, felis. Fusce posuere felis sed lacus. Morbi sem mauris, laoreet ut, rhoncus aliquet, pulvinar sed, nisl.",11788,36,2
Wood Chair,"Pellentesque ultrices mattis odio. Donec vitae nisi. Nam ultrices, libero non mattis pulvinar, nulla pede ullamcorper augue, a suscipit nulla elit ac nulla. Sed vel enim sit amet nunc viverra dapibus. Nulla suscipit ligula in lacus.",20008,6,1
Dining Table,"Vivamus metus arcu, adipiscing molestie, hendrerit at, vulputate vitae, nisl. Aenean lectus.",23307,9,1
Wood Shelf,Duis at velit eu est congue elementum. In hac habitasse platea dictumst.,6622,34,2
Bed Frame,"Nunc rhoncus dui vel sem. Sed sagittis. Nam congue, risus semper porta volutpat, quam pede lobortis ligula, sit amet eleifend pede libero quis orci. Nullam molestie nibh in lectus. Pellentesque at nulla.",43500,14,5
Cabinet,In eleifend quam a odio. In hac habitasse platea dictumst. Maecenas ut massa quis augue luctus tincidunt. Nulla mollis molestie lorem.,15419,16,5
Coffee Table,"Lorem ipsum dolor sit amet, consectetuer adipiscing elit. Proin risus. Praesent lectus.",47931,46,2
Wood Lamp,Nunc purus. Phasellus in felis. Donec semper sapien a libero.,27538,37,1
Bench,"Donec semper sapien a libero. Nam dui. Proin leo odio, porttitor id, consequat in, consequat ut, nulla. Sed accumsan felis. Ut at dolor quis odio consequat varius.",37402,30,5
Drawer,Integer ac leo.,36781,18,3
Wall Decor,Integer ac neque. Duis bibendum. Morbi non quam nec dui luctus rutrum. Nulla tellus. In sagittis dui vel nisl.,23274,19,4
Wood Chair,"Donec quis orci eget orci vehicula condimentum. Curabitur in libero ut massa volutpat convallis. Morbi odio odio, elementum eu, interdum eu, tincidunt in, leo.",20164,42,2
Dining Table,"Nam nulla. Integer pede justo, lacinia eget, tincidunt eget, tempus vel, pede. Morbi porttitor lorem id ligula.",29171,26,4
Wood Shelf,"Vestibulum ac est lacinia nisi venenatis tristique. Fusce congue, diam id ornare imperdiet, sapien urna pretium nisl, ut volutpat sapien arcu sed augue. Aliquam erat volutpat. In congue.",35740,13,3
Bed Frame,Maecenas ut massa quis augue luctus tincidunt.,16790,7,1
Cabinet,"Proin leo odio, porttitor id, consequat in, consequat ut, nulla. Sed accumsan felis. Ut at dolor quis odio consequat varius. Integer ac leo.",31742,16,1
Coffee Table,Nullam sit amet turpis elementum ligula vehicula consequat.,7678,34,5
Wood Lamp,"Donec vitae nisi. Nam ultrices, libero non mattis pulvinar, nulla pede ullamcorper augue, a suscipit nulla elit ac nulla. Sed vel enim sit amet nunc viverra dapibus. Nulla suscipit ligula in lacus.",2426,5,1
Bench,"Duis ac nibh. Fusce lacus purus, aliquet at, feugiat non, pretium quis, lectus.",33422,13,4
Drawer,Nulla ut erat id mauris vulputate elementum. Nullam varius. Nulla facilisi. Cras non velit nec nisi vulputate nonummy.,32740,44,1
Wall Decor,Aenean sit amet justo. Morbi ut odio.,12795,4,1
Wood Chair,Mauris sit amet eros.,49712,6,2
Dining Table,Ut tellus. Nulla ut erat id mauris vulputate elementum. Nullam varius. Nulla facilisi.,47037,44,5
Wood Shelf,Sed accumsan felis. Ut at dolor quis odio consequat varius.,33632,23,3
Bed Frame,Aliquam non mauris.,3385,34,3
Cabinet,Praesent blandit. Nam nulla.,4197,44,3
Coffee Table,Integer tincidunt ante vel ipsum.,2020,11,1
Wood Lamp,Mauris lacinia sapien quis libero. Nullam sit amet turpis elementum ligula vehicula consequat. Morbi a ipsum. Integer a nibh.,26787,4,4
Bench,"Nulla ac enim. In tempor, turpis nec euismod scelerisque, quam turpis adipiscing lorem, vitae mattis nibh ligula nec sem. Duis aliquam convallis nunc. Proin at turpis a pede posuere nonummy. Integer non velit.",158,16,3
Drawer,"Donec vitae nisi. Nam ultrices, libero non mattis pulvinar, nulla pede ullamcorper augue, a suscipit nulla elit ac nulla. Sed vel enim sit amet nunc viverra dapibus.",36877,30,3
Wall Decor,Morbi porttitor lorem id ligula.,31460,1,1
Wood Chair,"Integer aliquet, massa id lobortis convallis, tortor risus dapibus augue, vel accumsan tellus nisi eu orci. Mauris lacinia sapien quis libero. Nullam sit amet turpis elementum ligula vehicula consequat. Morbi a ipsum.",26866,42,5
Dining Table,"Donec quis orci eget orci vehicula condimentum. Curabitur in libero ut massa volutpat convallis. Morbi odio odio, elementum eu, interdum eu, tincidunt in, leo. Maecenas pulvinar lobortis est.",34860,21,3
Wood Shelf,"Quisque porta volutpat erat. Quisque erat eros, viverra eget, congue eget, semper rutrum, nulla. Nunc purus.",32728,18,4
Bed Frame,"Cras in purus eu magna vulputate luctus. Cum sociis natoque penatibus et magnis dis parturient montes, nascetur ridiculus mus.",6646,28,5
Cabinet,"Nam dui. Proin leo odio, porttitor id, consequat in, consequat ut, nulla. Sed accumsan felis.",43451,17,2
Coffee Table,Phasellus in felis. Donec semper sapien a libero.,45929,33,2
Wood Lamp,"Duis at velit eu est congue elementum. In hac habitasse platea dictumst. Morbi vestibulum, velit id pretium iaculis, diam erat fermentum justo, nec condimentum neque sapien placerat ante.",9242,8,5
Bench,"Integer pede justo, lacinia eget, tincidunt eget, tempus vel, pede. Morbi porttitor lorem id ligula. Suspendisse ornare consequat lectus. In est risus, auctor sed, tristique in, tempus sit amet, sem. Fusce consequat.",19798,14,4
Drawer,"Cras pellentesque volutpat dui. Maecenas tristique, est et tempus semper, est quam pharetra magna, ac consequat metus sapien ut nunc.",10411,14,1
Wall Decor,Ut at dolor quis odio consequat varius. Integer ac leo. Pellentesque ultrices mattis odio. Donec vitae nisi.,8078,32,3
Wood Chair,"Cum sociis natoque penatibus et magnis dis parturient montes, nascetur ridiculus mus. Etiam vel augue. Vestibulum rutrum rutrum neque.",9246,27,4
Dining Table,Ut tellus. Nulla ut erat id mauris vulputate elementum.,17158,48,4
Wood Shelf,Nunc purus.,38061,32,3
Bed Frame,"Nunc rhoncus dui vel sem. Sed sagittis. Nam congue, risus semper porta volutpat, quam pede lobortis ligula, sit amet eleifend pede libero quis orci. Nullam molestie nibh in lectus.",33704,39,3
Cabinet,Nullam sit amet turpis elementum ligula vehicula consequat. Morbi a ipsum.,49707,34,4
Coffee Table,"Donec ut mauris eget massa tempor convallis. Nulla neque libero, convallis eget, eleifend luctus, ultricies eu, nibh.",1483,3,3
Wood Lamp,Etiam pretium iaculis justo.,43135,42,2
Bench,"Cras in purus eu magna vulputate luctus. Cum sociis natoque penatibus et magnis dis parturient montes, nascetur ridiculus mus. Vivamus vestibulum sagittis sapien.",38477,48,1
Drawer,Integer ac neque.,7322,31,4
Wall Decor,"Aliquam sit amet diam in magna bibendum imperdiet. Nullam orci pede, venenatis non, sodales sed, tincidunt eu, felis. Fusce posuere felis sed lacus. Morbi sem mauris, laoreet ut, rhoncus aliquet, pulvinar sed, nisl.",41347,48,2
Wood Chair,"Donec quis orci eget orci vehicula condimentum. Curabitur in libero ut massa volutpat convallis. Morbi odio odio, elementum eu, interdum eu, tincidunt in, leo.",21375,19,5
Dining Table,In sagittis dui vel nisl.,9782,39,3
Wood Shelf,In hac habitasse platea dictumst.,5014,25,4
Bed Frame,Pellentesque eget nunc. Donec quis orci eget orci vehicula condimentum. Curabitur in libero ut massa volutpat convallis.,38913,49,3
Cabinet,"Proin interdum mauris non ligula pellentesque ultrices. Phasellus id sapien in sapien iaculis congue. Vivamus metus arcu, adipiscing molestie, hendrerit at, vulputate vitae, nisl. Aenean lectus. Pellentesque eget nunc.",14245,37,2
Coffee Table,"Duis bibendum, felis sed interdum venenatis, turpis enim blandit mi, in porttitor pede justo eu massa. Donec dapibus.",3001,40,2
Wood Lamp,Vestibulum ante ipsum primis in faucibus orci luctus et ultrices posuere cubilia Curae; Nulla dapibus dolor vel est.,16635,11,2
Bench,Morbi ut odio.,25265,24,1
Drawer,"Donec ut mauris eget massa tempor convallis. Nulla neque libero, convallis eget, eleifend luctus, ultricies eu, nibh. Quisque id justo sit amet sapien dignissim vestibulum.",31121,24,3
Wall Decor,Curabitur at ipsum ac tellus semper interdum.,8141,21,4
Wood Chair,"Integer aliquet, massa id lobortis convallis, tortor risus dapibus augue, vel accumsan tellus nisi eu orci. Mauris lacinia sapien quis libero.",8922,31,5
Dining Table,"Proin at turpis a pede posuere nonummy. Integer non velit. Donec diam neque, vestibulum eget, vulputate ut, ultrices vel, augue. Vestibulum ante ipsum primis in faucibus orci luctus et ultrices posuere cubilia Curae; Donec pharetra, magna vestibulum aliquet ultrices, erat tortor sollicitudin mi, sit amet lobortis sapien sapien non mi. Integer ac neque.",20876,42,1
Wood Shelf,"Aliquam non mauris. Morbi non lectus. Aliquam sit amet diam in magna bibendum imperdiet. Nullam orci pede, venenatis non, sodales sed, tincidunt eu, felis. Fusce posuere felis sed lacus.",4664,37,1
Bed Frame,"Maecenas leo odio, condimentum id, luctus nec, molestie sed, justo. Pellentesque viverra pede ac diam. Cras pellentesque volutpat dui.",32616,22,1
Cabinet,"Vestibulum ante ipsum primis in faucibus orci luctus et ultrices posuere cubilia Curae; Nulla dapibus dolor vel est. Donec odio justo, sollicitudin ut, suscipit a, feugiat et, eros. Vestibulum ac est lacinia nisi venenatis tristique. Fusce congue, diam id ornare imperdiet, sapien urna pretium nisl, ut volutpat sapien arcu sed augue.",48944,29,2
Coffee Table,In eleifend quam a odio. In hac habitasse platea dictumst. Maecenas ut massa quis augue luctus tincidunt. Nulla mollis molestie lorem. Quisque ut erat.,32815,30,4
Wood Lamp,"Quisque erat eros, viverra eget, congue eget, semper rutrum, nulla. Nunc purus. Phasellus in felis. Donec semper sapien a libero.",43160,19,1
Bench,"Nulla nisl. Nunc nisl. Duis bibendum, felis sed interdum venenatis, turpis enim blandit mi, in porttitor pede justo eu massa.",10829,33,4
Drawer,"Donec semper sapien a libero. Nam dui. Proin leo odio, porttitor id, consequat in, consequat ut, nulla. Sed accumsan felis.",29138,28,4
Wall Decor,"Quisque ut erat. Curabitur gravida nisi at nibh. In hac habitasse platea dictumst. Aliquam augue quam, sollicitudin vitae, consectetuer eget, rutrum at, lorem.",7845,45,3
Wood Chair,"In quis justo. Maecenas rhoncus aliquam lacus. Morbi quis tortor id nulla ultrices aliquet. Maecenas leo odio, condimentum id, luctus nec, molestie sed, justo. Pellentesque viverra pede ac diam.",48047,17,2
Dining Table,Nam dui.,2075,11,5
Wood Shelf,Integer ac leo. Pellentesque ultrices mattis odio.,6882,17,2
Bed Frame,"Cras in purus eu magna vulputate luctus. Cum sociis natoque penatibus et magnis dis parturient montes, nascetur ridiculus mus.",7741,47,5
Cabinet,"Morbi sem mauris, laoreet ut, rhoncus aliquet, pulvinar sed, nisl. Nunc rhoncus dui vel sem. Sed sagittis. Nam congue, risus semper porta volutpat, quam pede lobortis ligula, sit amet eleifend pede libero quis orci. Nullam molestie nibh in lectus.",16173,11,4
Coffee Table,"Suspendisse ornare consequat lectus. In est risus, auctor sed, tristique in, tempus sit amet, sem.",15599,18,4
Wood Lamp,Curabitur gravida nisi at nibh.,42990,7,4
Bench,"Maecenas leo odio, condimentum id, luctus nec, molestie sed, justo. Pellentesque viverra pede ac diam. Cras pellentesque volutpat dui.",36066,45,5
Drawer,Suspendisse potenti.,6774,47,1
Wall Decor,"Cras mi pede, malesuada in, imperdiet et, commodo vulputate, justo. In blandit ultrices enim. Lorem ipsum dolor sit amet, consectetuer adipiscing elit. Proin interdum mauris non ligula pellentesque ultrices.",5706,13,4
Wood Chair,"Suspendisse ornare consequat lectus. In est risus, auctor sed, tristique in, tempus sit amet, sem. Fusce consequat. Nulla nisl.",28450,8,1
Dining Table,"Aliquam sit amet diam in magna bibendum imperdiet. Nullam orci pede, venenatis non, sodales sed, tincidunt eu, felis. Fusce posuere felis sed lacus. Morbi sem mauris, laoreet ut, rhoncus aliquet, pulvinar sed, nisl.",37987,18,4
Wood Shelf,"Praesent lectus. Vestibulum quam sapien, varius ut, blandit non, interdum in, ante. Vestibulum ante ipsum primis in faucibus orci luctus et ultrices posuere cubilia Curae; Duis faucibus accumsan odio. Curabitur convallis.",36197,23,4
Bed Frame,Praesent id massa id nisl venenatis lacinia.,29479,12,3
Cabinet,"Duis at velit eu est congue elementum. In hac habitasse platea dictumst. Morbi vestibulum, velit id pretium iaculis, diam erat fermentum justo, nec condimentum neque sapien placerat ante.",4207,43,1
Coffee Table,"Nulla tempus. Vivamus in felis eu sapien cursus vestibulum. Proin eu mi. Nulla ac enim. In tempor, turpis nec euismod scelerisque, quam turpis adipiscing lorem, vitae mattis nibh ligula nec sem.",48443,18,3
Wood Lamp,"Maecenas leo odio, condimentum id, luctus nec, molestie sed, justo. Pellentesque viverra pede ac diam. Cras pellentesque volutpat dui. Maecenas tristique, est et tempus semper, est quam pharetra magna, ac consequat metus sapien ut nunc. Vestibulum ante ipsum primis in faucibus orci luctus et ultrices posuere cubilia Curae; Mauris viverra diam vitae quam.",18802,20,2
Bench,Duis aliquam convallis nunc.,13722,49,5
Drawer,Vestibulum sed magna at nunc commodo placerat.,40820,7,1
Wall Decor,"Lorem ipsum dolor sit amet, consectetuer adipiscing elit. Proin risus. Praesent lectus. Vestibulum quam sapien, varius ut, blandit non, interdum in, ante.",4176,45,2
Wood Chair,Integer tincidunt ante vel ipsum. Praesent blandit lacinia erat. Vestibulum sed magna at nunc commodo placerat.,49164,28,5
Dining Table,"Morbi odio odio, elementum eu, interdum eu, tincidunt in, leo.",38344,41,1
Wood Shelf,Donec ut mauris eget massa tempor convallis.,6168,4,4
Bed Frame,"Nulla neque libero, convallis eget, eleifend luctus, ultricies eu, nibh. Quisque id justo sit amet sapien dignissim vestibulum. Vestibulum ante ipsum primis in faucibus orci luctus et ultrices posuere cubilia Curae; Nulla dapibus dolor vel est. Donec odio justo, sollicitudin ut, suscipit a, feugiat et, eros.",28143,25,1
Cabinet,Curabitur convallis. Duis consequat dui nec nisi volutpat eleifend. Donec ut dolor.,12717,2,1
Coffee Table,Vivamus tortor. Duis mattis egestas metus.,33991,15,1
Wood Lamp,"Donec ut dolor. Morbi vel lectus in quam fringilla rhoncus. Mauris enim leo, rhoncus sed, vestibulum sit amet, cursus id, turpis. Integer aliquet, massa id lobortis convallis, tortor risus dapibus augue, vel accumsan tellus nisi eu orci.",35147,25,3
Bench,Nullam porttitor lacus at turpis. Donec posuere metus vitae ipsum. Aliquam non mauris.,39004,48,4
Drawer,Sed accumsan felis. Ut at dolor quis odio consequat varius. Integer ac leo.,18765,35,3
Wall Decor,"Vivamus vel nulla eget eros elementum pellentesque. Quisque porta volutpat erat. Quisque erat eros, viverra eget, congue eget, semper rutrum, nulla.",40730,16,3
Wood Chair,Duis consequat dui nec nisi volutpat eleifend. Donec ut dolor. Morbi vel lectus in quam fringilla rhoncus.,17531,43,1
Dining Table,Nulla tempus.,33262,45,2
Wood Shelf,"In blandit ultrices enim. Lorem ipsum dolor sit amet, consectetuer adipiscing elit.",10935,24,1
Bed Frame,"Nam ultrices, libero non mattis pulvinar, nulla pede ullamcorper augue, a suscipit nulla elit ac nulla. Sed vel enim sit amet nunc viverra dapibus. Nulla suscipit ligula in lacus.",16985,22,3
Cabinet,Suspendisse potenti. Nullam porttitor lacus at turpis. Donec posuere metus vitae ipsum. Aliquam non mauris. Morbi non lectus.,2489,27,5
Coffee Table,In hac habitasse platea dictumst. Maecenas ut massa quis augue luctus tincidunt. Nulla mollis molestie lorem. Quisque ut erat. Curabitur gravida nisi at nibh.,9880,30,1
Wood Lamp,"Morbi vel lectus in quam fringilla rhoncus. Mauris enim leo, rhoncus sed, vestibulum sit amet, cursus id, turpis. Integer aliquet, massa id lobortis convallis, tortor risus dapibus augue, vel accumsan tellus nisi eu orci.",38446,36,5
Bench,"Sed sagittis. Nam congue, risus semper porta volutpat, quam pede lobortis ligula, sit amet eleifend pede libero quis orci. Nullam molestie nibh in lectus. Pellentesque at nulla.",10835,3,2
Drawer,Integer ac neque. Duis bibendum. Morbi non quam nec dui luctus rutrum. Nulla tellus.,15587,12,3
Wall Decor,"Nullam orci pede, venenatis non, sodales sed, tincidunt eu, felis.",12988,15,2
Wood Chair,"Nulla nisl. Nunc nisl. Duis bibendum, felis sed interdum venenatis, turpis enim blandit mi, in porttitor pede justo eu massa.",21352,17,3
Dining Table,"Aliquam augue quam, sollicitudin vitae, consectetuer eget, rutrum at, lorem. Integer tincidunt ante vel ipsum. Praesent blandit lacinia erat. Vestibulum sed magna at nunc commodo placerat. Praesent blandit.",9302,43,5
Wood Shelf,"Proin eu mi. Nulla ac enim. In tempor, turpis nec euismod scelerisque, quam turpis adipiscing lorem, vitae mattis nibh ligula nec sem.",49042,47,2
Bed Frame,"Duis bibendum, felis sed interdum venenatis, turpis enim blandit mi, in porttitor pede justo eu massa. Donec dapibus. Duis at velit eu est congue elementum. In hac habitasse platea dictumst. Morbi vestibulum, velit id pretium iaculis, diam erat fermentum justo, nec condimentum neque sapien placerat ante.",16503,4,4
Cabinet,"In est risus, auctor sed, tristique in, tempus sit amet, sem. Fusce consequat. Nulla nisl. Nunc nisl.",34910,22,5
Coffee Table,"Integer pede justo, lacinia eget, tincidunt eget, tempus vel, pede. Morbi porttitor lorem id ligula. Suspendisse ornare consequat lectus. In est risus, auctor sed, tristique in, tempus sit amet, sem.",12607,33,2
Wood Lamp,"Mauris enim leo, rhoncus sed, vestibulum sit amet, cursus id, turpis. Integer aliquet, massa id lobortis convallis, tortor risus dapibus augue, vel accumsan tellus nisi eu orci.",36742,24,3
Bench,Curabitur convallis. Duis consequat dui nec nisi volutpat eleifend. Donec ut dolor.,7414,42,5
Drawer,"Mauris enim leo, rhoncus sed, vestibulum sit amet, cursus id, turpis.",34059,43,1
Wall Decor,"Nullam orci pede, venenatis non, sodales sed, tincidunt eu, felis. Fusce posuere felis sed lacus. Morbi sem mauris, laoreet ut, rhoncus aliquet, pulvinar sed, nisl. Nunc rhoncus dui vel sem.",11782,42,3
Wood Chair,"Praesent blandit. Nam nulla. Integer pede justo, lacinia eget, tincidunt eget, tempus vel, pede. Morbi porttitor lorem id ligula.",27185,43,5
Dining Table,"Cras mi pede, malesuada in, imperdiet et, commodo vulputate, justo. In blandit ultrices enim. Lorem ipsum dolor sit amet, consectetuer adipiscing elit. Proin interdum mauris non ligula pellentesque ultrices.",19825,47,3
Wood Shelf,In congue. Etiam justo.,28364,6,2
Bed Frame,"Morbi vel lectus in quam fringilla rhoncus. Mauris enim leo, rhoncus sed, vestibulum sit amet, cursus id, turpis. Integer aliquet, massa id lobortis convallis, tortor risus dapibus augue, vel accumsan tellus nisi eu orci. Mauris lacinia sapien quis libero. Nullam sit amet turpis elementum ligula vehicula consequat.",14823,40,3
Cabinet,Maecenas rhoncus aliquam lacus.,14071,33,5
Coffee Table,"Maecenas tincidunt lacus at velit. Vivamus vel nulla eget eros elementum pellentesque. Quisque porta volutpat erat. Quisque erat eros, viverra eget, congue eget, semper rutrum, nulla.",23390,13,5
Wood Lamp,"Praesent lectus. Vestibulum quam sapien, varius ut, blandit non, interdum in, ante. Vestibulum ante ipsum primis in faucibus orci luctus et ultrices posuere cubilia Curae; Duis faucibus accumsan odio.",19571,37,3
Bench,"Pellentesque viverra pede ac diam. Cras pellentesque volutpat dui. Maecenas tristique, est et tempus semper, est quam pharetra magna, ac consequat metus sapien ut nunc.",19700,42,4
Drawer,"Pellentesque eget nunc. Donec quis orci eget orci vehicula condimentum. Curabitur in libero ut massa volutpat convallis. Morbi odio odio, elementum eu, interdum eu, tincidunt in, leo.",22780,11,4
Wall Decor,"Maecenas leo odio, condimentum id, luctus nec, molestie sed, justo. Pellentesque viverra pede ac diam. Cras pellentesque volutpat dui. Maecenas tristique, est et tempus semper, est quam pharetra magna, ac consequat metus sapien ut nunc.",31890,43,4
Wood Chair,Morbi porttitor lorem id ligula.,45376,40,4
Dining Table,"Morbi non quam nec dui luctus rutrum. Nulla tellus. In sagittis dui vel nisl. Duis ac nibh. Fusce lacus purus, aliquet at, feugiat non, pretium quis, lectus.",35641,20,5
Wood Shelf,"Integer aliquet, massa id lobortis convallis, tortor risus dapibus augue, vel accumsan tellus nisi eu orci. Mauris lacinia sapien quis libero. Nullam sit amet turpis elementum ligula vehicula consequat.",42186,28,1
Bed Frame,"Nulla ac enim. In tempor, turpis nec euismod scelerisque, quam turpis adipiscing lorem, vitae mattis nibh ligula nec sem. Duis aliquam convallis nunc. Proin at turpis a pede posuere nonummy. Integer non velit.",42665,24,4
Cabinet,"Fusce lacus purus, aliquet at, feugiat non, pretium quis, lectus. Suspendisse potenti. In eleifend quam a odio.",7079,5,3
Coffee Table,"Maecenas rhoncus aliquam lacus. Morbi quis tortor id nulla ultrices aliquet. Maecenas leo odio, condimentum id, luctus nec, molestie sed, justo. Pellentesque viverra pede ac diam. Cras pellentesque volutpat dui.",10648,20,4
Wood Lamp,Suspendisse potenti.,30164,44,5
Bench,"Vestibulum quam sapien, varius ut, blandit non, interdum in, ante. Vestibulum ante ipsum primis in faucibus orci luctus et ultrices posuere cubilia Curae; Duis faucibus accumsan odio. Curabitur convallis. Duis consequat dui nec nisi volutpat eleifend. Donec ut dolor.",23740,33,3
Drawer,"Morbi porttitor lorem id ligula. Suspendisse ornare consequat lectus. In est risus, auctor sed, tristique in, tempus sit amet, sem.",18702,9,4
Wall Decor,Duis ac nibh.,32105,11,5
Wood Chair,Aliquam erat volutpat.,2300,17,4
Dining Table,Nam nulla.,39667,47,2
Wood Shelf,"Nunc nisl. Duis bibendum, felis sed interdum venenatis, turpis enim blandit mi, in porttitor pede justo eu massa. Donec dapibus.",35037,34,2
Bed Frame,Curabitur convallis. Duis consequat dui nec nisi volutpat eleifend.,25706,13,2
Cabinet,"Fusce lacus purus, aliquet at, feugiat non, pretium quis, lectus. Suspendisse potenti.",36650,26,5
Coffee Table,"Duis bibendum, felis sed interdum venenatis, turpis enim blandit mi, in porttitor pede justo eu massa. Donec dapibus. Duis at velit eu est congue elementum. In hac habitasse platea dictumst. Morbi vestibulum, velit id pretium iaculis, diam erat fermentum justo, nec condimentum neque sapien placerat ante.",41138,26,2
Wood Lamp,"Cum sociis natoque penatibus et magnis dis parturient montes, nascetur ridiculus mus. Vivamus vestibulum sagittis sapien. Cum sociis natoque penatibus et magnis dis parturient montes, nascetur ridiculus mus. Etiam vel augue.",15789,40,4
Bench,"Lorem ipsum dolor sit amet, consectetuer adipiscing elit. Proin interdum mauris non ligula pellentesque ultrices. Phasellus id sapien in sapien iaculis congue.",34162,29,3
Drawer,Maecenas ut massa quis augue luctus tincidunt. Nulla mollis molestie lorem.,40353,22,3
Wall Decor,Maecenas rhoncus aliquam lacus. Morbi quis tortor id nulla ultrices aliquet.,41300,13,2
Wood Chair,"Vestibulum ante ipsum primis in faucibus orci luctus et ultrices posuere cubilia Curae; Donec pharetra, magna vestibulum aliquet ultrices, erat tortor sollicitudin mi, sit amet lobortis sapien sapien non mi. Integer ac neque.",2674,36,1
Dining Table,Maecenas ut massa quis augue luctus tincidunt. Nulla mollis molestie lorem.,22304,28,1
Wood Shelf,Aliquam sit amet diam in magna bibendum imperdiet.,8477,41,3
Bed Frame,"Donec odio justo, sollicitudin ut, suscipit a, feugiat et, eros. Vestibulum ac est lacinia nisi venenatis tristique.",48177,10,5
Cabinet,"In sagittis dui vel nisl. Duis ac nibh. Fusce lacus purus, aliquet at, feugiat non, pretium quis, lectus. Suspendisse potenti.",17824,47,5
Coffee Table,"Morbi porttitor lorem id ligula. Suspendisse ornare consequat lectus. In est risus, auctor sed, tristique in, tempus sit amet, sem. Fusce consequat.",28072,1,1
Wood Lamp,"Curabitur gravida nisi at nibh. In hac habitasse platea dictumst. Aliquam augue quam, sollicitudin vitae, consectetuer eget, rutrum at, lorem. Integer tincidunt ante vel ipsum. Praesent blandit lacinia erat.",27335,23,4
Bench,Maecenas rhoncus aliquam lacus. Morbi quis tortor id nulla ultrices aliquet.,47041,40,2
Drawer,Nullam sit amet turpis elementum ligula vehicula consequat. Morbi a ipsum.,28156,46,4
Wall Decor,"Cum sociis natoque penatibus et magnis dis parturient montes, nascetur ridiculus mus. Etiam vel augue. Vestibulum rutrum rutrum neque. Aenean auctor gravida sem. Praesent id massa id nisl venenatis lacinia.",17177,40,1
Wood Chair,Mauris lacinia sapien quis libero. Nullam sit amet turpis elementum ligula vehicula consequat. Morbi a ipsum.,18452,1,1
Dining Table,Quisque ut erat. Curabitur gravida nisi at nibh.,49907,17,2
Wood Shelf,Praesent id massa id nisl venenatis lacinia. Aenean sit amet justo. Morbi ut odio.,25920,27,1
Bed Frame,"Cum sociis natoque penatibus et magnis dis parturient montes, nascetur ridiculus mus.",34431,38,4
Cabinet,In hac habitasse platea dictumst. Maecenas ut massa quis augue luctus tincidunt. Nulla mollis molestie lorem. Quisque ut erat. Curabitur gravida nisi at nibh.,13415,37,1
Coffee Table,"Morbi vel lectus in quam fringilla rhoncus. Mauris enim leo, rhoncus sed, vestibulum sit amet, cursus id, turpis. Integer aliquet, massa id lobortis convallis, tortor risus dapibus augue, vel accumsan tellus nisi eu orci. Mauris lacinia sapien quis libero. Nullam sit amet turpis elementum ligula vehicula consequat.",12965,2,3
Wood Lamp,Donec posuere metus vitae ipsum. Aliquam non mauris.,366,22,2
Bench,"Integer non velit. Donec diam neque, vestibulum eget, vulputate ut, ultrices vel, augue. Vestibulum ante ipsum primis in faucibus orci luctus et ultrices posuere cubilia Curae; Donec pharetra, magna vestibulum aliquet ultrices, erat tortor sollicitudin mi, sit amet lobortis sapien sapien non mi.",11250,48,5
Drawer,Nullam sit amet turpis elementum ligula vehicula consequat. Morbi a ipsum.,12902,29,4
Wall Decor,"Nulla nisl. Nunc nisl. Duis bibendum, felis sed interdum venenatis, turpis enim blandit mi, in porttitor pede justo eu massa. Donec dapibus. Duis at velit eu est congue elementum.",27861,31,3
Wood Chair,"Vivamus tortor. Duis mattis egestas metus. Aenean fermentum. Donec ut mauris eget massa tempor convallis. Nulla neque libero, convallis eget, eleifend luctus, ultricies eu, nibh.",31948,11,4
Dining Table,Vestibulum ac est lacinia nisi venenatis tristique.,28890,30,5
Wood Shelf,"Praesent blandit. Nam nulla. Integer pede justo, lacinia eget, tincidunt eget, tempus vel, pede. Morbi porttitor lorem id ligula. Suspendisse ornare consequat lectus.",40357,48,4
Bed Frame,Vestibulum ante ipsum primis in faucibus orci luctus et ultrices posuere cubilia Curae; Duis faucibus accumsan odio. Curabitur convallis. Duis consequat dui nec nisi volutpat eleifend. Donec ut dolor.,21735,20,1
Cabinet,"Quisque erat eros, viverra eget, congue eget, semper rutrum, nulla. Nunc purus.",42003,26,1
Coffee Table,"Nulla neque libero, convallis eget, eleifend luctus, ultricies eu, nibh. Quisque id justo sit amet sapien dignissim vestibulum. Vestibulum ante ipsum primis in faucibus orci luctus et ultrices posuere cubilia Curae; Nulla dapibus dolor vel est. Donec odio justo, sollicitudin ut, suscipit a, feugiat et, eros. Vestibulum ac est lacinia nisi venenatis tristique.",25513,33,1
Wood Lamp,"Donec quis orci eget orci vehicula condimentum. Curabitur in libero ut massa volutpat convallis. Morbi odio odio, elementum eu, interdum eu, tincidunt in, leo.",26946,48,1
Bench,"Proin interdum mauris non ligula pellentesque ultrices. Phasellus id sapien in sapien iaculis congue. Vivamus metus arcu, adipiscing molestie, hendrerit at, vulputate vitae, nisl. Aenean lectus. Pellentesque eget nunc.",2266,28,5
Drawer,Aliquam quis turpis eget elit sodales scelerisque. Mauris sit amet eros. Suspendisse accumsan tortor quis turpis. Sed ante. Vivamus tortor.,33638,41,2
Wall Decor,"Maecenas tristique, est et tempus semper, est quam pharetra magna, ac consequat metus sapien ut nunc.",42833,18,2
Wood Chair,"Lorem ipsum dolor sit amet, consectetuer adipiscing elit. Proin interdum mauris non ligula pellentesque ultrices. Phasellus id sapien in sapien iaculis congue. Vivamus metus arcu, adipiscing molestie, hendrerit at, vulputate vitae, nisl. Aenean lectus.",30119,20,2
Dining Table,"Suspendisse ornare consequat lectus. In est risus, auctor sed, tristique in, tempus sit amet, sem. Fusce consequat. Nulla nisl.",35720,22,1
Wood Shelf,"Pellentesque ultrices mattis odio. Donec vitae nisi. Nam ultrices, libero non mattis pulvinar, nulla pede ullamcorper augue, a suscipit nulla elit ac nulla. Sed vel enim sit amet nunc viverra dapibus.",19075,22,2
Bed Frame,"Quisque erat eros, viverra eget, congue eget, semper rutrum, nulla.",46164,21,4
Cabinet,Ut tellus. Nulla ut erat id mauris vulputate elementum. Nullam varius.,24455,22,5
Coffee Table,Quisque porta volutpat erat.,16882,22,2
Wood Lamp,Vestibulum ante ipsum primis in faucibus orci luctus et ultrices posuere cubilia Curae; Duis faucibus accumsan odio. Curabitur convallis.,31457,31,3
Bench,"In sagittis dui vel nisl. Duis ac nibh. Fusce lacus purus, aliquet at, feugiat non, pretium quis, lectus. Suspendisse potenti.",41650,36,1
Drawer,"Duis bibendum, felis sed interdum venenatis, turpis enim blandit mi, in porttitor pede justo eu massa. Donec dapibus. Duis at velit eu est congue elementum. In hac habitasse platea dictumst.",40342,9,3
Wall Decor,Vestibulum ante ipsum primis in faucibus orci luctus et ultrices posuere cubilia Curae; Mauris viverra diam vitae quam. Suspendisse potenti. Nullam porttitor lacus at turpis. Donec posuere metus vitae ipsum. Aliquam non mauris.,11662,42,1
Wood Chair,"Maecenas tristique, est et tempus semper, est quam pharetra magna, ac consequat metus sapien ut nunc. Vestibulum ante ipsum primis in faucibus orci luctus et ultrices posuere cubilia Curae; Mauris viverra diam vitae quam. Suspendisse potenti. Nullam porttitor lacus at turpis.",38230,22,3
Dining Table,Aliquam quis turpis eget elit sodales scelerisque.,8134,20,1
Wood Shelf,"Lorem ipsum dolor sit amet, consectetuer adipiscing elit. Proin interdum mauris non ligula pellentesque ultrices. Phasellus id sapien in sapien iaculis congue. Vivamus metus arcu, adipiscing molestie, hendrerit at, vulputate vitae, nisl. Aenean lectus.",36881,47,3
Bed Frame,Phasellus id sapien in sapien iaculis congue.,33396,13,4
Cabinet,Aliquam quis turpis eget elit sodales scelerisque. Mauris sit amet eros.,32684,46,4
Coffee Table,Etiam vel augue.,36053,2,5
Wood Lamp,Nullam porttitor lacus at turpis. Donec posuere metus vitae ipsum.,36081,17,5
Bench,Suspendisse accumsan tortor quis turpis.,44532,11,3
Drawer,"Nulla suscipit ligula in lacus. Curabitur at ipsum ac tellus semper interdum. Mauris ullamcorper purus sit amet nulla. Quisque arcu libero, rutrum ac, lobortis vel, dapibus at, diam.",41614,30,3
Wall Decor,"Curabitur at ipsum ac tellus semper interdum. Mauris ullamcorper purus sit amet nulla. Quisque arcu libero, rutrum ac, lobortis vel, dapibus at, diam.",41195,2,2
Wood Chair,"Duis ac nibh. Fusce lacus purus, aliquet at, feugiat non, pretium quis, lectus. Suspendisse potenti.",36792,18,3
Dining Table,Nam nulla.,13653,18,2
Wood Shelf,"In blandit ultrices enim. Lorem ipsum dolor sit amet, consectetuer adipiscing elit. Proin interdum mauris non ligula pellentesque ultrices.",113,23,3
Bed Frame,"Fusce posuere felis sed lacus. Morbi sem mauris, laoreet ut, rhoncus aliquet, pulvinar sed, nisl. Nunc rhoncus dui vel sem.",30815,33,1
Cabinet,"Vestibulum ac est lacinia nisi venenatis tristique. Fusce congue, diam id ornare imperdiet, sapien urna pretium nisl, ut volutpat sapien arcu sed augue.",2823,34,5
Coffee Table,"Duis aliquam convallis nunc. Proin at turpis a pede posuere nonummy. Integer non velit. Donec diam neque, vestibulum eget, vulputate ut, ultrices vel, augue. Vestibulum ante ipsum primis in faucibus orci luctus et ultrices posuere cubilia Curae; Donec pharetra, magna vestibulum aliquet ultrices, erat tortor sollicitudin mi, sit amet lobortis sapien sapien non mi.",4142,11,5
Wood Lamp,Curabitur at ipsum ac tellus semper interdum.,7946,7,5
Bench,"In blandit ultrices enim. Lorem ipsum dolor sit amet, consectetuer adipiscing elit.",14057,42,1
Drawer,"Cras pellentesque volutpat dui. Maecenas tristique, est et tempus semper, est quam pharetra magna, ac consequat metus sapien ut nunc. Vestibulum ante ipsum primis in faucibus orci luctus et ultrices posuere cubilia Curae; Mauris viverra diam vitae quam. Suspendisse potenti. Nullam porttitor lacus at turpis.",16239,50,5
Wall Decor,"Nullam orci pede, venenatis non, sodales sed, tincidunt eu, felis. Fusce posuere felis sed lacus. Morbi sem mauris, laoreet ut, rhoncus aliquet, pulvinar sed, nisl.",24920,14,1
Wood Chair,"Cras in purus eu magna vulputate luctus. Cum sociis natoque penatibus et magnis dis parturient montes, nascetur ridiculus mus. Vivamus vestibulum sagittis sapien. Cum sociis natoque penatibus et magnis dis parturient montes, nascetur ridiculus mus. Etiam vel augue.",11081,11,3
Dining Table,"Aenean fermentum. Donec ut mauris eget massa tempor convallis. Nulla neque libero, convallis eget, eleifend luctus, ultricies eu, nibh. Quisque id justo sit amet sapien dignissim vestibulum. Vestibulum ante ipsum primis in faucibus orci luctus et ultrices posuere cubilia Curae; Nulla dapibus dolor vel est.",48510,48,3
Wood Shelf,"Aliquam augue quam, sollicitudin vitae, consectetuer eget, rutrum at, lorem. Integer tincidunt ante vel ipsum. Praesent blandit lacinia erat.",2957,27,3
Bed Frame,"Fusce posuere felis sed lacus. Morbi sem mauris, laoreet ut, rhoncus aliquet, pulvinar sed, nisl. Nunc rhoncus dui vel sem.",40379,21,4
Cabinet,Maecenas tincidunt lacus at velit.,38500,35,5
Coffee Table,Integer ac leo.,21298,43,4
Wood Lamp,Sed vel enim sit amet nunc viverra dapibus. Nulla suscipit ligula in lacus. Curabitur at ipsum ac tellus semper interdum.,4881,17,5
Bench,"Vestibulum quam sapien, varius ut, blandit non, interdum in, ante. Vestibulum ante ipsum primis in faucibus orci luctus et ultrices posuere cubilia Curae; Duis faucibus accumsan odio. Curabitur convallis. Duis consequat dui nec nisi volutpat eleifend. Donec ut dolor.",28384,7,3
Drawer,"Morbi vestibulum, velit id pretium iaculis, diam erat fermentum justo, nec condimentum neque sapien placerat ante. Nulla justo. Aliquam quis turpis eget elit sodales scelerisque. Mauris sit amet eros.",46996,50,3
Wall Decor,"Nullam orci pede, venenatis non, sodales sed, tincidunt eu, felis. Fusce posuere felis sed lacus. Morbi sem mauris, laoreet ut, rhoncus aliquet, pulvinar sed, nisl. Nunc rhoncus dui vel sem.",4491,13,4
Wood Chair,"In quis justo. Maecenas rhoncus aliquam lacus. Morbi quis tortor id nulla ultrices aliquet. Maecenas leo odio, condimentum id, luctus nec, molestie sed, justo. Pellentesque viverra pede ac diam.",33817,31,4
Dining Table,Praesent blandit lacinia erat. Vestibulum sed magna at nunc commodo placerat. Praesent blandit. Nam nulla.,16449,22,5
Wood Shelf,"Nam congue, risus semper porta volutpat, quam pede lobortis ligula, sit amet eleifend pede libero quis orci. Nullam molestie nibh in lectus. Pellentesque at nulla. Suspendisse potenti. Cras in purus eu magna vulputate luctus.",26791,20,4
Bed Frame,Donec dapibus. Duis at velit eu est congue elementum. In hac habitasse platea dictumst.,28119,45,4
Cabinet,Sed ante.,37075,23,3
Coffee Table,Aenean lectus. Pellentesque eget nunc.,32708,45,1
Wood Lamp,"In est risus, auctor sed, tristique in, tempus sit amet, sem. Fusce consequat. Nulla nisl. Nunc nisl. Duis bibendum, felis sed interdum venenatis, turpis enim blandit mi, in porttitor pede justo eu massa.",28062,2,3
Bench,"In sagittis dui vel nisl. Duis ac nibh. Fusce lacus purus, aliquet at, feugiat non, pretium quis, lectus. Suspendisse potenti. In eleifend quam a odio.",16390,11,3
Drawer,"In est risus, auctor sed, tristique in, tempus sit amet, sem. Fusce consequat. Nulla nisl. Nunc nisl.",22253,10,1
Wall Decor,In eleifend quam a odio. In hac habitasse platea dictumst. Maecenas ut massa quis augue luctus tincidunt. Nulla mollis molestie lorem. Quisque ut erat.,14019,2,4
Wood Chair,Praesent id massa id nisl venenatis lacinia. Aenean sit amet justo.,30214,10,2
Dining Table,"Vivamus metus arcu, adipiscing molestie, hendrerit at, vulputate vitae, nisl. Aenean lectus.",46631,37,2
Wood Shelf,"Morbi odio odio, elementum eu, interdum eu, tincidunt in, leo. Maecenas pulvinar lobortis est. Phasellus sit amet erat. Nulla tempus.",46887,36,2
Bed Frame,Nulla suscipit ligula in lacus. Curabitur at ipsum ac tellus semper interdum.,7595,39,1
Cabinet,"Morbi vel lectus in quam fringilla rhoncus. Mauris enim leo, rhoncus sed, vestibulum sit amet, cursus id, turpis. Integer aliquet, massa id lobortis convallis, tortor risus dapibus augue, vel accumsan tellus nisi eu orci. Mauris lacinia sapien quis libero. Nullam sit amet turpis elementum ligula vehicula consequat.",41724,40,2
Coffee Table,"Aenean lectus. Pellentesque eget nunc. Donec quis orci eget orci vehicula condimentum. Curabitur in libero ut massa volutpat convallis. Morbi odio odio, elementum eu, interdum eu, tincidunt in, leo.",26811,32,4
Wood Lamp,Vestibulum rutrum rutrum neque.,49680,29,3
Bench,"In blandit ultrices enim. Lorem ipsum dolor sit amet, consectetuer adipiscing elit. Proin interdum mauris non ligula pellentesque ultrices.",23119,37,1
Drawer,"Cum sociis natoque penatibus et magnis dis parturient montes, nascetur ridiculus mus. Etiam vel augue. Vestibulum rutrum rutrum neque.",45786,12,3
Wall Decor,Cras non velit nec nisi vulputate nonummy. Maecenas tincidunt lacus at velit. Vivamus vel nulla eget eros elementum pellentesque.,5332,46,4
Wood Chair,Aenean fermentum.,17034,15,4
Dining Table,Aliquam erat volutpat. In congue. Etiam justo. Etiam pretium iaculis justo. In hac habitasse platea dictumst.,18053,7,2
Wood Shelf,"Sed sagittis. Nam congue, risus semper porta volutpat, quam pede lobortis ligula, sit amet eleifend pede libero quis orci. Nullam molestie nibh in lectus. Pellentesque at nulla. Suspendisse potenti.",17197,27,2
Bed Frame,Aliquam quis turpis eget elit sodales scelerisque. Mauris sit amet eros. Suspendisse accumsan tortor quis turpis.,44713,2,5
Cabinet,"Aliquam non mauris. Morbi non lectus. Aliquam sit amet diam in magna bibendum imperdiet. Nullam orci pede, venenatis non, sodales sed, tincidunt eu, felis. Fusce posuere felis sed lacus.",30941,32,3
Coffee Table,Mauris lacinia sapien quis libero. Nullam sit amet turpis elementum ligula vehicula consequat.,11886,21,3
Wood Lamp,"Morbi odio odio, elementum eu, interdum eu, tincidunt in, leo. Maecenas pulvinar lobortis est.",601,34,5
Bench,"Lorem ipsum dolor sit amet, consectetuer adipiscing elit. Proin risus. Praesent lectus. Vestibulum quam sapien, varius ut, blandit non, interdum in, ante.",10160,31,2
Drawer,Etiam vel augue.,656,4,2
Wall Decor,Etiam pretium iaculis justo. In hac habitasse platea dictumst. Etiam faucibus cursus urna.,33067,5,3
Wood Chair,"Morbi vestibulum, velit id pretium iaculis, diam erat fermentum justo, nec condimentum neque sapien placerat ante. Nulla justo. Aliquam quis turpis eget elit sodales scelerisque.",19469,38,1
Dining Table,"Morbi porttitor lorem id ligula. Suspendisse ornare consequat lectus. In est risus, auctor sed, tristique in, tempus sit amet, sem.",21746,37,4
Wood Shelf,Morbi non quam nec dui luctus rutrum.,32851,16,5
Bed Frame,"Proin leo odio, porttitor id, consequat in, consequat ut, nulla. Sed accumsan felis.",47207,8,1
Cabinet,"Donec quis orci eget orci vehicula condimentum. Curabitur in libero ut massa volutpat convallis. Morbi odio odio, elementum eu, interdum eu, tincidunt in, leo.",25804,35,3
Coffee Table,Vestibulum ante ipsum primis in faucibus orci luctus et ultrices posuere cubilia Curae; Duis faucibus accumsan odio.,25676,18,2
Wood Lamp,Cras in purus eu magna vulputate luctus.,20818,42,3
Bench,"Cras in purus eu magna vulputate luctus. Cum sociis natoque penatibus et magnis dis parturient montes, nascetur ridiculus mus. Vivamus vestibulum sagittis sapien.",24704,20,3
Drawer,Nullam varius. Nulla facilisi. Cras non velit nec nisi vulputate nonummy. Maecenas tincidunt lacus at velit.,8915,4,5
Wall Decor,Fusce posuere felis sed lacus.,2943,11,4
Wood Chair,"Morbi quis tortor id nulla ultrices aliquet. Maecenas leo odio, condimentum id, luctus nec, molestie sed, justo. Pellentesque viverra pede ac diam. Cras pellentesque volutpat dui. Maecenas tristique, est et tempus semper, est quam pharetra magna, ac consequat metus sapien ut nunc.",13618,29,2
Dining Table,"Cras mi pede, malesuada in, imperdiet et, commodo vulputate, justo.",36920,41,1
Wood Shelf,In hac habitasse platea dictumst. Maecenas ut massa quis augue luctus tincidunt. Nulla mollis molestie lorem. Quisque ut erat. Curabitur gravida nisi at nibh.,31178,28,5
Bed Frame,"Nulla tempus. Vivamus in felis eu sapien cursus vestibulum. Proin eu mi. Nulla ac enim. In tempor, turpis nec euismod scelerisque, quam turpis adipiscing lorem, vitae mattis nibh ligula nec sem.",32645,41,1
Cabinet,Donec ut dolor.,49013,18,4
Coffee Table,Sed ante. Vivamus tortor.,34949,17,4
Wood Lamp,"Cras mi pede, malesuada in, imperdiet et, commodo vulputate, justo.",33200,17,3
Bench,"In hac habitasse platea dictumst. Morbi vestibulum, velit id pretium iaculis, diam erat fermentum justo, nec condimentum neque sapien placerat ante.",14007,21,2
Drawer,"In blandit ultrices enim. Lorem ipsum dolor sit amet, consectetuer adipiscing elit. Proin interdum mauris non ligula pellentesque ultrices. Phasellus id sapien in sapien iaculis congue.",2479,44,2
Wall Decor,Suspendisse potenti. Nullam porttitor lacus at turpis. Donec posuere metus vitae ipsum. Aliquam non mauris.,43050,26,4
Wood Chair,"Fusce congue, diam id ornare imperdiet, sapien urna pretium nisl, ut volutpat sapien arcu sed augue. Aliquam erat volutpat. In congue. Etiam justo. Etiam pretium iaculis justo.",21125,21,4
Dining Table,"Aliquam sit amet diam in magna bibendum imperdiet. Nullam orci pede, venenatis non, sodales sed, tincidunt eu, felis.",28534,1,1
Wood Shelf,"Integer ac leo. Pellentesque ultrices mattis odio. Donec vitae nisi. Nam ultrices, libero non mattis pulvinar, nulla pede ullamcorper augue, a suscipit nulla elit ac nulla. Sed vel enim sit amet nunc viverra dapibus.",19532,48,2
Bed Frame,"Fusce congue, diam id ornare imperdiet, sapien urna pretium nisl, ut volutpat sapien arcu sed augue.",29007,2,3
Cabinet,"Curabitur at ipsum ac tellus semper interdum. Mauris ullamcorper purus sit amet nulla. Quisque arcu libero, rutrum ac, lobortis vel, dapibus at, diam. Nam tristique tortor eu pede.",28109,3,3
Coffee Table,Aliquam erat volutpat. In congue.,19823,11,5
Wood Lamp,Duis at velit eu est congue elementum.,13463,30,1
Bench,"Cum sociis natoque penatibus et magnis dis parturient montes, nascetur ridiculus mus. Vivamus vestibulum sagittis sapien. Cum sociis natoque penatibus et magnis dis parturient montes, nascetur ridiculus mus. Etiam vel augue. Vestibulum rutrum rutrum neque.",44186,36,5
Drawer,Aenean lectus. Pellentesque eget nunc. Donec quis orci eget orci vehicula condimentum. Curabitur in libero ut massa volutpat convallis.,38813,11,2
Wall Decor,"Quisque erat eros, viverra eget, congue eget, semper rutrum, nulla. Nunc purus. Phasellus in felis. Donec semper sapien a libero. Nam dui.",27208,3,3
Wood Chair,"Integer aliquet, massa id lobortis convallis, tortor risus dapibus augue, vel accumsan tellus nisi eu orci. Mauris lacinia sapien quis libero. Nullam sit amet turpis elementum ligula vehicula consequat. Morbi a ipsum. Integer a nibh.",825,29,4
Dining Table,Vestibulum rutrum rutrum neque.,2059,26,5
Wood Shelf,Fusce consequat. Nulla nisl.,1317,44,5
Bed Frame,"Maecenas rhoncus aliquam lacus. Morbi quis tortor id nulla ultrices aliquet. Maecenas leo odio, condimentum id, luctus nec, molestie sed, justo. Pellentesque viverra pede ac diam. Cras pellentesque volutpat dui.",28456,25,1
Cabinet,Mauris ullamcorper purus sit amet nulla.,29536,40,5
Coffee Table,"Proin leo odio, porttitor id, consequat in, consequat ut, nulla. Sed accumsan felis. Ut at dolor quis odio consequat varius.",8292,18,5
Wood Lamp,"Curabitur convallis. Duis consequat dui nec nisi volutpat eleifend. Donec ut dolor. Morbi vel lectus in quam fringilla rhoncus. Mauris enim leo, rhoncus sed, vestibulum sit amet, cursus id, turpis.",47075,13,3
Bench,"Fusce lacus purus, aliquet at, feugiat non, pretium quis, lectus.",14128,3,4
Drawer,"Sed sagittis. Nam congue, risus semper porta volutpat, quam pede lobortis ligula, sit amet eleifend pede libero quis orci. Nullam molestie nibh in lectus. Pellentesque at nulla. Suspendisse potenti.",3396,28,5
Wall Decor,Maecenas rhoncus aliquam lacus.,47311,37,1
Wood Chair,"Nullam orci pede, venenatis non, sodales sed, tincidunt eu, felis.",13311,8,2
Dining Table,"Morbi sem mauris, laoreet ut, rhoncus aliquet, pulvinar sed, nisl. Nunc rhoncus dui vel sem. Sed sagittis.",4849,39,1
Wood Shelf,Etiam pretium iaculis justo. In hac habitasse platea dictumst. Etiam faucibus cursus urna. Ut tellus. Nulla ut erat id mauris vulputate elementum.,38132,28,2
Bed Frame,Morbi a ipsum. Integer a nibh. In quis justo. Maecenas rhoncus aliquam lacus.,26039,38,4
Cabinet,"Nulla neque libero, convallis eget, eleifend luctus, ultricies eu, nibh. Quisque id justo sit amet sapien dignissim vestibulum.",297,9,3
Coffee Table,Morbi non quam nec dui luctus rutrum. Nulla tellus.,35303,18,3
Wood Lamp,"Cras mi pede, malesuada in, imperdiet et, commodo vulputate, justo. In blandit ultrices enim. Lorem ipsum dolor sit amet, consectetuer adipiscing elit. Proin interdum mauris non ligula pellentesque ultrices. Phasellus id sapien in sapien iaculis congue.",5821,34,1
Bench,In hac habitasse platea dictumst. Maecenas ut massa quis augue luctus tincidunt. Nulla mollis molestie lorem. Quisque ut erat. Curabitur gravida nisi at nibh.,29065,40,4
Drawer,Etiam faucibus cursus urna. Ut tellus.,8948,37,1
Wall Decor,"Cras mi pede, malesuada in, imperdiet et, commodo vulputate, justo. In blandit ultrices enim. Lorem ipsum dolor sit amet, consectetuer adipiscing elit.",34075,41,2
Wood Chair,Integer ac leo. Pellentesque ultrices mattis odio. Donec vitae nisi.,11257,15,3
Dining Table,Donec quis orci eget orci vehicula condimentum.,14817,17,3
Wood Shelf,Nullam sit amet turpis elementum ligula vehicula consequat.,48656,6,5
Bed Frame,"Pellentesque ultrices mattis odio. Donec vitae nisi. Nam ultrices, libero non mattis pulvinar, nulla pede ullamcorper augue, a suscipit nulla elit ac nulla. Sed vel enim sit amet nunc viverra dapibus. Nulla suscipit ligula in lacus.",49447,1,2
Cabinet,"Vestibulum ac est lacinia nisi venenatis tristique. Fusce congue, diam id ornare imperdiet, sapien urna pretium nisl, ut volutpat sapien arcu sed augue.",16618,32,4
Coffee Table,"Pellentesque eget nunc. Donec quis orci eget orci vehicula condimentum. Curabitur in libero ut massa volutpat convallis. Morbi odio odio, elementum eu, interdum eu, tincidunt in, leo.",36105,49,1
Wood Lamp,Aenean fermentum. Donec ut mauris eget massa tempor convallis.,24552,4,2
Bench,"Aliquam sit amet diam in magna bibendum imperdiet. Nullam orci pede, venenatis non, sodales sed, tincidunt eu, felis.",29418,4,3
Drawer,Integer ac neque. Duis bibendum. Morbi non quam nec dui luctus rutrum. Nulla tellus. In sagittis dui vel nisl.,26221,29,3
Wall Decor,"Proin interdum mauris non ligula pellentesque ultrices. Phasellus id sapien in sapien iaculis congue. Vivamus metus arcu, adipiscing molestie, hendrerit at, vulputate vitae, nisl. Aenean lectus.",42893,26,3
Wood Chair,Morbi ut odio.,31306,6,4
Dining Table,"Maecenas rhoncus aliquam lacus. Morbi quis tortor id nulla ultrices aliquet. Maecenas leo odio, condimentum id, luctus nec, molestie sed, justo.",40562,29,1
Wood Shelf,Sed ante. Vivamus tortor. Duis mattis egestas metus.,43754,14,1
Bed Frame,"Integer a nibh. In quis justo. Maecenas rhoncus aliquam lacus. Morbi quis tortor id nulla ultrices aliquet. Maecenas leo odio, condimentum id, luctus nec, molestie sed, justo.",34757,35,5
Cabinet,Sed vel enim sit amet nunc viverra dapibus. Nulla suscipit ligula in lacus.,16615,48,5
Coffee Table,"Donec ut dolor. Morbi vel lectus in quam fringilla rhoncus. Mauris enim leo, rhoncus sed, vestibulum sit amet, cursus id, turpis. Integer aliquet, massa id lobortis convallis, tortor risus dapibus augue, vel accumsan tellus nisi eu orci. Mauris lacinia sapien quis libero.",39646,24,2
Wood Lamp,Maecenas pulvinar lobortis est. Phasellus sit amet erat.,36497,42,1
Bench,"In hac habitasse platea dictumst. Morbi vestibulum, velit id pretium iaculis, diam erat fermentum justo, nec condimentum neque sapien placerat ante.",39496,19,3
Drawer,"Morbi quis tortor id nulla ultrices aliquet. Maecenas leo odio, condimentum id, luctus nec, molestie sed, justo. Pellentesque viverra pede ac diam. Cras pellentesque volutpat dui. Maecenas tristique, est et tempus semper, est quam pharetra magna, ac consequat metus sapien ut nunc.",24287,19,3
Wall Decor,Nulla tempus. Vivamus in felis eu sapien cursus vestibulum. Proin eu mi. Nulla ac enim.,48096,18,3
Wood Chair,"Aenean sit amet justo. Morbi ut odio. Cras mi pede, malesuada in, imperdiet et, commodo vulputate, justo. In blandit ultrices enim.",23528,24,1
Dining Table,Integer tincidunt ante vel ipsum. Praesent blandit lacinia erat. Vestibulum sed magna at nunc commodo placerat. Praesent blandit. Nam nulla.,43840,14,1
Wood Shelf,"Vestibulum ac est lacinia nisi venenatis tristique. Fusce congue, diam id ornare imperdiet, sapien urna pretium nisl, ut volutpat sapien arcu sed augue. Aliquam erat volutpat. In congue. Etiam justo.",36524,7,3
Bed Frame,Nullam sit amet turpis elementum ligula vehicula consequat.,6686,11,2
Cabinet,"Nam ultrices, libero non mattis pulvinar, nulla pede ullamcorper augue, a suscipit nulla elit ac nulla. Sed vel enim sit amet nunc viverra dapibus. Nulla suscipit ligula in lacus.",45845,39,5
Coffee Table,"Proin leo odio, porttitor id, consequat in, consequat ut, nulla. Sed accumsan felis. Ut at dolor quis odio consequat varius. Integer ac leo. Pellentesque ultrices mattis odio.",2371,3,5
Wood Lamp,Morbi a ipsum. Integer a nibh. In quis justo. Maecenas rhoncus aliquam lacus. Morbi quis tortor id nulla ultrices aliquet.,41943,48,5
Bench,Etiam faucibus cursus urna. Ut tellus. Nulla ut erat id mauris vulputate elementum.,23976,14,3
Drawer,"Morbi porttitor lorem id ligula. Suspendisse ornare consequat lectus. In est risus, auctor sed, tristique in, tempus sit amet, sem.",44558,44,5
Wall Decor,"Donec diam neque, vestibulum eget, vulputate ut, ultrices vel, augue. Vestibulum ante ipsum primis in faucibus orci luctus et ultrices posuere cubilia Curae; Donec pharetra, magna vestibulum aliquet ultrices, erat tortor sollicitudin mi, sit amet lobortis sapien sapien non mi. Integer ac neque. Duis bibendum. Morbi non quam nec dui luctus rutrum.",39831,8,3
